"wp","lt","prod","Pl25","Pl30","Pl37"
"WP_005765660.1","BARBAKC583_RS00005","Bax inhibitor-1/YccA family protein",27945,53327,64070
"WP_005765663.1","BARBAKC583_RS00010","endonuclease/exonuclease/phosphatase family protein",895,704,625
"WP_005765665.1","BARBAKC583_RS00015","DNA polymerase I",2102,1580,1392
"WP_005765667.1","BARBAKC583_RS00030","DNA polymerase III subunit epsilon",232,171,199
"WP_005765670.1","BARBAKC583_RS00035","dephospho-CoA kinase",213,158,144
"WP_005765671.1","BARBAKC583_RS00040","shikimate dehydrogenase",228,169,153
"WP_005765673.1","BARBAKC583_RS00045","Maf family nucleotide pyrophosphatase",269,227,215
"WP_011807237.1","BARBAKC583_RS00050","pyruvate, water dikinase regulatory protein",584,428,422
"WP_011807238.1","BARBAKC583_RS00055","transcription termination factor Rho",5985,6655,5003
"WP_005765686.1","BARBAKC583_RS00060","tRNA uridine-5-carboxymethylaminomethyl(34) synthesis GTPase MnmE",2205,1336,1278
"WP_005765688.1","BARBAKC583_RS00065","tRNA uridine-5-carboxymethylaminomethyl(34) synthesis enzyme MnmG",1315,804,965
"WP_005765690.1","BARBAKC583_RS00070","16S rRNA (guanine(527)-N(7))-methyltransferase RsmG",687,424,480
"WP_005765692.1","BARBAKC583_RS00075","ParA family protein",1340,1838,1983
"WP_005765693.1","BARBAKC583_RS00080","ParB/RepB/Spo0J family partition protein",1084,1107,1177
"WP_005765696.1","BARBAKC583_RS00085","hypothetical protein",505,606,357
"WP_005765698.1","BARBAKC583_RS00090","septation protein A",1184,964,1478
"WP_005765700.1","BARBAKC583_RS00095","signal recognition particle-docking protein FtsY",1585,1357,1724
"WP_005765702.1","BARBAKC583_RS00100","tRNA (N(6)-L-threonylcarbamoyladenosine(37)-C(2))-methylthiotransferase MtaB",1902,1686,2167
"WP_005765704.1","BARBAKC583_RS00105","diaminopimelate epimerase",761,875,1149
"WP_005765706.1","BARBAKC583_RS00110","AprI/Inh family metalloprotease inhibitor",1904,1664,1649
"WP_005765708.1","BARBAKC583_RS00115","cell division protein ZapE",774,428,402
"WP_005765710.1","BARBAKC583_RS00120","malate dehydrogenase",2286,1732,1874
"WP_005765712.1","BARBAKC583_RS00125","ADP-forming succinate--CoA ligase subunit beta",4843,2971,3925
"WP_005765714.1","BARBAKC583_RS00130","succinate--CoA ligase subunit alpha",3304,2422,3000
"WP_005765715.1","BARBAKC583_RS00135","2-oxoglutarate dehydrogenase E1 component",7718,4623,7148
"WP_005765716.1","BARBAKC583_RS00140","2-oxoglutarate dehydrogenase complex dihydrolipoyllysine-residue succinyltransferase",4116,2115,4253
"WP_005765717.1","BARBAKC583_RS00145","dihydrolipoyl dehydrogenase",2750,1185,2507
"WP_005765729.1","BARBAKC583_RS00150","saccharopine dehydrogenase family protein",2319,2221,2124
"WP_005765731.1","BARBAKC583_RS00155","carboxynorspermidine decarboxylase",645,562,535
"WP_005765733.1","BARBAKC583_RS00160","monovalent cation/H+ antiporter subunit A",1986,619,894
"WP_005765735.1","BARBAKC583_RS00165","Na+/H+ antiporter subunit C",118,45,48
"WP_011807240.1","BARBAKC583_RS00170","monovalent cation/H+ antiporter subunit D",744,173,236
"WP_005765739.1","BARBAKC583_RS00175","Na+/H+ antiporter subunit E",153,68,69
"WP_005765740.1","BARBAKC583_RS00180","K+/H+ antiporter subunit F",59,20,29
"WP_005765741.1","BARBAKC583_RS00185","monovalent cation/H(+) antiporter subunit G",169,31,52
"WP_005765743.1","BARBAKC583_RS00190","MliC family protein",617,1703,3428
"WP_005765745.1","BARBAKC583_RS00195","3-dehydroquinate synthase",274,526,396
"WP_005765747.1","BARBAKC583_RS00200","shikimate kinase",272,364,250
"WP_005765749.1","BARBAKC583_RS00205","site-specific tyrosine recombinase XerD",1775,3742,2984
"WP_005765751.1","BARBAKC583_RS00210","acetyl-CoA carboxylase carboxyltransferase subunit alpha",1280,1457,1294
"WP_005765753.1","BARBAKC583_RS00215","L,D-transpeptidase family protein",401,286,239
"WP_005765755.1","BARBAKC583_RS00220","D-alanyl-D-alanine carboxypeptidase family protein",933,1279,1017
"WP_005765757.1","BARBAKC583_RS00225","lysophospholipid acyltransferase family protein",1449,1785,1802
"WP_035453345.1","BARBAKC583_RS00240","ABC transporter substrate-binding protein",1247,1226,1091
"WP_005765763.1","BARBAKC583_RS00245","ABC transporter permease",534,196,251
"WP_005765764.1","BARBAKC583_RS00250","ABC transporter ATP-binding protein",452,107,145
"WP_005765766.1","BARBAKC583_RS00255","DNA polymerase III subunit delta",640,241,240
"WP_005765768.1","BARBAKC583_RS00260","YihY/virulence factor BrkB family protein",498,385,522
"WP_005765769.1","BARBAKC583_RS00265","YaiI/YqxD family protein",108,92,74
"WP_005765771.1","BARBAKC583_RS00270","TlpA disulfide reductase family protein",273,433,372
"WP_005765773.1","BARBAKC583_RS00275","argininosuccinate lyase",564,481,445
"WP_005765774.1","BARBAKC583_RS00280","lipoprotein",72,43,35
"WP_005765777.1","BARBAKC583_RS00285","diaminopimelate decarboxylase",742,405,406
"WP_005765779.1","BARBAKC583_RS00290","TIGR02302 family protein",1136,1014,860
"WP_005765781.1","BARBAKC583_RS00295","class I SAM-dependent methyltransferase",239,96,119
"WP_005765783.1","BARBAKC583_RS00300","response regulator transcription factor",295,578,624
"WP_414945798.1","BARBAKC583_RS00305","L,D-transpeptidase family protein",29,31,44
"WP_005765787.1","BARBAKC583_RS00310","EVE domain-containing protein",109,54,31
"WP_005765789.1","BARBAKC583_RS00315","tRNA (adenosine(37)-N6)-threonylcarbamoyltransferase complex transferase subunit TsaD",309,130,116
"WP_005765791.1","BARBAKC583_RS00320","COG4223 family protein",1575,727,774
"WP_005765792.1","BARBAKC583_RS00325","heme biosynthesis protein HemY",941,277,414
"WP_005765794.1","BARBAKC583_RS00330","glutamine amidotransferase",525,493,376
"WP_005765796.1","BARBAKC583_RS00335","NAD-glutamate dehydrogenase",21860,31774,29064
"WP_005765797.1","BARBAKC583_RS00340","carbonic anhydrase",269,288,241
"WP_005765799.1","BARBAKC583_RS00345","signal recognition particle protein",1285,662,1270
"WP_005765801.1","BARBAKC583_RS00350","30S ribosomal protein S16",776,417,471
"WP_005765802.1","BARBAKC583_RS00355","DUF1674 domain-containing protein",74,115,56
"WP_011807246.1","BARBAKC583_RS00360","zinc metalloprotease HtpX",1294,2357,6743
"WP_005765806.1","BARBAKC583_RS00365","RsmB/NOP family class I SAM-dependent RNA methyltransferase",365,376,1201
"WP_005765808.1","BARBAKC583_RS00370","heparinase II/III family protein",1251,656,1084
"WP_005765810.1","BARBAKC583_RS00375","bifunctional phosphoribosylaminoimidazolecarboxamide formyltransferase/IMP cyclohydrolase",1030,835,966
"WP_005765812.1","BARBAKC583_RS06725","DUF1127 domain-containing protein",158,55,30
"WP_005765814.1","BARBAKC583_RS00380","SURF1 family protein",460,529,599
"WP_005765816.1","BARBAKC583_RS00385","50S ribosomal protein L28",401,417,329
"WP_005765818.1","BARBAKC583_RS00390","VUT family protein",397,427,542
"WP_005765820.1","BARBAKC583_RS00395","cobaltochelatase subunit CobT",1170,900,414
"WP_005765822.1","BARBAKC583_RS00400","cobaltochelatase subunit CobS",1613,3607,2434
"WP_005765824.1","BARBAKC583_RS00405","J domain-containing protein",1223,1581,1236
"WP_005765825.1","BARBAKC583_RS00410","BolA family protein",63,90,69
"WP_005765827.1","BARBAKC583_RS00415","tyrosine recombinase XerC",934,857,1154
"WP_005765829.1","BARBAKC583_RS00420","SapC family protein",4386,9753,13493
"WP_011807247.1","BARBAKC583_RS00425","ribosome maturation factor RimM",93,130,182
"WP_005765833.1","BARBAKC583_RS00430","tRNA (guanosine(37)-N1)-methyltransferase TrmD",55,37,102
"WP_011807248.1","BARBAKC583_RS00435","50S ribosomal protein L19",989,501,741
"WP_005765837.1","BARBAKC583_RS00450","succinate dehydrogenase, cytochrome b556 subunit",738,392,224
"WP_005765839.1","BARBAKC583_RS00455","succinate dehydrogenase, hydrophobic membrane anchor protein",408,184,122
"WP_005765841.1","BARBAKC583_RS00460","succinate dehydrogenase flavoprotein subunit",2990,1150,865
"WP_005765843.1","BARBAKC583_RS00465","succinate dehydrogenase iron-sulfur subunit",1078,528,492
"WP_044051782.1","BARBAKC583_RS00470","ubiquinone biosynthesis hydroxylase",730,1195,1695
"WP_005765846.1","BARBAKC583_RS00475","DNA translocase FtsK",1891,2639,2228
"WP_005765847.1","BARBAKC583_RS00480","LolA family protein",492,573,596
"WP_005765848.1","BARBAKC583_RS00485","exodeoxyribonuclease III",245,129,172
"WP_005765849.1","BARBAKC583_RS00490","efflux RND transporter periplasmic adaptor subunit",1928,2598,4085
"WP_005765850.1","BARBAKC583_RS00495","MacB family efflux pump subunit",1187,1087,1331
"WP_005765851.1","BARBAKC583_RS00500","YdcF family protein",74,91,48
"WP_005765852.1","BARBAKC583_RS00505","cell division protein FtsX",538,610,531
"WP_005765853.1","BARBAKC583_RS00510","cell division ATP-binding protein FtsE",544,453,501
"WP_005765854.1","BARBAKC583_RS00515","acetate--CoA ligase",2404,3225,2869
"WP_005765855.1","BARBAKC583_RS00520","YggS family pyridoxal phosphate-dependent enzyme",96,133,206
"WP_005765856.1","BARBAKC583_RS00525","leucine--tRNA ligase",1497,1614,1574
"WP_005765857.1","BARBAKC583_RS00530","LPS assembly lipoprotein LptE",150,89,117
"WP_005765858.1","BARBAKC583_RS00535","fructose-6-phosphate aldolase",575,1052,1285
"WP_011807252.1","BARBAKC583_RS00540","primosomal protein N'",313,158,170
"WP_005765864.1","BARBAKC583_RS00545","hypothetical protein",40,13,18
"WP_005765868.1","BARBAKC583_RS00555","F0F1 ATP synthase subunit delta",1603,681,877
"WP_005765870.1","BARBAKC583_RS00560","F0F1 ATP synthase subunit alpha",4567,1492,1797
"WP_005765871.1","BARBAKC583_RS00565","F0F1 ATP synthase subunit gamma",1462,512,563
"WP_005765873.1","BARBAKC583_RS00570","F0F1 ATP synthase subunit beta",3994,1077,1421
"WP_005765875.1","BARBAKC583_RS00575","ATP synthase F1 subunit epsilon",390,97,141
"WP_011807254.1","BARBAKC583_RS00580","MFS transporter",348,76,120
"WP_005765879.1","BARBAKC583_RS00585","HlyD family secretion protein",839,334,323
"WP_005765881.1","BARBAKC583_RS00590","flavodoxin-dependent (E)-4-hydroxy-3-methylbut-2-enyl-diphosphate synthase",600,551,586
"WP_005765883.1","BARBAKC583_RS00595","polyprenyl synthetase family protein",311,286,269
"WP_005765885.1","BARBAKC583_RS00600","monofunctional biosynthetic peptidoglycan transglycosylase",120,110,158
"WP_005765887.1","BARBAKC583_RS00605","50S ribosomal protein L32",878,663,565
"WP_005765889.1","BARBAKC583_RS00610","CarD family transcriptional regulator",4268,5930,10148
"WP_005765891.1","BARBAKC583_RS00615","ferredoxin FdxA",231,339,244
"WP_005765893.1","BARBAKC583_RS00620","hypothetical protein",3111,3973,3181
"WP_011807258.1","BARBAKC583_RS00625","RNA polymerase factor sigma-32",642,114,303
"WP_462677150.1","BARBAKC583_RS00630","M48 family metalloprotease",481,211,284
"WP_005765897.1","BARBAKC583_RS00635","thiamine diphosphokinase",131,92,86
"WP_005765899.1","BARBAKC583_RS00640","glycine zipper domain-containing protein",1491,3370,5404
"WP_035453254.1","BARBAKC583_RS00645","ABC-F family ATP-binding cassette domain-containing protein",786,591,1179
"WP_005765903.1","BARBAKC583_RS00655","DUF2312 domain-containing protein",219,208,163
"WP_005765907.1","BARBAKC583_RS00660","DUF1036 domain-containing protein",127,82,76
"WP_005765909.1","BARBAKC583_RS00665","cell division protein ZapA",328,596,456
"WP_005765911.1","BARBAKC583_RS00670","DUF4164 domain-containing protein",430,1018,709
"WP_011807262.1","BARBAKC583_RS00675","transketolase",2446,1671,1551
"WP_005765915.1","BARBAKC583_RS00680","type I glyceraldehyde-3-phosphate dehydrogenase",1092,904,942
"WP_005765917.1","BARBAKC583_RS00690","phosphoglycerate kinase",314,320,678
"WP_005765918.1","BARBAKC583_RS00695","class I fructose-bisphosphate aldolase",334,385,694
"WP_005765923.1","BARBAKC583_RS00705","Tol-Pal system beta propeller repeat protein TolB",1587,2124,2774
"WP_005765925.1","BARBAKC583_RS00715","hypothetical protein",572,962,976
"WP_005765927.1","BARBAKC583_RS00720","ExbD/TolR family protein",330,163,325
"WP_005765929.1","BARBAKC583_RS00725","protein TolQ",1066,1182,1957
"WP_005765932.1","BARBAKC583_RS00735","tol-pal system-associated acyl-CoA thioesterase",90,102,101
"WP_005765934.1","BARBAKC583_RS00740","Holliday junction branch migration DNA helicase RuvB",539,587,645
"WP_005765936.1","BARBAKC583_RS00745","Holliday junction branch migration protein RuvA",171,160,203
"WP_005765938.1","BARBAKC583_RS00750","crossover junction endodeoxyribonuclease RuvC",564,898,984
"WP_005765942.1","BARBAKC583_RS00755","DUF1465 family protein",683,451,360
"WP_005765945.1","BARBAKC583_RS00760","OpgC family protein",296,271,358
"WP_005765953.1","BARBAKC583_RS00765","thiamine phosphate synthase",1825,3089,1242
"WP_005765954.1","BARBAKC583_RS00770","tetratricopeptide repeat protein",926,995,510
"WP_005765956.1","BARBAKC583_RS00775","elongation factor P",279,417,419
"WP_005765958.1","BARBAKC583_RS00780","inositol monophosphatase family protein",179,140,182
"WP_005765960.1","BARBAKC583_RS00785","ABC transporter transmembrane domain-containing protein",406,502,451
"WP_005765962.1","BARBAKC583_RS00800","50S ribosomal protein L31",553,698,667
"WP_005765964.1","BARBAKC583_RS00805","YebC/PmpR family DNA-binding transcriptional regulator",629,587,1187
"WP_005765971.1","BARBAKC583_RS00810","DUF1013 domain-containing protein",1065,990,1435
"WP_005765972.1","BARBAKC583_RS00815","peptidoglycan-associated lipoprotein Pal",751,397,669
"WP_080512684.1","BARBAKC583_RS07200","tRNA lysidine(34) synthetase",417,370,361
"WP_005765977.1","BARBAKC583_RS00835","ATP-dependent zinc metalloprotease FtsH",8090,8477,8954
"WP_005765980.1","BARBAKC583_RS00845","phosphoglucosamine mutase",491,383,540
"WP_005765983.1","BARBAKC583_RS00855","MotA/TolQ/ExbB proton channel family protein",2528,1964,1458
"WP_005765984.1","BARBAKC583_RS00860","biopolymer transporter ExbD",331,479,354
"WP_005765991.1","BARBAKC583_RS00875","dUTP diphosphatase",501,278,461
"WP_005766000.1","BARBAKC583_RS00885","VIT1/CCC1 transporter family protein",4873,10621,9691
"WP_005766002.1","BARBAKC583_RS00890","disulfide bond formation protein B",73,46,66
"WP_005766004.1","BARBAKC583_RS00895","YqaA family protein",170,186,201
"BARBAKC583_RS06735",NA,NA,1,0,0
"WP_005766008.1","BARBAKC583_RS00910","hypothetical protein",45,9,12
"WP_005766010.1","BARBAKC583_RS00915","toprim domain-containing protein",264,32,50
"WP_005766021.1","BARBAKC583_RS00920","YdaU family protein",117,15,27
"WP_005766023.1","BARBAKC583_RS00925","hypothetical protein",2,2,2
"WP_005766025.1","BARBAKC583_RS00930","hypothetical protein",72,65,50
"WP_005766027.1","BARBAKC583_RS00935","hypothetical protein",130,38,48
"WP_005766029.1","BARBAKC583_RS00945","hypothetical protein",1,0,0
"WP_005766030.1","BARBAKC583_RS00950","hypothetical protein",0,0,0
"WP_005766031.1","BARBAKC583_RS00965","lambda exonuclease family protein",39,10,15
"WP_005766033.1","BARBAKC583_RS06935","hypothetical protein",31,74,96
"WP_005766034.1","BARBAKC583_RS00975","UDP-N-acetylglucosamine 1-carboxyvinyltransferase",303,438,630
"WP_005766036.1","BARBAKC583_RS00980","TIGR00282 family metallophosphoesterase",265,178,156
"WP_005766037.1","BARBAKC583_RS00985","5-formyltetrahydrofolate cyclo-ligase",314,194,221
"WP_005766038.1","BARBAKC583_RS00990","tetratricopeptide repeat protein",319,124,163
"WP_005766039.1","BARBAKC583_RS06745","type B 50S ribosomal protein L36",67,30,57
"WP_005766040.1","BARBAKC583_RS01015","5-(carboxyamino)imidazole ribonucleotide synthase",598,747,1048
"WP_005766045.1","BARBAKC583_RS01020","5-(carboxyamino)imidazole ribonucleotide mutase",617,1630,1860
"WP_005766051.1","BARBAKC583_RS01045","translation initiation factor IF-1",188,105,103
"WP_005766053.1","BARBAKC583_RS01050","Maf family protein",143,364,425
"WP_005766055.1","BARBAKC583_RS01055","DNA gyrase inhibitor YacG",20,43,69
"WP_005766061.1","BARBAKC583_RS01060","ATP-dependent chaperone ClpB",1315,1827,15181
"WP_005766062.1","BARBAKC583_RS01065","hypothetical protein",0,0,3
"BARBAKC583_RS07205",NA,NA,0,1,1
"WP_005766064.1","BARBAKC583_RS01070","hypothetical protein",9,25,59
"BARBAKC583_RS06765",NA,NA,7,21,24
"WP_011807288.1","BARBAKC583_RS01085","hypothetical protein",20,61,161
"BARBAKC583_RS07210",NA,NA,0,0,0
"WP_172952858.1","BARBAKC583_RS06940","hypothetical protein",1296,384,587
"WP_011807291.1","BARBAKC583_RS01090","hypothetical protein",2206,7581,10858
"WP_035453325.1","BARBAKC583_RS01095","PBSX family phage terminase large subunit",474,205,191
"WP_011807293.1","BARBAKC583_RS01105","portal protein",1098,247,242
"WP_005766082.1","BARBAKC583_RS01110","hypothetical protein",293,64,51
"WP_005766084.1","BARBAKC583_RS01115","N4-gp56 family major capsid protein",1179,143,150
"BARBAKC583_RS07005",NA,NA,30,3,6
"WP_005766089.1","BARBAKC583_RS01140","hypothetical protein",256,50,54
"WP_005766090.1","BARBAKC583_RS07170","hypothetical protein",59,15,10
"WP_005766092.1","BARBAKC583_RS01155","tail fiber domain-containing protein",404,121,114
"WP_005766093.1","BARBAKC583_RS01160","hypothetical protein",0,0,0
"WP_005766094.1","BARBAKC583_RS01165","hypothetical protein",0,0,0
"WP_005766095.1","BARBAKC583_RS01175","phage tail protein",240,60,82
"WP_005766096.1","BARBAKC583_RS01180","hypothetical protein",36,12,13
"WP_005766097.1","BARBAKC583_RS01185","lysozyme",397,750,608
"WP_005766098.1","BARBAKC583_RS01190","hypothetical protein",27,21,40
"WP_005766099.1","BARBAKC583_RS06945","hypothetical protein",3,2,1
"WP_005766101.1","BARBAKC583_RS01195","hypothetical protein",157,208,166
"WP_005766108.1","BARBAKC583_RS01215","DUF4167 domain-containing protein",2240,4225,5248
"WP_005766110.1","BARBAKC583_RS01220","hypothetical protein",382,278,228
"WP_035453319.1","BARBAKC583_RS01225","sensor histidine kinase",347,360,180
"WP_005766115.1","BARBAKC583_RS01230","response regulator",105,15,29
"WP_005766118.1","BARBAKC583_RS01235","NepR family anti-sigma factor",32,20,24
"WP_005766130.1","BARBAKC583_RS01245","sensor histidine kinase",326,321,367
"WP_005766132.1","BARBAKC583_RS01250","M23 family metallopeptidase",2363,4122,3021
"BARBAKC583_RS01255",NA,NA,0,0,0
"WP_005766136.1","BARBAKC583_RS01295","hypothetical protein",0,0,3
"WP_005766138.1","BARBAKC583_RS01300","helix-turn-helix domain-containing protein",62,84,64
"WP_005766141.1","BARBAKC583_RS01305","type II toxin-antitoxin system HigB family toxin",32,25,18
"WP_005766146.1","BARBAKC583_RS01315","phosphoserine transaminase",126,225,214
"WP_225866728.1","BARBAKC583_RS07215","helix-turn-helix domain-containing transcriptional regulator",1,1,2
"WP_005766149.1","BARBAKC583_RS01325","recombinase family protein",89,159,220
"WP_005766151.1","BARBAKC583_RS01330","AbrB/MazE/SpoVT family DNA-binding domain-containing protein",35,286,634
"WP_005766153.1","BARBAKC583_RS01335","type II toxin-antitoxin system VapC family toxin",77,364,1008
"WP_005766155.1","BARBAKC583_RS01340","helix-turn-helix domain-containing transcriptional regulator",227,1152,2062
"WP_005766157.1","BARBAKC583_RS01345","type II toxin-antitoxin system RelE/ParE family toxin",1264,3635,6101
"WP_005766159.1","BARBAKC583_RS01350","hypothetical protein",293,1484,1253
"WP_225866729.1","BARBAKC583_RS01355","hypothetical protein",44,120,162
"WP_011807302.1","BARBAKC583_RS01360","hypothetical protein",7,10,15
"WP_005766168.1","BARBAKC583_RS01365","hypothetical protein",138,232,208
"WP_005766170.1","BARBAKC583_RS01370","ParA family protein",132,285,339
"WP_146075923.1","BARBAKC583_RS01375","hypothetical protein",22,48,22
"WP_005766179.1","BARBAKC583_RS01380","adenylosuccinate synthase",414,584,531
"WP_005766181.1","BARBAKC583_RS01385","hypothetical protein",721,879,706
"WP_005766182.1","BARBAKC583_RS01390","RNA polymerase sigma factor RpoH",18035,41771,60750
"WP_005766184.1","BARBAKC583_RS01395","RluA family pseudouridine synthase",532,985,968
"WP_005766186.1","BARBAKC583_RS01400","aldehyde dehydrogenase family protein",815,1323,1141
"WP_005766188.1","BARBAKC583_RS01405","DNA translocase FtsK",1854,1532,1695
"WP_005766189.1","BARBAKC583_RS01410","large conductance mechanosensitive channel protein MscL",331,536,427
"WP_005766192.1","BARBAKC583_RS01415","quinone-dependent dihydroorotate dehydrogenase",679,847,879
"WP_005766194.1","BARBAKC583_RS01425","glutamine synthetase family protein",2016,3593,3636
"WP_005766195.1","BARBAKC583_RS01430","NAD(P)/FAD-dependent oxidoreductase",1280,2253,1712
"WP_005766197.1","BARBAKC583_RS01435","bifunctional methylenetetrahydrofolate dehydrogenase/methenyltetrahydrofolate cyclohydrolase FolD",352,357,408
"WP_005766199.1","BARBAKC583_RS01440","AsmA family protein",399,533,442
"WP_005766201.1","BARBAKC583_RS06950","hypothetical protein",8,6,4
"WP_005766203.1","BARBAKC583_RS01445","16S rRNA (uracil(1498)-N(3))-methyltransferase",355,392,372
"WP_005766204.1","BARBAKC583_RS01450","glutamate--cysteine ligase",1599,1347,1591
"WP_005766206.1","BARBAKC583_RS01455","30S ribosomal protein S21",663,444,392
"WP_005766207.1","BARBAKC583_RS01465","efflux RND transporter periplasmic adaptor subunit",944,519,522
"WP_005766209.1","BARBAKC583_RS01470","efflux RND transporter permease subunit",1429,588,584
"WP_005766211.1","BARBAKC583_RS01475","glucose-6-phosphate isomerase",990,790,874
"WP_005766213.1","BARBAKC583_RS01485","50S ribosomal protein L21",1310,913,1326
"WP_005766215.1","BARBAKC583_RS01490","50S ribosomal protein L27",323,270,387
"WP_005766217.1","BARBAKC583_RS07145","YadA-like family protein",639,241,209
"WP_005766219.1","BARBAKC583_RS01500","invasion associated locus B family protein",27,13,9
"WP_005766221.1","BARBAKC583_RS01505","Vomp family autotransporter",2434,1225,842
"WP_005766222.1","BARBAKC583_RS01510","invasion associated locus B family protein",47,23,18
"WP_005766225.1","BARBAKC583_RS01520","RlmE family RNA methyltransferase",363,571,434
"WP_005766227.1","BARBAKC583_RS01525","GTPase ObgE",217,256,206
"WP_005766230.1","BARBAKC583_RS01530","glutamate 5-kinase",261,298,246
"WP_005766233.1","BARBAKC583_RS01535","glutamate-5-semialdehyde dehydrogenase",770,833,833
"WP_005766235.1","BARBAKC583_RS01540","nicotinate-nucleotide adenylyltransferase",240,208,185
"WP_005766238.1","BARBAKC583_RS01545","ribosome silencing factor",133,101,88
"WP_005766240.1","BARBAKC583_RS01550","23S rRNA (pseudouridine(1915)-N(3))-methyltransferase RlmH",107,59,55
"WP_005766242.1","BARBAKC583_RS01555","murein hydrolase activator EnvC family protein",1150,594,444
"WP_005766244.1","BARBAKC583_RS01560","S41 family peptidase",1490,798,1014
"WP_005766249.1","BARBAKC583_RS01565","RNA pyrophosphohydrolase",168,114,121
"WP_005766252.1","BARBAKC583_RS01570","invasion associated locus B family protein",5153,8055,7417
"WP_005766255.1","BARBAKC583_RS01575","YggT family protein",412,507,491
"WP_005766258.1","BARBAKC583_RS01580","DUF167 domain-containing protein",267,339,331
"WP_005766260.1","BARBAKC583_RS01585","inorganic diphosphatase",447,180,307
"WP_005766262.1","BARBAKC583_RS01590","translational GTPase TypA",976,572,798
"WP_005766264.1","BARBAKC583_RS01595","magnesium transporter",1323,615,775
"WP_005766266.1","BARBAKC583_RS01600","M3 family metallopeptidase",1300,1817,2126
"WP_005766267.1","BARBAKC583_RS01605","lytic murein transglycosylase",791,843,938
"WP_005766269.1","BARBAKC583_RS01610","UTP--glucose-1-phosphate uridylyltransferase GalU",795,868,867
"WP_005766272.1","BARBAKC583_RS01615","KpsF/GutQ family sugar-phosphate isomerase",615,679,505
"WP_005766273.1","BARBAKC583_RS01620","outer membrane lipoprotein Omp10",995,1480,983
"WP_005766275.1","BARBAKC583_RS01625","sigma-54-dependent transcriptional regulator",605,1739,1538
"BARBAKC583_RS01630",NA,NA,316,347,475
"WP_005766280.1","BARBAKC583_RS01635","IMP dehydrogenase",994,1024,1754
"WP_005766282.1","BARBAKC583_RS01640","universal stress protein",999,441,408
"WP_005766284.1","BARBAKC583_RS01645","RsmB/NOP family class I SAM-dependent RNA methyltransferase",364,533,568
"WP_005766286.1","BARBAKC583_RS01650","glutamine-hydrolyzing GMP synthase",600,391,414
"WP_005766289.1","BARBAKC583_RS01655","glycerophosphodiester phosphodiesterase",365,295,285
"WP_005766292.1","BARBAKC583_RS01660","sn-glycerol-3-phosphate import ATP-binding protein UgpC",866,764,680
"WP_005766295.1","BARBAKC583_RS01665","sn-glycerol-3-phosphate ABC transporter permease UgpE",385,366,353
"WP_005766297.1","BARBAKC583_RS01670","sn-glycerol-3-phosphate ABC transporter permease UgpA",622,624,465
"WP_005766299.1","BARBAKC583_RS01675","sn-glycerol-3-phosphate ABC transporter substrate-binding protein UgpB",7005,8601,6579
"WP_005766301.1","BARBAKC583_RS01680","metal ABC transporter solute-binding protein, Zn/Mn family",500,488,385
"WP_005766303.1","BARBAKC583_RS01685","metal ABC transporter permease",263,240,246
"WP_005766305.1","BARBAKC583_RS01690","ABC transporter ATP-binding protein",777,1972,1428
"WP_005766307.1","BARBAKC583_RS01695","glutaredoxin-like protein NrdH",39,30,46
"WP_005766309.1","BARBAKC583_RS01700","class Ib ribonucleoside-diphosphate reductase assembly flavoprotein NrdI",110,80,108
"WP_011807312.1","BARBAKC583_RS01705","class 1b ribonucleoside-diphosphate reductase subunit alpha",1243,813,858
"WP_005766313.1","BARBAKC583_RS01710","class 1b ribonucleoside-diphosphate reductase subunit beta",778,502,428
"WP_005766315.1","BARBAKC583_RS01715","peptide chain release factor N(5)-glutamine methyltransferase",222,298,232
"WP_005766317.1","BARBAKC583_RS01720","peptide chain release factor 1",726,630,518
"WP_005766321.1","BARBAKC583_RS01725","Fur family transcriptional regulator",268,289,275
"WP_005766323.1","BARBAKC583_RS01730","preprotein translocase subunit SecA",4392,5602,5694
"WP_005766325.1","BARBAKC583_RS01735","peptidylprolyl isomerase",6522,11524,6994
"WP_005766326.1","BARBAKC583_RS01740","bifunctional glutamate N-acetyltransferase/amino-acid acetyltransferase ArgJ",629,501,420
"WP_005766328.1","BARBAKC583_RS01745","8-oxo-dGTP diphosphatase MutT",106,82,75
"WP_005766340.1","BARBAKC583_RS01750","L-cystine transporter",1698,1604,1967
"WP_035453132.1","BARBAKC583_RS01755","methyltransferase domain-containing protein",296,426,306
"WP_005766344.1","BARBAKC583_RS01760","ComF family protein",87,48,58
"WP_005766346.1","BARBAKC583_RS01765","glutaredoxin 3",797,1046,517
"WP_005766349.1","BARBAKC583_RS01770","bifunctional 2-polyprenyl-6-hydroxyphenol methylase/3-demethylubiquinol 3-O-methyltransferase UbiG",496,1240,1382
"WP_005766353.1","BARBAKC583_RS01775","aspartate kinase",226,187,196
"WP_005766355.1","BARBAKC583_RS01780","Na+/H+ antiporter NhaA",645,417,1204
"WP_005766357.1","BARBAKC583_RS01785","hypothetical protein",1734,1017,963
"WP_005766358.1","BARBAKC583_RS01790","DUF2659 family protein",560,795,910
"WP_005766360.1","BARBAKC583_RS01795","ribosome biogenesis GTPase Der",420,394,436
"WP_005766361.1","BARBAKC583_RS01800","AtpZ/AtpI family protein",973,1314,886
"WP_005766363.1","BARBAKC583_RS01805","F0F1 ATP synthase subunit A",1286,1209,1158
"WP_005766366.1","BARBAKC583_RS01810","F0F1 ATP synthase subunit C",2457,1804,1765
"WP_005766367.1","BARBAKC583_RS01815","F0F1 ATP synthase subunit B",1217,705,834
"WP_005766369.1","BARBAKC583_RS01820","F0F1 ATP synthase subunit B",530,597,610
"WP_005766371.1","BARBAKC583_RS01825","glycine--tRNA ligase subunit beta",1756,1509,993
"WP_005766373.1","BARBAKC583_RS01830","glycine--tRNA ligase subunit alpha",848,811,798
"WP_005766374.1","BARBAKC583_RS01835","tetratricopeptide repeat protein",794,763,648
"WP_005766376.1","BARBAKC583_RS01840","polyprenyl synthetase family protein",570,672,613
"WP_005766378.1","BARBAKC583_RS01845","tRNA1(Val) (adenine(37)-N6)-methyltransferase",334,348,343
"WP_005766380.1","BARBAKC583_RS01850","S49 family peptidase",992,947,1202
"WP_005766382.1","BARBAKC583_RS01855","hypothetical protein",73,76,85
"WP_005766384.1","BARBAKC583_RS01860","4-(cytidine 5'-diphospho)-2-C-methyl-D-erythritol kinase",92,62,77
"WP_005766386.1","BARBAKC583_RS01865","ribonuclease HII",354,447,460
"WP_005766387.1","BARBAKC583_RS01870","L-threonylcarbamoyladenylate synthase",185,241,221
"WP_005766389.1","BARBAKC583_RS01875","FAD-binding oxidoreductase",280,274,260
"WP_005766393.1","BARBAKC583_RS01880","DUF6101 family protein",186,145,136
"WP_005766396.1","BARBAKC583_RS01885","phosphoribosylamine--glycine ligase",869,996,1110
"WP_005766398.1","BARBAKC583_RS01890","4-hydroxybenzoate octaprenyltransferase",487,442,471
"WP_005766401.1","BARBAKC583_RS01895","pyridoxamine 5'-phosphate oxidase",930,835,991
"WP_005766402.1","BARBAKC583_RS01900","DnaJ C-terminal domain-containing protein",733,1163,2145
"WP_005766404.1","BARBAKC583_RS01905","enoyl-ACP reductase FabI",458,382,898
"WP_005766405.1","BARBAKC583_RS01910","chorismate synthase",340,274,594
"WP_005766407.1","BARBAKC583_RS01915","3,4-dihydroxy-2-butanone-4-phosphate synthase",461,466,743
"WP_005766408.1","BARBAKC583_RS01920","exodeoxyribonuclease VII small subunit",316,973,761
"WP_005766409.1","BARBAKC583_RS01925","1-deoxy-D-xylulose-5-phosphate synthase",1292,1066,1233
"WP_005766410.1","BARBAKC583_RS01935","TlyA family RNA methyltransferase",138,83,64
"WP_005766412.1","BARBAKC583_RS01940","class I SAM-dependent RNA methyltransferase",244,199,161
"WP_005766414.1","BARBAKC583_RS01945","metalloprotease TldD",679,1136,1480
"WP_005766417.1","BARBAKC583_RS01950","invasion associated locus B family protein",539,773,679
"WP_005766421.1","BARBAKC583_RS01955","heme o synthase",402,174,256
"WP_005766424.1","BARBAKC583_RS01960","4-hydroxy-3-methylbut-2-enyl diphosphate reductase",386,394,369
"WP_005766426.1","BARBAKC583_RS01965","ribonuclease HI",107,83,53
"WP_005766429.1","BARBAKC583_RS01970","protein-disulfide reductase DsbD domain-containing protein",228,509,465
"BARBAKC583_RS06785",NA,NA,75,122,129
"WP_005766431.1","BARBAKC583_RS01975","EAL domain-containing protein",1644,1107,955
"WP_005766433.1","BARBAKC583_RS01980","M16 family metallopeptidase",880,1522,1908
"WP_005766436.1","BARBAKC583_RS01985","HAD family hydrolase",799,1610,1358
"WP_005766438.1","BARBAKC583_RS01990","site-specific DNA-methyltransferase",568,377,662
"WP_005766441.1","BARBAKC583_RS01995","A/G-specific adenine glycosylase",138,136,119
"WP_005766443.1","BARBAKC583_RS02000","DUF721 domain-containing protein",186,456,335
"WP_005766444.1","BARBAKC583_RS02005","DsbA family protein",1345,1302,1224
"WP_005766446.1","BARBAKC583_RS02010","pyruvate, phosphate dikinase",1390,1261,1825
"WP_005766448.1","BARBAKC583_RS02020","superoxide dismutase",2134,1247,1875
"WP_005766450.1","BARBAKC583_RS02025","S9 family peptidase",677,393,322
"WP_005766451.1","BARBAKC583_RS02030","Ros/MucR family transcriptional regulator",85,97,232
"WP_005766453.1","BARBAKC583_RS02035","SufE family protein",95,202,214
"WP_005766455.1","BARBAKC583_RS02040","DUF5330 domain-containing protein",137,214,283
"WP_005766457.1","BARBAKC583_RS02050","peptidoglycan-binding domain-containing protein",420,268,229
"WP_035453124.1","BARBAKC583_RS02055","hypothetical protein",394,862,1139
"WP_005766461.1","BARBAKC583_RS02060","response regulator transcription factor",431,757,1760
"WP_005766462.1","BARBAKC583_RS02065","sensor histidine kinase",554,919,1029
"WP_005766464.1","BARBAKC583_RS02070","tetratricopeptide repeat protein",231,222,208
"WP_011807322.1","BARBAKC583_RS02075","cytochrome c maturation protein CcmE",225,222,166
"WP_005766468.1","BARBAKC583_RS02080","heme lyase CcmF/NrfE family subunit",217,184,257
"WP_011807323.1","BARBAKC583_RS02085","cytochrome c-type biogenesis protein",32,27,37
"WP_005766472.1","BARBAKC583_RS02095","Do family serine endopeptidase",3450,2301,2884
"WP_005766474.1","BARBAKC583_RS02100","response regulator transcription factor",303,318,368
"WP_005766476.1","BARBAKC583_RS02105","sensor histidine kinase",376,287,297
"WP_005766478.1","BARBAKC583_RS02110","sensor histidine kinase",888,1823,1224
"WP_005766480.1","BARBAKC583_RS02115","aminopeptidase N",2989,1569,994
"WP_011807325.1","BARBAKC583_RS02120","uracil-DNA glycosylase",1836,3799,2833
"WP_005766483.1","BARBAKC583_RS02125","hydroxymethylpyrimidine/phosphomethylpyrimidine kinase",128,112,86
"WP_005766485.1","BARBAKC583_RS02130","thiamine phosphate synthase",102,68,76
"WP_005766487.1","BARBAKC583_RS02135","thiazole synthase",196,105,234
"WP_005766489.1","BARBAKC583_RS02140","sulfur carrier protein ThiS",25,16,12
"WP_005766490.1","BARBAKC583_RS02145","FAD-dependent oxidoreductase",533,287,206
"WP_005766492.1","BARBAKC583_RS02150","phosphomethylpyrimidine synthase ThiC",2080,689,498
"WP_005766494.1","BARBAKC583_RS02155","porin",6945,3769,8721
"WP_011807326.1","BARBAKC583_RS02175","hypothetical protein",160,116,167
"WP_005766502.1","BARBAKC583_RS02185","DUF1561 family protein",139,120,96
"WP_005766504.1","BARBAKC583_RS02190","N-acetylmuramoyl-L-alanine amidase",3768,1413,1656
"WP_005766507.1","BARBAKC583_RS02200","heme ABC transporter ATP-binding protein",521,266,167
"WP_005766509.1","BARBAKC583_RS02205","FecCD family ABC transporter permease",601,238,188
"WP_005766511.1","BARBAKC583_RS02210","heme/hemin ABC transporter substrate-binding protein",1034,458,291
"WP_005766513.1","BARBAKC583_RS02215","hemin-degrading factor",2029,824,678
"WP_005766517.1","BARBAKC583_RS02220","TonB-dependent hemoglobin/transferrin/lactoferrin family receptor",21964,30905,41052
"WP_225866730.1","BARBAKC583_RS07035","hypothetical protein",311,596,673
"BARBAKC583_RS07040",NA,NA,117,176,152
"WP_011807327.1","BARBAKC583_RS02230","lytic transglycosylase domain-containing protein",444,382,351
"WP_011807328.1","BARBAKC583_RS07045","hypothetical protein",2,3,16
"WP_005766524.1","BARBAKC583_RS02235","4-hydroxy-tetrahydrodipicolinate synthase",847,2192,3114
"WP_005766527.1","BARBAKC583_RS02240","SsrA-binding protein SmpB",155,310,365
"WP_035453167.1","BARBAKC583_RS02245","uracil-DNA glycosylase",306,491,488
"WP_005766532.1","BARBAKC583_RS02250","DNA-directed RNA polymerase subunit omega",901,2461,2469
"WP_005766536.1","BARBAKC583_RS02255","RelA/SpoT family protein",910,1380,2232
"WP_005766538.1","BARBAKC583_RS02260","orotate phosphoribosyltransferase",323,292,366
"WP_005766540.1","BARBAKC583_RS02265","DUF2062 domain-containing protein",254,243,278
"WP_005766541.1","BARBAKC583_RS02270","holo-ACP synthase",245,332,235
"WP_005766544.1","BARBAKC583_RS02275","signal peptidase I",881,782,750
"WP_005766546.1","BARBAKC583_RS02280","ribonuclease III",231,190,194
"WP_005766547.1","BARBAKC583_RS02285","GTPase Era",390,301,283
"WP_005766549.1","BARBAKC583_RS02290","DNA repair protein RecO",135,83,70
"WP_005766551.1","BARBAKC583_RS02295","pantoate--beta-alanine ligase",335,243,210
"WP_005766554.1","BARBAKC583_RS02300","3-methyl-2-oxobutanoate hydroxymethyltransferase",450,537,570
"BARBAKC583_RS02305",NA,NA,205,298,175
"WP_005766558.1","BARBAKC583_RS02310","CAF17-like 4Fe-4S cluster assembly/insertion protein YgfZ",1399,2407,1440
"WP_005766559.1","BARBAKC583_RS02315","dihydroorotase",361,318,327
"WP_005766561.1","BARBAKC583_RS02320","cysteine--tRNA ligase",340,537,608
"WP_005766563.1","BARBAKC583_RS02325","ABCB family ABC transporter ATP-binding protein/permease",1563,1023,914
"WP_005766565.1","BARBAKC583_RS02330","phosphatidylserine decarboxylase",760,304,758
"WP_005766567.1","BARBAKC583_RS02335","CDP-diacylglycerol--serine O-phosphatidyltransferase",248,90,175
"WP_005766569.1","BARBAKC583_RS02340","SDR family NAD(P)-dependent oxidoreductase",383,444,335
"WP_005766571.1","BARBAKC583_RS02345","amidophosphoribosyltransferase",1314,1282,1328
"WP_005766573.1","BARBAKC583_RS02350","CvpA family protein",805,1043,799
"WP_005766575.1","BARBAKC583_RS02355","CvpA family protein",52,90,92
"WP_005766577.1","BARBAKC583_RS02360","DNA repair protein RadA",139,142,176
"WP_005766578.1","BARBAKC583_RS02365","replicative DNA helicase",1020,1838,2017
"WP_005766580.1","BARBAKC583_RS02370","50S ribosomal protein L9",1160,571,803
"WP_005766582.1","BARBAKC583_RS02375","hypothetical protein",470,414,645
"WP_005766584.1","BARBAKC583_RS02380","30S ribosomal protein S18",333,150,136
"WP_005766585.1","BARBAKC583_RS02385","30S ribosomal protein S6",1189,581,872
"WP_005766587.1","BARBAKC583_RS02390","undecaprenyl-diphosphatase",140,206,198
"WP_005766589.1","BARBAKC583_RS02395","ACP S-malonyltransferase",931,944,864
"WP_005766591.1","BARBAKC583_RS02400","3-oxoacyl-[acyl-carrier-protein] reductase",1229,1615,1378
"WP_005766592.1","BARBAKC583_RS02405","acyl carrier protein",1514,1699,1648
"WP_005766594.1","BARBAKC583_RS02410","beta-ketoacyl-ACP synthase II",1746,935,1523
"WP_005766596.1","BARBAKC583_RS02415","endolytic transglycosylase MltG",299,367,321
"WP_005766597.1","BARBAKC583_RS02420","guanylate kinase",239,291,138
"WP_005766599.1","BARBAKC583_RS02425","16S rRNA (adenine(1518)-N(6)/adenine(1519)-N(6))-dimethyltransferase RsmA",124,113,72
"WP_005766601.1","BARBAKC583_RS02430","4-hydroxythreonine-4-phosphate dehydrogenase PdxA",439,391,340
"WP_005766603.1","BARBAKC583_RS02435","SurA N-terminal domain-containing protein",4470,8517,5429
"WP_005766604.1","BARBAKC583_RS02440","LPS-assembly protein LptD",1642,1130,883
"WP_011807331.1","BARBAKC583_RS02445","LPS export ABC transporter permease LptG",898,878,700
"WP_005766607.1","BARBAKC583_RS02450","LPS export ABC transporter permease LptF",1091,864,712
"WP_005766608.1","BARBAKC583_RS02455","DNA polymerase III subunit chi",127,181,210
"WP_005766609.1","BARBAKC583_RS02460","hypothetical protein",16,11,15
"WP_005766610.1","BARBAKC583_RS02465","hypothetical protein",7,6,8
"WP_011807332.1","BARBAKC583_RS02470","autotransporter outer membrane beta-barrel domain-containing protein",1079,952,765
"WP_005766622.1","BARBAKC583_RS02475","BafA family autotransporter",794,1843,969
"WP_005766624.1","BARBAKC583_RS02485","nucleoside-diphosphate kinase",3272,3478,2022
"WP_005766626.1","BARBAKC583_RS02490","CDP-diacylglycerol--glycerol-3-phosphate 3-phosphatidyltransferase",407,307,289
"WP_005766628.1","BARBAKC583_RS02495","excinuclease ABC subunit UvrC",440,531,478
"WP_005766630.1","BARBAKC583_RS02500","23S rRNA (adenine(2030)-N(6))-methyltransferase RlmJ",245,287,231
"BARBAKC583_RS06800",NA,NA,174,225,306
"WP_005766632.1","BARBAKC583_RS02505","serine--tRNA ligase",1475,2636,3257
"WP_005766634.1","BARBAKC583_RS02510","protein-L-isoaspartate(D-aspartate) O-methyltransferase",188,206,224
"WP_005766636.1","BARBAKC583_RS02515","peptidoglycan DD-metalloendopeptidase family protein",1155,836,1086
"WP_005766639.1","BARBAKC583_RS02520","preprotein translocase subunit YajC",1281,1150,1305
"WP_005766641.1","BARBAKC583_RS02525","Mth938-like domain-containing protein",145,109,143
"WP_005766643.1","BARBAKC583_RS02530","phytoene/squalene synthase family protein",248,170,153
"WP_005766646.1","BARBAKC583_RS02535","peptidyl-prolyl cis-trans isomerase",1359,1413,2098
"WP_005766648.1","BARBAKC583_RS02540","triose-phosphate isomerase",235,325,424
"WP_005766651.1","BARBAKC583_RS02545","preprotein translocase subunit SecG",2368,3284,2470
"WP_005766653.1","BARBAKC583_RS02550","CTP synthase",1878,2670,3344
"WP_005766656.1","BARBAKC583_RS02555","3-deoxy-8-phosphooctulonate synthase",508,592,744
"WP_005766659.1","BARBAKC583_RS02560","phosphopyruvate hydratase",771,933,978
"WP_005766662.1","BARBAKC583_RS02565","FtsB family cell division protein",384,389,327
"WP_005766664.1","BARBAKC583_RS02570","pyruvate dehydrogenase (acetyl-transferring) E1 component subunit alpha",2621,5258,5742
"WP_005766667.1","BARBAKC583_RS02575","pyruvate dehydrogenase complex E1 component subunit beta",1885,2367,2748
"WP_005766668.1","BARBAKC583_RS02580","pyruvate dehydrogenase complex dihydrolipoamide acetyltransferase",2556,3326,3996
"WP_005766670.1","BARBAKC583_RS02585","dihydrolipoyl dehydrogenase",835,761,1308
"WP_005766672.1","BARBAKC583_RS02590","lipoyl synthase",341,283,465
"WP_005766674.1","BARBAKC583_RS02595","type II toxin-antitoxin system RatA family toxin",175,179,164
"WP_011807336.1","BARBAKC583_RS02600","bifunctional 2-C-methyl-D-erythritol 4-phosphate cytidylyltransferase/2-C-methyl-D-erythritol 2,4-cyclodiphosphate synthase",584,505,563
"WP_005766680.1","BARBAKC583_RS02605","sensor histidine kinase NtrY-like",868,923,758
"WP_005766681.1","BARBAKC583_RS02610","nitrogen assimilation response regulator NtrX",1006,1148,1137
"WP_005766683.1","BARBAKC583_RS02620","Trk system potassium transporter TrkA",423,399,403
"BARBAKC583_RS02625",NA,NA,181,172,166
"WP_005766685.1","BARBAKC583_RS02630","ATP-dependent Clp endopeptidase proteolytic subunit ClpP",1253,1451,1471
"WP_005766687.1","BARBAKC583_RS02635","ATP-dependent Clp protease ATP-binding subunit ClpX",1722,1193,1048
"WP_005766689.1","BARBAKC583_RS02640","endopeptidase La",3992,6089,12609
"WP_172952859.1","BARBAKC583_RS02645","HU family DNA-binding protein",4261,5392,4537
"WP_005766693.1","BARBAKC583_RS02650","methylenetetrahydrofolate--tRNA-(uracil(54)-C(5))-methyltransferase (FADH(2)-oxidizing) TrmFO",1695,3133,2390
"WP_005766695.1","BARBAKC583_RS02660","trigger factor",1944,2230,2573
"WP_005766696.1","BARBAKC583_RS02665","Asp-tRNA(Asn)/Glu-tRNA(Gln) amidotransferase subunit GatB",1413,1790,1604
"WP_005766698.1","BARBAKC583_RS02670","NADH:ubiquinone oxidoreductase subunit NDUFA12",545,1042,1313
"WP_011807338.1","BARBAKC583_RS02680","DUF2155 domain-containing protein",340,438,618
"WP_225866732.1","BARBAKC583_RS02685","hypothetical protein",401,225,171
"WP_005766704.1","BARBAKC583_RS02690","rhomboid family intramembrane serine protease",177,168,209
"WP_005766706.1","BARBAKC583_RS02695","TrmH family RNA methyltransferase",998,1888,1397
"WP_005766708.1","BARBAKC583_RS02710","elongation factor Tu",9,17,61
"WP_005766710.1","BARBAKC583_RS02720","preprotein translocase subunit SecE",596,789,657
"WP_005766712.1","BARBAKC583_RS02725","transcription termination/antitermination protein NusG",1442,1238,1177
"WP_005766713.1","BARBAKC583_RS02730","50S ribosomal protein L11",719,528,786
"WP_005766715.1","BARBAKC583_RS02735","50S ribosomal protein L1",1132,943,1068
"WP_005766717.1","BARBAKC583_RS02740","50S ribosomal protein L10",1627,974,2002
"WP_005766718.1","BARBAKC583_RS02745","50S ribosomal protein L7/L12",1020,565,1050
"WP_005766719.1","BARBAKC583_RS02750","DNA-directed RNA polymerase subunit beta",5938,2969,4431
"WP_005766721.1","BARBAKC583_RS02755","DNA-directed RNA polymerase subunit beta'",7766,4870,6905
"WP_005766723.1","BARBAKC583_RS02760","nitroreductase",190,143,178
"BARBAKC583_RS07180",NA,NA,132,163,148
"WP_335617968.1","BARBAKC583_RS07185","hypothetical protein",60,102,55
"WP_236822973.1","BARBAKC583_RS07055","hypothetical protein",15,12,17
"WP_236822976.1","BARBAKC583_RS07060","hypothetical protein",25,24,23
"WP_250645096.1","BARBAKC583_RS07150","L-serine ammonia-lyase, iron-sulfur-dependent, subunit alpha",41,27,25
"BARBAKC583_RS07065",NA,NA,64,42,41
"WP_225866733.1","BARBAKC583_RS07070","hypothetical protein",423,189,115
"WP_005766734.1","BARBAKC583_RS02770","D-alanyl-D-alanine carboxypeptidase",1773,951,791
"BARBAKC583_RS02775",NA,NA,86,305,206
"WP_005766739.1","BARBAKC583_RS02780","ATP-dependent Clp protease ATP-binding subunit ClpA",1513,1962,1540
"WP_005766741.1","BARBAKC583_RS02785","HIT family protein",228,548,659
"WP_005766743.1","BARBAKC583_RS02790","RidA family protein",217,652,550
"WP_005766745.1","BARBAKC583_RS02795","EipB family protein",446,438,409
"WP_005766748.1","BARBAKC583_RS02800","30S ribosomal protein S2",1984,2596,5193
"WP_005766749.1","BARBAKC583_RS02805","translation elongation factor Ts",1422,1433,2540
"WP_005766751.1","BARBAKC583_RS02810","UMP kinase",482,527,521
"WP_005766753.1","BARBAKC583_RS02815","ribosome recycling factor",345,543,782
"WP_005766755.1","BARBAKC583_RS02820","phosphatidate cytidylyltransferase",250,305,385
"BARBAKC583_RS02825",NA,NA,361,268,429
"WP_005766757.1","BARBAKC583_RS02830","outer membrane protein assembly factor BamA",4443,2870,3866
"WP_005766759.1","BARBAKC583_RS02835","UDP-3-O-(3-hydroxymyristoyl)glucosamine N-acyltransferase",867,697,965
"WP_005766761.1","BARBAKC583_RS02840","3-hydroxyacyl-ACP dehydratase FabZ",243,182,257
"WP_005766762.1","BARBAKC583_RS02845","acyl-ACP--UDP-N-acetylglucosamine O-acyltransferase",355,264,340
"WP_005766764.1","BARBAKC583_RS02850","LpxI family protein",410,347,309
"WP_005766766.1","BARBAKC583_RS02855","lipid-A-disaccharide synthase",554,333,341
"WP_005766768.1","BARBAKC583_RS02865","amino acid ABC transporter ATP-binding protein",134,92,97
"WP_005766770.1","BARBAKC583_RS02870","ABC transporter permease",168,115,141
"WP_005766771.1","BARBAKC583_RS02875","ABC transporter permease",358,220,305
"WP_005766773.1","BARBAKC583_RS02880","transporter substrate-binding domain-containing protein",579,606,820
"WP_005766775.1","BARBAKC583_RS02885","citrate synthase",3554,3011,2256
"WP_005766777.1","BARBAKC583_RS02890","glutamate--tRNA ligase",1191,1899,1661
"WP_005766778.1","BARBAKC583_RS02895","ComEC/Rec2 family competence protein",628,637,555
"WP_005766779.1","BARBAKC583_RS02900","ribose-5-phosphate isomerase RpiA",160,124,168
"WP_005766781.1","BARBAKC583_RS02910","DUF2059 domain-containing protein",576,665,708
"WP_035453077.1","BARBAKC583_RS02915","glutathione-disulfide reductase",527,348,466
"WP_005766785.1","BARBAKC583_RS02920","class II 3-deoxy-7-phosphoheptulonate synthase",589,729,581
"WP_005766787.1","BARBAKC583_RS02925","NAD+ synthase",624,804,630
"WP_005766789.1","BARBAKC583_RS02930","glutamate--tRNA ligase",1007,843,636
"WP_005766791.1","BARBAKC583_RS02935","DEAD/DEAH box helicase",1487,1694,1529
"WP_005766794.1","BARBAKC583_RS02940","NAD kinase",578,1178,970
"WP_005766798.1","BARBAKC583_RS02955","cell cycle two-component system response regulator CpdR",274,521,464
"WP_005766800.1","BARBAKC583_RS02960","Hsp20 family protein",6681,20740,43968
"WP_005766814.1","BARBAKC583_RS02970","iron-sulfur cluster assembly accessory protein",145,272,276
"WP_280641459.1","BARBAKC583_RS02975","lipid A biosynthesis lauroyl acyltransferase",208,143,171
"WP_005766818.1","BARBAKC583_RS02980","zinc-binding dehydrogenase",206,112,99
"WP_035453156.1","BARBAKC583_RS02985","beta-ketoacyl-ACP synthase",504,255,193
"WP_005766821.1","BARBAKC583_RS02990","hypothetical protein",447,142,91
"WP_005766822.1","BARBAKC583_RS02995","acyl carrier protein",240,70,38
"WP_005766823.1","BARBAKC583_RS03000","NADP-dependent malic enzyme",3531,3143,2722
"WP_005766824.1","BARBAKC583_RS03005","coiled-coil domain-containing protein",17128,18374,11529
"WP_005766825.1","BARBAKC583_RS03010","RNA chaperone Hfq",302,324,299
"WP_005766826.1","BARBAKC583_RS03015","GTPase HflX",470,554,548
"BARBAKC583_RS07075",NA,NA,63,46,43
"WP_005766830.1","BARBAKC583_RS03030","COX15/CtaA family protein",763,1215,1419
"WP_005766832.1","BARBAKC583_RS03035","N-acetyl-gamma-glutamyl-phosphate reductase",560,962,744
"WP_005766834.1","BARBAKC583_RS03040","serine hydroxymethyltransferase",1811,1523,1130
"WP_005766835.1","BARBAKC583_RS03045","transcriptional regulator NrdR",145,114,131
"WP_005766837.1","BARBAKC583_RS03050","bifunctional diaminohydroxyphosphoribosylaminopyrimidine deaminase/5-amino-6-(5-phosphoribosylamino)uracil reductase RibD",410,383,360
"WP_005766840.1","BARBAKC583_RS03055","riboflavin synthase",231,170,172
"WP_005766842.1","BARBAKC583_RS03060","6,7-dimethyl-8-ribityllumazine synthase",229,217,229
"WP_005766844.1","BARBAKC583_RS03065","transcription antitermination factor NusB",115,121,120
"WP_005766845.1","BARBAKC583_RS03070","outer membrane protein assembly factor BamE",1034,1309,1115
"WP_005766847.1","BARBAKC583_RS03075","YceD family protein",911,883,728
"WP_005766849.1","BARBAKC583_RS03080","phosphate acyltransferase PlsX",1676,1799,1795
"WP_005766851.1","BARBAKC583_RS03085","beta-ketoacyl-ACP synthase III",1131,957,1104
"WP_005766852.1","BARBAKC583_RS03090","integration host factor subunit alpha",389,861,823
"WP_005766853.1","BARBAKC583_RS03095","MerR family transcriptional regulator",461,861,813
"WP_005766855.1","BARBAKC583_RS03100","threonine--tRNA ligase",2141,1501,1707
"WP_005766857.1","BARBAKC583_RS03105","membrane protein insertion efficiency factor YidD",126,100,79
"WP_005766859.1","BARBAKC583_RS03110","iron-sulfur cluster assembly scaffold protein",174,210,148
"WP_005766860.1","BARBAKC583_RS03115","GTP cyclohydrolase I FolE",2358,5605,3567
"WP_005766862.1","BARBAKC583_RS03125","alpha/beta hydrolase",892,1124,1058
"WP_011807347.1","BARBAKC583_RS03130","hypothetical protein",5,7,8
"WP_005766865.1","BARBAKC583_RS03135","DUF1561 family protein",1,4,8
"WP_005766867.1","BARBAKC583_RS03150","protein-L-isoaspartate O-methyltransferase family protein",5,3,10
"WP_011807348.1","BARBAKC583_RS03155","TolC family outer membrane protein",298,340,449
"WP_005766870.1","BARBAKC583_RS03160","DUF2497 domain-containing protein",16,18,43
"WP_005766872.1","BARBAKC583_RS03165","valine--tRNA ligase",20,11,45
"WP_035453066.1","BARBAKC583_RS03170","amino acid ABC transporter ATP-binding protein",5,4,5
"WP_005766875.1","BARBAKC583_RS03175","amino acid ABC transporter permease",4,5,6
"WP_005766877.1","BARBAKC583_RS03180","amino acid ABC transporter permease",5,5,5
"WP_244426311.1","BARBAKC583_RS06955","transporter substrate-binding domain-containing protein",3,0,0
"BARBAKC583_RS07080",NA,NA,0,0,1
"WP_011807349.1","BARBAKC583_RS03190","transporter substrate-binding domain-containing protein",47,58,76
"WP_005766882.1","BARBAKC583_RS03195","exodeoxyribonuclease III",12,16,12
"WP_005766884.1","BARBAKC583_RS03200","30S ribosomal protein S12",10,2,18
"WP_005766885.1","BARBAKC583_RS03205","30S ribosomal protein S7",4,3,7
"WP_005766888.1","BARBAKC583_RS03210","elongation factor G",31,9,39
"WP_005766892.1","BARBAKC583_RS03215","elongation factor Tu",26,12,35
"WP_005766894.1","BARBAKC583_RS03220","30S ribosomal protein S10",3,1,5
"WP_005766896.1","BARBAKC583_RS03225","50S ribosomal protein L3",6,2,7
"WP_005766898.1","BARBAKC583_RS03230","50S ribosomal protein L4",7,1,8
"WP_005766900.1","BARBAKC583_RS03235","50S ribosomal protein L23",2,2,4
"WP_005766902.1","BARBAKC583_RS03240","50S ribosomal protein L2",6,2,13
"WP_005766905.1","BARBAKC583_RS03245","30S ribosomal protein S19",1,1,4
"WP_005766907.1","BARBAKC583_RS03250","50S ribosomal protein L22",6,2,8
"WP_005766909.1","BARBAKC583_RS03255","30S ribosomal protein S3",9,3,25
"WP_005766912.1","BARBAKC583_RS03260","50S ribosomal protein L16",4,2,14
"WP_005766913.1","BARBAKC583_RS03265","50S ribosomal protein L29",1,0,4
"WP_005766915.1","BARBAKC583_RS03270","30S ribosomal protein S17",4,2,5
"WP_005766917.1","BARBAKC583_RS03275","50S ribosomal protein L14",5,6,15
"WP_005766919.1","BARBAKC583_RS03280","50S ribosomal protein L24",4,5,15
"WP_005766926.1","BARBAKC583_RS03300","DUF1561 family protein",1,0,0
"WP_011807351.1","BARBAKC583_RS03320","TolC family protein",30,5,5
"WP_005766936.1","BARBAKC583_RS03450","50S ribosomal protein L5",1207,988,1296
"WP_005766938.1","BARBAKC583_RS03455","30S ribosomal protein S14",581,508,783
"WP_005766940.1","BARBAKC583_RS03460","30S ribosomal protein S8",662,423,683
"WP_005766942.1","BARBAKC583_RS03465","50S ribosomal protein L6",1033,766,1568
"WP_005766945.1","BARBAKC583_RS03470","50S ribosomal protein L18",303,225,457
"WP_005766947.1","BARBAKC583_RS03475","30S ribosomal protein S5",922,624,855
"WP_005766949.1","BARBAKC583_RS03480","50S ribosomal protein L30",125,110,143
"WP_005766951.1","BARBAKC583_RS03485","50S ribosomal protein L15",606,497,785
"WP_005766957.1","BARBAKC583_RS03490","preprotein translocase subunit SecY",2040,1231,1988
"WP_005766958.1","BARBAKC583_RS03495","adenylate kinase",611,420,452
"WP_005766959.1","BARBAKC583_RS03500","30S ribosomal protein S13",2132,1967,2508
"WP_005766960.1","BARBAKC583_RS03505","30S ribosomal protein S11",655,317,617
"WP_005766961.1","BARBAKC583_RS03510","DNA-directed RNA polymerase subunit alpha",3066,1587,2905
"WP_005766962.1","BARBAKC583_RS03515","50S ribosomal protein L17",1462,863,1274
"WP_005766965.1","BARBAKC583_RS03520","DegQ family serine endoprotease",778,539,555
"WP_005766967.1","BARBAKC583_RS03525","replication-associated recombination protein A",426,319,253
"WP_005766971.1","BARBAKC583_RS03530","recombinase RecA",2153,2854,2002
"WP_005766976.1","BARBAKC583_RS03535","alanine--tRNA ligase",1277,1351,1525
"WP_005766978.1","BARBAKC583_RS03540","glucan ABC transporter ATP-binding protein/ permease",1218,830,619
"WP_005766983.1","BARBAKC583_RS03545","RluA family pseudouridine synthase",649,578,550
"WP_005766984.1","BARBAKC583_RS03550","ATP12 family chaperone protein",310,369,399
"WP_005766985.1","BARBAKC583_RS03555","hypothetical protein",367,388,307
"WP_005766991.1","BARBAKC583_RS03560","type I glutamate--ammonia ligase",3710,3908,3573
"BARBAKC583_RS03565",NA,NA,890,1835,927
"WP_005766993.1","BARBAKC583_RS03570","excinuclease ABC subunit UvrA",691,530,590
"WP_005766996.1","BARBAKC583_RS03575","single-stranded DNA-binding protein",369,642,550
"WP_005766997.1","BARBAKC583_RS03585","DNA gyrase subunit A",4644,6079,5706
"WP_005766998.1","BARBAKC583_RS03590","pantetheine-phosphate adenylyltransferase",345,312,290
"WP_005767001.1","BARBAKC583_RS03595","peptidylprolyl isomerase",582,490,503
"WP_005767002.1","BARBAKC583_RS03600","peptidylprolyl isomerase",728,742,741
"WP_005767004.1","BARBAKC583_RS03605","tRNA guanosine(34) transglycosylase Tgt",293,229,216
"WP_005767012.1","BARBAKC583_RS03610","MFS transporter",1633,1319,1080
"WP_005767014.1","BARBAKC583_RS03615","NADP-dependent isocitrate dehydrogenase",5776,12431,10030
"WP_005767018.1","BARBAKC583_RS03620","hypothetical protein",279,199,183
"WP_005767019.1","BARBAKC583_RS03630","class II fructose-bisphosphatase",559,461,609
"WP_005767020.1","BARBAKC583_RS03635","branched-chain amino acid aminotransferase",1169,693,558
"WP_005767022.1","BARBAKC583_RS03640","SPOR domain-containing protein",13561,19091,11573
"WP_005767024.1","BARBAKC583_RS03645","arginine--tRNA ligase",1276,1258,1085
"WP_005767026.1","BARBAKC583_RS03650","deoxyguanosinetriphosphate triphosphohydrolase",670,841,651
"WP_005767028.1","BARBAKC583_RS03655","HesB/IscA family protein",96,256,268
"WP_005767030.1","BARBAKC583_RS03660","hypothetical protein",929,1841,1521
"WP_005767032.1","BARBAKC583_RS03665","cytochrome c biogenesis CcdA family protein",339,266,291
"WP_005767034.1","BARBAKC583_RS03670","bifunctional UDP-N-acetylglucosamine diphosphorylase/glucosamine-1-phosphate N-acetyltransferase GlmU",408,332,338
"WP_005767036.1","BARBAKC583_RS03675","glutamine--fructose-6-phosphate transaminase (isomerizing)",1647,1238,1148
"WP_005767038.1","BARBAKC583_RS03680","ATP-dependent DNA helicase RecG",1822,1215,916
"WP_005767039.1","BARBAKC583_RS03685","GNAT family N-acetyltransferase",3561,5118,3307
"WP_005767040.1","BARBAKC583_RS03690","DUF1561 family protein",988,858,652
"WP_005767041.1","BARBAKC583_RS03700","acetyl-CoA carboxylase biotin carboxylase subunit",1474,1260,1024
"WP_005767042.1","BARBAKC583_RS03705","acetyl-CoA carboxylase biotin carboxyl carrier protein",1465,2368,1754
"WP_005767043.1","BARBAKC583_RS03715","DsbA family protein",2059,3164,2048
"WP_005767044.1","BARBAKC583_RS03725","phosphoribosylglycinamide formyltransferase",515,438,377
"WP_011807356.1","BARBAKC583_RS03730","phosphoribosylformylglycinamidine cyclo-ligase",1314,793,651
"WP_005767046.1","BARBAKC583_RS03740","AI-2E family transporter",883,987,1098
"WP_005767047.1","BARBAKC583_RS03745","DnaA regulatory inactivator HdaA",450,328,371
"WP_005767048.1","BARBAKC583_RS03755","ETC complex I subunit",585,991,730
"BARBAKC583_RS06815",NA,NA,51,44,23
"BARBAKC583_RS07085",NA,NA,0,0,0
"BARBAKC583_RS03770",NA,NA,1,1,1
"WP_005767058.1","BARBAKC583_RS03780","DUF1561 family protein",326,224,202
"WP_005767060.1","BARBAKC583_RS03795","NADH-quinone oxidoreductase subunit A",640,323,332
"WP_005767062.1","BARBAKC583_RS03800","NuoB/complex I 20 kDa subunit family protein",1280,566,699
"WP_005767064.1","BARBAKC583_RS03805","NADH-quinone oxidoreductase subunit C",829,405,333
"WP_005767066.1","BARBAKC583_RS03810","NADH-quinone oxidoreductase subunit D",1601,834,844
"WP_005767068.1","BARBAKC583_RS03815","NADH-quinone oxidoreductase subunit NuoE",627,367,368
"WP_005767070.1","BARBAKC583_RS03820","NADH-quinone oxidoreductase subunit NuoF",1157,741,708
"WP_005767072.1","BARBAKC583_RS03825","NADH-quinone oxidoreductase subunit NuoG",1892,955,955
"WP_005767074.1","BARBAKC583_RS03830","NADH-quinone oxidoreductase subunit NuoH",632,345,349
"WP_005767075.1","BARBAKC583_RS03835","NADH-quinone oxidoreductase subunit NuoI",522,378,436
"WP_005767077.1","BARBAKC583_RS03840","NADH-quinone oxidoreductase subunit J",861,770,808
"WP_005767079.1","BARBAKC583_RS03845","NADH-quinone oxidoreductase subunit NuoK",300,285,288
"WP_005767081.1","BARBAKC583_RS03850","NADH-quinone oxidoreductase subunit L",3455,2068,2156
"WP_005767083.1","BARBAKC583_RS03855","NADH-quinone oxidoreductase subunit M",1733,1024,1124
"WP_005767085.1","BARBAKC583_RS03860","NADH-quinone oxidoreductase subunit NuoN",1275,637,619
"WP_172952860.1","BARBAKC583_RS03865","biotin--[acetyl-CoA-carboxylase] ligase",496,472,284
"WP_005767088.1","BARBAKC583_RS03870","ribonuclease J",673,382,299
"WP_005767091.1","BARBAKC583_RS03875","proline--tRNA ligase",1348,1344,914
"WP_005767093.1","BARBAKC583_RS03880","lipoprotein-releasing ABC transporter permease subunit",609,394,283
"WP_005767095.1","BARBAKC583_RS03885","ABC transporter ATP-binding protein",266,179,131
"WP_005767097.1","BARBAKC583_RS03890","FAD assembly factor SdhE",36,19,22
"WP_005767099.1","BARBAKC583_RS03895","transcription-repair coupling factor",1095,1078,844
"WP_080512677.1","BARBAKC583_RS07095","ABC transporter substrate-binding protein",47,30,29
"WP_196242563.1","BARBAKC583_RS07155","ABC transporter substrate-binding protein",5,4,4
"WP_080774880.1","BARBAKC583_RS07100","ABC transporter substrate-binding protein",73,63,58
"WP_005767101.1","BARBAKC583_RS03905","invasion associated locus B family protein",5747,6883,5459
"BARBAKC583_RS03910",NA,NA,4741,6618,3400
"WP_005767105.1","BARBAKC583_RS03915","N-acetylmuramoyl-L-alanine amidase",1112,971,873
"WP_005767107.1","BARBAKC583_RS03920","penicillin-binding protein 1A",4235,3617,2886
"WP_011807361.1","BARBAKC583_RS03925","peptide chain release factor 2",2242,3642,2724
"WP_005767112.1","BARBAKC583_RS03930","peroxiredoxin",309,261,232
"WP_005767115.1","BARBAKC583_RS03935","tyrosine--tRNA ligase",1020,1183,1042
"WP_005767117.1","BARBAKC583_RS03945","alpha/beta hydrolase",545,417,544
"WP_005767119.1","BARBAKC583_RS03950","cysteine desulfurase family protein",1079,2247,1633
"WP_005767122.1","BARBAKC583_RS03955","Fe-S cluster assembly protein SufB",2229,2487,1657
"WP_005767124.1","BARBAKC583_RS03960","Fe-S cluster assembly ATPase SufC",949,775,512
"WP_005767126.1","BARBAKC583_RS03965","Fe-S cluster assembly protein SufD",1539,1079,849
"WP_005767128.1","BARBAKC583_RS03970","cysteine desulfurase",812,557,442
"WP_005767130.1","BARBAKC583_RS03975","SUF system Fe-S cluster assembly protein",345,608,477
"WP_005767132.1","BARBAKC583_RS03985","UbiH/UbiF family hydroxylase",1243,949,688
"WP_011807364.1","BARBAKC583_RS03990","phosphatidylcholine synthase",551,718,695
"WP_005767144.1","BARBAKC583_RS03995","MBL fold metallo-hydrolase",372,356,404
"WP_005767146.1","BARBAKC583_RS04000","TatD family hydrolase",510,399,532
"WP_005767147.1","BARBAKC583_RS04005","methionine--tRNA ligase",1371,854,1051
"WP_005767149.1","BARBAKC583_RS04010","DNA polymerase III subunit delta'",550,503,467
"WP_005767151.1","BARBAKC583_RS04015","dTMP kinase",451,401,354
"WP_005767158.1","BARBAKC583_RS04020","septal ring lytic transglycosylase RlpA family protein",1760,1109,1102
"WP_005767165.1","BARBAKC583_RS04030","tRNA 2-thiocytidine(32) synthetase TtcA",227,182,176
"WP_005767167.1","BARBAKC583_RS04035","30S ribosomal protein S4",2783,1680,2718
"WP_005767169.1","BARBAKC583_RS04040","glutamate racemase",196,212,206
"WP_011807366.1","BARBAKC583_RS04045","RNA methyltransferase",366,894,672
"BARBAKC583_RS07220",NA,NA,143,176,65
"WP_005767173.1","BARBAKC583_RS04050","type I methionyl aminopeptidase",955,987,751
"WP_005767175.1","BARBAKC583_RS04055","RadC family protein",296,223,146
"WP_005767176.1","BARBAKC583_RS04060","DUF3126 family protein",103,87,50
"WP_005767179.1","BARBAKC583_RS04065","alpha/beta fold hydrolase",466,347,308
"WP_005767181.1","BARBAKC583_RS04070","DUF192 domain-containing protein",282,206,197
"WP_035453098.1","BARBAKC583_RS04075","cold-shock protein",432,515,459
"WP_005767184.1","BARBAKC583_RS04080","Asp-tRNA(Asn)/Glu-tRNA(Gln) amidotransferase subunit GatA",4350,6210,5004
"WP_005767186.1","BARBAKC583_RS04085","Asp-tRNA(Asn)/Glu-tRNA(Gln) amidotransferase subunit GatC",831,1924,1060
"WP_005767188.1","BARBAKC583_RS04090","Holliday junction resolvase RuvX",173,212,256
"WP_005767190.1","BARBAKC583_RS04095","acyl-CoA dehydrogenase family protein",2103,1972,1362
"WP_005767192.1","BARBAKC583_RS04100","aspartate carbamoyltransferase catalytic subunit",1134,2327,1763
"WP_005767194.1","BARBAKC583_RS04105","dihydroorotase",1002,1316,1228
"WP_005767196.1","BARBAKC583_RS04110","glycerol-3-phosphate 1-O-acyltransferase PlsY",247,225,196
"WP_005767198.1","BARBAKC583_RS04125","DNA-processing protein DprA",1322,1006,526
"WP_005767200.1","BARBAKC583_RS07190","hypothetical protein",122,136,135
"WP_005767202.1","BARBAKC583_RS04130","type I DNA topoisomerase",1719,923,942
"BARBAKC583_RS04135",NA,NA,989,926,631
"WP_225866720.1","BARBAKC583_RS04140","hypothetical protein",11,21,23
"WP_005767215.1","BARBAKC583_RS04150","50S ribosomal protein L33",122,87,91
"WP_005767217.1","BARBAKC583_RS04155","thermonuclease family protein",927,1443,872
"WP_011807367.1","BARBAKC583_RS04160","uracil-DNA glycosylase family protein",249,451,529
"WP_005767222.1","BARBAKC583_RS04165","Lrp/AsnC family transcriptional regulator",559,457,258
"WP_005767224.1","BARBAKC583_RS04170","nicotinate-nucleotide--dimethylbenzimidazole phosphoribosyltransferase",367,316,304
"WP_005767246.1","BARBAKC583_RS04175","tRNA dihydrouridine(20/20a) synthase DusA",470,536,463
"WP_005767248.1","BARBAKC583_RS04180","response regulator",695,815,766
"WP_005767250.1","BARBAKC583_RS04185","flagellar biosynthetic protein FliO",969,1754,1894
"WP_035453092.1","BARBAKC583_RS04190","flavin reductase family protein",614,1168,580
"WP_005767254.1","BARBAKC583_RS04195","ribulose-phosphate 3-epimerase",873,1874,1329
"WP_005767256.1","BARBAKC583_RS04200","adenylosuccinate lyase",862,823,793
"WP_005767258.1","BARBAKC583_RS04205","RBBP9/YdeN family alpha/beta hydrolase",260,428,262
"WP_005767260.1","BARBAKC583_RS04210","phosphoribosylaminoimidazolesuccinocarboxamide synthase",2433,4300,2610
"WP_005767262.1","BARBAKC583_RS04215","phosphoribosylformylglycinamidine synthase subunit PurS",124,115,99
"WP_005767264.1","BARBAKC583_RS04220","phosphoribosylformylglycinamidine synthase subunit PurQ",864,1011,600
"WP_005767266.1","BARBAKC583_RS04225","phosphoribosylformylglycinamidine synthase subunit PurL",4130,2675,2229
"WP_005767268.1","BARBAKC583_RS04230","BolA/IbaG family iron-sulfur metabolism protein",396,325,194
"WP_005767270.1","BARBAKC583_RS04235","Grx4 family monothiol glutaredoxin",1179,1741,1056
"WP_005767272.1","BARBAKC583_RS04245","multidrug effflux MFS transporter",796,665,585
"WP_005767273.1","BARBAKC583_RS04250","DNA topoisomerase IV subunit A",672,496,627
"WP_005767274.1","BARBAKC583_RS04255","aspartate--tRNA ligase",1061,881,989
"WP_035453088.1","BARBAKC583_RS04260","ribonuclease D",1902,2604,2037
"WP_005767276.1","BARBAKC583_RS04265","zinc-finger domain-containing protein",631,1723,1557
"WP_005767277.1","BARBAKC583_RS04270","FAD-binding protein",861,1837,1303
"WP_005767278.1","BARBAKC583_RS04275","DNA polymerase III subunit alpha",1012,1470,1332
"WP_005767279.1","BARBAKC583_RS04280","DUF1561 family protein",89,132,172
"WP_005767280.1","BARBAKC583_RS04285","DEAD/DEAH box helicase",2391,1728,880
"WP_011807371.1","BARBAKC583_RS04290","hypothetical protein",323,238,297
"WP_005767292.1","BARBAKC583_RS04305","protein translocase subunit SecD",1368,613,842
"WP_005767294.1","BARBAKC583_RS04310","lysylphosphatidylglycerol synthase transmembrane domain-containing protein",1139,1127,1641
"WP_011807373.1","BARBAKC583_RS04315","TerC family protein",279,323,398
"BARBAKC583_RS06960",NA,NA,14,7,5
"BARBAKC583_RS07225",NA,NA,7,7,5
"WP_005767302.1","BARBAKC583_RS07230","DUF1561 family protein",2,1,1
"WP_005767305.1","BARBAKC583_RS04335","DUF1561 family protein",116,129,128
"WP_005767307.1","BARBAKC583_RS04340","DUF1561 family protein",1910,1253,667
"WP_005767309.1","BARBAKC583_RS04345","DUF2087 domain-containing protein",764,796,590
"WP_005767311.1","BARBAKC583_RS04350","hypothetical protein",151,157,124
"WP_005767313.1","BARBAKC583_RS06970","hypothetical protein",163,85,80
"WP_005767315.1","BARBAKC583_RS04355","hypothetical protein",981,295,479
"WP_005767317.1","BARBAKC583_RS04360","MFS transporter",343,144,137
"WP_005767319.1","BARBAKC583_RS04365","LemA family protein",817,527,608
"WP_005767321.1","BARBAKC583_RS04370","TPM domain-containing protein",346,146,174
"WP_005767322.1","BARBAKC583_RS04375","lipoyl(octanoyl) transferase LipB",169,224,202
"WP_005767325.1","BARBAKC583_RS04380","DNA topoisomerase IV subunit B",976,789,684
"WP_005767328.1","BARBAKC583_RS04385","single-stranded-DNA-specific exonuclease RecJ",637,687,726
"WP_005767330.1","BARBAKC583_RS04390","50S ribosomal protein L13",4370,4055,4310
"WP_005767333.1","BARBAKC583_RS04395","30S ribosomal protein S9",3198,1949,1982
"WP_005767335.1","BARBAKC583_RS04400","response regulator",362,718,580
"WP_005767337.1","BARBAKC583_RS04405","N-acetylmuramoyl-L-alanine amidase",469,784,734
"WP_005767354.1","BARBAKC583_RS04410","hypothetical protein",72,94,202
"BARBAKC583_RS07105",NA,NA,1,1,2
"WP_414945892.1","BARBAKC583_RS07235","hypothetical protein",4,4,4
"WP_414945891.1","BARBAKC583_RS07240","site-specific integrase",1,1,1
"WP_005767360.1","BARBAKC583_RS04425","Vomp family autotransporter",823,552,439
"WP_005767366.1","BARBAKC583_RS04430","D-serine/D-alanine/glycine transporter",3339,3103,3948
"WP_005767368.1","BARBAKC583_RS04435","ketol-acid reductoisomerase",769,1334,1392
"WP_005767371.1","BARBAKC583_RS04440","pyridoxine 5'-phosphate synthase",276,368,278
"WP_005767374.1","BARBAKC583_RS04445","ATP-dependent DNA helicase",181,142,145
"BARBAKC583_RS04450",NA,NA,218,206,218
"WP_005767377.1","BARBAKC583_RS04455","hypothetical protein",10,7,7
"WP_005767379.1","BARBAKC583_RS04460","Do family serine endopeptidase",643,684,632
"WP_005767382.1","BARBAKC583_RS04465","protease modulator HflC",1889,1734,1448
"WP_005767384.1","BARBAKC583_RS04470","FtsH protease activity modulator HflK",1925,1907,1341
"WP_005767386.1","BARBAKC583_RS04475","dihydrofolate reductase",146,254,241
"WP_005767388.1","BARBAKC583_RS04480","thymidylate synthase",566,1388,1635
"WP_005767390.1","BARBAKC583_RS04485","MFS family transporter",7074,7701,9409
"WP_005767392.1","BARBAKC583_RS04490","DUF2853 family protein",240,142,119
"WP_005767394.1","BARBAKC583_RS04495","SspB family protein",418,449,563
"WP_005767396.1","BARBAKC583_RS04500","DUF4169 family protein",12,16,14
"WP_005767398.1","BARBAKC583_RS04505","ATP-dependent helicase",1613,1700,1085
"WP_005767400.1","BARBAKC583_RS04510","DapH/DapD/GlmU-related protein",210,510,412
"WP_005767402.1","BARBAKC583_RS04515","SCO family protein",2277,5937,5432
"WP_005767404.1","BARBAKC583_RS04520","50S ribosomal protein L11 methyltransferase",668,1174,816
"WP_005767406.1","BARBAKC583_RS04525","aminopeptidase P family protein",1070,1603,791
"WP_005767408.1","BARBAKC583_RS04530","NAD-dependent DNA ligase LigA",252,241,216
"WP_005767411.1","BARBAKC583_RS04535","DNA repair protein RecN",315,315,245
"WP_035453042.1","BARBAKC583_RS04545","outer membrane protein assembly factor BamD",999,856,891
"WP_005767415.1","BARBAKC583_RS04550","UDP-3-O-acyl-N-acetylglucosamine deacetylase",482,381,328
"WP_005767417.1","BARBAKC583_RS04555","cell division protein FtsZ",1435,528,1097
"WP_005767421.1","BARBAKC583_RS04560","cell division protein FtsA",295,186,271
"WP_011807385.1","BARBAKC583_RS04565","cell division protein FtsQ/DivIB",427,290,404
"WP_005767425.1","BARBAKC583_RS04570","D-alanine--D-alanine ligase",467,416,493
"WP_005767427.1","BARBAKC583_RS04575","UDP-N-acetylmuramate dehydrogenase",96,85,113
"WP_005767428.1","BARBAKC583_RS04580","UDP-N-acetylmuramate--L-alanine ligase",308,276,299
"WP_005767430.1","BARBAKC583_RS04585","UDP-N-acetylglucosamine--N-acetylmuramyl-(pentapeptide) pyrophosphoryl-undecaprenol N-acetylglucosamine transferase",314,302,405
"WP_172952867.1","BARBAKC583_RS04590","FtsW/RodA/SpoVE family cell cycle protein",302,301,456
"WP_005767434.1","BARBAKC583_RS04595","UDP-N-acetylmuramoyl-L-alanine--D-glutamate ligase",449,871,804
"WP_005767435.1","BARBAKC583_RS04600","phospho-N-acetylmuramoyl-pentapeptide-transferase",400,392,383
"WP_005767436.1","BARBAKC583_RS04605","UDP-N-acetylmuramoyl-tripeptide--D-alanyl-D-alanine ligase",312,402,474
"WP_005767438.1","BARBAKC583_RS04610","UDP-N-acetylmuramoyl-L-alanyl-D-glutamate--2,6-diaminopimelate ligase",187,152,154
"WP_005767440.1","BARBAKC583_RS04615","peptidoglycan D,D-transpeptidase FtsI family protein",308,212,257
"WP_005767442.1","BARBAKC583_RS04620","cell division protein FtsL",108,89,73
"WP_005767445.1","BARBAKC583_RS04625","16S rRNA (cytosine(1402)-N(4))-methyltransferase RsmH",190,224,285
"WP_005767447.1","BARBAKC583_RS04630","hypothetical protein",90,169,154
"WP_005767450.1","BARBAKC583_RS04635","energy-dependent translational throttle protein EttA",784,366,423
"WP_005767452.1","BARBAKC583_RS04640","bifunctional nicotinamidase/pyrazinamidase",226,256,189
"WP_005767454.1","BARBAKC583_RS04645","DUF475 domain-containing protein",350,267,371
"WP_005767457.1","BARBAKC583_RS04650","helix-turn-helix domain-containing protein",2184,1331,644
"WP_005767459.1","BARBAKC583_RS04655","YegP family protein",4,5,2
"WP_005767461.1","BARBAKC583_RS04665","SIMPL domain-containing protein",3472,8621,4352
"WP_005767462.1","BARBAKC583_RS04670","RNA polymerase sigma factor RpoD",2890,3040,2611
"WP_035453153.1","BARBAKC583_RS04675","DNA primase",2072,2913,2174
"WP_005767464.1","BARBAKC583_RS04680","mechanosensitive ion channel family protein",521,466,561
"WP_005767465.1","BARBAKC583_RS04685","Na/Pi cotransporter family protein",428,398,345
"WP_005767466.1","BARBAKC583_RS04690","GlsB/YeaQ/YmgE family stress response membrane protein",21,68,58
"WP_035453032.1","BARBAKC583_RS04695","chorismate lyase",70,142,123
"WP_005767468.1","BARBAKC583_RS04700","glutamine-hydrolyzing carbamoyl-phosphate synthase small subunit",3676,6100,4842
"WP_005767469.1","BARBAKC583_RS04705","tetracycline resistance MFS efflux pump",717,755,922
"WP_005767473.1","BARBAKC583_RS04715","carbamoyl-phosphate synthase large subunit",3643,4377,4104
"WP_005767476.1","BARBAKC583_RS04720","cold-shock protein",6294,5368,1958
"WP_005767479.1","BARBAKC583_RS04725","pyridoxal phosphate-dependent aminotransferase",2198,2850,2942
"WP_005767481.1","BARBAKC583_RS04730","LysR family transcriptional regulator",1114,1336,1471
"WP_005767483.1","BARBAKC583_RS04735","thioredoxin-disulfide reductase",2014,5688,4721
"WP_005767485.1","BARBAKC583_RS04740","TrkH family potassium uptake protein",479,489,404
"WP_005767487.1","BARBAKC583_RS04745","glycosyltransferase family 4 protein",396,350,654
"WP_005767489.1","BARBAKC583_RS04755","transcription elongation factor GreA",1311,1349,3564
"WP_080512680.1","BARBAKC583_RS04760","SH3 domain-containing protein",12,10,9
"WP_005767491.1","BARBAKC583_RS04765","excinuclease ABC subunit UvrB",897,1726,1038
"WP_005767493.1","BARBAKC583_RS04775","BA14K family protein",8441,34053,55745
"WP_005767496.1","BARBAKC583_RS04780","MBL fold metallo-hydrolase",557,626,550
"WP_005767499.1","BARBAKC583_RS04785","response regulator",361,885,771
"WP_005767501.1","BARBAKC583_RS04790","ATP-binding protein",384,772,481
"WP_005767503.1","BARBAKC583_RS04795","type III secretion system chaperone family protein",1138,971,619
"WP_005767509.1","BARBAKC583_RS04800","accessory factor UbiK family protein",897,2743,1588
"WP_005767511.1","BARBAKC583_RS04805","prolipoprotein diacylglyceryl transferase",462,617,514
"WP_005767513.1","BARBAKC583_RS04810","class I SAM-dependent methyltransferase",227,251,154
"WP_005767516.1","BARBAKC583_RS04815","peptidoglycan editing factor PgeF",282,458,287
"WP_005767518.1","BARBAKC583_RS04820","ribose-phosphate pyrophosphokinase",1144,1048,1105
"WP_005767521.1","BARBAKC583_RS04825","50S ribosomal protein L25/general stress protein Ctc",1463,1464,2270
"WP_005767523.1","BARBAKC583_RS04830","aminoacyl-tRNA hydrolase",82,71,72
"WP_005767525.1","BARBAKC583_RS04835","L,D-transpeptidase",1207,1007,857
"WP_005767527.1","BARBAKC583_RS04840","redox-regulated ATPase YchF",2774,3606,2112
"WP_005767530.1","BARBAKC583_RS04845","PRC-barrel domain-containing protein",222,211,234
"WP_005767534.1","BARBAKC583_RS04850","tRNA (cytidine(34)-2'-O)-methyltransferase",181,256,162
"WP_005767536.1","BARBAKC583_RS04855","CCA tRNA nucleotidyltransferase",522,722,646
"WP_005767538.1","BARBAKC583_RS04860","AAA family ATPase",462,363,415
"WP_005767539.1","BARBAKC583_RS04865","DUF58 domain-containing protein",203,121,101
"WP_005767541.1","BARBAKC583_RS04870","DUF4159 domain-containing protein",738,470,342
"BARBAKC583_RS04875",NA,NA,653,631,362
"WP_011807393.1","BARBAKC583_RS04880","GNAT family N-acetyltransferase",149,236,154
"WP_172952861.1","BARBAKC583_RS04885","metallophosphoesterase family protein",1399,2657,1819
"WP_005767548.1","BARBAKC583_RS04890","cation diffusion facilitator family transporter",128,121,133
"WP_011807395.1","BARBAKC583_RS04895","TrmH family RNA methyltransferase",1653,2750,1866
"WP_005767552.1","BARBAKC583_RS04900","tRNA 2-thiouridine(34) synthase MnmA",946,1020,979
"WP_005767554.1","BARBAKC583_RS04910","CtrA inhibitor SciP",288,243,146
"WP_005767556.1","BARBAKC583_RS04920","hypothetical protein",598,398,352
"WP_005767557.1","BARBAKC583_RS04935","response regulator transcription factor CtrA",1271,1344,1677
"WP_005767559.1","BARBAKC583_RS04940","histidine phosphotransferase ChpT",614,896,925
"WP_011807396.1","BARBAKC583_RS04950","DUF1134 domain-containing protein",515,352,370
"BARBAKC583_RS04955",NA,NA,471,572,321
"WP_005767565.1","BARBAKC583_RS04960","DegT/DnrJ/EryC1/StrS family aminotransferase",560,449,345
"WP_005767566.1","BARBAKC583_RS04965","Gfo/Idh/MocA family protein",625,473,411
"WP_005767569.1","BARBAKC583_RS04980","ABC transporter ATP-binding protein",247,117,106
"WP_005767571.1","BARBAKC583_RS04985","ABC transporter ATP-binding protein",233,118,118
"WP_005767573.1","BARBAKC583_RS04990","ABC transporter permease",516,341,353
"WP_005767576.1","BARBAKC583_RS04995","ABC transporter permease",490,386,382
"WP_005767578.1","BARBAKC583_RS05000","ABC transporter substrate-binding protein",1696,2831,2239
"BARBAKC583_RS05005",NA,NA,2499,1167,1097
"WP_035453010.1","BARBAKC583_RS05010","DNA-3-methyladenine glycosylase I",168,258,268
"WP_005767582.1","BARBAKC583_RS05015","exodeoxyribonuclease VII large subunit",181,191,255
"WP_005767584.1","BARBAKC583_RS05020","DUF6460 domain-containing protein",52,209,166
"WP_005767586.1","BARBAKC583_RS05025","hypothetical protein",662,454,501
"WP_005767588.1","BARBAKC583_RS05030","electron transfer flavoprotein subunit beta/FixA family protein",460,850,831
"WP_005767590.1","BARBAKC583_RS05035","electron transfer flavoprotein subunit alpha/FixB family protein",326,359,496
"WP_005767593.1","BARBAKC583_RS05040","electron transfer flavoprotein-ubiquinone oxidoreductase",384,348,397
"WP_011807398.1","BARBAKC583_RS05045","flagellin N-terminal helical domain-containing protein",57904,16796,12553
"WP_005767595.1","BARBAKC583_RS05055","pyrroline-5-carboxylate reductase",209,204,174
"WP_005767598.1","BARBAKC583_RS05060","YraN family protein",109,58,43
"WP_005767599.1","BARBAKC583_RS05065","16S rRNA (cytidine(1402)-2'-O)-methyltransferase",474,795,459
"WP_005767601.1","BARBAKC583_RS05070","orotidine-5'-phosphate decarboxylase",114,116,112
"WP_005767603.1","BARBAKC583_RS05075","Mrp/NBP35 family ATP-binding protein",569,594,533
"WP_005767604.1","BARBAKC583_RS05080","50S ribosomal protein L34",18,28,61
"WP_005767606.1","BARBAKC583_RS05085","ribonuclease P protein component",307,270,640
"WP_005767608.1","BARBAKC583_RS05090","membrane protein insertase YidC",1584,947,2063
"WP_005767609.1","BARBAKC583_RS05095","ribosome biogenesis GTP-binding protein YihA/YsxC",311,481,760
"WP_005767611.1","BARBAKC583_RS05100","glutathione S-transferase family protein",241,301,954
"WP_005767613.1","BARBAKC583_RS05105","4-hydroxy-tetrahydrodipicolinate reductase",731,957,852
"WP_005767615.1","BARBAKC583_RS05110","2,3-bisphosphoglycerate-dependent phosphoglycerate mutase",268,370,384
"WP_011807401.1","BARBAKC583_RS05120","DUF1561 family protein",260,424,363
"BARBAKC583_RS06975",NA,NA,8,6,10
"WP_005767620.1","BARBAKC583_RS05125","lysozyme",2,2,5
"BARBAKC583_RS07115",NA,NA,11,30,34
"BARBAKC583_RS05130",NA,NA,37,92,106
"WP_005767624.1","BARBAKC583_RS05135","hypothetical protein",61,52,48
"WP_005767625.1","BARBAKC583_RS05140","hypothetical protein",13,17,14
"WP_172952862.1","BARBAKC583_RS05145","hypothetical protein",8,12,15
"WP_005767633.1","BARBAKC583_RS05160","hypothetical protein",7,11,8
"WP_005767636.1","BARBAKC583_RS05170","helix-turn-helix domain-containing protein",114,225,192
"WP_005767638.1","BARBAKC583_RS05175","hypothetical protein",47,76,194
"WP_005767639.1","BARBAKC583_RS05180","phage antirepressor Ant",63,73,142
"WP_225866722.1","BARBAKC583_RS07120","hypothetical protein",9,15,22
"WP_236822979.1","BARBAKC583_RS07125","ERF family protein",40,54,50
"BARBAKC583_RS05190",NA,NA,28,47,37
"WP_005767646.1","BARBAKC583_RS05210","hypothetical protein",2,1,2
"BARBAKC583_RS05215",NA,NA,110,181,146
"WP_005767654.1","BARBAKC583_RS05230","DUF1561 family protein",211,300,243
"WP_005767656.1","BARBAKC583_RS05235","DUF1561 family protein",4,2,4
"WP_225866723.1","BARBAKC583_RS05240","hypothetical protein",1,1,2
"WP_005767662.1","BARBAKC583_RS05275","Fur family transcriptional regulator",2149,4466,1777
"WP_005767664.1","BARBAKC583_RS05280","HlyD family secretion protein",3701,3812,1902
"WP_005767666.1","BARBAKC583_RS05285","DHA2 family efflux MFS transporter permease subunit",1598,1060,375
"WP_005767668.1","BARBAKC583_RS05290","type III PLP-dependent enzyme",398,328,868
"WP_005767671.1","BARBAKC583_RS05295","oxygen-dependent tRNA uridine(34) hydroxylase TrhO",510,793,760
"WP_005767674.1","BARBAKC583_RS05300","ferredoxin--NADP reductase",334,476,407
"WP_005767675.1","BARBAKC583_RS05310","alanine racemase",171,277,367
"WP_005767676.1","BARBAKC583_RS05315","aminomethyl-transferring glycine dehydrogenase",2674,2215,3130
"WP_005767677.1","BARBAKC583_RS05320","glycine cleavage system protein GcvH",380,447,493
"WP_005767678.1","BARBAKC583_RS05325","glycine cleavage system aminomethyltransferase GcvT",1077,1085,1338
"WP_005767679.1","BARBAKC583_RS05330","LON peptidase substrate-binding domain-containing protein",847,1806,2781
"WP_005767680.1","BARBAKC583_RS06865","Trm112 family protein",48,146,239
"BARBAKC583_RS05335",NA,NA,11,16,8
"WP_005767682.1","BARBAKC583_RS06985","Trm112 family protein",4,2,1
"WP_005767683.1","BARBAKC583_RS05340","aspartate-semialdehyde dehydrogenase",1317,1893,2094
"WP_005767694.1","BARBAKC583_RS05345","MetQ/NlpA family ABC transporter substrate-binding protein",1490,1112,805
"WP_005767696.1","BARBAKC583_RS05350","methionine ABC transporter ATP-binding protein",663,389,238
"WP_005767698.1","BARBAKC583_RS05355","methionine ABC transporter permease",208,75,65
"WP_005767700.1","BARBAKC583_RS05360","MaoC family dehydratase",97,195,153
"WP_005767702.1","BARBAKC583_RS05365","NAD(P)H-dependent oxidoreductase",363,364,365
"WP_005767704.1","BARBAKC583_RS05370","creatininase family protein",383,674,953
"WP_005767706.1","BARBAKC583_RS05375","autotransporter outer membrane beta-barrel domain-containing protein",3004,2819,3719
"WP_011807408.1","BARBAKC583_RS05385","hypothetical protein",911,3456,2950
"WP_005767710.1","BARBAKC583_RS05395","siderophore ABC transporter substrate-binding protein",2309,4726,5318
"WP_005767713.1","BARBAKC583_RS05400","ABC transporter permease",571,259,223
"WP_005767715.1","BARBAKC583_RS05405","iron chelate uptake ABC transporter family permease subunit",435,303,183
"WP_005767717.1","BARBAKC583_RS05410","iron ABC transporter ATP-binding protein",295,240,209
"WP_005767719.1","BARBAKC583_RS05420","flagellar biosynthesis protein FliQ",103,29,20
"WP_005767721.1","BARBAKC583_RS05425","flagellar hook assembly protein FlgD",1114,366,417
"WP_005767722.1","BARBAKC583_RS05430","flagellar biosynthesis repressor FlbT",162,52,72
"WP_005767724.1","BARBAKC583_RS05435","flagellar biosynthesis regulator FlaF",192,75,98
"WP_005767726.1","BARBAKC583_RS05445","flagellar hook-associated family protein",1733,552,871
"WP_005767728.1","BARBAKC583_RS05465","flagellar hook-associated protein FlgK",1716,393,598
"WP_005767730.1","BARBAKC583_RS05470","flagellar hook protein FlgE",4221,2114,2471
"WP_005767732.1","BARBAKC583_RS05475","response regulator transcription factor",1520,736,1914
"WP_005767738.1","BARBAKC583_RS05480","transglycosylase SLT domain-containing protein",56,34,40
"WP_005767740.1","BARBAKC583_RS05485","flagellar hook-length control protein FliK",316,193,194
"WP_005767742.1","BARBAKC583_RS05490","chemotaxis protein MotC",344,159,201
"WP_005767744.1","BARBAKC583_RS05495","flagellar motor protein MotB",813,429,390
"WP_005767746.1","BARBAKC583_RS05500","hypothetical protein",570,249,272
"WP_005767748.1","BARBAKC583_RS05510","flagellar basal-body MS-ring/collar protein FliF",1480,405,742
"WP_051007750.1","BARBAKC583_RS07130","autotransporter outer membrane beta-barrel domain-containing protein",2269,1333,979
"WP_052467648.1","BARBAKC583_RS05525","autotransporter outer membrane beta-barrel domain-containing protein",378,139,115
"WP_005767753.1","BARBAKC583_RS05530","autotransporter outer membrane beta-barrel domain-containing protein",2710,1627,1174
"WP_011807413.1","BARBAKC583_RS05535","autotransporter outer membrane beta-barrel domain-containing protein",2323,2159,3817
"WP_005767757.1","BARBAKC583_RS05540","hypothetical protein",136,126,99
"WP_005767758.1","BARBAKC583_RS05550","flagellar type III secretion system pore protein FliP",230,51,75
"WP_005767760.1","BARBAKC583_RS05555","flagellar basal body-associated FliL family protein",175,42,53
"WP_005767762.1","BARBAKC583_RS05560","flagellar basal body L-ring protein FlgH",303,92,99
"WP_011807415.1","BARBAKC583_RS06990","MotE family protein",530,146,198
"WP_005767766.1","BARBAKC583_RS05570","flagellar basal body P-ring protein FlgI",679,188,236
"WP_005767768.1","BARBAKC583_RS05575","flagellar basal body P-ring formation chaperone FlgA",205,33,44
"WP_005767770.1","BARBAKC583_RS05580","flagellar basal-body rod protein FlgG",1264,239,435
"WP_005767773.1","BARBAKC583_RS05585","flagellar hook-basal body complex protein FliE",457,135,180
"WP_005767776.1","BARBAKC583_RS05590","flagellar basal body rod protein FlgC",334,84,135
"WP_005767779.1","BARBAKC583_RS05595","flagellar basal body rod protein FlgB",422,121,157
"WP_005767781.1","BARBAKC583_RS05600","flagellar protein export ATPase FliI",893,221,266
"WP_005767784.1","BARBAKC583_RS05605","flagellar basal-body rod protein FlgF",504,129,183
"WP_005767788.1","BARBAKC583_RS05610","DUF1217 domain-containing protein",686,335,437
"WP_005767791.1","BARBAKC583_RS05615","flagellar motor stator protein MotA",868,152,166
"WP_005767793.1","BARBAKC583_RS05620","FliM/FliN family flagellar motor switch protein",640,145,123
"WP_011807418.1","BARBAKC583_RS05625","BAB2_0123 family type IV secretion system effector",604,119,109
"WP_011807419.1","BARBAKC583_RS07245","flagellar motor switch protein FliN",207,27,50
"WP_005767802.1","BARBAKC583_RS05635","flagellar motor switch protein FliG",627,87,94
"WP_005767804.1","BARBAKC583_RS05640","flagellar biosynthesis protein FlhB",502,193,154
"WP_005767806.1","BARBAKC583_RS05645","hypothetical protein",329,130,115
"WP_005767808.1","BARBAKC583_RS05650","hypothetical protein",373,128,106
"WP_005767810.1","BARBAKC583_RS05655","hypothetical protein",533,227,276
"WP_005767811.1","BARBAKC583_RS05675","rod-binding protein",819,454,457
"WP_005767813.1","BARBAKC583_RS05680","hypothetical protein",29,33,34
"WP_005767815.1","BARBAKC583_RS05685","flagellar biosynthesis protein FliR",100,64,57
"WP_005767817.1","BARBAKC583_RS05690","flagellar biosynthesis protein FlhA",541,192,208
"WP_005767821.1","BARBAKC583_RS05695","protein tyrosine phosphatase family protein",372,808,669
"WP_005767823.1","BARBAKC583_RS06995","hypothetical protein",109,104,66
"WP_005767824.1","BARBAKC583_RS05700","bifunctional riboflavin kinase/FAD synthetase",134,143,189
"WP_005767826.1","BARBAKC583_RS05705","TIGR01459 family HAD-type hydrolase",266,261,352
"WP_005767829.1","BARBAKC583_RS05710","murein biosynthesis integral membrane protein MurJ",352,221,215
"WP_005767831.1","BARBAKC583_RS05715","tryptophan--tRNA ligase",473,420,757
"WP_005767835.1","BARBAKC583_RS05720","hypothetical protein",15,69,110
"WP_005767837.1","BARBAKC583_RS05725","NifU family protein",392,397,495
"WP_005767840.1","BARBAKC583_RS05735","chaperonin GroEL",41002,43266,199585
"WP_005767842.1","BARBAKC583_RS05740","co-chaperone GroES",4378,6629,24357
"WP_005767844.1","BARBAKC583_RS05745","class II fumarate hydratase",4313,3431,4803
"WP_005767846.1","BARBAKC583_RS05750","alpha-D-glucose phosphate-specific phosphoglucomutase",715,763,521
"WP_005767848.1","BARBAKC583_RS05755","peroxiredoxin",22452,14797,14023
"WP_005767850.1","BARBAKC583_RS05760","histidine--tRNA ligase",820,756,616
"WP_005767852.1","BARBAKC583_RS05770","hypothetical protein",0,0,0
"WP_005767854.1","BARBAKC583_RS05775","DUF1561 family protein",1019,1319,813
"BARBAKC583_RS07000",NA,NA,1,1,1
"BARBAKC583_RS05780",NA,NA,0,1,0
"WP_035453368.1","BARBAKC583_RS05785","hypothetical protein",3,0,1
"BARBAKC583_RS07135",NA,NA,29,32,30
"WP_005767864.1","BARBAKC583_RS05805","DUF1561 family protein",57,111,87
"WP_005767865.1","BARBAKC583_RS05810","NAD(P)H-dependent glycerol-3-phosphate dehydrogenase",223,412,295
"WP_005767866.1","BARBAKC583_RS05815","amino acid permease",1499,1850,1902
"WP_005767867.1","BARBAKC583_RS05820","biotin transporter BioY",123,69,86
"WP_005767868.1","BARBAKC583_RS05825","energy-coupling factor transporter transmembrane component T family protein",207,137,136
"WP_005767869.1","BARBAKC583_RS05830","energy-coupling factor ABC transporter ATP-binding protein",267,286,245
"WP_005767870.1","BARBAKC583_RS05835","amino acid permease",774,1072,1188
"BARBAKC583_RS05845",NA,NA,110,139,121
"WP_005767874.1","BARBAKC583_RS05850","2'-deoxycytidine 5'-triphosphate deaminase",311,372,510
"WP_005767876.1","BARBAKC583_RS05855","DNA mismatch repair endonuclease MutL",3843,9451,7274
"WP_005767877.1","BARBAKC583_RS05860","DUF2093 domain-containing protein",229,458,298
"WP_005767879.1","BARBAKC583_RS05865","tetraacyldisaccharide 4'-kinase",156,79,63
"WP_005767881.1","BARBAKC583_RS05870","lipid IV(A) 3-deoxy-D-manno-octulosonic acid transferase",549,377,339
"WP_005767883.1","BARBAKC583_RS05875","lysophospholipid acyltransferase family protein",462,368,305
"WP_005767885.1","BARBAKC583_RS05880","DUF4170 domain-containing protein",471,482,162
"BARBAKC583_RS05885",NA,NA,836,1676,1202
"WP_005767886.1","BARBAKC583_RS05890","TldD/PmbA family protein",1015,1659,2323
"WP_005767888.1","BARBAKC583_RS05895","16S rRNA (guanine(966)-N(2))-methyltransferase RsmD",88,63,51
"WP_005767890.1","BARBAKC583_RS05900","pseudouridine synthase",1058,670,639
"WP_005767892.1","BARBAKC583_RS05905","nucleoside deaminase",78,132,125
"WP_005767894.1","BARBAKC583_RS05910","isoleucine--tRNA ligase",4402,1939,1943
"WP_005767896.1","BARBAKC583_RS05915","outer membrane protein",1617,2890,5193
"WP_005767899.1","BARBAKC583_RS05920","outer membrane protein",58505,11347,15462
"WP_005767902.1","BARBAKC583_RS05925","outer membrane protein",4455,6658,7495
"WP_005767905.1","BARBAKC583_RS05930","hypothetical protein",11,14,15
"WP_005767908.1","BARBAKC583_RS05935","DUF1561 family protein",2853,2279,1539
"WP_172952870.1","BARBAKC583_RS05940","ribonuclease D",808,616,362
"WP_005767914.1","BARBAKC583_RS05945","dipeptidase",2365,2423,1278
"WP_005767917.1","BARBAKC583_RS05950","bifunctional DNA-formamidopyrimidine glycosylase/DNA-(apurinic or apyrimidinic site) lyase",85,64,63
"WP_005767919.1","BARBAKC583_RS05955","aminopeptidase",633,362,451
"WP_011807428.1","BARBAKC583_RS05960","cell wall hydrolase",588,176,212
"WP_005767923.1","BARBAKC583_RS05965","phosphate signaling complex protein PhoU",307,352,434
"WP_005767925.1","BARBAKC583_RS05970","phosphate ABC transporter ATP-binding protein PstB",263,263,302
"WP_005767927.1","BARBAKC583_RS05975","phosphate ABC transporter permease PstA",939,611,452
"WP_011807429.1","BARBAKC583_RS05980","phosphate ABC transporter permease subunit PstC",1327,1789,1640
"WP_005767934.1","BARBAKC583_RS05985","PstS family phosphate ABC transporter substrate-binding protein",557,760,616
"WP_005767936.1","BARBAKC583_RS05990","glutathione synthase",568,703,522
"WP_005767938.1","BARBAKC583_RS05995","molybdopterin-synthase adenylyltransferase MoeB",125,210,224
"BARBAKC583_RS06000",NA,NA,28,37,35
"BARBAKC583_RS07250",NA,NA,81,230,152
"BARBAKC583_RS06010",NA,NA,96,85,92
"WP_005767943.1","BARBAKC583_RS06015","c-type cytochrome",387,853,844
"WP_005767945.1","BARBAKC583_RS06020","3-deoxy-manno-octulosonate cytidylyltransferase",273,361,483
"WP_035453357.1","BARBAKC583_RS06025","DNA polymerase III subunit gamma/tau",1529,1309,1200
"WP_005767949.1","BARBAKC583_RS06030","YbaB/EbfC family nucleoid-associated protein",2492,4279,7282
"WP_005767951.1","BARBAKC583_RS06035","recombination mediator RecR",225,102,200
"WP_005767953.1","BARBAKC583_RS06040","tRNA (adenosine(37)-N6)-threonylcarbamoyltransferase complex dimerization subunit type 1 TsaB",998,2004,1435
"WP_005767955.1","BARBAKC583_RS06045","ribosomal protein S18-alanine N-acetyltransferase",110,140,94
"WP_005767957.1","BARBAKC583_RS06050","tRNA (N6-isopentenyl adenosine(37)-C2)-methylthiotransferase MiaB",2160,2321,1496
"WP_011807432.1","BARBAKC583_RS06055","PhoH family protein",1827,3890,3618
"WP_005767962.1","BARBAKC583_RS06060","rRNA maturation RNase YbeY",2460,10656,6326
"WP_005767965.1","BARBAKC583_RS06065","hemolysin family protein",2298,2893,2515
"WP_005767968.1","BARBAKC583_RS06070","apolipoprotein N-acyltransferase",473,614,600
"WP_005767971.1","BARBAKC583_RS06075","helix-turn-helix domain-containing protein",1492,4704,3723
"WP_011807433.1","BARBAKC583_RS06080","methionine adenosyltransferase",758,763,911
"WP_005767976.1","BARBAKC583_RS06085","tRNA (guanine(46)-N(7))-methyltransferase TrmB",256,305,203
"WP_011807434.1","BARBAKC583_RS06090","ribosome maturation factor RimP",495,582,956
"WP_005767980.1","BARBAKC583_RS06095","transcription termination factor NusA",1722,1482,2293
"WP_005767982.1","BARBAKC583_RS06100","RNA-binding protein",358,323,331
"WP_005767983.1","BARBAKC583_RS06105","translation initiation factor IF-2",3759,1979,1737
"WP_005767985.1","BARBAKC583_RS06110","30S ribosome-binding factor RbfA",188,203,194
"WP_005767988.1","BARBAKC583_RS06115","tRNA pseudouridine(55) synthase TruB",423,379,287
"WP_005767991.1","BARBAKC583_RS06120","30S ribosomal protein S15",1521,2248,2999
"WP_005767993.1","BARBAKC583_RS06125","polyribonucleotide nucleotidyltransferase",3734,2629,3933
"WP_005767995.1","BARBAKC583_RS06130","class I SAM-dependent methyltransferase",402,506,619
"WP_005767996.1","BARBAKC583_RS06140","ATP-dependent protease ATPase subunit HslU",1323,949,1003
"WP_005767998.1","BARBAKC583_RS06145","ATP-dependent protease subunit HslV",492,506,528
"WP_011807436.1","BARBAKC583_RS06150","asparaginase",745,1084,892
"WP_005768003.1","BARBAKC583_RS06155","type I pantothenate kinase",222,126,103
"WP_011807437.1","BARBAKC583_RS06160","leucyl aminopeptidase family protein",661,233,236
"WP_005768006.1","BARBAKC583_RS06165","C40 family peptidase",1228,758,826
"WP_005768008.1","BARBAKC583_RS06170","SH3 domain-containing protein",108,125,165
"WP_044051781.1","BARBAKC583_RS06175","Fur family transcriptional regulator Irr",400,617,516
"WP_005768012.1","BARBAKC583_RS06180","3-hydroxyacyl-[acyl-carrier-protein] dehydratase FabA",1258,1634,3649
"WP_005768014.1","BARBAKC583_RS06185","beta-ketoacyl-ACP synthase I",3063,5501,12705
"WP_005768015.1","BARBAKC583_RS06190","enoyl-ACP reductase FabI",870,1238,3581
"WP_005768019.1","BARBAKC583_RS06195","cytochrome o ubiquinol oxidase subunit IV",133,73,89
"WP_005768021.1","BARBAKC583_RS06200","cytochrome (ubi)quinol oxidase subunit III",308,211,308
"WP_005768023.1","BARBAKC583_RS06205","cytochrome o ubiquinol oxidase subunit I",1854,1377,1822
"WP_005768025.1","BARBAKC583_RS06215","ubiquinol oxidase subunit II",1768,2619,2234
"WP_005768027.1","BARBAKC583_RS06220","type II 3-dehydroquinate dehydratase",357,410,357
"WP_005768028.1","BARBAKC583_RS06225","DNA replication/repair protein RecF",396,272,268
"WP_005768031.1","BARBAKC583_RS06230","DNA polymerase III subunit beta",1925,2149,2871
"WP_011807439.1","BARBAKC583_RS06235","chromosomal replication initiator protein DnaA",5664,2469,2938
"WP_005768036.1","BARBAKC583_RS06240","30S ribosomal protein S20",4147,4362,3531
"WP_005768038.1","BARBAKC583_RS06245","aconitate hydratase AcnA",3848,2912,2819
"WP_005768040.1","BARBAKC583_RS06250","heme ABC exporter ATP-binding protein CcmA",635,1911,1722
"WP_005768042.1","BARBAKC583_RS06255","heme exporter protein CcmB",253,338,332
"WP_011807442.1","BARBAKC583_RS06260","heme ABC transporter permease",410,452,494
"WP_005768047.1","BARBAKC583_RS06265","heme exporter protein CcmD",50,60,53
"WP_005768049.1","BARBAKC583_RS06270","DsbE family thiol:disulfide interchange protein",175,219,174
"WP_005768052.1","BARBAKC583_RS06275","GcrA family cell cycle regulator",291,173,238
"WP_005768054.1","BARBAKC583_RS06280","aspartate aminotransferase family protein",770,738,530
"WP_005768057.1","BARBAKC583_RS06285","ornithine carbamoyltransferase",474,379,253
"WP_005768059.1","BARBAKC583_RS06290","Hsp33 family molecular chaperone",786,1666,873
"WP_172952863.1","BARBAKC583_RS06295","Smr/MutS family protein",571,592,423
"WP_005768063.1","BARBAKC583_RS06300","Tim44/TimA family putative adaptor protein",924,1017,796
"WP_005768066.1","BARBAKC583_RS06305","FxsA family protein",403,288,244
"WP_005768069.1","BARBAKC583_RS06310","protein-export chaperone SecB",1940,944,1123
"BARBAKC583_RS06315",NA,NA,2043,2902,2363
"WP_005768075.1","BARBAKC583_RS06320","DNA mismatch repair protein MutS",1735,1794,1564
"WP_005768077.1","BARBAKC583_RS06330","TIGR02300 family protein",719,386,426
"WP_005768078.1","BARBAKC583_RS06335","3-phosphoshikimate 1-carboxyvinyltransferase",403,404,285
"WP_005768080.1","BARBAKC583_RS06345","(d)CMP kinase",234,149,135
"WP_005768082.1","BARBAKC583_RS06350","30S ribosomal protein S1",4028,1335,1938
"WP_035453288.1","BARBAKC583_RS06355","GH36-type glycosyl hydrolase domain-containing protein",2050,1236,942
"WP_005768086.1","BARBAKC583_RS06360","nicotinate phosphoribosyltransferase",856,763,577
"WP_005768088.1","BARBAKC583_RS06365","metal ABC transporter permease",164,98,100
"WP_005768090.1","BARBAKC583_RS06370","metal ABC transporter permease",107,56,48
"WP_005768092.1","BARBAKC583_RS06375","manganese/iron ABC transporter ATP-binding protein",217,73,63
"WP_005768094.1","BARBAKC583_RS06380","metal ABC transporter substrate-binding protein",480,273,228
"WP_005768096.1","BARBAKC583_RS06385","phenylalanine--tRNA ligase subunit beta",677,668,881
"WP_005768098.1","BARBAKC583_RS06390","phenylalanine--tRNA ligase subunit alpha",323,281,312
"WP_005768100.1","BARBAKC583_RS06395","50S ribosomal protein L20",1263,1012,1252
"WP_005768101.1","BARBAKC583_RS06400","50S ribosomal protein L35",384,306,411
"WP_005768102.1","BARBAKC583_RS06405","endonuclease III",223,210,216
"WP_035453351.1","BARBAKC583_RS06410","transglycosylase SLT domain-containing protein",277,91,126
"WP_005768104.1","BARBAKC583_RS06415","DNA recombination protein RmuC",485,595,512
"WP_005768105.1","BARBAKC583_RS06420","peptide deformylase",1232,2280,1912
"WP_005768106.1","BARBAKC583_RS06425","methionyl-tRNA formyltransferase",579,636,589
"WP_005768107.1","BARBAKC583_RS06430","tRNA pseudouridine(38-40) synthase TruA",166,200,171
"WP_005768108.1","BARBAKC583_RS06435","LOG family protein",350,353,307
"WP_005768109.1","BARBAKC583_RS06440","2,3,4,5-tetrahydropyridine-2,6-dicarboxylate N-succinyltransferase",1139,1315,1077
"WP_005768110.1","BARBAKC583_RS06445","translation elongation factor 4",1238,1138,913
"WP_005768111.1","BARBAKC583_RS06450","DMT family transporter",237,199,279
"WP_005768112.1","BARBAKC583_RS06455","acetylglutamate kinase",352,368,486
"WP_005768114.1","BARBAKC583_RS06460","molecular chaperone DnaJ",740,1124,1570
"WP_005768116.1","BARBAKC583_RS06465","molecular chaperone DnaK",13634,22565,53793
"WP_011807449.1","BARBAKC583_RS06470","copper chaperone PCu(A)C",1252,1886,2082
"WP_005768120.1","BARBAKC583_RS06475","response regulator transcription factor",509,1083,2649
"WP_011807451.1","BARBAKC583_RS06480","sensor histidine kinase",1140,1319,1806
"WP_005768122.1","BARBAKC583_RS06485","nucleotide exchange factor GrpE",1834,3847,6548
"BARBAKC583_RS06490",NA,NA,607,906,617
"WP_005768124.1","BARBAKC583_RS06495","non-canonical purine NTP pyrophosphatase",289,314,445
"WP_005768125.1","BARBAKC583_RS06500","radical SAM family heme chaperone HemW",277,183,216
"WP_005768126.1","BARBAKC583_RS06505","succinyl-diaminopimelate desuccinylase",705,1059,930
"WP_005768127.1","BARBAKC583_RS06510","M48 family metallopeptidase",205,317,262
"WP_005768128.1","BARBAKC583_RS06515","alpha/beta hydrolase",562,745,631
"WP_005768129.1","BARBAKC583_RS06520","translation initiation factor IF-3",4772,7407,5214
"WP_005768130.1","BARBAKC583_RS06525","ABC transporter ATP-binding protein",2764,2645,1404
"WP_005768131.1","BARBAKC583_RS06530","translocation/assembly module TamB domain-containing protein",3584,2045,1847
"WP_005768133.1","BARBAKC583_RS06535","autotransporter assembly complex protein TamA",1979,2108,2179
"WP_005768147.1","BARBAKC583_RS06540","YifB family Mg chelatase-like AAA ATPase",1591,458,436
"WP_005768149.1","BARBAKC583_RS06545","DNA topoisomerase (ATP-hydrolyzing) subunit B",3199,2712,3015
"WP_005768151.1","BARBAKC583_RS06550","bifunctional demethylmenaquinone methyltransferase/2-methoxy-6-polyprenyl-1,4-benzoquinol methylase UbiE",451,339,337
"WP_005768153.1","BARBAKC583_RS06555","2-polyprenylphenol 6-hydroxylase",547,348,280
"WP_080512682.1","BARBAKC583_RS06560","bifunctional phosphopantothenoylcysteine decarboxylase/phosphopantothenate--cysteine ligase CoaBC",527,449,523
"WP_005768156.1","BARBAKC583_RS06570","sulfate transporter family protein",235,74,97
"WP_005768157.1","BARBAKC583_RS06575","acetyl-CoA carboxylase, carboxyltransferase subunit beta",1317,1314,1640
"WP_005768158.1","BARBAKC583_RS06580","bifunctional folylpolyglutamate synthase/dihydrofolate synthase",898,1676,1313
"WP_005768160.1","BARBAKC583_RS06585","complex I NDUFA9 subunit family protein",1880,1793,1568
"WP_005768163.1","BARBAKC583_RS06590","sensor histidine kinase",891,1004,1276
"WP_005768164.1","BARBAKC583_RS06595","bifunctional tRNA (adenosine(37)-N6)-threonylcarbamoyltransferase complex ATPase subunit type 1 TsaE/phosphotransferase",373,308,358
"WP_005768165.1","BARBAKC583_RS06600","double-strand break repair protein AddB",612,500,431
"WP_005768166.1","BARBAKC583_RS06605","double-strand break repair helicase AddA",592,596,427
"WP_005768168.1","BARBAKC583_RS06610","thioredoxin",415,580,617
"WP_005768170.1","BARBAKC583_RS06615","peptide chain release factor 3",705,268,260
"WP_005768172.1","BARBAKC583_RS06620","lysine--tRNA ligase",1852,887,911
"WP_005768174.1","BARBAKC583_RS06625","argininosuccinate synthase",1255,778,581
"WP_005768178.1","BARBAKC583_RS06630","LysE family translocator",1164,646,576
"WP_005768181.1","BARBAKC583_RS06635","dual-specificity RNA methyltransferase RlmN",771,450,643
"WP_035453280.1","BARBAKC583_RS06640","invasion associated locus B family protein",964,732,1080
"WP_005768183.1","BARBAKC583_RS06645","PTS IIA-like nitrogen regulatory protein PtsN",1067,796,1138
"WP_005768184.1","BARBAKC583_RS06650","hypothetical protein",528,371,368
"WP_005768187.1","BARBAKC583_RS06655","LPS export ABC transporter ATP-binding protein",264,221,200
"WP_005768189.1","BARBAKC583_RS06660","LptA/OstA family protein",296,358,309
"WP_005768191.1","BARBAKC583_RS06665","LPS export ABC transporter periplasmic protein LptC",616,942,1189
"WP_005768193.1","BARBAKC583_RS06670","integration host factor subunit beta",787,1293,1449
"WP_011807453.1","BARBAKC583_RS06675","LapA family protein",252,347,393
"WP_104408433.1","BARBAKC583_RS06680","class I SAM-dependent rRNA methyltransferase",490,774,722
"WP_005768203.1","BARBAKC583_RS06685","TrmH family RNA methyltransferase",432,647,650
"WP_005768206.1","BARBAKC583_RS06690","signal peptidase II",105,88,78
