queryItem	queryIndex	stringId	ncbiTaxonId	taxonName	preferredName	annotation
BARBAKC583_0001	0	360095.BARBAKC583_0001	360095	Bartonella bacilliformis KC583	ABM45158.1	Putative membrane protein; Identified by match to protein family HMM PF01027; Belongs to the BI1 family.
BARBAKC583_0002	1	360095.BARBAKC583_0002	360095	Bartonella bacilliformis KC583	polA	DNA polymerase I; In addition to polymerase activity, this DNA polymerase exhibits 5'-3' exonuclease activity; Belongs to the DNA polymerase type-A family.
BARBAKC583_0003	2	360095.BARBAKC583_0003	360095	Bartonella bacilliformis KC583	ABM44974.1	Identified by match to protein family HMM PF03372.
BARBAKC583_0004	3	360095.BARBAKC583_0004	360095	Bartonella bacilliformis KC583	dnaQ	DNA polymerase III, epsilon subunit; DNA polymerase III is a complex, multichain enzyme responsible for most of the replicative synthesis in bacteria. The epsilon subunit contain the editing function and is a proofreading 3'- 5' exonuclease.
BARBAKC583_0005	4	360095.BARBAKC583_0005	360095	Bartonella bacilliformis KC583	coaE	dephospho-CoA kinase; Catalyzes the phosphorylation of the 3'-hydroxyl group of dephosphocoenzyme A to form coenzyme A; Belongs to the CoaE family.
BARBAKC583_0006	5	360095.BARBAKC583_0006	360095	Bartonella bacilliformis KC583	aroE	Shikimate 5-dehydrogenase; Involved in the biosynthesis of the chorismate, which leads to the biosynthesis of aromatic amino acids. Catalyzes the reversible NADPH linked reduction of 3-dehydroshikimate (DHSA) to yield shikimate (SA).
BARBAKC583_0007	6	360095.BARBAKC583_0007	360095	Bartonella bacilliformis KC583	maf1	Septum formation protein Maf; Nucleoside triphosphate pyrophosphatase. May have a dual role in cell division arrest and in preventing the incorporation of modified nucleotides into cellular nucleic acids.
BARBAKC583_0008	7	360095.BARBAKC583_0008	360095	Bartonella bacilliformis KC583	ABM44519.1	Conserved hypothetical protein; Bifunctional serine/threonine kinase and phosphorylase involved in the regulation of the pyruvate, phosphate dikinase (PPDK) by catalyzing its phosphorylation/dephosphorylation.
BARBAKC583_0009	8	360095.BARBAKC583_0009	360095	Bartonella bacilliformis KC583	rho	Transcription termination factor Rho; Facilitates transcription termination by a mechanism that involves Rho binding to the nascent RNA, activation of Rho's RNA- dependent ATPase activity, and release of the mRNA from the DNA template.
BARBAKC583_0010	9	360095.BARBAKC583_0010	360095	Bartonella bacilliformis KC583	trmE	tRNA modification GTPase TrmE; Exhibits a very high intrinsic GTPase hydrolysis rate. Involved in the addition of a carboxymethylaminomethyl (cmnm) group at the wobble position (U34) of certain tRNAs, forming tRNA- cmnm(5)s(2)U34; Belongs to the TRAFAC class TrmE-Era-EngA-EngB-Septin-like GTPase superfamily. TrmE GTPase family.
BARBAKC583_0011	10	360095.BARBAKC583_0011	360095	Bartonella bacilliformis KC583	gidA	tRNA uridine 5-carboxymethylaminomethyl modification enzyme GidA; NAD-binding protein involved in the addition of a carboxymethylaminomethyl (cmnm) group at the wobble position (U34) of certain tRNAs, forming tRNA-cmnm(5)s(2)U34; Belongs to the MnmG family.
BARBAKC583_0012	11	360095.BARBAKC583_0012	360095	Bartonella bacilliformis KC583	gidB	Methyltransferase GidB; Specifically methylates the N7 position of guanine in position 527 of 16S rRNA.
BARBAKC583_0013	12	360095.BARBAKC583_0013	360095	Bartonella bacilliformis KC583	parA	Chromosome partitioning protein ParA; Identified by similarity to SP:O05189; match to protein family HMM PF01656.
BARBAKC583_0014	13	360095.BARBAKC583_0014	360095	Bartonella bacilliformis KC583	parB	Chromosome partitioning protein ParB; Identified by similarity to SP:O05190; match to protein family HMM PF02195; match to protein family HMM TIGR00180; Belongs to the ParB family.
BARBAKC583_0015	14	360095.BARBAKC583_0015	360095	Bartonella bacilliformis KC583	ABM44800.1	Hypothetical protein; Identified by Glimmer2; putative.
BARBAKC583_0016	15	360095.BARBAKC583_0016	360095	Bartonella bacilliformis KC583	ispZ	Intracellular septation protein A; Involved in cell division; probably involved in intracellular septation; Belongs to the YciB family.
BARBAKC583_0017	16	360095.BARBAKC583_0017	360095	Bartonella bacilliformis KC583	ftsY	Signal recognition particle-docking protein FtsY; Involved in targeting and insertion of nascent membrane proteins into the cytoplasmic membrane. Acts as a receptor for the complex formed by the signal recognition particle (SRP) and the ribosome-nascent chain (RNC). Interaction with SRP-RNC leads to the transfer of the RNC complex to the Sec translocase for insertion into the membrane, the hydrolysis of GTP by both Ffh and FtsY, and the dissociation of the SRP-FtsY complex into the individual components.
BARBAKC583_0018	17	360095.BARBAKC583_0018	360095	Bartonella bacilliformis KC583	ABM44615.1	tRNA modification enzyme, MiaB family; Identified by match to protein family HMM PF00919; match to protein family HMM PF04055; match to protein family HMM TIGR00089; match to protein family HMM TIGR01579.
BARBAKC583_0019	18	360095.BARBAKC583_0019	360095	Bartonella bacilliformis KC583	dapF	Diaminopimelate epimerase; Catalyzes the stereoinversion of LL-2,6-diaminoheptanedioate (L,L-DAP) to meso-diaminoheptanedioate (meso-DAP), a precursor of L- lysine and an essential component of the bacterial peptidoglycan.
BARBAKC583_0020	19	360095.BARBAKC583_0020	360095	Bartonella bacilliformis KC583	ABM45499.1	Bacterial outer membrane lipoprotein, omp19 family.
BARBAKC583_0021	20	360095.BARBAKC583_0021	360095	Bartonella bacilliformis KC583	ABM44762.1	ATPase, AFG1 family; Identified by match to protein family HMM PF03969.
BARBAKC583_0022	21	360095.BARBAKC583_0022	360095	Bartonella bacilliformis KC583	mdh	Malate dehydrogenase, NAD-dependent; Catalyzes the reversible oxidation of malate to oxaloacetate. Belongs to the LDH/MDH superfamily. MDH type 3 family.
BARBAKC583_0023	22	360095.BARBAKC583_0023	360095	Bartonella bacilliformis KC583	sucC	succinyl-CoA synthetase beta chain; Succinyl-CoA synthetase functions in the citric acid cycle (TCA), coupling the hydrolysis of succinyl-CoA to the synthesis of either ATP or GTP and thus represents the only step of substrate-level phosphorylation in the TCA. The beta subunit provides nucleotide specificity of the enzyme and binds the substrate succinate, while the binding sites for coenzyme A and phosphate are found in the alpha subunit.
BARBAKC583_0024	23	360095.BARBAKC583_0024	360095	Bartonella bacilliformis KC583	sucD	succinyl-CoA synthetase alpha chain; Succinyl-CoA synthetase functions in the citric acid cycle (TCA), coupling the hydrolysis of succinyl-CoA to the synthesis of either ATP or GTP and thus represents the only step of substrate-level phosphorylation in the TCA. The alpha subunit of the enzyme binds the substrates coenzyme A and phosphate, while succinate binding and nucleotide specificity is provided by the beta subunit.
BARBAKC583_0025	24	360095.BARBAKC583_0025	360095	Bartonella bacilliformis KC583	sucA	2-oxoglutarate dehydrogenase, E1 component; Identified by match to protein family HMM PF00676; match to protein family HMM PF02779; match to protein family HMM TIGR00239.
BARBAKC583_0026	25	360095.BARBAKC583_0026	360095	Bartonella bacilliformis KC583	sucB	2-oxoglutarate dehydrogenase, E2 component, dihydrolipoamide succinyltransferase; E2 component of the 2-oxoglutarate dehydrogenase (OGDH) complex which catalyzes the second step in the conversion of 2- oxoglutarate to succinyl-CoA and CO(2).
BARBAKC583_0027	26	360095.BARBAKC583_0027	360095	Bartonella bacilliformis KC583	lpdA1	Dihydrolipoamide dehydrogenase; Identified by match to protein family HMM PF00070; match to protein family HMM PF00890; match to protein family HMM PF01134; match to protein family HMM PF02852; match to protein family HMM PF07992; match to protein family HMM TIGR01350.
BARBAKC583_0028	27	360095.BARBAKC583_0028	360095	Bartonella bacilliformis KC583	lys1	Saccharopine dehydrogenase; Identified by match to protein family HMM PF03435.
BARBAKC583_0029	28	360095.BARBAKC583_0029	360095	Bartonella bacilliformis KC583	nspC	Carboxynorspermidine decarboxylase; Catalyzes the decarboxylation of carboxynorspermidine and carboxyspermidine; Belongs to the Orn/Lys/Arg decarboxylase class-II family. NspC subfamily.
BARBAKC583_0030	29	360095.BARBAKC583_0030	360095	Bartonella bacilliformis KC583	phaAB	pH adaptation potassium efflux system protein A/B; Identified by similarity to GB:CAA63734.1; match to protein family HMM PF00361; match to protein family HMM PF04039.
BARBAKC583_0031	30	360095.BARBAKC583_0031	360095	Bartonella bacilliformis KC583	phaC	pH adaptation potassium efflux system protein PhaC; Identified by similarity to GB:CAA63736.1; match to protein family HMM PF00420.
BARBAKC583_0032	31	360095.BARBAKC583_0032	360095	Bartonella bacilliformis KC583	phaD	pH adaptation potassium efflux system protein PhaD; Identified by similarity to GB:CAA63737.1; match to protein family HMM PF00361.
BARBAKC583_0033	32	360095.BARBAKC583_0033	360095	Bartonella bacilliformis KC583	phaE	pH adaptation potassium efflux system protein E; Identified by similarity to SP:Q52982.
BARBAKC583_0034	33	360095.BARBAKC583_0034	360095	Bartonella bacilliformis KC583	phaF	pH adaptation potassium efflux system protein F; Identified by similarity to SP:Q52983; match to protein family HMM PF04066.
BARBAKC583_0035	34	360095.BARBAKC583_0035	360095	Bartonella bacilliformis KC583	phaG	Monovalent cation/proton antiporter PhaG; Identified by match to protein family HMM PF03334; match to protein family HMM TIGR01300.
BARBAKC583_0036	35	360095.BARBAKC583_0036	360095	Bartonella bacilliformis KC583	ABM45533.1	Conserved hypothetical protein; Identified by similarity to RF:YP_032843.1.
BARBAKC583_0037	36	360095.BARBAKC583_0037	360095	Bartonella bacilliformis KC583	aroB	3-dehydroquinate synthase; Catalyzes the conversion of 3-deoxy-D-arabino-heptulosonate 7-phosphate (DAHP) to dehydroquinate (DHQ); Belongs to the sugar phosphate cyclases superfamily. Dehydroquinate synthase family.
BARBAKC583_0038	37	360095.BARBAKC583_0038	360095	Bartonella bacilliformis KC583	aroK	Shikimate kinase; Catalyzes the specific phosphorylation of the 3-hydroxyl group of shikimic acid using ATP as a cosubstrate; Belongs to the shikimate kinase family.
BARBAKC583_0039	38	360095.BARBAKC583_0039	360095	Bartonella bacilliformis KC583	xerD	Tyrosine recombinase XerD; Site-specific tyrosine recombinase, which acts by catalyzing the cutting and rejoining of the recombining DNA molecules. The XerC- XerD complex is essential to convert dimers of the bacterial chromosome into monomers to permit their segregation at cell division. It also contributes to the segregational stability of plasmids.
BARBAKC583_0040	39	360095.BARBAKC583_0040	360095	Bartonella bacilliformis KC583	accA	acetyl-CoA carboxylase, carboxyl transferase, alpha subunit; Component of the acetyl coenzyme A carboxylase (ACC) complex. First, biotin carboxylase catalyzes the carboxylation of biotin on its carrier protein (BCCP) and then the CO(2) group is transferred by the carboxyltransferase to acetyl-CoA to form malonyl-CoA.
BARBAKC583_0041	40	360095.BARBAKC583_0041	360095	Bartonella bacilliformis KC583	ABM45127.1	Putative lipoprotein; Identified by match to protein family HMM PF06104.
BARBAKC583_0042	41	360095.BARBAKC583_0042	360095	Bartonella bacilliformis KC583	ABM44940.1	Identified by match to protein family HMM PF00768; Belongs to the peptidase S11 family.
BARBAKC583_0043	42	360095.BARBAKC583_0043	360095	Bartonella bacilliformis KC583	ABM45188.1	Identified by match to protein family HMM PF01553.
BARBAKC583_0047	43	360095.BARBAKC583_0047	360095	Bartonella bacilliformis KC583	ABM45520.1	ABC transporter, periplasmic substrate-binding protein; Identified by match to protein family HMM PF04392.
BARBAKC583_0048	44	360095.BARBAKC583_0048	360095	Bartonella bacilliformis KC583	ABM44784.1	ABC transporter, permease protein; Identified by match to protein family HMM PF02653; Belongs to the binding-protein-dependent transport system permease family.
BARBAKC583_0049	45	360095.BARBAKC583_0049	360095	Bartonella bacilliformis KC583	ABM44640.1	ABC transporter, ATP-binding protein; Identified by match to protein family HMM PF00005.
BARBAKC583_0050	46	360095.BARBAKC583_0050	360095	Bartonella bacilliformis KC583	holA	DNA polymerase III, delta subunit; Identified by match to protein family HMM PF06144; match to protein family HMM TIGR01128.
BARBAKC583_0051	47	360095.BARBAKC583_0051	360095	Bartonella bacilliformis KC583	ABM44417.1	Identified by match to protein family HMM PF03631.
BARBAKC583_0052	48	360095.BARBAKC583_0052	360095	Bartonella bacilliformis KC583	ABM45149.1	Conserved hypothetical protein; Identified by match to protein family HMM PF02639; Belongs to the UPF0178 family.
BARBAKC583_0053	49	360095.BARBAKC583_0053	360095	Bartonella bacilliformis KC583	ABM44759.1	Antioxidant, AhpC/TSA family; Identified by match to protein family HMM PF00085; match to protein family HMM PF00578; match to protein family HMM PF08534.
BARBAKC583_0054	50	360095.BARBAKC583_0054	360095	Bartonella bacilliformis KC583	argH	Argininosuccinate lyase; Identified by match to protein family HMM PF00206; match to protein family HMM TIGR00838.
BARBAKC583_0055	51	360095.BARBAKC583_0055	360095	Bartonella bacilliformis KC583	ABM44629.1	Putative lipoprotein; Identified by similarity to RF:NP_539003.1.
BARBAKC583_0056	52	360095.BARBAKC583_0056	360095	Bartonella bacilliformis KC583	lysA	Diaminopimelate decarboxylase; Specifically catalyzes the decarboxylation of meso- diaminopimelate (meso-DAP) to L-lysine.
BARBAKC583_0057	53	360095.BARBAKC583_0057	360095	Bartonella bacilliformis KC583	ABM45067.1	Identified by match to protein family HMM TIGR02302.
BARBAKC583_0058	54	360095.BARBAKC583_0058	360095	Bartonella bacilliformis KC583	ABM44627.1	Putative SAM-dependent methyltransferase protein; Identified by match to protein family HMM PF08241.
BARBAKC583_0059	55	360095.BARBAKC583_0059	360095	Bartonella bacilliformis KC583	ABM44876.1	DNA-binding response regulator; Identified by match to protein family HMM PF00072; match to protein family HMM PF00486.
BARBAKC583_0060	56	360095.BARBAKC583_0060	360095	Bartonella bacilliformis KC583	ABM44683.1	Conserved hypothetical protein; Identified by similarity to RF:YP_222541.1; match to protein family HMM PF01878.
BARBAKC583_0061	57	360095.BARBAKC583_0061	360095	Bartonella bacilliformis KC583	ABM45049.1	Conserved hypothetical protein.
BARBAKC583_0062	58	360095.BARBAKC583_0062	360095	Bartonella bacilliformis KC583	tsaD	Glycoprotease family protein; Required for the formation of a threonylcarbamoyl group on adenosine at position 37 (t(6)A37) in tRNAs that read codons beginning with adenine. Is involved in the transfer of the threonylcarbamoyl moiety of threonylcarbamoyl-AMP (TC-AMP) to the N6 group of A37, together with TsaE and TsaB. TsaD likely plays a direct catalytic role in this reaction; Belongs to the KAE1 / TsaD family.
BARBAKC583_0063	59	360095.BARBAKC583_0063	360095	Bartonella bacilliformis KC583	ABM44518.1	Conserved hypothetical protein.
BARBAKC583_0064	60	360095.BARBAKC583_0064	360095	Bartonella bacilliformis KC583	ABM45077.1	Conserved hypothetical protein; Identified by similarity to RF:YP_032822.1; match to protein family HMM PF07219.
BARBAKC583_0065	61	360095.BARBAKC583_0065	360095	Bartonella bacilliformis KC583	ABM44559.1	Identified by match to protein family HMM PF00117.
BARBAKC583_0066	62	360095.BARBAKC583_0066	360095	Bartonella bacilliformis KC583	ABM45117.1	Glutamate dehydrogenase, NAD-specific; Identified by match to protein family HMM PF05088.
BARBAKC583_0067	63	360095.BARBAKC583_0067	360095	Bartonella bacilliformis KC583	ABM44704.1	Carbonic anhydrase; Reversible hydration of carbon dioxide. Belongs to the beta-class carbonic anhydrase family.
BARBAKC583_0068	64	360095.BARBAKC583_0068	360095	Bartonella bacilliformis KC583	ffh	Signal recognition particle protein; Involved in targeting and insertion of nascent membrane proteins into the cytoplasmic membrane. Binds to the hydrophobic signal sequence of the ribosome-nascent chain (RNC) as it emerges from the ribosomes. The SRP-RNC complex is then targeted to the cytoplasmic membrane where it interacts with the SRP receptor FtsY. Interaction with FtsY leads to the transfer of the RNC complex to the Sec translocase for insertion into the membrane, the hydrolysis of GTP by both Ffh and FtsY, and the dissociation of the SRP-FtsY complex into the individual componen [...] 
BARBAKC583_0069	65	360095.BARBAKC583_0069	360095	Bartonella bacilliformis KC583	rpsP	Ribosomal protein S16; Identified by match to protein family HMM PF00886; match to protein family HMM TIGR00002; Belongs to the bacterial ribosomal protein bS16 family.
BARBAKC583_0070	66	360095.BARBAKC583_0070	360095	Bartonella bacilliformis KC583	ABM45177.1	Conserved hypothetical protein; Identified by similarity to RF:YP_034294.1; match to protein family HMM PF07896.
BARBAKC583_0071	67	360095.BARBAKC583_0071	360095	Bartonella bacilliformis KC583	htpX	Peptidase, M48 family; Identified by match to protein family HMM PF01435; Belongs to the peptidase M48B family.
BARBAKC583_0072	68	360095.BARBAKC583_0072	360095	Bartonella bacilliformis KC583	ABM45685.1	Putative ribosomal RNA small subunit methyltransferase B; Identified by match to protein family HMM PF01029; match to protein family HMM PF01189; Belongs to the class I-like SAM-binding methyltransferase superfamily. RsmB/NOP family.
BARBAKC583_0073	69	360095.BARBAKC583_0073	360095	Bartonella bacilliformis KC583	ABM44945.1	Identified by match to protein family HMM PF07940.
BARBAKC583_0074	70	360095.BARBAKC583_0074	360095	Bartonella bacilliformis KC583	purH	Bifunctional purine biosynthesis protein PurH; Identified by match to protein family HMM PF01808; match to protein family HMM PF02142; match to protein family HMM TIGR00355.
BARBAKC583_0075	71	360095.BARBAKC583_0075	360095	Bartonella bacilliformis KC583	ABM45335.1	Conserved hypothetical protein; Identified by match to protein family HMM PF06568.
BARBAKC583_0076	72	360095.BARBAKC583_0076	360095	Bartonella bacilliformis KC583	ABM44656.1	Identified by match to protein family HMM PF02104.
BARBAKC583_0077	73	360095.BARBAKC583_0077	360095	Bartonella bacilliformis KC583	rpmB	Ribosomal protein L28; Identified by match to protein family HMM PF00830; match to protein family HMM TIGR00009; Belongs to the bacterial ribosomal protein bL28 family.
BARBAKC583_0078	74	360095.BARBAKC583_0078	360095	Bartonella bacilliformis KC583	ABM44956.1	Putative membrane protein; Involved in the import of queuosine (Q) precursors, required for Q precursor salvage; Belongs to the vitamin uptake transporter (VUT/ECF) (TC 2.A.88) family. Q precursor transporter subfamily.
BARBAKC583_0079	75	360095.BARBAKC583_0079	360095	Bartonella bacilliformis KC583	cobT	Cobaltochelatase, CobT subunit; Identified by match to protein family HMM PF06213; match to protein family HMM TIGR01651.
BARBAKC583_0080	76	360095.BARBAKC583_0080	360095	Bartonella bacilliformis KC583	cobS	Cobaltochelatase, CobS subunit; Identified by match to protein family HMM PF07728; match to protein family HMM TIGR01650.
BARBAKC583_0081	77	360095.BARBAKC583_0081	360095	Bartonella bacilliformis KC583	ABM45018.1	DnaJ domain protein; Identified by match to protein family HMM PF00226.
BARBAKC583_0082	78	360095.BARBAKC583_0082	360095	Bartonella bacilliformis KC583	ABM45557.1	Identified by match to protein family HMM PF01722; Belongs to the BolA/IbaG family.
BARBAKC583_0083	79	360095.BARBAKC583_0083	360095	Bartonella bacilliformis KC583	xerC	Tyrosine recombinase xerC; Site-specific tyrosine recombinase, which acts by catalyzing the cutting and rejoining of the recombining DNA molecules. The XerC- XerD complex is essential to convert dimers of the bacterial chromosome into monomers to permit their segregation at cell division. It also contributes to the segregational stability of plasmids.
BARBAKC583_0084	80	360095.BARBAKC583_0084	360095	Bartonella bacilliformis KC583	ABM44478.1	Identified by match to protein family HMM PF07277.
BARBAKC583_0085	81	360095.BARBAKC583_0085	360095	Bartonella bacilliformis KC583	rimM	16S rRNA processing protein RimM; An accessory protein needed during the final step in the assembly of 30S ribosomal subunit, possibly for assembly of the head region. Probably interacts with S19. Essential for efficient processing of 16S rRNA. May be needed both before and after RbfA during the maturation of 16S rRNA. It has affinity for free ribosomal 30S subunits but not for 70S ribosomes; Belongs to the RimM family.
BARBAKC583_0086	82	360095.BARBAKC583_0086	360095	Bartonella bacilliformis KC583	trmD	tRNA (guanine-N1)-methyltransferase; Specifically methylates guanosine-37 in various tRNAs. Belongs to the RNA methyltransferase TrmD family.
BARBAKC583_0087	83	360095.BARBAKC583_0087	360095	Bartonella bacilliformis KC583	rplS	Ribosomal protein L19; This protein is located at the 30S-50S ribosomal subunit interface and may play a role in the structure and function of the aminoacyl-tRNA binding site.
BARBAKC583_0088	84	360095.BARBAKC583_0088	360095	Bartonella bacilliformis KC583	sdhC	Succinate dehydrogenase, cytochrome b556 subunit; Identified by match to protein family HMM PF01127; match to protein family HMM TIGR02970.
BARBAKC583_0089	85	360095.BARBAKC583_0089	360095	Bartonella bacilliformis KC583	sdhD	Succinate dehydrogenase, hydrophobic membrane anchor protein; Identified by similarity to GB:AAC17941.1; match to protein family HMM PF01127; match to protein family HMM TIGR02968.
BARBAKC583_0090	86	360095.BARBAKC583_0090	360095	Bartonella bacilliformis KC583	sdhA	Succinate dehydrogenase, flavoprotein subunit; Identified by similarity to SP:P31038; match to protein family HMM PF00890; match to protein family HMM PF02910; match to protein family HMM TIGR01812; match to protein family HMM TIGR01816; Belongs to the FAD-dependent oxidoreductase 2 family. FRD/SDH subfamily.
BARBAKC583_0091	87	360095.BARBAKC583_0091	360095	Bartonella bacilliformis KC583	sdhB	Succinate dehydrogenase iron-sulfur protein; Identified by similarity to SP:Q59662; match to protein family HMM TIGR00384; Belongs to the succinate dehydrogenase/fumarate reductase iron-sulfur protein family.
BARBAKC583_0092	88	360095.BARBAKC583_0092	360095	Bartonella bacilliformis KC583	ABM44941.1	Ubiquinone biosynthesis hydroxylase, UbiH/UbiF/VisC/COQ6 family; Identified by match to protein family HMM PF01494; match to protein family HMM TIGR01984; match to protein family HMM TIGR01988.
BARBAKC583_0093	89	360095.BARBAKC583_0093	360095	Bartonella bacilliformis KC583	ABM44650.1	Identified by match to protein family HMM PF01580.
BARBAKC583_0094	90	360095.BARBAKC583_0094	360095	Bartonella bacilliformis KC583	ABM45261.1	LolA family protein; Participates in the translocation of lipoproteins from the inner membrane to the outer membrane. Only forms a complex with a lipoprotein if the residue after the N-terminal Cys is not an aspartate (The Asp acts as a targeting signal to indicate that the lipoprotein should stay in the inner membrane).
BARBAKC583_0095	91	360095.BARBAKC583_0095	360095	Bartonella bacilliformis KC583	xth1	Exodeoxyribonuclease III; Identified by match to protein family HMM PF03372; match to protein family HMM TIGR00633.
BARBAKC583_0096	92	360095.BARBAKC583_0096	360095	Bartonella bacilliformis KC583	ABM45448.1	Putative macrolide-specific efflux protein MacA; Identified by similarity to GB:AAV85981.1; match to protein family HMM PF00529; match to protein family HMM TIGR01730; Belongs to the membrane fusion protein (MFP) (TC 8.A.1) family.
BARBAKC583_0097	93	360095.BARBAKC583_0097	360095	Bartonella bacilliformis KC583	macB	Macrolide-specific ABC-type efflux carrier MacB; Non-canonical ABC transporter that contains transmembrane domains (TMD), which form a pore in the inner membrane, and an ATP- binding domain (NBD), which is responsible for energy generation. Confers resistance against macrolides.
BARBAKC583_0098	94	360095.BARBAKC583_0098	360095	Bartonella bacilliformis KC583	ABM45464.1	Conserved hypothetical protein; Identified by match to protein family HMM PF02698.
BARBAKC583_0099	95	360095.BARBAKC583_0099	360095	Bartonella bacilliformis KC583	ABM44557.1	FtsX family protein; Identified by similarity to SP:P44872.
BARBAKC583_0100	96	360095.BARBAKC583_0100	360095	Bartonella bacilliformis KC583	ftsE	Cell division ATP-binding protein FtsE; Part of the ABC transporter FtsEX involved in cellular division.
BARBAKC583_0101	97	360095.BARBAKC583_0101	360095	Bartonella bacilliformis KC583	acsA	acetate--CoA ligase; Catalyzes the conversion of acetate into acetyl-CoA (AcCoA), an essential intermediate at the junction of anabolic and catabolic pathways. AcsA undergoes a two-step reaction. In the first half reaction, AcsA combines acetate with ATP to form acetyl-adenylate (AcAMP) intermediate. In the second half reaction, it can then transfer the acetyl group from AcAMP to the sulfhydryl group of CoA, forming the product AcCoA; Belongs to the ATP-dependent AMP-binding enzyme family.
BARBAKC583_0102	98	360095.BARBAKC583_0102	360095	Bartonella bacilliformis KC583	ABM45124.1	Conserved hypothetical protein TIGR00044; Pyridoxal 5'-phosphate (PLP)-binding protein, which is involved in PLP homeostasis; Belongs to the pyridoxal phosphate-binding protein YggS/PROSC family.
BARBAKC583_0104	99	360095.BARBAKC583_0104	360095	Bartonella bacilliformis KC583	leuS	leucyl-tRNA synthetase; Identified by match to protein family HMM PF00133; match to protein family HMM PF08264; match to protein family HMM PF09334; match to protein family HMM TIGR00396; Belongs to the class-I aminoacyl-tRNA synthetase family.
BARBAKC583_0105	100	360095.BARBAKC583_0105	360095	Bartonella bacilliformis KC583	ABM45386.1	Conserved hypothetical protein.
BARBAKC583_0106	101	360095.BARBAKC583_0106	360095	Bartonella bacilliformis KC583	tal	Transaldolase; Transaldolase is important for the balance of metabolites in the pentose-phosphate pathway; Belongs to the transaldolase family. Type 3B subfamily.
BARBAKC583_0108	102	360095.BARBAKC583_0108	360095	Bartonella bacilliformis KC583	priA	Primosomal protein N; Involved in the restart of stalled replication forks. Recognizes and binds the arrested nascent DNA chain at stalled replication forks. It can open the DNA duplex, via its helicase activity, and promote assembly of the primosome and loading of the major replicative helicase DnaB onto DNA; Belongs to the helicase family. PriA subfamily.
BARBAKC583_0109	103	360095.BARBAKC583_0109	360095	Bartonella bacilliformis KC583	ABM45098.1	Hypothetical protein; Identified by Glimmer2; putative.
BARBAKC583_0111	104	360095.BARBAKC583_0111	360095	Bartonella bacilliformis KC583	atpH	ATP synthase F1, delta subunit; F(1)F(0) ATP synthase produces ATP from ADP in the presence of a proton or sodium gradient. F-type ATPases consist of two structural domains, F(1) containing the extramembraneous catalytic core and F(0) containing the membrane proton channel, linked together by a central stalk and a peripheral stalk. During catalysis, ATP synthesis in the catalytic domain of F(1) is coupled via a rotary mechanism of the central stalk subunits to proton translocation; Belongs to the ATPase delta chain family.
BARBAKC583_0112	105	360095.BARBAKC583_0112	360095	Bartonella bacilliformis KC583	atpA	ATP synthase F1, alpha subunit; Produces ATP from ADP in the presence of a proton gradient across the membrane. The alpha chain is a regulatory subunit. Belongs to the ATPase alpha/beta chains family.
BARBAKC583_0113	106	360095.BARBAKC583_0113	360095	Bartonella bacilliformis KC583	atpG	ATP synthase F1, gamma subunit; Produces ATP from ADP in the presence of a proton gradient across the membrane. The gamma chain is believed to be important in regulating ATPase activity and the flow of protons through the CF(0) complex.
BARBAKC583_0114	107	360095.BARBAKC583_0114	360095	Bartonella bacilliformis KC583	atpD	ATP synthase F1, beta subunit; Produces ATP from ADP in the presence of a proton gradient across the membrane. The catalytic sites are hosted primarily by the beta subunits; Belongs to the ATPase alpha/beta chains family.
BARBAKC583_0115	108	360095.BARBAKC583_0115	360095	Bartonella bacilliformis KC583	atpC	ATP synthase F1, epsilon subunit; Produces ATP from ADP in the presence of a proton gradient across the membrane.
BARBAKC583_0116	109	360095.BARBAKC583_0116	360095	Bartonella bacilliformis KC583	ABM45160.1	Transporter, major facilitator family; Identified by match to protein family HMM PF07690.
BARBAKC583_0117	110	360095.BARBAKC583_0117	360095	Bartonella bacilliformis KC583	ABM44503.1	Auxiliary transport protein, membrane fusion protein (MFP) family; Identified by match to protein family HMM PF00529.
BARBAKC583_0119	111	360095.BARBAKC583_0119	360095	Bartonella bacilliformis KC583	ispG	4-hydroxy-3-methylbut-2-en-1-yl diphosphate synthase; Converts 2C-methyl-D-erythritol 2,4-cyclodiphosphate (ME- 2,4cPP) into 1-hydroxy-2-methyl-2-(E)-butenyl 4-diphosphate. Belongs to the IspG family.
BARBAKC583_0120	112	360095.BARBAKC583_0120	360095	Bartonella bacilliformis KC583	ABM44695.1	Polyprenyl synthetase; Identified by match to protein family HMM PF00348; Belongs to the FPP/GGPP synthase family.
BARBAKC583_0121	113	360095.BARBAKC583_0121	360095	Bartonella bacilliformis KC583	mtgA	Monofunctional biosynthetic peptidoglycan transglycosylase; Peptidoglycan polymerase that catalyzes glycan chain elongation from lipid-linked precursors; Belongs to the glycosyltransferase 51 family.
BARBAKC583_0122	114	360095.BARBAKC583_0122	360095	Bartonella bacilliformis KC583	rpmF	Ribosomal protein L32; Identified by match to protein family HMM PF01783; match to protein family HMM TIGR01031; Belongs to the bacterial ribosomal protein bL32 family.
BARBAKC583_0123	115	360095.BARBAKC583_0123	360095	Bartonella bacilliformis KC583	ABM44903.1	Transcriptional regulator, CarD family; Identified by match to protein family HMM PF02559.
BARBAKC583_0124	116	360095.BARBAKC583_0124	360095	Bartonella bacilliformis KC583	fdxA	Ferredoxin; Ferredoxins are iron-sulfur proteins that transfer electrons in a wide variety of metabolic reactions.
BARBAKC583_0125	117	360095.BARBAKC583_0125	360095	Bartonella bacilliformis KC583	ABM44878.1	MgpS; Identified by similarity to GB:CAA90562.1.
BARBAKC583_0126	118	360095.BARBAKC583_0126	360095	Bartonella bacilliformis KC583	rpoH1	RNA polymerase sigma-32 factor; Identified by match to protein family HMM PF04542; match to protein family HMM PF04545; match to protein family HMM TIGR02937; Belongs to the sigma-70 factor family.
BARBAKC583_0127	119	360095.BARBAKC583_0127	360095	Bartonella bacilliformis KC583	ABM44652.1	Peptidase, M48 family; Identified by match to protein family HMM PF01435.
BARBAKC583_0128	120	360095.BARBAKC583_0128	360095	Bartonella bacilliformis KC583	thiN	Thiamine pyrophosphokinase; Identified by match to protein family HMM PF04263; match to protein family HMM TIGR01378.
BARBAKC583_0129	121	360095.BARBAKC583_0129	360095	Bartonella bacilliformis KC583	ABM45022.1	Putative lipoprotein.
BARBAKC583_0130	122	360095.BARBAKC583_0130	360095	Bartonella bacilliformis KC583	ABM45395.1	Conserved hypothetical protein; Identified by similarity to SP:Q8YIZ8; Belongs to the UPF0335 family.
BARBAKC583_0131	123	360095.BARBAKC583_0131	360095	Bartonella bacilliformis KC583	ABM44971.1	ABC transporter, ATP-binding protein; Identified by match to protein family HMM PF00005; match to protein family HMM PF02463.
BARBAKC583_0134	124	360095.BARBAKC583_0134	360095	Bartonella bacilliformis KC583	ABM44688.1	Conserved hypothetical protein; Identified by match to protein family HMM PF06282.
BARBAKC583_0135	125	360095.BARBAKC583_0135	360095	Bartonella bacilliformis KC583	ABM45091.1	Conserved hypothetical protein; Activator of cell division through the inhibition of FtsZ GTPase activity, therefore promoting FtsZ assembly into bundles of protofilaments necessary for the formation of the division Z ring. It is recruited early at mid-cell but it is not essential for cell division.
BARBAKC583_0136	126	360095.BARBAKC583_0136	360095	Bartonella bacilliformis KC583	ABM44554.1	Conserved hypothetical protein.
BARBAKC583_0137	127	360095.BARBAKC583_0137	360095	Bartonella bacilliformis KC583	tkt	Transketolase; Catalyzes the transfer of a two-carbon ketol group from a ketose donor to an aldose acceptor, via a covalent intermediate with the cofactor thiamine pyrophosphate.
BARBAKC583_0138	128	360095.BARBAKC583_0138	360095	Bartonella bacilliformis KC583	gap	Glyceraldehyde-3-phosphate dehydrogenase, type I; Identified by similarity to SP:P51009; match to protein family HMM PF00044; match to protein family HMM PF02800; match to protein family HMM TIGR01534; Belongs to the glyceraldehyde-3-phosphate dehydrogenase family.
BARBAKC583_0140	129	360095.BARBAKC583_0140	360095	Bartonella bacilliformis KC583	pgk	Phosphoglycerate kinase; Identified by match to protein family HMM PF00162; Belongs to the phosphoglycerate kinase family.
BARBAKC583_0141	130	360095.BARBAKC583_0141	360095	Bartonella bacilliformis KC583	fbaB	Fructose-bisphosphate aldolase, class I; Identified by match to protein family HMM PF00274.
BARBAKC583_0144	131	360095.BARBAKC583_0144	360095	Bartonella bacilliformis KC583	tolB	Tol-Pal system beta propeller repeat protein TolB; Part of the Tol-Pal system, which plays a role in outer membrane invagination during cell division and is important for maintaining outer membrane integrity.
BARBAKC583_0145	132	360095.BARBAKC583_0145	360095	Bartonella bacilliformis KC583	ABM45594.1	TolA domain protein.
BARBAKC583_0146	133	360095.BARBAKC583_0146	360095	Bartonella bacilliformis KC583	tolR	Protein TolR; Identified by match to protein family HMM PF02472.
BARBAKC583_0147	134	360095.BARBAKC583_0147	360095	Bartonella bacilliformis KC583	tolQ	Protein TolQ; Part of the Tol-Pal system, which plays a role in outer membrane invagination during cell division and is important for maintaining outer membrane integrity.
BARBAKC583_0148	135	360095.BARBAKC583_0148	360095	Bartonella bacilliformis KC583	ybgC	Tol-pal system-associated acyl-CoA thioesterase; Identified by match to protein family HMM PF03061; match to protein family HMM TIGR00051.
BARBAKC583_0149	136	360095.BARBAKC583_0149	360095	Bartonella bacilliformis KC583	ruvB	Holliday junction DNA helicase RuvB; The RuvA-RuvB complex in the presence of ATP renatures cruciform structure in supercoiled DNA with palindromic sequence, indicating that it may promote strand exchange reactions in homologous recombination. RuvAB is a helicase that mediates the Holliday junction migration by localized denaturation and reannealing.
BARBAKC583_0150	137	360095.BARBAKC583_0150	360095	Bartonella bacilliformis KC583	ruvA	Holliday junction DNA helicase RuvA; The RuvA-RuvB complex in the presence of ATP renatures cruciform structure in supercoiled DNA with palindromic sequence, indicating that it may promote strand exchange reactions in homologous recombination. RuvAB is a helicase that mediates the Holliday junction migration by localized denaturation and reannealing. RuvA stimulates, in the presence of DNA, the weak ATPase activity of RuvB.
BARBAKC583_0151	138	360095.BARBAKC583_0151	360095	Bartonella bacilliformis KC583	ruvC	Crossover junction endodeoxyribonuclease RuvC; Nuclease that resolves Holliday junction intermediates in genetic recombination. Cleaves the cruciform structure in supercoiled DNA by nicking to strands with the same polarity at sites symmetrically opposed at the junction in the homologous arms and leaves a 5'-terminal phosphate and a 3'-terminal hydroxyl group.
BARBAKC583_0153	139	360095.BARBAKC583_0153	360095	Bartonella bacilliformis KC583	ABM45096.1	Conserved hypothetical protein.
BARBAKC583_0154	140	360095.BARBAKC583_0154	360095	Bartonella bacilliformis KC583	ABM44542.1	Putative membrane protein.
BARBAKC583_0155	141	360095.BARBAKC583_0155	360095	Bartonella bacilliformis KC583	ABM44921.1	Identified by match to protein family HMM PF02581; match to protein family HMM TIGR00693.
BARBAKC583_0156	142	360095.BARBAKC583_0156	360095	Bartonella bacilliformis KC583	ABM45659.1	Conserved hypothetical protein; Identified by match to protein family HMM PF08238.
BARBAKC583_0158	143	360095.BARBAKC583_0158	360095	Bartonella bacilliformis KC583	efp	Translation elongation factor P; Involved in peptide bond synthesis. Stimulates efficient translation and peptide-bond synthesis on native or reconstituted 70S ribosomes in vitro. Probably functions indirectly by altering the affinity of the ribosome for aminoacyl-tRNA, thus increasing their reactivity as acceptors for peptidyl transferase.
BARBAKC583_0159	144	360095.BARBAKC583_0159	360095	Bartonella bacilliformis KC583	ABM45241.1	Identified by match to protein family HMM PF00459; Belongs to the inositol monophosphatase superfamily.
BARBAKC583_0160	145	360095.BARBAKC583_0160	360095	Bartonella bacilliformis KC583	ABM44685.1	ABC transporter, permease/ATP-binding protein; Identified by match to protein family HMM PF00005; match to protein family HMM PF00664.
BARBAKC583_0161	146	360095.BARBAKC583_0161	360095	Bartonella bacilliformis KC583	rpmE	Ribosomal protein L31; Binds the 23S rRNA; Belongs to the bacterial ribosomal protein bL31 family. Type A subfamily.
BARBAKC583_0163	147	360095.BARBAKC583_0163	360095	Bartonella bacilliformis KC583	ABM45620.1	Conserved hypothetical protein; Identified by match to protein family HMM PF01709; match to protein family HMM TIGR01033.
BARBAKC583_0164	148	360095.BARBAKC583_0164	360095	Bartonella bacilliformis KC583	ABM45058.1	Conserved hypothetical protein; Identified by match to protein family HMM PF06242.
BARBAKC583_0165	149	360095.BARBAKC583_0165	360095	Bartonella bacilliformis KC583	pal	Peptidoglycan-associated lipoprotein; Part of the Tol-Pal system, which plays a role in outer membrane invagination during cell division and is important for maintaining outer membrane integrity.
BARBAKC583_0167	150	360095.BARBAKC583_0167	360095	Bartonella bacilliformis KC583	tilS	tRNA(Ile)-lysidine synthetase; Ligates lysine onto the cytidine present at position 34 of the AUA codon-specific tRNA(Ile) that contains the anticodon CAU, in an ATP-dependent manner. Cytidine is converted to lysidine, thus changing the amino acid specificity of the tRNA from methionine to isoleucine. Belongs to the tRNA(Ile)-lysidine synthase family.
BARBAKC583_0168	151	360095.BARBAKC583_0168	360095	Bartonella bacilliformis KC583	hflB	ATP-dependent metallopeptidase HflB; Acts as a processive, ATP-dependent zinc metallopeptidase for both cytoplasmic and membrane proteins. Plays a role in the quality control of integral membrane proteins; In the central section; belongs to the AAA ATPase family.
BARBAKC583_0171	152	360095.BARBAKC583_0171	360095	Bartonella bacilliformis KC583	glmM	Phosphoglucosamine mutase; Catalyzes the conversion of glucosamine-6-phosphate to glucosamine-1-phosphate; Belongs to the phosphohexose mutase family.
BARBAKC583_0173	153	360095.BARBAKC583_0173	360095	Bartonella bacilliformis KC583	ABM45170.1	Putative tonB-system energizer ExbB; Identified by similarity to SP:P0ABU7; match to protein family HMM PF01618.
BARBAKC583_0174	154	360095.BARBAKC583_0174	360095	Bartonella bacilliformis KC583	exbD	TonB system transport protein ExbD; Identified by similarity to SP:P0ABV2; match to protein family HMM PF02472.
BARBAKC583_0178	155	360095.BARBAKC583_0178	360095	Bartonella bacilliformis KC583	dut	Deoxyuridine 5'-triphosphate nucleotidohydrolase; This enzyme is involved in nucleotide metabolism: it produces dUMP, the immediate precursor of thymidine nucleotides and it decreases the intracellular concentration of dUTP so that uracil cannot be incorporated into DNA; Belongs to the dUTPase family.
BARBAKC583_0180	156	360095.BARBAKC583_0180	360095	Bartonella bacilliformis KC583	ABM45388.1	Putative membrane protein; Identified by match to protein family HMM PF01988.
BARBAKC583_0182	157	360095.BARBAKC583_0182	360095	Bartonella bacilliformis KC583	ABM45540.1	DsbB domain protein; Identified by similarity to SP:Q7MJN7.
BARBAKC583_0183	158	360095.BARBAKC583_0183	360095	Bartonella bacilliformis KC583	ABM45558.1	Putative membrane protein.
BARBAKC583_0186	159	360095.BARBAKC583_0186	360095	Bartonella bacilliformis KC583	ABM44452.1	Conserved hypothetical protein.
BARBAKC583_0187	160	360095.BARBAKC583_0187	360095	Bartonella bacilliformis KC583	ABM45163.1	Putative DNA primase/helicase; Identified by match to protein family HMM PF01751.
BARBAKC583_0188	161	360095.BARBAKC583_0188	360095	Bartonella bacilliformis KC583	ABM45379.1	Conserved hypothetical protein.
BARBAKC583_0190	162	360095.BARBAKC583_0190	360095	Bartonella bacilliformis KC583	ABM44836.1	Hypothetical protein; Identified by Glimmer2; putative.
BARBAKC583_0192	163	360095.BARBAKC583_0192	360095	Bartonella bacilliformis KC583	ABM44690.1	Conserved hypothetical protein.
BARBAKC583_0193	164	360095.BARBAKC583_0193	360095	Bartonella bacilliformis KC583	ABM44489.1	Conserved hypothetical protein; Identified by similarity to RF:YP_032688.1.
BARBAKC583_0194	165	360095.BARBAKC583_0194	360095	Bartonella bacilliformis KC583	ABM45198.1	Conserved hypothetical protein; Identified by similarity to RF:YP_032687.1.
BARBAKC583_0195	166	360095.BARBAKC583_0195	360095	Bartonella bacilliformis KC583	ABM45559.1	Conserved hypothetical protein; Identified by similarity to RF:YP_032687.1.
BARBAKC583_0196	167	360095.BARBAKC583_0196	360095	Bartonella bacilliformis KC583	ABM45590.1	Putative exonuclease; Identified by similarity to SP:P03697.
BARBAKC583_0200	168	360095.BARBAKC583_0200	360095	Bartonella bacilliformis KC583	ABM44966.1	Conserved hypothetical protein; Identified by similarity to RF:YP_032682.1.
BARBAKC583_0201	169	360095.BARBAKC583_0201	360095	Bartonella bacilliformis KC583	murA	UDP-N-acetylglucosamine 1-carboxyvinyltransferase; Cell wall formation. Adds enolpyruvyl to UDP-N- acetylglucosamine; Belongs to the EPSP synthase family. MurA subfamily.
BARBAKC583_0202	170	360095.BARBAKC583_0202	360095	Bartonella bacilliformis KC583	ABM44671.1	Conserved hypothetical protein TIGR00282; Identified by match to protein family HMM PF00149; match to protein family HMM TIGR00282.
BARBAKC583_0203	171	360095.BARBAKC583_0203	360095	Bartonella bacilliformis KC583	ABM44806.1	5,10-methenyltetrahydrofolate synthetase; Identified by match to protein family HMM PF01812; match to protein family HMM TIGR02727; Belongs to the 5-formyltetrahydrofolate cyclo-ligase family.
BARBAKC583_0204	172	360095.BARBAKC583_0204	360095	Bartonella bacilliformis KC583	ABM45495.1	Tetratricopeptide repeat protein; Identified by match to protein family HMM PF00515; match to protein family HMM PF07719.
BARBAKC583_0205	173	360095.BARBAKC583_0205	360095	Bartonella bacilliformis KC583	rpmJ	Ribosomal protein L36; Belongs to the bacterial ribosomal protein bL36 family.
BARBAKC583_0208	174	360095.BARBAKC583_0208	360095	Bartonella bacilliformis KC583	purK	Phosphoribosylaminoimidazole carboxylase, ATPase subunit; Catalyzes the ATP-dependent conversion of 5-aminoimidazole ribonucleotide (AIR) and HCO(3)(-) to N5-carboxyaminoimidazole ribonucleotide (N5-CAIR).
BARBAKC583_0209	175	360095.BARBAKC583_0209	360095	Bartonella bacilliformis KC583	purE	Phosphoribosylaminoimidazole carboxylase, catalytic subunit; Catalyzes the conversion of N5-carboxyaminoimidazole ribonucleotide (N5-CAIR) to 4-carboxy-5-aminoimidazole ribonucleotide (CAIR).
BARBAKC583_0211	176	360095.BARBAKC583_0211	360095	Bartonella bacilliformis KC583	infA	Translation initiation factor IF-1; One of the essential components for the initiation of protein synthesis. Stabilizes the binding of IF-2 and IF-3 on the 30S subunit to which N-formylmethionyl-tRNA(fMet) subsequently binds. Helps modulate mRNA selection, yielding the 30S pre-initiation complex (PIC). Upon addition of the 50S ribosomal subunit IF-1, IF-2 and IF-3 are released leaving the mature 70S translation initiation complex.
BARBAKC583_0212	177	360095.BARBAKC583_0212	360095	Bartonella bacilliformis KC583	maf2	Septum formation protein Maf; Nucleoside triphosphate pyrophosphatase that hydrolyzes dTTP and UTP. May have a dual role in cell division arrest and in preventing the incorporation of modified nucleotides into cellular nucleic acids.
BARBAKC583_0213	178	360095.BARBAKC583_0213	360095	Bartonella bacilliformis KC583	yacG	Conserved hypothetical protein; Inhibits all the catalytic activities of DNA gyrase by preventing its interaction with DNA. Acts by binding directly to the C- terminal domain of GyrB, which probably disrupts DNA binding by the gyrase.
BARBAKC583_0216	179	360095.BARBAKC583_0216	360095	Bartonella bacilliformis KC583	clpB	Chaperone ClpB; Part of a stress-induced multi-chaperone system, it is involved in the recovery of the cell from heat-induced damage, in cooperation with DnaK, DnaJ and GrpE; Belongs to the ClpA/ClpB family.
BARBAKC583_0217	180	360095.BARBAKC583_0217	360095	Bartonella bacilliformis KC583	ABM45668.1	Hypothetical protein; Identified by Glimmer2; putative.
BARBAKC583_0219	181	360095.BARBAKC583_0219	360095	Bartonella bacilliformis KC583	ABM44466.1	Hypothetical protein; Identified by Glimmer2; putative.
BARBAKC583_0221	182	360095.BARBAKC583_0221	360095	Bartonella bacilliformis KC583	ABM44989.1	Hypothetical protein; Identified by Glimmer2; putative.
BARBAKC583_0224	183	360095.BARBAKC583_0224	360095	Bartonella bacilliformis KC583	ABM44754.1	Hypothetical protein; Identified by Glimmer2; putative.
BARBAKC583_0226	184	360095.BARBAKC583_0226	360095	Bartonella bacilliformis KC583	ABM45179.1	Conserved hypothetical protein.
BARBAKC583_0227	185	360095.BARBAKC583_0227	360095	Bartonella bacilliformis KC583	ABM45364.1	Putative phage terminase, large subunit, PBSX family.
BARBAKC583_0228	186	360095.BARBAKC583_0228	360095	Bartonella bacilliformis KC583	ABM44534.1	Conserved hypothetical protein.
BARBAKC583_0229	187	360095.BARBAKC583_0229	360095	Bartonella bacilliformis KC583	ABM45529.1	Conserved hypothetical protein.
BARBAKC583_0230	188	360095.BARBAKC583_0230	360095	Bartonella bacilliformis KC583	ABM44834.1	Conserved hypothetical protein; Identified by similarity to RF:YP_032664.1.
BARBAKC583_0233	189	360095.BARBAKC583_0233	360095	Bartonella bacilliformis KC583	ABM44792.1	Conserved hypothetical protein.
BARBAKC583_0234	190	360095.BARBAKC583_0234	360095	Bartonella bacilliformis KC583	ABM45537.1	Conserved hypothetical protein.
BARBAKC583_0235	191	360095.BARBAKC583_0235	360095	Bartonella bacilliformis KC583	ABM44914.1	Conserved hypothetical protein.
BARBAKC583_0236	192	360095.BARBAKC583_0236	360095	Bartonella bacilliformis KC583	ABM45631.1	Putative phage protein.
BARBAKC583_0237	193	360095.BARBAKC583_0237	360095	Bartonella bacilliformis KC583	ABM45355.1	Putative phage protein.
BARBAKC583_0238	194	360095.BARBAKC583_0238	360095	Bartonella bacilliformis KC583	ABM44694.1	Putative phage protein; Identified by match to protein family HMM PF07484.
BARBAKC583_0239	195	360095.BARBAKC583_0239	360095	Bartonella bacilliformis KC583	ABM44808.1	Conserved hypothetical protein.
BARBAKC583_0240	196	360095.BARBAKC583_0240	360095	Bartonella bacilliformis KC583	ABM44851.1	Phage lysozyme; Identified by match to protein family HMM PF00959.
BARBAKC583_0241	197	360095.BARBAKC583_0241	360095	Bartonella bacilliformis KC583	ABM44582.1	Hypothetical protein; Identified by Glimmer2; putative.
BARBAKC583_0242	198	360095.BARBAKC583_0242	360095	Bartonella bacilliformis KC583	ABM45306.1	Hypothetical protein; Identified by Glimmer2; putative.
BARBAKC583_0243	199	360095.BARBAKC583_0243	360095	Bartonella bacilliformis KC583	ABM45144.1	Conserved hypothetical protein.
BARBAKC583_0247	200	360095.BARBAKC583_0247	360095	Bartonella bacilliformis KC583	ABM45270.1	Conserved hypothetical protein.
BARBAKC583_0248	201	360095.BARBAKC583_0248	360095	Bartonella bacilliformis KC583	ABM44720.1	Conserved hypothetical protein.
BARBAKC583_0249	202	360095.BARBAKC583_0249	360095	Bartonella bacilliformis KC583	ABM45131.1	Sensor histidine kinase; Identified by match to protein family HMM PF07536.
BARBAKC583_0250	203	360095.BARBAKC583_0250	360095	Bartonella bacilliformis KC583	ABM44661.1	Sigma-70 dependent response regulator; Identified by match to protein family HMM PF00072; match to protein family HMM PF08281.
BARBAKC583_0251	204	360095.BARBAKC583_0251	360095	Bartonella bacilliformis KC583	ABM45249.1	Conserved hypothetical protein.
BARBAKC583_0255	205	360095.BARBAKC583_0255	360095	Bartonella bacilliformis KC583	ABM45233.1	Sensor histidine kinase; Identified by match to protein family HMM PF02518; match to protein family HMM PF07568.
BARBAKC583_0256	206	360095.BARBAKC583_0256	360095	Bartonella bacilliformis KC583	ABM44682.1	M23 peptidase domain protein; Identified by match to protein family HMM PF01551.
BARBAKC583_0264	207	360095.BARBAKC583_0264	360095	Bartonella bacilliformis KC583	ABM44902.1	Conserved hypothetical protein.
BARBAKC583_0265	208	360095.BARBAKC583_0265	360095	Bartonella bacilliformis KC583	ABM44561.1	Putative HTH-type transcriptional regulator ygjM; Identified by similarity to SP:P67703.
BARBAKC583_0266	209	360095.BARBAKC583_0266	360095	Bartonella bacilliformis KC583	ABM44838.1	Conserved hypothetical protein.
BARBAKC583_0271	210	360095.BARBAKC583_0271	360095	Bartonella bacilliformis KC583	ABM44429.1	Phosphoserine aminotransferase; Catalyzes the reversible conversion of 3- phosphohydroxypyruvate to phosphoserine and of 3-hydroxy-2-oxo-4- phosphonooxybutanoate to phosphohydroxythreonine.
BARBAKC583_0273	211	360095.BARBAKC583_0273	360095	Bartonella bacilliformis KC583	ABM45303.1	Resolvase/recombinase; Identified by match to protein family HMM PF00239.
BARBAKC583_0274	212	360095.BARBAKC583_0274	360095	Bartonella bacilliformis KC583	ABM45414.1	Putative DNA-binding transcriptional regulator; Identified by match to protein family HMM PF04014.
BARBAKC583_0275	213	360095.BARBAKC583_0275	360095	Bartonella bacilliformis KC583	ABM45397.1	Conserved hypothetical protein.
BARBAKC583_0276	214	360095.BARBAKC583_0276	360095	Bartonella bacilliformis KC583	ABM44530.1	Putative addiction module antidote protein.
BARBAKC583_0277	215	360095.BARBAKC583_0277	360095	Bartonella bacilliformis KC583	ABM45190.1	Putative addiction module killer protein; Identified by match to protein family HMM PF05973; match to protein family HMM TIGR02683.
BARBAKC583_0278	216	360095.BARBAKC583_0278	360095	Bartonella bacilliformis KC583	ABM44981.1	Hypothetical protein; Identified by Glimmer2; putative.
BARBAKC583_0279	217	360095.BARBAKC583_0279	360095	Bartonella bacilliformis KC583	ABM45128.1	Hypothetical protein; Identified by Glimmer2; putative.
BARBAKC583_0280	218	360095.BARBAKC583_0280	360095	Bartonella bacilliformis KC583	ABM44424.1	Hypothetical protein; Identified by Glimmer2; putative.
BARBAKC583_0281	219	360095.BARBAKC583_0281	360095	Bartonella bacilliformis KC583	ABM44888.1	Hypothetical protein; Identified by Glimmer2; putative.
BARBAKC583_0283	220	360095.BARBAKC583_0283	360095	Bartonella bacilliformis KC583	ABM45373.1	Putative partition protein ParA; Identified by similarity to SP:P07175.
BARBAKC583_0285	222	360095.BARBAKC583_0285	360095	Bartonella bacilliformis KC583	purA	Adenylosuccinate synthetase; Plays an important role in the de novo pathway of purine nucleotide biosynthesis. Catalyzes the first committed step in the biosynthesis of AMP from IMP; Belongs to the adenylosuccinate synthetase family.
BARBAKC583_0286	223	360095.BARBAKC583_0286	360095	Bartonella bacilliformis KC583	ABM45642.1	Conserved hypothetical protein; Identified by similarity to RF:YP_033221.1.
BARBAKC583_0287	224	360095.BARBAKC583_0287	360095	Bartonella bacilliformis KC583	rpoH2	RNA polymerase sigma-32 factor; Sigma factors are initiation factors that promote the attachment of RNA polymerase to specific initiation sites and are then released. This sigma factor is involved in regulation of expression of heat shock genes.
BARBAKC583_0288	225	360095.BARBAKC583_0288	360095	Bartonella bacilliformis KC583	ABM44483.1	Pseudouridine synthase, RluA family; Responsible for synthesis of pseudouridine from uracil. Belongs to the pseudouridine synthase RluA family.
BARBAKC583_0289	226	360095.BARBAKC583_0289	360095	Bartonella bacilliformis KC583	ABM45425.1	Aldehyde dehydrogenase (NAD) family protein; Identified by match to protein family HMM PF00171.
BARBAKC583_0291	227	360095.BARBAKC583_0291	360095	Bartonella bacilliformis KC583	ABM45556.1	Identified by match to protein family HMM PF01580; Belongs to the FtsK/SpoIIIE/SftA family.
BARBAKC583_0292	228	360095.BARBAKC583_0292	360095	Bartonella bacilliformis KC583	mscL	Large conductance mechanosensitive channel protein; Channel that opens in response to stretch forces in the membrane lipid bilayer. May participate in the regulation of osmotic pressure changes within the cell.
BARBAKC583_0293	229	360095.BARBAKC583_0293	360095	Bartonella bacilliformis KC583	pyrD	Dihydroorotate oxidase; Catalyzes the conversion of dihydroorotate to orotate with quinone as electron acceptor; Belongs to the dihydroorotate dehydrogenase family. Type 2 subfamily.
BARBAKC583_0295	230	360095.BARBAKC583_0295	360095	Bartonella bacilliformis KC583	ABM45060.1	Putative glutamine synthetase; Identified by match to protein family HMM PF00120; Belongs to the glutamine synthetase family.
BARBAKC583_0296	231	360095.BARBAKC583_0296	360095	Bartonella bacilliformis KC583	ABM44587.1	FAD dependent oxidoreductase; Identified by match to protein family HMM PF01266.
BARBAKC583_0297	232	360095.BARBAKC583_0297	360095	Bartonella bacilliformis KC583	folD	folD bifunctional protein; Catalyzes the oxidation of 5,10-methylenetetrahydrofolate to 5,10-methenyltetrahydrofolate and then the hydrolysis of 5,10- methenyltetrahydrofolate to 10-formyltetrahydrofolate.
BARBAKC583_0298	233	360095.BARBAKC583_0298	360095	Bartonella bacilliformis KC583	ABM45010.1	AsmA family; Identified by match to protein family HMM PF05170.
BARBAKC583_0299	234	360095.BARBAKC583_0299	360095	Bartonella bacilliformis KC583	ABM44713.1	Hypothetical protein; Identified by Glimmer2; putative.
BARBAKC583_0300	235	360095.BARBAKC583_0300	360095	Bartonella bacilliformis KC583	ABM44791.1	Conserved hypothetical protein TIGR00046; Specifically methylates the N3 position of the uracil ring of uridine 1498 (m3U1498) in 16S rRNA. Acts on the fully assembled 30S ribosomal subunit.
BARBAKC583_0301	236	360095.BARBAKC583_0301	360095	Bartonella bacilliformis KC583	ABM44978.1	Glutamate--cysteine ligase; Catalyzes the synthesis of gamma-glutamylcysteine (gamma-GC). Belongs to the glutamate--cysteine ligase type 2 family. EgtA subfamily.
BARBAKC583_0302	237	360095.BARBAKC583_0302	360095	Bartonella bacilliformis KC583	rpsU	Ribosomal protein S21; Identified by match to protein family HMM PF01165; match to protein family HMM TIGR00030; Belongs to the bacterial ribosomal protein bS21 family.
BARBAKC583_0305	238	360095.BARBAKC583_0305	360095	Bartonella bacilliformis KC583	ABM45504.1	Efflux transporter, RND family, MFP subunit; Identified by match to protein family HMM TIGR01730; Belongs to the membrane fusion protein (MFP) (TC 8.A.1) family.
BARBAKC583_0306	239	360095.BARBAKC583_0306	360095	Bartonella bacilliformis KC583	ABM45283.1	RND transporter, hydrophobe/amphiphile efflux-1 (HAE1) family; Identified by match to protein family HMM PF00873; Belongs to the resistance-nodulation-cell division (RND) (TC 2.A.6) family.
BARBAKC583_0307	240	360095.BARBAKC583_0307	360095	Bartonella bacilliformis KC583	pgi	Glucose-6-phosphate isomerase; Identified by match to protein family HMM PF00342; Belongs to the GPI family.
BARBAKC583_0309	241	360095.BARBAKC583_0309	360095	Bartonella bacilliformis KC583	rplU	Ribosomal protein L21; This protein binds to 23S rRNA in the presence of protein L20; Belongs to the bacterial ribosomal protein bL21 family.
BARBAKC583_0310	242	360095.BARBAKC583_0310	360095	Bartonella bacilliformis KC583	rpmA	Ribosomal protein L27; Identified by match to protein family HMM PF01016; match to protein family HMM TIGR00062; Belongs to the bacterial ribosomal protein bL27 family.
BARBAKC583_0311	243	360095.BARBAKC583_0311	360095	Bartonella bacilliformis KC583	ABM44517.1	Immunodominant surface antigen, Brp family; Identified by similarity to GB:AAU44778.1; match to protein family HMM PF05658; match to protein family HMM PF05662.
BARBAKC583_0312	244	360095.BARBAKC583_0312	360095	Bartonella bacilliformis KC583	ABM45145.1	Identified by match to protein family HMM PF06776.
BARBAKC583_0314	245	360095.BARBAKC583_0314	360095	Bartonella bacilliformis KC583	ABM45617.1	Immunodominant surface antigen, Brp family; Identified by similarity to GB:AAU44779.1; match to protein family HMM PF03895; match to protein family HMM PF05662.
BARBAKC583_0315	246	360095.BARBAKC583_0315	360095	Bartonella bacilliformis KC583	ABM44887.1	Identified by match to protein family HMM PF06776.
BARBAKC583_0316	247	360095.BARBAKC583_0316	360095	Bartonella bacilliformis KC583	rrmJ	Ribosomal RNA large subunit methyltransferase J; Specifically methylates the uridine in position 2552 of 23S rRNA at the 2'-O position of the ribose in the fully assembled 50S ribosomal subunit.
BARBAKC583_0317	248	360095.BARBAKC583_0317	360095	Bartonella bacilliformis KC583	obg	GTP-binding protein Obg/CgtA; An essential GTPase which binds GTP, GDP and possibly (p)ppGpp with moderate affinity, with high nucleotide exchange rates and a fairly low GTP hydrolysis rate. Plays a role in control of the cell cycle, stress response, ribosome biogenesis and in those bacteria that undergo differentiation, in morphogenesis control. Belongs to the TRAFAC class OBG-HflX-like GTPase superfamily. OBG GTPase family.
BARBAKC583_0318	249	360095.BARBAKC583_0318	360095	Bartonella bacilliformis KC583	proB	Glutamate 5-kinase; Catalyzes the transfer of a phosphate group to glutamate to form L-glutamate 5-phosphate.
BARBAKC583_0319	250	360095.BARBAKC583_0319	360095	Bartonella bacilliformis KC583	proA	Gamma-glutamyl phosphate reductase; Catalyzes the NADPH-dependent reduction of L-glutamate 5- phosphate into L-glutamate 5-semialdehyde and phosphate. The product spontaneously undergoes cyclization to form 1-pyrroline-5-carboxylate. Belongs to the gamma-glutamyl phosphate reductase family.
BARBAKC583_0320	251	360095.BARBAKC583_0320	360095	Bartonella bacilliformis KC583	nadD	Nicotinate (nicotinamide) nucleotide adenylyltransferase; Catalyzes the reversible adenylation of nicotinate mononucleotide (NaMN) to nicotinic acid adenine dinucleotide (NaAD).
BARBAKC583_0321	252	360095.BARBAKC583_0321	360095	Bartonella bacilliformis KC583	rsfS	Iojap homolog; Functions as a ribosomal silencing factor. Interacts with ribosomal protein L14 (rplN), blocking formation of intersubunit bridge B8. Prevents association of the 30S and 50S ribosomal subunits and the formation of functional ribosomes, thus repressing translation.
BARBAKC583_0322	253	360095.BARBAKC583_0322	360095	Bartonella bacilliformis KC583	rlmH	Conserved hypothetical protein TIGR00246; Specifically methylates the pseudouridine at position 1915 (m3Psi1915) in 23S rRNA; Belongs to the RNA methyltransferase RlmH family.
BARBAKC583_0323	254	360095.BARBAKC583_0323	360095	Bartonella bacilliformis KC583	ABM44669.1	M23 peptidase domain protein; Identified by match to protein family HMM PF01551.
BARBAKC583_0324	255	360095.BARBAKC583_0324	360095	Bartonella bacilliformis KC583	ctpA	C-terminal processing peptidase; Involved in protection of the bacterium from thermal and osmotic stresses; Belongs to the peptidase S41A family.
BARBAKC583_0325	256	360095.BARBAKC583_0325	360095	Bartonella bacilliformis KC583	nudH	(Di)nucleoside polyphosphate hydrolase; Accelerates the degradation of transcripts by removing pyrophosphate from the 5'-end of triphosphorylated RNA, leading to a more labile monophosphorylated state that can stimulate subsequent ribonuclease cleavage (By similarity). Catalyzes the hydrolysis of diadenosine tetra-, penta-, or hexa-phosphate with the departure of ATP as leaving group. Preferred substrate is Ap4A. Also acts on diguanosine tetra- and penta-phosphate at a lesser extent. Required with IalB for erythrocytes invasion.
BARBAKC583_0326	257	360095.BARBAKC583_0326	360095	Bartonella bacilliformis KC583	ialB	Invasion protein B; Required with NudH/IalA for erythrocytes invasion.
BARBAKC583_0327	258	360095.BARBAKC583_0327	360095	Bartonella bacilliformis KC583	ABM45047.1	Identified by match to protein family HMM PF02325.
BARBAKC583_0328	259	360095.BARBAKC583_0328	360095	Bartonella bacilliformis KC583	ABM45193.1	Conserved hypothetical protein TIGR00251; Identified by match to protein family HMM PF02594; Belongs to the UPF0235 family.
BARBAKC583_0329	260	360095.BARBAKC583_0329	360095	Bartonella bacilliformis KC583	ppa	Inorganic pyrophosphatase; Catalyzes the hydrolysis of inorganic pyrophosphate (PPi) forming two phosphate ions.
BARBAKC583_0330	261	360095.BARBAKC583_0330	360095	Bartonella bacilliformis KC583	typA	GTP-binding protein TypA/BipA; Identified by match to protein family HMM PF00009; match to protein family HMM PF00679; match to protein family HMM PF03144; match to protein family HMM TIGR00231; match to protein family HMM TIGR01394.
BARBAKC583_0331	262	360095.BARBAKC583_0331	360095	Bartonella bacilliformis KC583	mgtE	Magnesium transporter; Acts as a magnesium transporter.
BARBAKC583_0332	263	360095.BARBAKC583_0332	360095	Bartonella bacilliformis KC583	ABM45399.1	Peptidase, M3 family; Identified by match to protein family HMM PF01432.
BARBAKC583_0333	264	360095.BARBAKC583_0333	360095	Bartonella bacilliformis KC583	ABM44845.1	Putative membrane-bound lytic murein transglycosylase; Identified by match to protein family HMM PF01471; match to protein family HMM TIGR02283.
BARBAKC583_0334	265	360095.BARBAKC583_0334	360095	Bartonella bacilliformis KC583	galU	UTP-glucose-1-phosphate uridylyltransferase; Identified by match to protein family HMM PF00483; match to protein family HMM TIGR01099.
BARBAKC583_0335	266	360095.BARBAKC583_0335	360095	Bartonella bacilliformis KC583	ABM45525.1	Sugar isomerase, KpsF/GutQ family; Identified by match to protein family HMM PF00571; match to protein family HMM PF01380; match to protein family HMM TIGR00393; Belongs to the SIS family. GutQ/KpsF subfamily.
BARBAKC583_0336	267	360095.BARBAKC583_0336	360095	Bartonella bacilliformis KC583	ABM44504.1	Putative lipoprotein.
BARBAKC583_0337	268	360095.BARBAKC583_0337	360095	Bartonella bacilliformis KC583	ABM45554.1	Sigma-54 dependent DNA-binding response regulator; Identified by match to protein family HMM PF00072; match to protein family HMM PF00158; match to protein family HMM PF02954.
BARBAKC583_0341	269	360095.BARBAKC583_0341	360095	Bartonella bacilliformis KC583	guaB	Inosine-5'-monophosphate dehydrogenase; Catalyzes the conversion of inosine 5'-phosphate (IMP) to xanthosine 5'-phosphate (XMP), the first committed and rate-limiting step in the de novo synthesis of guanine nucleotides, and therefore plays an important role in the regulation of cell growth. Belongs to the IMPDH/GMPR family.
BARBAKC583_0342	270	360095.BARBAKC583_0342	360095	Bartonella bacilliformis KC583	ABM45526.1	Putative universal stress protein; Identified by match to protein family HMM PF00582.
BARBAKC583_0343	271	360095.BARBAKC583_0343	360095	Bartonella bacilliformis KC583	ABM44980.1	Identified by match to protein family HMM PF01189; Belongs to the class I-like SAM-binding methyltransferase superfamily. RsmB/NOP family.
BARBAKC583_0344	272	360095.BARBAKC583_0344	360095	Bartonella bacilliformis KC583	guaA	GMP synthase; Catalyzes the synthesis of GMP from XMP.
BARBAKC583_0345	273	360095.BARBAKC583_0345	360095	Bartonella bacilliformis KC583	ABM44639.1	Glycerophosphoryl diester phosphodiesterase family protein; Identified by match to protein family HMM PF03009.
BARBAKC583_0346	274	360095.BARBAKC583_0346	360095	Bartonella bacilliformis KC583	ugpC	Glycerol-3-phosphate ABC transporter, ATP-binding protein; Part of the ABC transporter complex UgpABCE involved in sn- glycerol-3-phosphate import. Responsible for energy coupling to the transport system; Belongs to the ABC transporter superfamily. sn-glycerol-3- phosphate importer (TC 3.A.1.1.3) family.
BARBAKC583_0347	275	360095.BARBAKC583_0347	360095	Bartonella bacilliformis KC583	ugpE	Glycerol-3-phosphate ABC transporter, permease protein; Part of the binding-protein-dependent transport system for sn-glycerol-3-phosphate; probably responsible for the translocation of the substrate across the membrane.
BARBAKC583_0348	276	360095.BARBAKC583_0348	360095	Bartonella bacilliformis KC583	ugpA	Glycerol-3-phosphate ABC transporter, permease protein; Identified by match to protein family HMM PF00528.
BARBAKC583_0349	277	360095.BARBAKC583_0349	360095	Bartonella bacilliformis KC583	ugpB	Glycerol-3-phosphate ABC transporter, periplasmic glycerol-3-phosphate-binding protein; Identified by similarity to SP:P0AG80; match to protein family HMM PF01547.
BARBAKC583_0350	278	360095.BARBAKC583_0350	360095	Bartonella bacilliformis KC583	ABM44755.1	ABC transporter, periplasmic substrate-binding protein; Identified by match to protein family HMM PF01297; Belongs to the bacterial solute-binding protein 9 family.
BARBAKC583_0351	279	360095.BARBAKC583_0351	360095	Bartonella bacilliformis KC583	ABM44651.1	ABC transporter, permease protein; Identified by match to protein family HMM PF00950.
BARBAKC583_0352	280	360095.BARBAKC583_0352	360095	Bartonella bacilliformis KC583	ABM45366.1	ABC transporter, ATP-binding protein; Identified by match to protein family HMM PF00005.
BARBAKC583_0354	281	360095.BARBAKC583_0354	360095	Bartonella bacilliformis KC583	nrdH	Glutaredoxin-like protein NrdH; Identified by similarity to GB:CAA70763.1; match to protein family HMM PF00462; match to protein family HMM TIGR02194.
BARBAKC583_0355	282	360095.BARBAKC583_0355	360095	Bartonella bacilliformis KC583	nrdI	NrdI protein; Probably involved in ribonucleotide reductase function.
BARBAKC583_0356	283	360095.BARBAKC583_0356	360095	Bartonella bacilliformis KC583	nrdE	Ribonucleoside-diphosphate reductase, alpha subunit; Provides the precursors necessary for DNA synthesis. Catalyzes the biosynthesis of deoxyribonucleotides from the corresponding ribonucleotides.
BARBAKC583_0357	284	360095.BARBAKC583_0357	360095	Bartonella bacilliformis KC583	prmC	Methyltransferase, HemK family; Methylates the class 1 translation termination release factors RF1/PrfA and RF2/PrfB on the glutamine residue of the universally conserved GGQ motif; Belongs to the protein N5-glutamine methyltransferase family. PrmC subfamily.
BARBAKC583_0358	285	360095.BARBAKC583_0358	360095	Bartonella bacilliformis KC583	nrdF	Ribonucleoside-diphosphate reductase, beta subunit; Provides the precursors necessary for DNA synthesis. Catalyzes the biosynthesis of deoxyribonucleotides from the corresponding ribonucleotides; Belongs to the ribonucleoside diphosphate reductase small chain family.
BARBAKC583_0359	286	360095.BARBAKC583_0359	360095	Bartonella bacilliformis KC583	prfA	Peptide chain release factor 1; Peptide chain release factor 1 directs the termination of translation in response to the peptide chain termination codons UAG and UAA.
BARBAKC583_0360	287	360095.BARBAKC583_0360	360095	Bartonella bacilliformis KC583	fur	Ferric uptake regulation protein; Identified by similarity to GB:AAL04499.1; match to protein family HMM PF01475; Belongs to the Fur family.
BARBAKC583_0361	288	360095.BARBAKC583_0361	360095	Bartonella bacilliformis KC583	secA	Preprotein translocase, SecA subunit; Part of the Sec protein translocase complex. Interacts with the SecYEG preprotein conducting channel. Has a central role in coupling the hydrolysis of ATP to the transfer of proteins into and across the cell membrane, serving both as a receptor for the preprotein-SecB complex and as an ATP-driven molecular motor driving the stepwise translocation of polypeptide chains across the membrane. Belongs to the SecA family.
BARBAKC583_0362	289	360095.BARBAKC583_0362	360095	Bartonella bacilliformis KC583	ABM44920.1	PPIC-type PPIASE domain protein; Identified by similarity to SP:Q46105; match to protein family HMM PF00639.
BARBAKC583_0363	290	360095.BARBAKC583_0363	360095	Bartonella bacilliformis KC583	argJ	Arginine biosynthesis bifunctional protein ArgJ; Catalyzes two activities which are involved in the cyclic version of arginine biosynthesis: the synthesis of N-acetylglutamate from glutamate and acetyl-CoA as the acetyl donor, and of ornithine by transacetylation between N(2)-acetylornithine and glutamate. Belongs to the ArgJ family.
BARBAKC583_0364	291	360095.BARBAKC583_0364	360095	Bartonella bacilliformis KC583	mutT	Mutator mutT protein; Identified by match to protein family HMM PF00293; match to protein family HMM TIGR00586.
BARBAKC583_0365	292	360095.BARBAKC583_0365	360095	Bartonella bacilliformis KC583	ABM44645.1	Transporter, dicarboxylate/amino acid:cation (Na+ or H+) symporter (DAACS) family; Identified by match to protein family HMM PF00375; Belongs to the dicarboxylate/amino acid:cation symporter (DAACS) (TC 2.A.23) family.
BARBAKC583_0366	293	360095.BARBAKC583_0366	360095	Bartonella bacilliformis KC583	ABM45334.1	Conserved hypothetical protein; Identified by similarity to RF:NP_698859.1; match to protein family HMM PF08242; match to protein family HMM TIGR02072.
BARBAKC583_0367	294	360095.BARBAKC583_0367	360095	Bartonella bacilliformis KC583	ABM44601.1	comF family protein.
BARBAKC583_0368	295	360095.BARBAKC583_0368	360095	Bartonella bacilliformis KC583	grxC	Glutaredoxin 3; Has a glutathione-disulfide oxidoreductase activity in the presence of NADPH and glutathione reductase. Reduces low molecular weight disulfides and proteins.
BARBAKC583_0369	296	360095.BARBAKC583_0369	360095	Bartonella bacilliformis KC583	ubiG	3-demethylubiquinone-9 3-methyltransferase; O-methyltransferase that catalyzes the 2 O-methylation steps in the ubiquinone biosynthetic pathway; Belongs to the methyltransferase superfamily. UbiG/COQ3 family.
BARBAKC583_0370	297	360095.BARBAKC583_0370	360095	Bartonella bacilliformis KC583	ABM45119.1	Asparate kinase, monofunctional class; Identified by match to protein family HMM PF00696; match to protein family HMM PF01842; match to protein family HMM TIGR00656; match to protein family HMM TIGR00657; Belongs to the aspartokinase family.
BARBAKC583_0371	298	360095.BARBAKC583_0371	360095	Bartonella bacilliformis KC583	nhaA	Na+/H+ antiporter NhaA; Na(+)/H(+) antiporter that extrudes sodium in exchange for external protons; Belongs to the NhaA Na(+)/H(+) (TC 2.A.33) antiporter family.
BARBAKC583_0372	299	360095.BARBAKC583_0372	360095	Bartonella bacilliformis KC583	ABM45632.1	Conserved hypothetical protein.
BARBAKC583_0373	300	360095.BARBAKC583_0373	360095	Bartonella bacilliformis KC583	ABM44809.1	Conserved hypothetical protein.
BARBAKC583_0374	301	360095.BARBAKC583_0374	360095	Bartonella bacilliformis KC583	engA	GTP-binding protein EngA; GTPase that plays an essential role in the late steps of ribosome biogenesis; Belongs to the TRAFAC class TrmE-Era-EngA-EngB-Septin-like GTPase superfamily. EngA (Der) GTPase family.
BARBAKC583_0375	302	360095.BARBAKC583_0375	360095	Bartonella bacilliformis KC583	ABM45095.1	Conserved hypothetical protein; A possible function for this protein is to guide the assembly of the membrane sector of the ATPase enzyme complex.
BARBAKC583_0376	303	360095.BARBAKC583_0376	360095	Bartonella bacilliformis KC583	atpB	ATP synthase F0, A subunit; Key component of the proton channel; it plays a direct role in the translocation of protons across the membrane.
BARBAKC583_0377	304	360095.BARBAKC583_0377	360095	Bartonella bacilliformis KC583	atpE	ATP synthase F0, C subunit; F(1)F(0) ATP synthase produces ATP from ADP in the presence of a proton or sodium gradient. F-type ATPases consist of two structural domains, F(1) containing the extramembraneous catalytic core and F(0) containing the membrane proton channel, linked together by a central stalk and a peripheral stalk. During catalysis, ATP synthesis in the catalytic domain of F(1) is coupled via a rotary mechanism of the central stalk subunits to proton translocation.
BARBAKC583_0378	305	360095.BARBAKC583_0378	360095	Bartonella bacilliformis KC583	atpF2	ATP synthase F0, B subunit family protein; F(1)F(0) ATP synthase produces ATP from ADP in the presence of a proton or sodium gradient. F-type ATPases consist of two structural domains, F(1) containing the extramembraneous catalytic core and F(0) containing the membrane proton channel, linked together by a central stalk and a peripheral stalk. During catalysis, ATP synthesis in the catalytic domain of F(1) is coupled via a rotary mechanism of the central stalk subunits to proton translocation (By similarity).
BARBAKC583_0379	306	360095.BARBAKC583_0379	360095	Bartonella bacilliformis KC583	atpF1	ATP synthase F0, B subunit family protein; F(1)F(0) ATP synthase produces ATP from ADP in the presence of a proton or sodium gradient. F-type ATPases consist of two structural domains, F(1) containing the extramembraneous catalytic core and F(0) containing the membrane proton channel, linked together by a central stalk and a peripheral stalk. During catalysis, ATP synthesis in the catalytic domain of F(1) is coupled via a rotary mechanism of the central stalk subunits to proton translocation.
BARBAKC583_0380	307	360095.BARBAKC583_0380	360095	Bartonella bacilliformis KC583	glyS	glycyl-tRNA synthetase, beta subunit; Identified by match to protein family HMM PF02092; match to protein family HMM PF05746; match to protein family HMM TIGR00211.
BARBAKC583_0381	308	360095.BARBAKC583_0381	360095	Bartonella bacilliformis KC583	glyQ	glycyl-tRNA synthetase, alpha subunit; Identified by match to protein family HMM PF02091; match to protein family HMM TIGR00388.
BARBAKC583_0382	309	360095.BARBAKC583_0382	360095	Bartonella bacilliformis KC583	ABM45181.1	Tetratricopeptide repeat protein; Identified by match to protein family HMM PF00515; match to protein family HMM PF07719.
BARBAKC583_0383	310	360095.BARBAKC583_0383	360095	Bartonella bacilliformis KC583	ABM45444.1	Polyprenyl synthetase; Identified by match to protein family HMM PF00348; Belongs to the FPP/GGPP synthase family.
BARBAKC583_0384	311	360095.BARBAKC583_0384	360095	Bartonella bacilliformis KC583	ABM44709.1	Methyltransferase domain protein; Identified by match to protein family HMM PF05175; Belongs to the methyltransferase superfamily.
BARBAKC583_0385	312	360095.BARBAKC583_0385	360095	Bartonella bacilliformis KC583	ABM45447.1	Peptidase, S49 family; Identified by match to protein family HMM PF01343.
BARBAKC583_0386	313	360095.BARBAKC583_0386	360095	Bartonella bacilliformis KC583	ABM44877.1	Putative membrane protein.
BARBAKC583_0387	314	360095.BARBAKC583_0387	360095	Bartonella bacilliformis KC583	ispE	4-diphosphocytidyl-2C-methyl-D-erythritol kinase; Catalyzes the phosphorylation of the position 2 hydroxy group of 4-diphosphocytidyl-2C-methyl-D-erythritol.
BARBAKC583_0388	315	360095.BARBAKC583_0388	360095	Bartonella bacilliformis KC583	rnhB	Ribonuclease HII; Endonuclease that specifically degrades the RNA of RNA-DNA hybrids; Belongs to the RNase HII family.
BARBAKC583_0389	316	360095.BARBAKC583_0389	360095	Bartonella bacilliformis KC583	ABM45094.1	Sua5/YciO/YrdC family protein; Required for the formation of a threonylcarbamoyl group on adenosine at position 37 (t(6)A37) in tRNAs that read codons beginning with adenine.
BARBAKC583_0390	317	360095.BARBAKC583_0390	360095	Bartonella bacilliformis KC583	ABM44654.1	Identified by match to protein family HMM PF01565; match to protein family HMM PF02913.
BARBAKC583_0391	318	360095.BARBAKC583_0391	360095	Bartonella bacilliformis KC583	ABM44697.1	Conserved hypothetical protein.
BARBAKC583_0392	319	360095.BARBAKC583_0392	360095	Bartonella bacilliformis KC583	purD	Phosphoribosylamine--glycine ligase; Identified by match to protein family HMM PF01071; match to protein family HMM PF02843; match to protein family HMM PF02844; match to protein family HMM TIGR00877; Belongs to the GARS family.
BARBAKC583_0393	320	360095.BARBAKC583_0393	360095	Bartonella bacilliformis KC583	ubiA	4-hydroxybenzoate polyprenyl transferase; Catalyzes the prenylation of para-hydroxybenzoate (PHB) with an all-trans polyprenyl group. Mediates the second step in the final reaction sequence of ubiquinone-8 (UQ-8) biosynthesis, which is the condensation of the polyisoprenoid side chain with PHB, generating the first membrane-bound Q intermediate 3-octaprenyl-4-hydroxybenzoate.
BARBAKC583_0394	321	360095.BARBAKC583_0394	360095	Bartonella bacilliformis KC583	pdxH	Pyridoxamine 5'-phosphate oxidase; Catalyzes the oxidation of either pyridoxine 5'-phosphate (PNP) or pyridoxamine 5'-phosphate (PMP) into pyridoxal 5'-phosphate (PLP).
BARBAKC583_0395	322	360095.BARBAKC583_0395	360095	Bartonella bacilliformis KC583	ABM45471.1	Identified by match to protein family HMM PF00226; match to protein family HMM PF01556.
BARBAKC583_0396	323	360095.BARBAKC583_0396	360095	Bartonella bacilliformis KC583	ABM44970.1	Oxidoreductase, short chain dehydrogenase/reductase family; Identified by match to protein family HMM PF00106.
BARBAKC583_0397	324	360095.BARBAKC583_0397	360095	Bartonella bacilliformis KC583	aroC	Chorismate synthase; Catalyzes the anti-1,4-elimination of the C-3 phosphate and the C-6 proR hydrogen from 5-enolpyruvylshikimate-3-phosphate (EPSP) to yield chorismate, which is the branch point compound that serves as the starting substrate for the three terminal pathways of aromatic amino acid biosynthesis. This reaction introduces a second double bond into the aromatic ring system.
BARBAKC583_0398	325	360095.BARBAKC583_0398	360095	Bartonella bacilliformis KC583	ribBA	Riboflavin biosynthesis protein RibBA; Catalyzes the conversion of D-ribulose 5-phosphate to formate and 3,4-dihydroxy-2-butanone 4-phosphate.
BARBAKC583_0399	326	360095.BARBAKC583_0399	360095	Bartonella bacilliformis KC583	xseB	Exodeoxyribonuclease VII, small subunit; Bidirectionally degrades single-stranded DNA into large acid- insoluble oligonucleotides, which are then degraded further into small acid-soluble oligonucleotides; Belongs to the XseB family.
BARBAKC583_0400	327	360095.BARBAKC583_0400	360095	Bartonella bacilliformis KC583	dxs	1-deoxy-D-xylulose-5-phosphate synthase; Catalyzes the acyloin condensation reaction between C atoms 2 and 3 of pyruvate and glyceraldehyde 3-phosphate to yield 1-deoxy-D- xylulose-5-phosphate (DXP); Belongs to the transketolase family. DXPS subfamily.
BARBAKC583_0401	328	360095.BARBAKC583_0401	360095	Bartonella bacilliformis KC583	ABM44735.1	Identified by match to protein family HMM PF01479; match to protein family HMM PF01728; match to protein family HMM TIGR00478.
BARBAKC583_0402	329	360095.BARBAKC583_0402	360095	Bartonella bacilliformis KC583	ABM45009.1	tRNA (Uracil-5-)-methyltransferase; Identified by match to protein family HMM PF05958; Belongs to the class I-like SAM-binding methyltransferase superfamily. RNA M5U methyltransferase family.
BARBAKC583_0403	330	360095.BARBAKC583_0403	360095	Bartonella bacilliformis KC583	ABM45575.1	Identified by match to protein family HMM PF01523.
BARBAKC583_0404	331	360095.BARBAKC583_0404	360095	Bartonella bacilliformis KC583	ABM45419.1	Identified by match to protein family HMM PF06776.
BARBAKC583_0405	332	360095.BARBAKC583_0405	360095	Bartonella bacilliformis KC583	cyoE	Protoheme IX farnesyltransferase; Converts heme B (protoheme IX) to heme O by substitution of the vinyl group on carbon 2 of heme B porphyrin ring with a hydroxyethyl farnesyl side group.
BARBAKC583_0406	333	360095.BARBAKC583_0406	360095	Bartonella bacilliformis KC583	ispH	4-hydroxy-3-methylbut-2-enyl diphosphate reductase; Catalyzes the conversion of 1-hydroxy-2-methyl-2-(E)-butenyl 4-diphosphate (HMBPP) into a mixture of isopentenyl diphosphate (IPP) and dimethylallyl diphosphate (DMAPP). Acts in the terminal step of the DOXP/MEP pathway for isoprenoid precursor biosynthesis. Belongs to the IspH family.
BARBAKC583_0408	334	360095.BARBAKC583_0408	360095	Bartonella bacilliformis KC583	ABM45577.1	Conserved hypothetical protein.
BARBAKC583_0409	335	360095.BARBAKC583_0409	360095	Bartonella bacilliformis KC583	rnhA	Ribonuclease HI; Endonuclease that specifically degrades the RNA of RNA-DNA hybrids.
BARBAKC583_0410	336	360095.BARBAKC583_0410	360095	Bartonella bacilliformis KC583	ABM45083.1	Sensory box-containing diguanylate cyclase/cyclic diguanylate phosphodiesterase; Identified by match to protein family HMM PF00563; match to protein family HMM PF00990; match to protein family HMM PF07695; match to protein family HMM PF07696; match to protein family HMM PF08447; match to protein family HMM TIGR00229; match to protein family HMM TIGR00254.
BARBAKC583_0411	337	360095.BARBAKC583_0411	360095	Bartonella bacilliformis KC583	ABM44549.1	Peptidase, M16 family; Identified by match to protein family HMM PF00675; match to protein family HMM PF05193; Belongs to the peptidase M16 family.
BARBAKC583_0412	338	360095.BARBAKC583_0412	360095	Bartonella bacilliformis KC583	ABM44734.1	HAD hydrolase, family IA; Identified by match to protein family HMM PF00702; match to protein family HMM TIGR01509.
BARBAKC583_0413	339	360095.BARBAKC583_0413	360095	Bartonella bacilliformis KC583	ccrMIM	Modification methylase CcrMI; Identified by similarity to SP:Q45971; match to protein family HMM PF01555; Belongs to the N(4)/N(6)-methyltransferase family.
BARBAKC583_0414	340	360095.BARBAKC583_0414	360095	Bartonella bacilliformis KC583	mutY	A/G-specific adenine glycosylase; Adenine glycosylase active on G-A mispairs.
BARBAKC583_0416	341	360095.BARBAKC583_0416	360095	Bartonella bacilliformis KC583	ABM45638.1	Conserved hypothetical protein; Identified by match to protein family HMM PF06647.
BARBAKC583_0417	342	360095.BARBAKC583_0417	360095	Bartonella bacilliformis KC583	ABM45196.1	DSBA-like thioredoxin domain protein; Identified by match to protein family HMM PF01323.
BARBAKC583_0418	343	360095.BARBAKC583_0418	360095	Bartonella bacilliformis KC583	ppdK	Pyruvate, phosphate dikinase; Identified by match to protein family HMM PF00391; match to protein family HMM PF01326; match to protein family HMM PF02896; match to protein family HMM TIGR01828; Belongs to the PEP-utilizing enzyme family.
BARBAKC583_0420	344	360095.BARBAKC583_0420	360095	Bartonella bacilliformis KC583	sodB	Superoxide dismutase; Destroys radicals which are normally produced within the cells and which are toxic to biological systems. Belongs to the iron/manganese superoxide dismutase family.
BARBAKC583_0421	345	360095.BARBAKC583_0421	360095	Bartonella bacilliformis KC583	ABM45234.1	Identified by match to protein family HMM PF00326; match to protein family HMM PF02897.
BARBAKC583_0423	346	360095.BARBAKC583_0423	360095	Bartonella bacilliformis KC583	ABM45138.1	Transcriptional regulatory protein, ros/MucR family; Identified by similarity to SP:Q04152; match to protein family HMM PF05443.
BARBAKC583_0424	347	360095.BARBAKC583_0424	360095	Bartonella bacilliformis KC583	sufE	Cysteine desulfuration protein SufE; Identified by match to protein family HMM PF02657.
BARBAKC583_0425	348	360095.BARBAKC583_0425	360095	Bartonella bacilliformis KC583	ABM45532.1	Conserved hypothetical protein.
BARBAKC583_0426	349	360095.BARBAKC583_0426	360095	Bartonella bacilliformis KC583	ABM44818.1	Peptidoglycan binding domain protein; Identified by match to protein family HMM PF01471.
BARBAKC583_0427	350	360095.BARBAKC583_0427	360095	Bartonella bacilliformis KC583	ABM45598.1	Conserved hypothetical protein.
BARBAKC583_0428	351	360095.BARBAKC583_0428	360095	Bartonella bacilliformis KC583	feuP	Transcriptional regulator FeuP; Identified by similarity to GB:CAA73687.1; match to protein family HMM PF00072; match to protein family HMM PF00486.
BARBAKC583_0429	352	360095.BARBAKC583_0429	360095	Bartonella bacilliformis KC583	feuQ	Sensor histidine kinase FeuQ; Identified by similarity to GB:CAA62009.1; match to protein family HMM PF00512; match to protein family HMM PF02518.
BARBAKC583_0430	353	360095.BARBAKC583_0430	360095	Bartonella bacilliformis KC583	ABM44604.1	Putative cytochrome c-type biogenesis protein CycH; Identified by similarity to SP:P45400.
BARBAKC583_0431	354	360095.BARBAKC583_0431	360095	Bartonella bacilliformis KC583	cycJ	Cytochrome c-type biogenesis protein CycJ; Heme chaperone required for the biogenesis of c-type cytochromes. Transiently binds heme delivered by CcmC and transfers the heme to apo-cytochromes in a process facilitated by CcmF and CcmH. Belongs to the CcmE/CycJ family.
BARBAKC583_0432	355	360095.BARBAKC583_0432	360095	Bartonella bacilliformis KC583	cycK	Cytochrome c-type biogenesis protein CycK; Identified by match to protein family HMM PF01578.
BARBAKC583_0433	356	360095.BARBAKC583_0433	360095	Bartonella bacilliformis KC583	cycL	Cytochrome c-type biogenesis protein CycL; Possible subunit of a heme lyase.
BARBAKC583_0434	357	360095.BARBAKC583_0434	360095	Bartonella bacilliformis KC583	ABM44594.1	Identified by match to protein family HMM PF00089; match to protein family HMM PF00595; match to protein family HMM TIGR02037; Belongs to the peptidase S1C family.
BARBAKC583_0435	358	360095.BARBAKC583_0435	360095	Bartonella bacilliformis KC583	ABM44837.1	DNA-binding response regulator; Identified by match to protein family HMM PF00072; match to protein family HMM PF00486.
BARBAKC583_0436	359	360095.BARBAKC583_0436	360095	Bartonella bacilliformis KC583	ABM45452.1	Sensor histidine kinase; Identified by match to protein family HMM PF00512; match to protein family HMM PF00672; match to protein family HMM PF02518.
BARBAKC583_0438	360	360095.BARBAKC583_0438	360095	Bartonella bacilliformis KC583	ABM44919.1	Putative non-motile and phage-resistance protein; Identified by similarity to SP:P37894; match to protein family HMM PF00512; match to protein family HMM PF02518; match to protein family HMM PF08447; match to protein family HMM TIGR00229.
BARBAKC583_0439	361	360095.BARBAKC583_0439	360095	Bartonella bacilliformis KC583	pepN	Identified by similarity to SP:P37893; match to protein family HMM PF01433; match to protein family HMM TIGR02414.
BARBAKC583_0440	362	360095.BARBAKC583_0440	360095	Bartonella bacilliformis KC583	ABM45461.1	uracil-DNA glycosylase, family 4; Identified by match to protein family HMM PF03167; match to protein family HMM TIGR00758.
BARBAKC583_0441	363	360095.BARBAKC583_0441	360095	Bartonella bacilliformis KC583	thiD	Phosphomethylpyrimidine kinase; Identified by similarity to SP:P56904; match to protein family HMM PF01256; match to protein family HMM PF08543.
BARBAKC583_0442	364	360095.BARBAKC583_0442	360095	Bartonella bacilliformis KC583	thiE	Thiamine-phosphate pyrophosphorylase; Identified by similarity to SP:O34294; match to protein family HMM PF02581; match to protein family HMM TIGR00693.
BARBAKC583_0443	365	360095.BARBAKC583_0443	360095	Bartonella bacilliformis KC583	thiG	Thiazole biosynthesis protein ThiG; Catalyzes the rearrangement of 1-deoxy-D-xylulose 5-phosphate (DXP) to produce the thiazole phosphate moiety of thiamine. Sulfur is provided by the thiocarboxylate moiety of the carrier protein ThiS. In vitro, sulfur can be provided by H(2)S.
BARBAKC583_0444	366	360095.BARBAKC583_0444	360095	Bartonella bacilliformis KC583	thiS	Thiamine biosynthesis protein ThiS; Identified by match to protein family HMM PF02597; match to protein family HMM TIGR01683.
BARBAKC583_0445	367	360095.BARBAKC583_0445	360095	Bartonella bacilliformis KC583	ABM44665.1	Thiamine biosynthesis oxidoreductase; Identified by match to protein family HMM PF01266; match to protein family HMM TIGR02352.
BARBAKC583_0446	368	360095.BARBAKC583_0446	360095	Bartonella bacilliformis KC583	thiC	Thiamine biosynthesis protein ThiC; Catalyzes the synthesis of the hydroxymethylpyrimidine phosphate (HMP-P) moiety of thiamine from aminoimidazole ribotide (AIR) in a radical S-adenosyl-L-methionine (SAM)-dependent reaction.
BARBAKC583_0447	369	360095.BARBAKC583_0447	360095	Bartonella bacilliformis KC583	ABM44571.1	Porin family protein; Forms passive diffusion pores that allow small molecular weight hydrophilic materials across the outer membrane.
BARBAKC583_0450	370	360095.BARBAKC583_0450	360095	Bartonella bacilliformis KC583	ABM45615.1	Conserved hypothetical protein.
BARBAKC583_0452	371	360095.BARBAKC583_0452	360095	Bartonella bacilliformis KC583	ABM45458.1	Homology to a family of hypothetical proteins in Leptospira interrogans; identified by similarity to RF:NP_711581.1; match to protein family HMM PF07598.
BARBAKC583_0453	372	360095.BARBAKC583_0453	360095	Bartonella bacilliformis KC583	ABM44857.1	Identified by match to protein family HMM PF01471; match to protein family HMM PF01510.
BARBAKC583_0455	373	360095.BARBAKC583_0455	360095	Bartonella bacilliformis KC583	hmuV	Hemin ABC transporter, ATP-binding protein; Part of the ABC transporter complex HmuTUV involved in hemin import. Responsible for energy coupling to the transport system.
BARBAKC583_0456	374	360095.BARBAKC583_0456	360095	Bartonella bacilliformis KC583	hmuU	Hemin ABC transporter, permease protein; Identified by similarity to GB:CAC34394.1; match to protein family HMM PF01032; Belongs to the binding-protein-dependent transport system permease family. FecCD subfamily.
BARBAKC583_0457	375	360095.BARBAKC583_0457	360095	Bartonella bacilliformis KC583	hmuT	Hemin ABC transporter, periplasmic hemin-binding protein; Identified by similarity to GB:CAC34393.1; match to protein family HMM PF01497.
BARBAKC583_0458	376	360095.BARBAKC583_0458	360095	Bartonella bacilliformis KC583	hmuS	Hemin transport protein HmuS; Identified by similarity to GB:CAC34392.1; match to protein family HMM PF05171.
BARBAKC583_0460	377	360095.BARBAKC583_0460	360095	Bartonella bacilliformis KC583	ABM45677.1	TonB-dependent heme/hemoglobin receptor family protein; Identified by match to protein family HMM PF00593; match to protein family HMM PF07715; match to protein family HMM TIGR01785; match to protein family HMM TIGR01786.
BARBAKC583_0462	378	360095.BARBAKC583_0462	360095	Bartonella bacilliformis KC583	ABM45438.1	Transglycosylase, SLT domain protein; Identified by match to protein family HMM PF01464.
BARBAKC583_0463	379	360095.BARBAKC583_0463	360095	Bartonella bacilliformis KC583	ABM44896.1	Hypothetical protein; Identified by Glimmer2; putative.
BARBAKC583_0464	380	360095.BARBAKC583_0464	360095	Bartonella bacilliformis KC583	dapA	Dihydrodipicolinate synthase; Catalyzes the condensation of (S)-aspartate-beta-semialdehyde [(S)-ASA] and pyruvate to 4-hydroxy-tetrahydrodipicolinate (HTPA).
BARBAKC583_0465	381	360095.BARBAKC583_0465	360095	Bartonella bacilliformis KC583	smpB	SsrA-binding protein; Required for rescue of stalled ribosomes mediated by trans- translation. Binds to transfer-messenger RNA (tmRNA), required for stable association of tmRNA with ribosomes. tmRNA and SmpB together mimic tRNA shape, replacing the anticodon stem-loop with SmpB. tmRNA is encoded by the ssrA gene; the 2 termini fold to resemble tRNA(Ala) and it encodes a 'tag peptide', a short internal open reading frame. During trans-translation Ala-aminoacylated tmRNA acts like a tRNA, entering the A-site of stalled ribosomes, displacing the stalled mRNA. The ribosome then switches to [...] 
BARBAKC583_0466	382	360095.BARBAKC583_0466	360095	Bartonella bacilliformis KC583	ABM45111.1	Uracil DNA glycosylase family protein; Identified by match to protein family HMM PF03167.
BARBAKC583_0467	383	360095.BARBAKC583_0467	360095	Bartonella bacilliformis KC583	rpoZ	DNA-directed RNA polymerase, omega subunit; Promotes RNA polymerase assembly. Latches the N- and C- terminal regions of the beta' subunit thereby facilitating its interaction with the beta and alpha subunits.
BARBAKC583_0468	384	360095.BARBAKC583_0468	360095	Bartonella bacilliformis KC583	relA	GTP pyrophosphokinase; In eubacteria ppGpp (guanosine 3'-diphosphate 5-' diphosphate) is a mediator of the stringent response that coordinates a variety of cellular activities in response to changes in nutritional abundance.
BARBAKC583_0469	385	360095.BARBAKC583_0469	360095	Bartonella bacilliformis KC583	pyrE	Orotate phosphoribosyltransferase; Catalyzes the transfer of a ribosyl phosphate group from 5- phosphoribose 1-diphosphate to orotate, leading to the formation of orotidine monophosphate (OMP).
BARBAKC583_0470	386	360095.BARBAKC583_0470	360095	Bartonella bacilliformis KC583	ABM44830.1	Conserved hypothetical protein.
BARBAKC583_0471	387	360095.BARBAKC583_0471	360095	Bartonella bacilliformis KC583	acpS	Holo-(acyl-carrier-protein) synthase; Transfers the 4'-phosphopantetheine moiety from coenzyme A to a Ser of acyl-carrier-protein; Belongs to the P-Pant transferase superfamily. AcpS family.
BARBAKC583_0472	388	360095.BARBAKC583_0472	360095	Bartonella bacilliformis KC583	lepB	Signal peptidase I; Identified by match to protein family HMM PF00717; match to protein family HMM TIGR02227; Belongs to the peptidase S26 family.
BARBAKC583_0473	389	360095.BARBAKC583_0473	360095	Bartonella bacilliformis KC583	rnc	Ribonuclease III; Digests double-stranded RNA. Involved in the processing of primary rRNA transcript to yield the immediate precursors to the large and small rRNAs (23S and 16S). Processes some mRNAs, and tRNAs when they are encoded in the rRNA operon. Processes pre-crRNA and tracrRNA of type II CRISPR loci if present in the organism.
BARBAKC583_0474	390	360095.BARBAKC583_0474	360095	Bartonella bacilliformis KC583	era	GTP-binding protein Era; An essential GTPase that binds both GDP and GTP, with rapid nucleotide exchange. Plays a role in 16S rRNA processing and 30S ribosomal subunit biogenesis and possibly also in cell cycle regulation and energy metabolism.
BARBAKC583_0475	391	360095.BARBAKC583_0475	360095	Bartonella bacilliformis KC583	recO	DNA repair protein RecO; Involved in DNA repair and RecF pathway recombination.
BARBAKC583_0476	392	360095.BARBAKC583_0476	360095	Bartonella bacilliformis KC583	panC	Pantoate--beta-alanine ligase; Catalyzes the condensation of pantoate with beta-alanine in an ATP-dependent reaction via a pantoyl-adenylate intermediate. Belongs to the pantothenate synthetase family.
BARBAKC583_0477	393	360095.BARBAKC583_0477	360095	Bartonella bacilliformis KC583	panB	3-methyl-2-oxobutanoate hydroxymethyltransferase; Catalyzes the reversible reaction in which hydroxymethyl group from 5,10-methylenetetrahydrofolate is transferred onto alpha- ketoisovalerate to form ketopantoate; Belongs to the PanB family.
BARBAKC583_0479	394	360095.BARBAKC583_0479	360095	Bartonella bacilliformis KC583	ABM45527.1	Aminomethyltransferase; Identified by match to protein family HMM PF01571; match to protein family HMM PF08669.
BARBAKC583_0480	395	360095.BARBAKC583_0480	360095	Bartonella bacilliformis KC583	ABM44813.1	Identified by match to protein family HMM PF01979; match to protein family HMM PF07969; match to protein family HMM TIGR00857.
BARBAKC583_0481	396	360095.BARBAKC583_0481	360095	Bartonella bacilliformis KC583	cysS	cysteinyl-tRNA synthetase; Identified by match to protein family HMM PF01406; match to protein family HMM TIGR00435; Belongs to the class-I aminoacyl-tRNA synthetase family.
BARBAKC583_0482	397	360095.BARBAKC583_0482	360095	Bartonella bacilliformis KC583	ABM44972.1	ABC transporter, permease/ATP-binding protein; Identified by match to protein family HMM PF00005; match to protein family HMM PF00664.
BARBAKC583_0483	398	360095.BARBAKC583_0483	360095	Bartonella bacilliformis KC583	psd	Phosphatidylserine decarboxylase; Catalyzes the formation of phosphatidylethanolamine (PtdEtn) from phosphatidylserine (PtdSer).
BARBAKC583_0484	399	360095.BARBAKC583_0484	360095	Bartonella bacilliformis KC583	pssA	CDP-diacylglycerol--serine O-phosphatidyltransferase; Identified by match to protein family HMM PF01066; Belongs to the CDP-alcohol phosphatidyltransferase class-I family.
BARBAKC583_0485	400	360095.BARBAKC583_0485	360095	Bartonella bacilliformis KC583	ABM45221.1	Oxidoreductase, short chain dehydrogenase/reductase family; Identified by match to protein family HMM PF00106; match to protein family HMM PF08659.
BARBAKC583_0486	401	360095.BARBAKC583_0486	360095	Bartonella bacilliformis KC583	cvpA1	Amidophosphoribosyltransferase; Catalyzes the formation of phosphoribosylamine from phosphoribosylpyrophosphate (PRPP) and glutamine.
BARBAKC583_0487	402	360095.BARBAKC583_0487	360095	Bartonella bacilliformis KC583	cvpA2	CvpA protein; Identified by match to protein family HMM PF02674.
BARBAKC583_0488	403	360095.BARBAKC583_0488	360095	Bartonella bacilliformis KC583	cvpA	CvpA protein; Identified by match to protein family HMM PF02674.
BARBAKC583_0489	404	360095.BARBAKC583_0489	360095	Bartonella bacilliformis KC583	radA	DNA repair protein RadA; DNA-dependent ATPase involved in processing of recombination intermediates, plays a role in repairing DNA breaks. Stimulates the branch migration of RecA-mediated strand transfer reactions, allowing the 3' invading strand to extend heteroduplex DNA faster. Binds ssDNA in the presence of ADP but not other nucleotides, has ATPase activity that is stimulated by ssDNA and various branched DNA structures, but inhibited by SSB. Does not have RecA's homology-searching function.
BARBAKC583_0490	405	360095.BARBAKC583_0490	360095	Bartonella bacilliformis KC583	dnaB	Replicative DNA helicase; Participates in initiation and elongation during chromosome replication; it exhibits DNA-dependent ATPase activity and contains distinct active sites for ATP binding, DNA binding, and interaction with DnaC protein, primase, and other prepriming proteins. Belongs to the helicase family. DnaB subfamily.
BARBAKC583_0491	406	360095.BARBAKC583_0491	360095	Bartonella bacilliformis KC583	rplI	Ribosomal protein L9; Binds to the 23S rRNA.
BARBAKC583_0492	407	360095.BARBAKC583_0492	360095	Bartonella bacilliformis KC583	ABM45299.1	Putative membrane protein.
BARBAKC583_0493	408	360095.BARBAKC583_0493	360095	Bartonella bacilliformis KC583	rpsR	Ribosomal protein S18; Binds as a heterodimer with protein S6 to the central domain of the 16S rRNA, where it helps stabilize the platform of the 30S subunit; Belongs to the bacterial ribosomal protein bS18 family.
BARBAKC583_0494	409	360095.BARBAKC583_0494	360095	Bartonella bacilliformis KC583	rpsF	Ribosomal protein S6; Binds together with S18 to 16S ribosomal RNA.
BARBAKC583_0495	410	360095.BARBAKC583_0495	360095	Bartonella bacilliformis KC583	ABM45689.1	PAP2 superfamily protein; Identified by match to protein family HMM PF01569.
BARBAKC583_0496	411	360095.BARBAKC583_0496	360095	Bartonella bacilliformis KC583	fabD	Malonyl CoA-acyl carrier protein transacylase; Identified by match to protein family HMM PF00698; match to protein family HMM TIGR00128.
BARBAKC583_0497	412	360095.BARBAKC583_0497	360095	Bartonella bacilliformis KC583	fabG	3-oxoacyl-(acyl-carrier-protein) reductase; Catalyzes the NADPH-dependent reduction of beta-ketoacyl-ACP substrates to beta-hydroxyacyl-ACP products, the first reductive step in the elongation cycle of fatty acid biosynthesis. Belongs to the short-chain dehydrogenases/reductases (SDR) family.
BARBAKC583_0498	413	360095.BARBAKC583_0498	360095	Bartonella bacilliformis KC583	acpP	Acyl carrier protein; Carrier of the growing fatty acid chain in fatty acid biosynthesis; Belongs to the acyl carrier protein (ACP) family.
BARBAKC583_0499	414	360095.BARBAKC583_0499	360095	Bartonella bacilliformis KC583	fabF	3-oxoacyl-[acyl-carrier-protein] synthase 2; Catalyzes the condensation reaction of fatty acid synthesis by the addition to an acyl acceptor of two carbons from malonyl-ACP.
BARBAKC583_0501	415	360095.BARBAKC583_0501	360095	Bartonella bacilliformis KC583	mltG	Conserved hypothetical protein; Functions as a peptidoglycan terminase that cleaves nascent peptidoglycan strands endolytically to terminate their elongation. Belongs to the transglycosylase MltG family.
BARBAKC583_0502	416	360095.BARBAKC583_0502	360095	Bartonella bacilliformis KC583	gmk	Guanylate kinase; Essential for recycling GMP and indirectly, cGMP.
BARBAKC583_0503	417	360095.BARBAKC583_0503	360095	Bartonella bacilliformis KC583	ksgA	Dimethyladenosine transferase; Specifically dimethylates two adjacent adenosines (A1518 and A1519) in the loop of a conserved hairpin near the 3'-end of 16S rRNA in the 30S particle. May play a critical role in biogenesis of 30S subunits.
BARBAKC583_0504	418	360095.BARBAKC583_0504	360095	Bartonella bacilliformis KC583	pdxA	4-hydroxythreonine-4-phosphate dehydrogenase; Catalyzes the NAD(P)-dependent oxidation of 4-(phosphooxy)-L- threonine (HTP) into 2-amino-3-oxo-4-(phosphooxy)butyric acid which spontaneously decarboxylates to form 3-amino-2-oxopropyl phosphate (AHAP).
BARBAKC583_0505	419	360095.BARBAKC583_0505	360095	Bartonella bacilliformis KC583	ABM44820.1	SurA domain protein; Identified by match to protein family HMM PF09312.
BARBAKC583_0506	420	360095.BARBAKC583_0506	360095	Bartonella bacilliformis KC583	lptD	Organic solvent tolerance protein; Involved in the assembly of lipopolysaccharide (LPS) at the surface of the outer membrane; Belongs to the LptD family.
BARBAKC583_0507	421	360095.BARBAKC583_0507	360095	Bartonella bacilliformis KC583	ABM44619.1	Putative permease, YjgP/YjgQ family; Identified by match to protein family HMM PF03739.
BARBAKC583_0508	422	360095.BARBAKC583_0508	360095	Bartonella bacilliformis KC583	ABM45291.1	Putative permease, YjgP/YjgQ family; Identified by match to protein family HMM PF03739.
BARBAKC583_0509	423	360095.BARBAKC583_0509	360095	Bartonella bacilliformis KC583	holC	DNA polymerase III, chi subunit; Identified by match to protein family HMM PF04364.
BARBAKC583_0510	424	360095.BARBAKC583_0510	360095	Bartonella bacilliformis KC583	ABM45401.1	Hypothetical protein; Identified by Glimmer2; putative.
BARBAKC583_0511	425	360095.BARBAKC583_0511	360095	Bartonella bacilliformis KC583	ABM44547.1	Putative membrane protein.
BARBAKC583_0512	426	360095.BARBAKC583_0512	360095	Bartonella bacilliformis KC583	ABM45243.1	Putative adhesin/invasin; Identified by similarity to GB:AAD41751.1; match to protein family HMM PF03212; match to protein family HMM PF03797; match to protein family HMM TIGR01414.
BARBAKC583_0513	427	360095.BARBAKC583_0513	360095	Bartonella bacilliformis KC583	ABM45020.1	Putative adhesin/invasin; Identified by similarity to GB:AAD41751.1; match to protein family HMM PF03212; match to protein family HMM PF03797; match to protein family HMM TIGR01414.
BARBAKC583_0514	428	360095.BARBAKC583_0514	360095	Bartonella bacilliformis KC583	ndk	Nucleoside diphosphate kinase; Major role in the synthesis of nucleoside triphosphates other than ATP. The ATP gamma phosphate is transferred to the NDP beta phosphate via a ping-pong mechanism, using a phosphorylated active-site intermediate; Belongs to the NDK family.
BARBAKC583_0515	429	360095.BARBAKC583_0515	360095	Bartonella bacilliformis KC583	pgsA	CDP-diacylglycerol--glycerol-3-phosphate 3-phosphatidyltransferase; Identified by match to protein family HMM PF01066; match to protein family HMM TIGR00560; Belongs to the CDP-alcohol phosphatidyltransferase class-I family.
BARBAKC583_0516	430	360095.BARBAKC583_0516	360095	Bartonella bacilliformis KC583	uvrC	Excinuclease ABC, C subunit; The UvrABC repair system catalyzes the recognition and processing of DNA lesions. UvrC both incises the 5' and 3' sides of the lesion. The N-terminal half is responsible for the 3' incision and the C-terminal half is responsible for the 5' incision.
BARBAKC583_0517	431	360095.BARBAKC583_0517	360095	Bartonella bacilliformis KC583	rlmJ	yhiR family protein; Specifically methylates the adenine in position 2030 of 23S rRNA.
BARBAKC583_0519	432	360095.BARBAKC583_0519	360095	Bartonella bacilliformis KC583	serS	seryl-tRNA synthetase; Catalyzes the attachment of serine to tRNA(Ser). Is also able to aminoacylate tRNA(Sec) with serine, to form the misacylated tRNA L- seryl-tRNA(Sec), which will be further converted into selenocysteinyl- tRNA(Sec).
BARBAKC583_0520	433	360095.BARBAKC583_0520	360095	Bartonella bacilliformis KC583	ABM45392.1	Putative protein-L-isoaspartate O-methyltransferase; Identified by match to protein family HMM PF01135.
BARBAKC583_0521	434	360095.BARBAKC583_0521	360095	Bartonella bacilliformis KC583	ABM45262.1	LysM/M23 peptidase domain protein; Identified by match to protein family HMM PF01476; match to protein family HMM PF01551.
BARBAKC583_0523	435	360095.BARBAKC583_0523	360095	Bartonella bacilliformis KC583	yajC	Preprotein translocase, YajC subunit; The SecYEG-SecDF-YajC-YidC holo-translocon (HTL) protein secretase/insertase is a supercomplex required for protein secretion, insertion of proteins into membranes, and assembly of membrane protein complexes. While the SecYEG complex is essential for assembly of a number of proteins and complexes, the SecDF-YajC-YidC subcomplex facilitates these functions.
BARBAKC583_0525	436	360095.BARBAKC583_0525	360095	Bartonella bacilliformis KC583	ABM44525.1	Conserved hypothetical protein; Identified by similarity to PDB:2FVT_A; match to protein family HMM PF04430.
BARBAKC583_0526	437	360095.BARBAKC583_0526	360095	Bartonella bacilliformis KC583	ABM45597.1	Conserved hypothetical protein.
BARBAKC583_0527	438	360095.BARBAKC583_0527	360095	Bartonella bacilliformis KC583	ABM44807.1	Conserved hypothetical protein; Identified by similarity to RF:YP_033401.1.
BARBAKC583_0528	439	360095.BARBAKC583_0528	360095	Bartonella bacilliformis KC583	tpiA	Triosephosphate isomerase; Involved in the gluconeogenesis. Catalyzes stereospecifically the conversion of dihydroxyacetone phosphate (DHAP) to D- glyceraldehyde-3-phosphate (G3P); Belongs to the triosephosphate isomerase family.
BARBAKC583_0529	440	360095.BARBAKC583_0529	360095	Bartonella bacilliformis KC583	secG	Preprotein translocase, SecG subunit; Involved in protein export. Participates in an early event of protein translocation; Belongs to the SecG family.
BARBAKC583_0530	441	360095.BARBAKC583_0530	360095	Bartonella bacilliformis KC583	pyrG	CTP synthase; Catalyzes the ATP-dependent amination of UTP to CTP with either L-glutamine or ammonia as the source of nitrogen. Regulates intracellular CTP levels through interactions with the four ribonucleotide triphosphates.
BARBAKC583_0531	442	360095.BARBAKC583_0531	360095	Bartonella bacilliformis KC583	kdsA	3-deoxy-8-phosphooctulonate synthase; Identified by match to protein family HMM PF00793; match to protein family HMM TIGR01362; Belongs to the KdsA family.
BARBAKC583_0532	443	360095.BARBAKC583_0532	360095	Bartonella bacilliformis KC583	eno	Phosphopyruvate hydratase; Catalyzes the reversible conversion of 2-phosphoglycerate into phosphoenolpyruvate. It is essential for the degradation of carbohydrates via glycolysis; Belongs to the enolase family.
BARBAKC583_0533	444	360095.BARBAKC583_0533	360095	Bartonella bacilliformis KC583	ABM45591.1	Septum formation initiator family protein; Identified by match to protein family HMM PF04977.
BARBAKC583_0534	445	360095.BARBAKC583_0534	360095	Bartonella bacilliformis KC583	pdhA	Pyruvate dehydrogenase E1 component, alpha subunit; The pyruvate dehydrogenase complex catalyzes the overall conversion of pyruvate to acetyl-CoA and CO(2).
BARBAKC583_0535	446	360095.BARBAKC583_0535	360095	Bartonella bacilliformis KC583	pdhB	Pyruvate dehydrogenase E1 component subunit beta; The pyruvate dehydrogenase complex catalyzes the overall conversion of pyruvate to acetyl-CoA and CO2.
BARBAKC583_0536	447	360095.BARBAKC583_0536	360095	Bartonella bacilliformis KC583	pdhC	Pyruvate dehydrogenase complex dihydrolipoamide acetyltransferase; The pyruvate dehydrogenase complex catalyzes the overall conversion of pyruvate to acetyl-CoA and CO(2).
BARBAKC583_0537	448	360095.BARBAKC583_0537	360095	Bartonella bacilliformis KC583	lpdA2	Dihydrolipoamide dehydrogenase; Identified by similarity to SP:P50970; match to protein family HMM PF00070; match to protein family HMM PF00890; match to protein family HMM PF02852; match to protein family HMM PF07992; match to protein family HMM TIGR01350.
BARBAKC583_0538	449	360095.BARBAKC583_0538	360095	Bartonella bacilliformis KC583	lipA	Lipoic acid synthetase; Catalyzes the radical-mediated insertion of two sulfur atoms into the C-6 and C-8 positions of the octanoyl moiety bound to the lipoyl domains of lipoate-dependent enzymes, thereby converting the octanoylated domains into lipoylated derivatives.
BARBAKC583_0539	450	360095.BARBAKC583_0539	360095	Bartonella bacilliformis KC583	ABM44484.1	Identified by match to protein family HMM PF03364.
BARBAKC583_0540	451	360095.BARBAKC583_0540	360095	Bartonella bacilliformis KC583	ispDF	IspD/IspF bifunctional enzyme; Bifunctional enzyme that catalyzes the formation of 4- diphosphocytidyl-2-C-methyl-D-erythritol from CTP and 2-C-methyl-D- erythritol 4-phosphate (MEP) (IspD), and catalyzes the conversion of 4- diphosphocytidyl-2-C-methyl-D-erythritol 2-phosphate (CDP-ME2P) to 2-C- methyl-D-erythritol 2,4-cyclodiphosphate (ME-CPP) with a corresponding release of cytidine 5-monophosphate (CMP) (IspF); In the N-terminal section; belongs to the IspD/TarI cytidylyltransferase family. IspD subfamily.
BARBAKC583_0542	452	360095.BARBAKC583_0542	360095	Bartonella bacilliformis KC583	ntrY	Nitrogen regulation protein NtrY; Identified by similarity to SP:Q04850; match to protein family HMM PF00512; match to protein family HMM PF00672; match to protein family HMM PF00989; match to protein family HMM PF02518; match to protein family HMM TIGR00229.
BARBAKC583_0543	453	360095.BARBAKC583_0543	360095	Bartonella bacilliformis KC583	ntrX	Nitrogen assimilation regulatory protein NtrX; Identified by similarity to SP:Q04849; match to protein family HMM PF00072; match to protein family HMM PF00158; match to protein family HMM PF02954.
BARBAKC583_0544	454	360095.BARBAKC583_0544	360095	Bartonella bacilliformis KC583	trkA	Potassium uptake protein TrkA; Identified by similarity to GB:AAR91791.1; match to protein family HMM PF02080; match to protein family HMM PF02254.
BARBAKC583_0546	455	360095.BARBAKC583_0546	360095	Bartonella bacilliformis KC583	clpP	ATP-dependent Clp protease, proteolytic subunit ClpP; Cleaves peptides in various proteins in a process that requires ATP hydrolysis. Has a chymotrypsin-like activity. Plays a major role in the degradation of misfolded proteins. Belongs to the peptidase S14 family.
BARBAKC583_0547	456	360095.BARBAKC583_0547	360095	Bartonella bacilliformis KC583	clpX	ATP-dependent Clp protease, ATP-binding subunit ClpX; ATP-dependent specificity component of the Clp protease. It directs the protease to specific substrates. Can perform chaperone functions in the absence of ClpP.
BARBAKC583_0548	457	360095.BARBAKC583_0548	360095	Bartonella bacilliformis KC583	lon	ATP-dependent protease La; ATP-dependent serine protease that mediates the selective degradation of mutant and abnormal proteins as well as certain short- lived regulatory proteins. Required for cellular homeostasis and for survival from DNA damage and developmental changes induced by stress. Degrades polypeptides processively to yield small peptide fragments that are 5 to 10 amino acids long. Binds to DNA in a double-stranded, site-specific manner.
BARBAKC583_0550	458	360095.BARBAKC583_0550	360095	Bartonella bacilliformis KC583	hupB	DNA-binding protein HU-beta; Histone-like DNA-binding protein which is capable of wrapping DNA to stabilize it, and thus to prevent its denaturation under extreme environmental conditions.
BARBAKC583_0551	459	360095.BARBAKC583_0551	360095	Bartonella bacilliformis KC583	gid	Gid protein; Catalyzes the folate-dependent formation of 5-methyl-uridine at position 54 (M-5-U54) in all tRNAs; Belongs to the MnmG family. TrmFO subfamily.
BARBAKC583_0553	460	360095.BARBAKC583_0553	360095	Bartonella bacilliformis KC583	tig	Trigger factor; Involved in protein export. Acts as a chaperone by maintaining the newly synthesized protein in an open conformation. Functions as a peptidyl-prolyl cis-trans isomerase; Belongs to the FKBP-type PPIase family. Tig subfamily.
BARBAKC583_0554	461	360095.BARBAKC583_0554	360095	Bartonella bacilliformis KC583	gatB	glutamyl-tRNA(Gln) and/or aspartyl-tRNA(Asn) amidotransferase, B subunit; Allows the formation of correctly charged Asn-tRNA(Asn) or Gln-tRNA(Gln) through the transamidation of misacylated Asp-tRNA(Asn) or Glu-tRNA(Gln) in organisms which lack either or both of asparaginyl- tRNA or glutaminyl-tRNA synthetases. The reaction takes place in the presence of glutamine and ATP through an activated phospho-Asp- tRNA(Asn) or phospho-Glu-tRNA(Gln); Belongs to the GatB/GatE family. GatB subfamily.
BARBAKC583_0555	462	360095.BARBAKC583_0555	360095	Bartonella bacilliformis KC583	ABM45605.1	Putative NADH dehydrogenase (ubiquinone); Identified by match to protein family HMM PF05071.
BARBAKC583_0556	463	360095.BARBAKC583_0556	360095	Bartonella bacilliformis KC583	ABM45125.1	Conserved hypothetical protein.
BARBAKC583_0557	464	360095.BARBAKC583_0557	360095	Bartonella bacilliformis KC583	ABM44458.1	Hypothetical protein; Identified by Glimmer2; putative.
BARBAKC583_0558	465	360095.BARBAKC583_0558	360095	Bartonella bacilliformis KC583	ABM45187.1	RNA methyltransferase, TrmH family; Identified by match to protein family HMM PF00588; match to protein family HMM PF08032; Belongs to the class IV-like SAM-binding methyltransferase superfamily. RNA methyltransferase TrmH family.
BARBAKC583_0559	466	360095.BARBAKC583_0559	360095	Bartonella bacilliformis KC583	ABM44643.1	Peptidase, S54 family; Identified by match to protein family HMM PF01694.
BARBAKC583_0563	467	360095.BARBAKC583_0563	360095	Bartonella bacilliformis KC583	tuf1	Translation elongation factor Tu; This protein promotes the GTP-dependent binding of aminoacyl- tRNA to the A-site of ribosomes during protein biosynthesis.
BARBAKC583_0565	468	360095.BARBAKC583_0565	360095	Bartonella bacilliformis KC583	secE	Preprotein translocase, SecE subunit; Essential subunit of the Sec protein translocation channel SecYEG. Clamps together the 2 halves of SecY. May contact the channel plug during translocation.
BARBAKC583_0566	469	360095.BARBAKC583_0566	360095	Bartonella bacilliformis KC583	nusG	Transcription termination/antitermination factor NusG; Participates in transcription elongation, termination and antitermination.
BARBAKC583_0567	470	360095.BARBAKC583_0567	360095	Bartonella bacilliformis KC583	rplK	Ribosomal protein L11; Forms part of the ribosomal stalk which helps the ribosome interact with GTP-bound translation factors.
BARBAKC583_0568	471	360095.BARBAKC583_0568	360095	Bartonella bacilliformis KC583	rplA	Ribosomal protein L1; Binds directly to 23S rRNA. The L1 stalk is quite mobile in the ribosome, and is involved in E site tRNA release.
BARBAKC583_0569	472	360095.BARBAKC583_0569	360095	Bartonella bacilliformis KC583	rplJ	Ribosomal protein L10; Forms part of the ribosomal stalk, playing a central role in the interaction of the ribosome with GTP-bound translation factors. Belongs to the universal ribosomal protein uL10 family.
BARBAKC583_0570	473	360095.BARBAKC583_0570	360095	Bartonella bacilliformis KC583	rplL	Ribosomal protein L7/L12; Forms part of the ribosomal stalk which helps the ribosome interact with GTP-bound translation factors. Is thus essential for accurate translation; Belongs to the bacterial ribosomal protein bL12 family.
BARBAKC583_0571	474	360095.BARBAKC583_0571	360095	Bartonella bacilliformis KC583	rpoB	DNA-directed RNA polymerase, beta subunit; DNA-dependent RNA polymerase catalyzes the transcription of DNA into RNA using the four ribonucleoside triphosphates as substrates.
BARBAKC583_0572	475	360095.BARBAKC583_0572	360095	Bartonella bacilliformis KC583	rpoC	DNA-directed RNA polymerase, beta' subunit; DNA-dependent RNA polymerase catalyzes the transcription of DNA into RNA using the four ribonucleoside triphosphates as substrates.
BARBAKC583_0573	476	360095.BARBAKC583_0573	360095	Bartonella bacilliformis KC583	ABM44666.1	Identified by match to protein family HMM PF00881.
BARBAKC583_0577	477	360095.BARBAKC583_0577	360095	Bartonella bacilliformis KC583	ABM45068.1	D-alanyl-D-alanine carboxypeptidase; Identified by match to protein family HMM PF00768; match to protein family HMM PF05036; Belongs to the peptidase S11 family.
BARBAKC583_0579	478	360095.BARBAKC583_0579	360095	Bartonella bacilliformis KC583	ABM45427.1	Histidine triad domain protein; Identified by match to protein family HMM PF01230.
BARBAKC583_0580	479	360095.BARBAKC583_0580	360095	Bartonella bacilliformis KC583	clpA	ATP-dependent Clp protease ATP-binding subunit ClpA; Identified by match to protein family HMM PF00004; match to protein family HMM PF02861; match to protein family HMM PF07724; match to protein family HMM PF07728; match to protein family HMM TIGR02639; Belongs to the ClpA/ClpB family.
BARBAKC583_0581	480	360095.BARBAKC583_0581	360095	Bartonella bacilliformis KC583	ABM44775.1	Endoribonuclease L-PSP; Identified by match to protein family HMM PF01042.
BARBAKC583_0582	481	360095.BARBAKC583_0582	360095	Bartonella bacilliformis KC583	ABM45501.1	Conserved hypothetical protein; Identified by similarity to RF:YP_221870.1; match to protein family HMM PF08904.
BARBAKC583_0583	482	360095.BARBAKC583_0583	360095	Bartonella bacilliformis KC583	rpsB	Ribosomal protein S2; Identified by match to protein family HMM PF00318; match to protein family HMM TIGR01011; Belongs to the universal ribosomal protein uS2 family.
BARBAKC583_0584	483	360095.BARBAKC583_0584	360095	Bartonella bacilliformis KC583	tsf	Translation elongation factor Ts; Associates with the EF-Tu.GDP complex and induces the exchange of GDP to GTP. It remains bound to the aminoacyl-tRNA.EF- Tu.GTP complex up to the GTP hydrolysis stage on the ribosome. Belongs to the EF-Ts family.
BARBAKC583_0585	484	360095.BARBAKC583_0585	360095	Bartonella bacilliformis KC583	pyrH	Uridylate kinase; Catalyzes the reversible phosphorylation of UMP to UDP.
BARBAKC583_0586	485	360095.BARBAKC583_0586	360095	Bartonella bacilliformis KC583	frr	Ribosome recycling factor; Responsible for the release of ribosomes from messenger RNA at the termination of protein biosynthesis. May increase the efficiency of translation by recycling ribosomes from one round of translation to another; Belongs to the RRF family.
BARBAKC583_0587	486	360095.BARBAKC583_0587	360095	Bartonella bacilliformis KC583	cdsA	Phosphatidate cytidylyltransferase; Identified by match to protein family HMM PF01148; Belongs to the CDS family.
BARBAKC583_0589	487	360095.BARBAKC583_0589	360095	Bartonella bacilliformis KC583	bamA	Surface antigen/outer membrane protein, OMP85 family; Part of the outer membrane protein assembly complex, which is involved in assembly and insertion of beta-barrel proteins into the outer membrane.
BARBAKC583_0590	488	360095.BARBAKC583_0590	360095	Bartonella bacilliformis KC583	lpxD	UDP-3-O-[3-hydroxymyristoyl] glucosamine N-acyltransferase; Catalyzes the N-acylation of UDP-3-O-acylglucosamine using 3- hydroxyacyl-ACP as the acyl donor. Is involved in the biosynthesis of lipid A, a phosphorylated glycolipid that anchors the lipopolysaccharide to the outer membrane of the cell. Belongs to the transferase hexapeptide repeat family. LpxD subfamily.
BARBAKC583_0591	489	360095.BARBAKC583_0591	360095	Bartonella bacilliformis KC583	fabZ	Beta-hydroxyacyl-(acyl-carrier-protein) dehydratase FabZ; Involved in unsaturated fatty acids biosynthesis. Catalyzes the dehydration of short chain beta-hydroxyacyl-ACPs and long chain saturated and unsaturated beta-hydroxyacyl-ACPs.
BARBAKC583_0592	490	360095.BARBAKC583_0592	360095	Bartonella bacilliformis KC583	lpxA	acyl-[acyl-carrier-protein]--UDP-N- acetylglucosamine O-acyltransferase; Involved in the biosynthesis of lipid A, a phosphorylated glycolipid that anchors the lipopolysaccharide to the outer membrane of the cell.
BARBAKC583_0593	491	360095.BARBAKC583_0593	360095	Bartonella bacilliformis KC583	ABM45506.1	Conserved hypothetical protein; Identified by similarity to RF:YP_221856.1; match to protein family HMM PF06230.
BARBAKC583_0594	492	360095.BARBAKC583_0594	360095	Bartonella bacilliformis KC583	lpxB	lipid-A-disaccharide synthase; Condensation of UDP-2,3-diacylglucosamine and 2,3- diacylglucosamine-1-phosphate to form lipid A disaccharide, a precursor of lipid A, a phosphorylated glycolipid that anchors the lipopolysaccharide to the outer membrane of the cell.
BARBAKC583_0595	493	360095.BARBAKC583_0595	360095	Bartonella bacilliformis KC583	ABM45656.1	Amino acid ABC transporter, ATP-binding protein; Identified by match to protein family HMM PF00005.
BARBAKC583_0596	494	360095.BARBAKC583_0596	360095	Bartonella bacilliformis KC583	ABM45185.1	Amino acid ABC transporter, permease protein; Identified by match to protein family HMM PF00528; match to protein family HMM TIGR01726.
BARBAKC583_0597	495	360095.BARBAKC583_0597	360095	Bartonella bacilliformis KC583	ABM44521.1	Amino acid ABC transporter, permease protein; Identified by match to protein family HMM PF00528; match to protein family HMM TIGR01726.
BARBAKC583_0598	496	360095.BARBAKC583_0598	360095	Bartonella bacilliformis KC583	ABM45106.1	Amino acid ABC transporter, periplasmic amino acid-binding protein; Identified by match to protein family HMM PF00497.
BARBAKC583_0599	497	360095.BARBAKC583_0599	360095	Bartonella bacilliformis KC583	gltA	Citrate synthase I; Identified by match to protein family HMM PF00285; match to protein family HMM TIGR01798; Belongs to the citrate synthase family.
BARBAKC583_0600	498	360095.BARBAKC583_0600	360095	Bartonella bacilliformis KC583	gltX1	glutamyl-tRNA synthetase; Catalyzes the attachment of glutamate to tRNA(Glu) in a two- step reaction: glutamate is first activated by ATP to form Glu-AMP and then transferred to the acceptor end of tRNA(Glu); Belongs to the class-I aminoacyl-tRNA synthetase family. Glutamate--tRNA ligase type 1 subfamily.
BARBAKC583_0601	499	360095.BARBAKC583_0601	360095	Bartonella bacilliformis KC583	ABM44426.1	Identified by match to protein family HMM PF03772; match to protein family HMM TIGR00360.
BARBAKC583_0602	500	360095.BARBAKC583_0602	360095	Bartonella bacilliformis KC583	rpiA	Ribose 5-phosphate isomerase A; Catalyzes the reversible conversion of ribose-5-phosphate to ribulose 5-phosphate.
BARBAKC583_0603	501	360095.BARBAKC583_0603	360095	Bartonella bacilliformis KC583	ABM44599.1	Conserved hypothetical protein.
BARBAKC583_0604	502	360095.BARBAKC583_0604	360095	Bartonella bacilliformis KC583	gor	Glutathione-disulfide reductase; Maintains high levels of reduced glutathione.
BARBAKC583_0605	503	360095.BARBAKC583_0605	360095	Bartonella bacilliformis KC583	ABM45115.1	3-deoxy-7-phosphoheptulonate synthase; Identified by match to protein family HMM PF01474; match to protein family HMM TIGR01358.
BARBAKC583_0606	504	360095.BARBAKC583_0606	360095	Bartonella bacilliformis KC583	nadE	Glutamine-dependent NAD(+) synthetase; Catalyzes the ATP-dependent amidation of deamido-NAD to form NAD. Uses L-glutamine as a nitrogen source.
BARBAKC583_0607	505	360095.BARBAKC583_0607	360095	Bartonella bacilliformis KC583	gltX2	glutamyl-tRNA synthetase; Catalyzes the attachment of glutamate to tRNA(Glu) in a two- step reaction: glutamate is first activated by ATP to form Glu-AMP and then transferred to the acceptor end of tRNA(Glu); Belongs to the class-I aminoacyl-tRNA synthetase family. Glutamate--tRNA ligase type 1 subfamily.
BARBAKC583_0608	506	360095.BARBAKC583_0608	360095	Bartonella bacilliformis KC583	ABM45423.1	DEAD/DEAH box helicase domain/helicase conserved C-terminal domain protein; Identified by match to protein family HMM PF00270; match to protein family HMM PF00271; Belongs to the DEAD box helicase family.
BARBAKC583_0609	507	360095.BARBAKC583_0609	360095	Bartonella bacilliformis KC583	nadK	NAD(+)/NADH kinase; Involved in the regulation of the intracellular balance of NAD and NADP, and is a key enzyme in the biosynthesis of NADP. Catalyzes specifically the phosphorylation on 2'-hydroxyl of the adenosine moiety of NAD to yield NADP.
BARBAKC583_0612	508	360095.BARBAKC583_0612	360095	Bartonella bacilliformis KC583	ABM44957.1	Response regulator; Identified by match to protein family HMM PF00072.
BARBAKC583_0614	509	360095.BARBAKC583_0614	360095	Bartonella bacilliformis KC583	ABM44842.1	Identified by match to protein family HMM PF00011; Belongs to the small heat shock protein (HSP20) family.
BARBAKC583_0616	510	360095.BARBAKC583_0616	360095	Bartonella bacilliformis KC583	ABM44597.1	Putative FeS assembly scaffold SufA; Identified by match to protein family HMM PF01521; match to protein family HMM TIGR00049; match to protein family HMM TIGR01997; Belongs to the HesB/IscA family.
BARBAKC583_0617	511	360095.BARBAKC583_0617	360095	Bartonella bacilliformis KC583	ABM45356.1	Bacterial lipid A biosynthesis acyltransferase; Identified by match to protein family HMM PF03279.
BARBAKC583_0618	512	360095.BARBAKC583_0618	360095	Bartonella bacilliformis KC583	ABM44438.1	Oxidoreductase, zinc-binding dehydrogenase family; Identified by match to protein family HMM PF00107; match to protein family HMM PF08240.
BARBAKC583_0619	513	360095.BARBAKC583_0619	360095	Bartonella bacilliformis KC583	ABM45157.1	Putative 3-oxoacyl-(acyl carrier protein) synthase; Identified by similarity to PDB:1J3N_A; match to protein family HMM PF00109; match to protein family HMM PF02801; Belongs to the thiolase-like superfamily. Beta-ketoacyl-ACP synthases family.
BARBAKC583_0620	514	360095.BARBAKC583_0620	360095	Bartonella bacilliformis KC583	ABM44721.1	3-oxoacyl-(acyl-carrier-protein) synthase domain protein; Identified by similarity to RF:NP_770449.1.
BARBAKC583_0621	515	360095.BARBAKC583_0621	360095	Bartonella bacilliformis KC583	ABM45478.1	Putative acyl carrier protein; Identified by match to protein family HMM PF00550.
BARBAKC583_0622	516	360095.BARBAKC583_0622	360095	Bartonella bacilliformis KC583	dme	NAD-dependent malic enzyme; Identified by similarity to SP:O30807; match to protein family HMM PF00390; match to protein family HMM PF01515; match to protein family HMM PF03949.
BARBAKC583_0623	517	360095.BARBAKC583_0623	360095	Bartonella bacilliformis KC583	ABM45325.1	Conserved hypothetical protein; Identified by similarity to RF:YP_032195.1.
BARBAKC583_0624	518	360095.BARBAKC583_0624	360095	Bartonella bacilliformis KC583	hfq	RNA chaperone Hfq; RNA chaperone that binds small regulatory RNA (sRNAs) and mRNAs to facilitate mRNA translational regulation in response to envelope stress, environmental stress and changes in metabolite concentrations. Also binds with high specificity to tRNAs. Belongs to the Hfq family.
BARBAKC583_0625	519	360095.BARBAKC583_0625	360095	Bartonella bacilliformis KC583	hflX	GTP-binding proten HflX; GTPase that associates with the 50S ribosomal subunit and may have a role during protein synthesis or ribosome biogenesis. Belongs to the TRAFAC class OBG-HflX-like GTPase superfamily. HflX GTPase family.
BARBAKC583_0627	520	360095.BARBAKC583_0627	360095	Bartonella bacilliformis KC583	ctaA	Cytochrome oxidase assembly protein; Catalyzes the oxidation of the C8 methyl side group on heme O porphyrin ring into a formyl group; Belongs to the COX15/CtaA family. Type 2 subfamily.
BARBAKC583_0628	521	360095.BARBAKC583_0628	360095	Bartonella bacilliformis KC583	argC	N-acetyl-gamma-glutamyl-phosphate reductase; Catalyzes the NADPH-dependent reduction of N-acetyl-5- glutamyl phosphate to yield N-acetyl-L-glutamate 5-semialdehyde. Belongs to the NAGSA dehydrogenase family. Type 2 subfamily.
BARBAKC583_0629	522	360095.BARBAKC583_0629	360095	Bartonella bacilliformis KC583	glyA	Serine hydroxymethyltransferase; Catalyzes the reversible interconversion of serine and glycine with tetrahydrofolate (THF) serving as the one-carbon carrier. This reaction serves as the major source of one-carbon groups required for the biosynthesis of purines, thymidylate, methionine, and other important biomolecules. Also exhibits THF-independent aldolase activity toward beta-hydroxyamino acids, producing glycine and aldehydes, via a retro-aldol mechanism.
BARBAKC583_0630	523	360095.BARBAKC583_0630	360095	Bartonella bacilliformis KC583	nrdR	Transcriptional regulator, NrdR family; Negatively regulates transcription of bacterial ribonucleotide reductase nrd genes and operons by binding to NrdR- boxes; Belongs to the NrdR family.
BARBAKC583_0631	524	360095.BARBAKC583_0631	360095	Bartonella bacilliformis KC583	ribD	Riboflavin biosynthesis protein RibD; Converts 2,5-diamino-6-(ribosylamino)-4(3h)-pyrimidinone 5'- phosphate into 5-amino-6-(ribosylamino)-2,4(1h,3h)-pyrimidinedione 5'- phosphate; In the C-terminal section; belongs to the HTP reductase family.
BARBAKC583_0632	525	360095.BARBAKC583_0632	360095	Bartonella bacilliformis KC583	ribE	Riboflavin synthase, alpha subunit; Identified by match to protein family HMM PF00677; match to protein family HMM TIGR00187.
BARBAKC583_0633	526	360095.BARBAKC583_0633	360095	Bartonella bacilliformis KC583	ribH	6,7-dimethyl-8-ribityllumazine synthase; Catalyzes the formation of 6,7-dimethyl-8-ribityllumazine by condensation of 5-amino-6-(D-ribitylamino)uracil with 3,4-dihydroxy-2- butanone 4-phosphate. This is the penultimate step in the biosynthesis of riboflavin.
BARBAKC583_0634	527	360095.BARBAKC583_0634	360095	Bartonella bacilliformis KC583	nusB	Transcription antitermination factor NusB; Involved in transcription antitermination. Required for transcription of ribosomal RNA (rRNA) genes. Binds specifically to the boxA antiterminator sequence of the ribosomal RNA (rrn) operons.
BARBAKC583_0635	528	360095.BARBAKC583_0635	360095	Bartonella bacilliformis KC583	ABM45082.1	Outer membrane protein, SmpA/OmlA family; Identified by match to protein family HMM PF04355.
BARBAKC583_0636	529	360095.BARBAKC583_0636	360095	Bartonella bacilliformis KC583	ABM45437.1	Conserved hypothetical protein.
BARBAKC583_0637	530	360095.BARBAKC583_0637	360095	Bartonella bacilliformis KC583	plsX	Fatty acid/phospholipid synthesis protein PlsX; Catalyzes the reversible formation of acyl-phosphate (acyl- PO(4)) from acyl-[acyl-carrier-protein] (acyl-ACP). This enzyme utilizes acyl-ACP as fatty acyl donor, but not acyl-CoA.
BARBAKC583_0638	531	360095.BARBAKC583_0638	360095	Bartonella bacilliformis KC583	fabH	3-oxoacyl-(acyl-carrier-protein) synthase III; Catalyzes the condensation reaction of fatty acid synthesis by the addition to an acyl acceptor of two carbons from malonyl-ACP. Catalyzes the first condensation reaction which initiates fatty acid synthesis and may therefore play a role in governing the total rate of fatty acid production. Possesses both acetoacetyl-ACP synthase and acetyl transacylase activities. Its substrate specificity determines the biosynthesis of branched-chain and/or straight-chain of fatty acids; Belongs to the thiolase-like superfamily. FabH family.
BARBAKC583_0639	532	360095.BARBAKC583_0639	360095	Bartonella bacilliformis KC583	ihfA	Integration host factor, alpha subunit; This protein is one of the two subunits of integration host factor, a specific DNA-binding protein that functions in genetic recombination as well as in transcriptional and translational control. Belongs to the bacterial histone-like protein family.
BARBAKC583_0640	533	360095.BARBAKC583_0640	360095	Bartonella bacilliformis KC583	ABM45371.1	Transcriptional regulator, MerR family; Identified by match to protein family HMM PF00376.
BARBAKC583_0641	534	360095.BARBAKC583_0641	360095	Bartonella bacilliformis KC583	thrS	threonyl-tRNA synthetase; Catalyzes the attachment of threonine to tRNA(Thr) in a two- step reaction: L-threonine is first activated by ATP to form Thr-AMP and then transferred to the acceptor end of tRNA(Thr). Also edits incorrectly charged L-seryl-tRNA(Thr).
BARBAKC583_0642	535	360095.BARBAKC583_0642	360095	Bartonella bacilliformis KC583	ABM45001.1	Conserved hypothetical protein TIGR00278; Could be involved in insertion of integral membrane proteins into the membrane; Belongs to the UPF0161 family.
BARBAKC583_0643	536	360095.BARBAKC583_0643	360095	Bartonella bacilliformis KC583	ABM45407.1	Conserved hypothetical protein; Identified by similarity to RF:YP_570374.1.
BARBAKC583_0644	537	360095.BARBAKC583_0644	360095	Bartonella bacilliformis KC583	folE	GTP cyclohydrolase I; Identified by match to protein family HMM PF01227; match to protein family HMM TIGR00063.
BARBAKC583_0646	538	360095.BARBAKC583_0646	360095	Bartonella bacilliformis KC583	ABM45603.1	Putative lipoprotein; Identified by similarity to RF:YP_033582.1; match to protein family HMM PF05990.
BARBAKC583_0647	539	360095.BARBAKC583_0647	360095	Bartonella bacilliformis KC583	ABM44606.1	Conserved hypothetical protein.
BARBAKC583_0648	540	360095.BARBAKC583_0648	360095	Bartonella bacilliformis KC583	ABM45108.1	Homology to a family of hypothetical proteins in Leptospira interrogans; identified by similarity to RF:NP_711581.1; match to protein family HMM PF07598.
BARBAKC583_0651	541	360095.BARBAKC583_0651	360095	Bartonella bacilliformis KC583	ABM44456.1	Putative protein-L-isoaspartate O-methyltransferase; Identified by match to protein family HMM PF01135.
BARBAKC583_0652	542	360095.BARBAKC583_0652	360095	Bartonella bacilliformis KC583	ABM45367.1	Type I secretion outer membrane protein, TolC family; Identified by match to protein family HMM PF02321; match to protein family HMM TIGR01844.
BARBAKC583_0653	543	360095.BARBAKC583_0653	360095	Bartonella bacilliformis KC583	ABM44646.1	Conserved hypothetical protein; Identified by similarity to GB:CAC46094.1.
BARBAKC583_0654	544	360095.BARBAKC583_0654	360095	Bartonella bacilliformis KC583	valS1	valyl-tRNA synthetase; Catalyzes the attachment of valine to tRNA(Val). As ValRS can inadvertently accommodate and process structurally similar amino acids such as threonine, to avoid such errors, it has a 'posttransfer' editing activity that hydrolyzes mischarged Thr-tRNA(Val) in a tRNA- dependent manner; Belongs to the class-I aminoacyl-tRNA synthetase family. ValS type 1 subfamily.
BARBAKC583_0655	545	360095.BARBAKC583_0655	360095	Bartonella bacilliformis KC583	gltL1	Glutamate/aspartate ABC transporter, ATP-binding protein; Identified by similarity to SP:P0AAG3; match to protein family HMM PF00005.
BARBAKC583_0656	546	360095.BARBAKC583_0656	360095	Bartonella bacilliformis KC583	gltK1	Glutamate/aspartate ABC transporter, permease protein GltK; Identified by match to protein family HMM PF00528; match to protein family HMM TIGR01726.
BARBAKC583_0657	547	360095.BARBAKC583_0657	360095	Bartonella bacilliformis KC583	gltJ1	Glutamate/aspartate ABC transporter, permease protein GltJ; Identified by match to protein family HMM PF00528; match to protein family HMM TIGR01726.
BARBAKC583_0659	548	360095.BARBAKC583_0659	360095	Bartonella bacilliformis KC583	gltI1	Glutamate/aspartate ABC transporter, periplasmic glutamate/aspartate-binding protein; Identified by similarity to SP:P37902; match to protein family HMM PF00497.
BARBAKC583_0660	549	360095.BARBAKC583_0660	360095	Bartonella bacilliformis KC583	xth2	Exodeoxyribonuclease III; Identified by match to protein family HMM PF03372; match to protein family HMM TIGR00195; match to protein family HMM TIGR00633.
BARBAKC583_0661	550	360095.BARBAKC583_0661	360095	Bartonella bacilliformis KC583	rpsL1	Ribosomal protein S12; With S4 and S5 plays an important role in translational accuracy.
BARBAKC583_0662	551	360095.BARBAKC583_0662	360095	Bartonella bacilliformis KC583	rpsG1	Ribosomal protein S7; One of the primary rRNA binding proteins, it binds directly to 16S rRNA where it nucleates assembly of the head domain of the 30S subunit. Is located at the subunit interface close to the decoding center, probably blocks exit of the E-site tRNA; Belongs to the universal ribosomal protein uS7 family.
BARBAKC583_0663	552	360095.BARBAKC583_0663	360095	Bartonella bacilliformis KC583	fusA1	Translation elongation factor G; Catalyzes the GTP-dependent ribosomal translocation step during translation elongation. During this step, the ribosome changes from the pre-translocational (PRE) to the post-translocational (POST) state as the newly formed A-site-bound peptidyl-tRNA and P-site-bound deacylated tRNA move to the P and E sites, respectively. Catalyzes the coordinated movement of the two tRNA molecules, the mRNA and conformational changes in the ribosome; Belongs to the TRAFAC class translation factor GTPase superfamily. Classic translation factor GTPase family. EF-G/EF-2 s [...] 
BARBAKC583_0664	553	360095.BARBAKC583_0664	360095	Bartonella bacilliformis KC583	tuf2	Translation elongation factor Tu; This protein promotes the GTP-dependent binding of aminoacyl- tRNA to the A-site of ribosomes during protein biosynthesis.
BARBAKC583_0665	554	360095.BARBAKC583_0665	360095	Bartonella bacilliformis KC583	rpsJ1	Ribosomal protein S10; Involved in the binding of tRNA to the ribosomes. Belongs to the universal ribosomal protein uS10 family.
BARBAKC583_0666	555	360095.BARBAKC583_0666	360095	Bartonella bacilliformis KC583	rplC1	Ribosomal protein L3; One of the primary rRNA binding proteins, it binds directly near the 3'-end of the 23S rRNA, where it nucleates assembly of the 50S subunit.
BARBAKC583_0667	556	360095.BARBAKC583_0667	360095	Bartonella bacilliformis KC583	rplD1	Ribosomal protein L4; Forms part of the polypeptide exit tunnel.
BARBAKC583_0668	557	360095.BARBAKC583_0668	360095	Bartonella bacilliformis KC583	rplW1	Ribosomal protein L23; One of the early assembly proteins it binds 23S rRNA. One of the proteins that surrounds the polypeptide exit tunnel on the outside of the ribosome. Forms the main docking site for trigger factor binding to the ribosome; Belongs to the universal ribosomal protein uL23 family.
BARBAKC583_0669	558	360095.BARBAKC583_0669	360095	Bartonella bacilliformis KC583	rplB1	Ribosomal protein L2; One of the primary rRNA binding proteins. Required for association of the 30S and 50S subunits to form the 70S ribosome, for tRNA binding and peptide bond formation. It has been suggested to have peptidyltransferase activity; this is somewhat controversial. Makes several contacts with the 16S rRNA in the 70S ribosome. Belongs to the universal ribosomal protein uL2 family.
BARBAKC583_0670	559	360095.BARBAKC583_0670	360095	Bartonella bacilliformis KC583	rpsS1	Ribosomal protein S19; Protein S19 forms a complex with S13 that binds strongly to the 16S ribosomal RNA.
BARBAKC583_0671	560	360095.BARBAKC583_0671	360095	Bartonella bacilliformis KC583	rplV1	Ribosomal protein L22; The globular domain of the protein is located near the polypeptide exit tunnel on the outside of the subunit, while an extended beta-hairpin is found that lines the wall of the exit tunnel in the center of the 70S ribosome.
BARBAKC583_0672	561	360095.BARBAKC583_0672	360095	Bartonella bacilliformis KC583	rpsC1	Ribosomal protein S3; Binds the lower part of the 30S subunit head. Binds mRNA in the 70S ribosome, positioning it for translation; Belongs to the universal ribosomal protein uS3 family.
BARBAKC583_0673	562	360095.BARBAKC583_0673	360095	Bartonella bacilliformis KC583	rplP1	Ribosomal protein L16; Binds 23S rRNA and is also seen to make contacts with the A and possibly P site tRNAs; Belongs to the universal ribosomal protein uL16 family.
BARBAKC583_0674	563	360095.BARBAKC583_0674	360095	Bartonella bacilliformis KC583	rpmC1	Ribosomal protein L29; Identified by match to protein family HMM PF00831; match to protein family HMM TIGR00012; Belongs to the universal ribosomal protein uL29 family.
BARBAKC583_0675	564	360095.BARBAKC583_0675	360095	Bartonella bacilliformis KC583	rpsQ1	Ribosomal protein S17; One of the primary rRNA binding proteins, it binds specifically to the 5'-end of 16S ribosomal RNA.
BARBAKC583_0676	565	360095.BARBAKC583_0676	360095	Bartonella bacilliformis KC583	rplN1	Ribosomal protein L14; Binds to 23S rRNA. Forms part of two intersubunit bridges in the 70S ribosome; Belongs to the universal ribosomal protein uL14 family.
BARBAKC583_0677	566	360095.BARBAKC583_0677	360095	Bartonella bacilliformis KC583	rplX1	Ribosomal protein L24; One of two assembly initiator proteins, it binds directly to the 5'-end of the 23S rRNA, where it nucleates assembly of the 50S subunit.
BARBAKC583_0680	567	360095.BARBAKC583_0680	360095	Bartonella bacilliformis KC583	ABM45459.1	Conserved hypothetical protein.
BARBAKC583_0681	568	360095.BARBAKC583_0681	360095	Bartonella bacilliformis KC583	ABM45034.1	Homology to a family of hypothetical proteins in Leptospira interrogans; identified by similarity to RF:NP_711581.1; match to protein family HMM PF07598.
BARBAKC583_0684	569	360095.BARBAKC583_0684	360095	Bartonella bacilliformis KC583	ABM44516.1	Putative protein-L-isoaspartate O-methyltransferase; Identified by match to protein family HMM PF01135.
BARBAKC583_0685	570	360095.BARBAKC583_0685	360095	Bartonella bacilliformis KC583	ABM45066.1	Type I secretion outer membrane protein, TolC family; Identified by similarity to GB:CAD13188.1; match to protein family HMM PF02321; match to protein family HMM TIGR01844.
BARBAKC583_0686	571	360095.BARBAKC583_0686	360095	Bartonella bacilliformis KC583	ABM44741.1	Conserved hypothetical protein.
BARBAKC583_0687	572	360095.BARBAKC583_0687	360095	Bartonella bacilliformis KC583	valS2	valyl-tRNA synthetase; Identified by match to protein family HMM PF00133; match to protein family HMM PF08264; match to protein family HMM PF09334; match to protein family HMM TIGR00422.
BARBAKC583_0688	573	360095.BARBAKC583_0688	360095	Bartonella bacilliformis KC583	gltL2	Glutamate/aspartate ABC transporter, ATP-binding protein; Identified by similarity to SP:P0AAG3; match to protein family HMM PF00005.
BARBAKC583_0689	574	360095.BARBAKC583_0689	360095	Bartonella bacilliformis KC583	gltK2	Glutamate/aspartate ABC transporter, permease protein GltK; Identified by match to protein family HMM PF00528; match to protein family HMM TIGR01726.
BARBAKC583_0690	575	360095.BARBAKC583_0690	360095	Bartonella bacilliformis KC583	gltJ2	Glutamate/aspartate ABC transporter, permease protein GltJ; Identified by match to protein family HMM PF00528; match to protein family HMM TIGR01726.
BARBAKC583_0691	576	360095.BARBAKC583_0691	360095	Bartonella bacilliformis KC583	gltI2	Glutamate/aspartate ABC transporter, periplasmic glutamate/aspartate-binding protein; Identified by similarity to SP:P37902; match to protein family HMM PF00497.
BARBAKC583_0692	577	360095.BARBAKC583_0692	360095	Bartonella bacilliformis KC583	xth3	Exodeoxyribonuclease III; Identified by match to protein family HMM PF03372; match to protein family HMM TIGR00195; match to protein family HMM TIGR00633.
BARBAKC583_0693	578	360095.BARBAKC583_0693	360095	Bartonella bacilliformis KC583	rpsL2	Ribosomal protein S12; Identified by match to protein family HMM PF00164; match to protein family HMM TIGR00981.
BARBAKC583_0694	579	360095.BARBAKC583_0694	360095	Bartonella bacilliformis KC583	rpsG2	Ribosomal protein S7; Identified by match to protein family HMM PF00177; match to protein family HMM TIGR01029.
BARBAKC583_0695	580	360095.BARBAKC583_0695	360095	Bartonella bacilliformis KC583	fusA2	Translation elongation factor G; Identified by match to protein family HMM PF00009; match to protein family HMM PF00679; match to protein family HMM PF03144; match to protein family HMM PF03764; match to protein family HMM TIGR00231; match to protein family HMM TIGR00484.
BARBAKC583_0696	581	360095.BARBAKC583_0696	360095	Bartonella bacilliformis KC583	tuf3	Translation elongation factor Tu; Identified by match to protein family HMM PF00009; match to protein family HMM PF03143; match to protein family HMM PF03144; match to protein family HMM TIGR00231; match to protein family HMM TIGR00485.
BARBAKC583_0697	582	360095.BARBAKC583_0697	360095	Bartonella bacilliformis KC583	rpsJ2	Ribosomal protein S10; Identified by match to protein family HMM PF00338; match to protein family HMM TIGR01049.
BARBAKC583_0698	583	360095.BARBAKC583_0698	360095	Bartonella bacilliformis KC583	rplC2	Ribosomal protein L3; Identified by match to protein family HMM PF00297.
BARBAKC583_0699	584	360095.BARBAKC583_0699	360095	Bartonella bacilliformis KC583	rplD2	Ribosomal protein L4; Identified by match to protein family HMM PF00573.
BARBAKC583_0700	585	360095.BARBAKC583_0700	360095	Bartonella bacilliformis KC583	rplW2	Ribosomal protein L23; Identified by match to protein family HMM PF00276.
BARBAKC583_0701	586	360095.BARBAKC583_0701	360095	Bartonella bacilliformis KC583	rplB2	Ribosomal protein L2; Identified by match to protein family HMM PF00181; match to protein family HMM PF03947; match to protein family HMM TIGR01171.
BARBAKC583_0702	587	360095.BARBAKC583_0702	360095	Bartonella bacilliformis KC583	rpsS2	Ribosomal protein S19; Identified by match to protein family HMM PF00203; match to protein family HMM TIGR01050.
BARBAKC583_0703	588	360095.BARBAKC583_0703	360095	Bartonella bacilliformis KC583	rplV2	Ribosomal protein L22; Identified by match to protein family HMM PF00237; match to protein family HMM TIGR01044.
BARBAKC583_0704	589	360095.BARBAKC583_0704	360095	Bartonella bacilliformis KC583	rpsC2	Ribosomal protein S3; Identified by match to protein family HMM PF00189; match to protein family HMM PF00417; match to protein family HMM PF07650; match to protein family HMM TIGR01009.
BARBAKC583_0705	590	360095.BARBAKC583_0705	360095	Bartonella bacilliformis KC583	rplP2	Ribosomal protein L16; Identified by match to protein family HMM PF00252; match to protein family HMM TIGR01164.
BARBAKC583_0706	591	360095.BARBAKC583_0706	360095	Bartonella bacilliformis KC583	rpmC2	Ribosomal protein L29; Identified by match to protein family HMM PF00831; match to protein family HMM TIGR00012.
BARBAKC583_0707	592	360095.BARBAKC583_0707	360095	Bartonella bacilliformis KC583	rpsQ2	Ribosomal protein S17; Identified by match to protein family HMM PF00366.
BARBAKC583_0708	593	360095.BARBAKC583_0708	360095	Bartonella bacilliformis KC583	rplN2	Ribosomal protein L14; Identified by match to protein family HMM PF00238; match to protein family HMM TIGR01067.
BARBAKC583_0709	594	360095.BARBAKC583_0709	360095	Bartonella bacilliformis KC583	rplX2	Ribosomal protein L24; Identified by match to protein family HMM PF00467; match to protein family HMM TIGR01079.
BARBAKC583_0710	595	360095.BARBAKC583_0710	360095	Bartonella bacilliformis KC583	rplE2	Ribosomal protein L5; This is 1 of the proteins that binds and probably mediates the attachment of the 5S RNA into the large ribosomal subunit, where it forms part of the central protuberance. In the 70S ribosome it contacts protein S13 of the 30S subunit (bridge B1b), connecting the 2 subunits; this bridge is implicated in subunit movement. Contacts the P site tRNA; the 5S rRNA and some of its associated proteins might help stabilize positioning of ribosome-bound tRNAs.
BARBAKC583_0711	596	360095.BARBAKC583_0711	360095	Bartonella bacilliformis KC583	rpsN	Ribosomal protein S14; Binds 16S rRNA, required for the assembly of 30S particles and may also be responsible for determining the conformation of the 16S rRNA at the A site; Belongs to the universal ribosomal protein uS14 family.
BARBAKC583_0712	597	360095.BARBAKC583_0712	360095	Bartonella bacilliformis KC583	rpsH	Ribosomal protein S8; One of the primary rRNA binding proteins, it binds directly to 16S rRNA central domain where it helps coordinate assembly of the platform of the 30S subunit; Belongs to the universal ribosomal protein uS8 family.
BARBAKC583_0713	598	360095.BARBAKC583_0713	360095	Bartonella bacilliformis KC583	rplF	Ribosomal protein L6; This protein binds to the 23S rRNA, and is important in its secondary structure. It is located near the subunit interface in the base of the L7/L12 stalk, and near the tRNA binding site of the peptidyltransferase center; Belongs to the universal ribosomal protein uL6 family.
BARBAKC583_0714	599	360095.BARBAKC583_0714	360095	Bartonella bacilliformis KC583	rplR	Ribosomal protein L18; This is one of the proteins that binds and probably mediates the attachment of the 5S RNA into the large ribosomal subunit, where it forms part of the central protuberance.
BARBAKC583_0715	600	360095.BARBAKC583_0715	360095	Bartonella bacilliformis KC583	rpsE	Ribosomal protein S5; With S4 and S12 plays an important role in translational accuracy; Belongs to the universal ribosomal protein uS5 family.
BARBAKC583_0716	601	360095.BARBAKC583_0716	360095	Bartonella bacilliformis KC583	rpmD	Ribosomal protein L30; Identified by match to protein family HMM TIGR01308.
BARBAKC583_0717	602	360095.BARBAKC583_0717	360095	Bartonella bacilliformis KC583	rplO	Ribosomal protein L15; Binds to the 23S rRNA; Belongs to the universal ribosomal protein uL15 family.
BARBAKC583_0718	603	360095.BARBAKC583_0718	360095	Bartonella bacilliformis KC583	secY	Preprotein translocase, SecY subunit; The central subunit of the protein translocation channel SecYEG. Consists of two halves formed by TMs 1-5 and 6-10. These two domains form a lateral gate at the front which open onto the bilayer between TMs 2 and 7, and are clamped together by SecE at the back. The channel is closed by both a pore ring composed of hydrophobic SecY resides and a short helix (helix 2A) on the extracellular side of the membrane which forms a plug. The plug probably moves laterally to allow the channel to open. The ring and the pore may move independently.
BARBAKC583_0719	604	360095.BARBAKC583_0719	360095	Bartonella bacilliformis KC583	adk	Adenylate kinase; Catalyzes the reversible transfer of the terminal phosphate group between ATP and AMP. Plays an important role in cellular energy homeostasis and in adenine nucleotide metabolism; Belongs to the adenylate kinase family.
BARBAKC583_0720	605	360095.BARBAKC583_0720	360095	Bartonella bacilliformis KC583	rpsM	Ribosomal protein S13; Located at the top of the head of the 30S subunit, it contacts several helices of the 16S rRNA. In the 70S ribosome it contacts the 23S rRNA (bridge B1a) and protein L5 of the 50S subunit (bridge B1b), connecting the 2 subunits; these bridges are implicated in subunit movement. Contacts the tRNAs in the A and P-sites. Belongs to the universal ribosomal protein uS13 family.
BARBAKC583_0721	606	360095.BARBAKC583_0721	360095	Bartonella bacilliformis KC583	rpsK	Ribosomal protein S11; Located on the platform of the 30S subunit, it bridges several disparate RNA helices of the 16S rRNA. Forms part of the Shine- Dalgarno cleft in the 70S ribosome; Belongs to the universal ribosomal protein uS11 family.
BARBAKC583_0722	607	360095.BARBAKC583_0722	360095	Bartonella bacilliformis KC583	rpoA	DNA-directed RNA polymerase, alpha subunit; DNA-dependent RNA polymerase catalyzes the transcription of DNA into RNA using the four ribonucleoside triphosphates as substrates.
BARBAKC583_0723	608	360095.BARBAKC583_0723	360095	Bartonella bacilliformis KC583	rplQ	Ribosomal protein L17; Identified by match to protein family HMM PF01196; match to protein family HMM TIGR00059.
BARBAKC583_0724	609	360095.BARBAKC583_0724	360095	Bartonella bacilliformis KC583	ABM45135.1	Putative protease do; Identified by similarity to SP:P26982; match to protein family HMM PF00089; match to protein family HMM TIGR02037; Belongs to the peptidase S1C family.
BARBAKC583_0726	610	360095.BARBAKC583_0726	360095	Bartonella bacilliformis KC583	ABM45663.1	Identified by match to protein family HMM PF00004.
BARBAKC583_0727	611	360095.BARBAKC583_0727	360095	Bartonella bacilliformis KC583	recA	Protein RecA; Can catalyze the hydrolysis of ATP in the presence of single- stranded DNA, the ATP-dependent uptake of single-stranded DNA by duplex DNA, and the ATP-dependent hybridization of homologous single-stranded DNAs. It interacts with LexA causing its activation and leading to its autocatalytic cleavage; Belongs to the RecA family.
BARBAKC583_0728	612	360095.BARBAKC583_0728	360095	Bartonella bacilliformis KC583	alaS	alanyl-tRNA synthetase; Catalyzes the attachment of alanine to tRNA(Ala) in a two- step reaction: alanine is first activated by ATP to form Ala-AMP and then transferred to the acceptor end of tRNA(Ala). Also edits incorrectly charged Ser-tRNA(Ala) and Gly-tRNA(Ala) via its editing domain.
BARBAKC583_0729	613	360095.BARBAKC583_0729	360095	Bartonella bacilliformis KC583	ndvA	Beta-(1--2)glucan export ATP-binding protein; Involved in beta-(1-->2)glucan export. Transmembrane domains (TMD) form a pore in the inner membrane and the ATP-binding domain (NBD) is responsible for energy generation (By similarity).
BARBAKC583_0730	614	360095.BARBAKC583_0730	360095	Bartonella bacilliformis KC583	ABM45254.1	Pseudouridine synthase, RluA family; Responsible for synthesis of pseudouridine from uracil. Belongs to the pseudouridine synthase RluA family.
BARBAKC583_0731	615	360095.BARBAKC583_0731	360095	Bartonella bacilliformis KC583	ABM45039.1	Identified by match to protein family HMM PF07542.
BARBAKC583_0732	616	360095.BARBAKC583_0732	360095	Bartonella bacilliformis KC583	ABM45415.1	Conserved hypothetical protein; Identified by similarity to RF:YP_033802.1.
BARBAKC583_0733	617	360095.BARBAKC583_0733	360095	Bartonella bacilliformis KC583	glnA	Glutamine synthetase, type I; Identified by similarity to SP:Q59747; match to protein family HMM PF00120; match to protein family HMM PF03951; match to protein family HMM TIGR00653.
BARBAKC583_0735	618	360095.BARBAKC583_0735	360095	Bartonella bacilliformis KC583	uvrA	Excinuclease ABC, A subunit; The UvrABC repair system catalyzes the recognition and processing of DNA lesions. UvrA is an ATPase and a DNA-binding protein. A damage recognition complex composed of 2 UvrA and 2 UvrB subunits scans DNA for abnormalities. When the presence of a lesion has been verified by UvrB, the UvrA molecules dissociate.
BARBAKC583_0736	619	360095.BARBAKC583_0736	360095	Bartonella bacilliformis KC583	ssb	Single-stranded DNA-binding protein; Identified by match to protein family HMM PF00436; match to protein family HMM TIGR00621.
BARBAKC583_0737	620	360095.BARBAKC583_0737	360095	Bartonella bacilliformis KC583	gyrA	DNA gyrase, A subunit; A type II topoisomerase that negatively supercoils closed circular double-stranded (ds) DNA in an ATP-dependent manner to modulate DNA topology and maintain chromosomes in an underwound state. Negative supercoiling favors strand separation, and DNA replication, transcription, recombination and repair, all of which involve strand separation. Also able to catalyze the interconversion of other topological isomers of dsDNA rings, including catenanes and knotted rings. Type II topoisomerases break and join 2 DNA strands simultaneously in an ATP-dependent manner.
BARBAKC583_0738	621	360095.BARBAKC583_0738	360095	Bartonella bacilliformis KC583	coaD	Pantetheine-phosphate adenylyltransferase; Reversibly transfers an adenylyl group from ATP to 4'- phosphopantetheine, yielding dephospho-CoA (dPCoA) and pyrophosphate. Belongs to the bacterial CoaD family.
BARBAKC583_0739	622	360095.BARBAKC583_0739	360095	Bartonella bacilliformis KC583	ABM45268.1	Peptidyl-prolyl cis-trans isomerase B; PPIases accelerate the folding of proteins. It catalyzes the cis-trans isomerization of proline imidic peptide bonds in oligopeptides; Belongs to the cyclophilin-type PPIase family.
BARBAKC583_0740	623	360095.BARBAKC583_0740	360095	Bartonella bacilliformis KC583	ABM44712.1	Peptidyl-prolyl cis-trans isomerase, cyclophilin-type; PPIases accelerate the folding of proteins. It catalyzes the cis-trans isomerization of proline imidic peptide bonds in oligopeptides; Belongs to the cyclophilin-type PPIase family.
BARBAKC583_0741	624	360095.BARBAKC583_0741	360095	Bartonella bacilliformis KC583	tgt	Queuine tRNA-ribosyltransferase; Catalyzes the base-exchange of a guanine (G) residue with the queuine precursor 7-aminomethyl-7-deazaguanine (PreQ1) at position 34 (anticodon wobble position) in tRNAs with GU(N) anticodons (tRNA-Asp, - Asn, -His and -Tyr). Catalysis occurs through a double-displacement mechanism. The nucleophile active site attacks the C1' of nucleotide 34 to detach the guanine base from the RNA, forming a covalent enzyme-RNA intermediate. The proton acceptor active site deprotonates the incoming PreQ1, allowing a nucleophilic attack on the C1' of the ribose to form t [...] 
BARBAKC583_0742	625	360095.BARBAKC583_0742	360095	Bartonella bacilliformis KC583	ABM45194.1	Transporter, major facilitator family; Identified by match to protein family HMM PF07690.
BARBAKC583_0743	626	360095.BARBAKC583_0743	360095	Bartonella bacilliformis KC583	ABM45178.1	Isocitrate dehydrogenase, NADP-dependent; Identified by similarity to SP:P50215; match to protein family HMM PF00180; match to protein family HMM TIGR00127; Belongs to the isocitrate and isopropylmalate dehydrogenases family.
BARBAKC583_0744	627	360095.BARBAKC583_0744	360095	Bartonella bacilliformis KC583	ABM44485.1	Hypothetical protein; Identified by Glimmer2; putative.
BARBAKC583_0746	628	360095.BARBAKC583_0746	360095	Bartonella bacilliformis KC583	glpX	Fructose-1,6-bisphosphatase, class II; Identified by match to protein family HMM PF03320; match to protein family HMM TIGR00330.
BARBAKC583_0747	629	360095.BARBAKC583_0747	360095	Bartonella bacilliformis KC583	ilvE	Branched-chain amino acid aminotransferase; Identified by match to protein family HMM PF01063; match to protein family HMM TIGR01123.
BARBAKC583_0748	630	360095.BARBAKC583_0748	360095	Bartonella bacilliformis KC583	ABM45636.1	Sporulation and cell division repeat protein; Identified by match to protein family HMM PF05036.
BARBAKC583_0749	631	360095.BARBAKC583_0749	360095	Bartonella bacilliformis KC583	argS	arginyl-tRNA synthetase; Identified by match to protein family HMM PF00750; match to protein family HMM PF01406; match to protein family HMM PF03485; match to protein family HMM PF05746; match to protein family HMM TIGR00456.
BARBAKC583_0750	632	360095.BARBAKC583_0750	360095	Bartonella bacilliformis KC583	ABM45465.1	Deoxyguanosinetriphosphate triphosphohydrolase protein; Identified by match to protein family HMM PF01966; match to protein family HMM TIGR01353; Belongs to the dGTPase family. Type 2 subfamily.
BARBAKC583_0751	633	360095.BARBAKC583_0751	360095	Bartonella bacilliformis KC583	ABM44585.1	Iron-sulfur cluster assembly accessory protein; Identified by match to protein family HMM PF01521; match to protein family HMM TIGR00049; Belongs to the HesB/IscA family.
BARBAKC583_0752	634	360095.BARBAKC583_0752	360095	Bartonella bacilliformis KC583	ABM45113.1	Conserved hypothetical protein; Identified by similarity to RF:NP_102613.1.
BARBAKC583_0753	635	360095.BARBAKC583_0753	360095	Bartonella bacilliformis KC583	ABM44696.1	Putative cytochrome c-type biogenesis protein; Identified by similarity to SP:P45706; match to protein family HMM PF02683.
BARBAKC583_0754	636	360095.BARBAKC583_0754	360095	Bartonella bacilliformis KC583	glmU	Putative UDP-N-acetylglucosamine pyrophosphorylase; Catalyzes the last two sequential reactions in the de novo biosynthetic pathway for UDP-N-acetylglucosamine (UDP-GlcNAc). The C- terminal domain catalyzes the transfer of acetyl group from acetyl coenzyme A to glucosamine-1-phosphate (GlcN-1-P) to produce N- acetylglucosamine-1-phosphate (GlcNAc-1-P), which is converted into UDP-GlcNAc by the transfer of uridine 5-monophosphate (from uridine 5- triphosphate), a reaction catalyzed by the N-terminal domain. In the C-terminal section; belongs to the transferase hexapeptide repeat family.
BARBAKC583_0755	637	360095.BARBAKC583_0755	360095	Bartonella bacilliformis KC583	glmS	Glucosamine--fructose-6-phosphate aminotransferase, isomerizing; Catalyzes the first step in hexosamine metabolism, converting fructose-6P into glucosamine-6P using glutamine as a nitrogen source.
BARBAKC583_0756	638	360095.BARBAKC583_0756	360095	Bartonella bacilliformis KC583	recG	ATP-dependent DNA helicase RecG; Critical role in recombination and DNA repair. Helps process Holliday junction intermediates to mature products by catalyzing branch migration. Has a DNA unwinding activity characteristic of a DNA helicase with a 3'- to 5'- polarity. Unwinds branched duplex DNA (Y- DNA); Belongs to the helicase family. RecG subfamily.
BARBAKC583_0757	639	360095.BARBAKC583_0757	360095	Bartonella bacilliformis KC583	ABM44986.1	Putative microcin immunity protein; Identified by similarity to GB:CAA40813.1; match to protein family HMM PF00583; match to protein family HMM PF02784.
BARBAKC583_0758	640	360095.BARBAKC583_0758	360095	Bartonella bacilliformis KC583	ABM44742.1	Homology to a family of hypothetical proteins in Leptospira interrogans; identified by similarity to RF:YP_000623.1; match to protein family HMM PF07598.
BARBAKC583_0761	641	360095.BARBAKC583_0761	360095	Bartonella bacilliformis KC583	accC	acetyl-CoA carboxylase, biotin carboxylase; This protein is a component of the acetyl coenzyme A carboxylase complex; first, biotin carboxylase catalyzes the carboxylation of the carrier protein and then the transcarboxylase transfers the carboxyl group to form malonyl-CoA.
BARBAKC583_0762	642	360095.BARBAKC583_0762	360095	Bartonella bacilliformis KC583	accB	acetyl-CoA carboxylase, biotin carboxyl carrier protein; This protein is a component of the acetyl coenzyme A carboxylase complex; first, biotin carboxylase catalyzes the carboxylation of the carrier protein and then the transcarboxylase transfers the carboxyl group to form malonyl-CoA.
BARBAKC583_0763	643	360095.BARBAKC583_0763	360095	Bartonella bacilliformis KC583	ABM44780.1	Thioredoxin domain protein; Identified by match to protein family HMM PF01323.
BARBAKC583_0764	644	360095.BARBAKC583_0764	360095	Bartonella bacilliformis KC583	purN	Phosphoribosylglycinamide formyltransferase; Catalyzes the transfer of a formyl group from 10- formyltetrahydrofolate to 5-phospho-ribosyl-glycinamide (GAR), producing 5-phospho-ribosyl-N-formylglycinamide (FGAR) and tetrahydrofolate.
BARBAKC583_0765	645	360095.BARBAKC583_0765	360095	Bartonella bacilliformis KC583	purM	Phosphoribosylformylglycinamidine cyclo-ligase; Identified by match to protein family HMM PF00586; match to protein family HMM PF02769; match to protein family HMM TIGR00878.
BARBAKC583_0766	646	360095.BARBAKC583_0766	360095	Bartonella bacilliformis KC583	ABM45539.1	Putative membrane protein; Identified by match to protein family HMM PF01594.
BARBAKC583_0767	647	360095.BARBAKC583_0767	360095	Bartonella bacilliformis KC583	ABM44988.1	Conserved hypothetical protein; Identified by similarity to RF:YP_032365.1; Belongs to the DnaA family.
BARBAKC583_0769	648	360095.BARBAKC583_0769	360095	Bartonella bacilliformis KC583	ABM44649.1	Putative NADH dehydrogenase (quinone) subunit; Identified by similarity to SP:Q02375; match to protein family HMM PF04800.
BARBAKC583_0774	649	360095.BARBAKC583_0774	360095	Bartonella bacilliformis KC583	ABM44529.1	Homology to a family of hypothetical proteins in Leptospira interrogans; identified by similarity to RF:YP_002272.1; match to protein family HMM PF07598.
BARBAKC583_0778	650	360095.BARBAKC583_0778	360095	Bartonella bacilliformis KC583	nuoA	NADH dehydrogenase (quinone), A subunit; NDH-1 shuttles electrons from NADH, via FMN and iron-sulfur (Fe-S) centers, to quinones in the respiratory chain. The immediate electron acceptor for the enzyme in this species is believed to be ubiquinone. Couples the redox reaction to proton translocation (for every two electrons transferred, four hydrogen ions are translocated across the cytoplasmic membrane), and thus conserves the redox energy in a proton gradient; Belongs to the complex I subunit 3 family.
BARBAKC583_0779	651	360095.BARBAKC583_0779	360095	Bartonella bacilliformis KC583	nuoB	NADH dehydrogenase (quinone), B subunit; NDH-1 shuttles electrons from NADH, via FMN and iron-sulfur (Fe-S) centers, to quinones in the respiratory chain. The immediate electron acceptor for the enzyme in this species is believed to be ubiquinone. Couples the redox reaction to proton translocation (for every two electrons transferred, four hydrogen ions are translocated across the cytoplasmic membrane), and thus conserves the redox energy in a proton gradient.
BARBAKC583_0780	652	360095.BARBAKC583_0780	360095	Bartonella bacilliformis KC583	nuoC	NADH dehydrogenase (quinone), C subunit; NDH-1 shuttles electrons from NADH, via FMN and iron-sulfur (Fe-S) centers, to quinones in the respiratory chain. The immediate electron acceptor for the enzyme in this species is believed to be ubiquinone. Couples the redox reaction to proton translocation (for every two electrons transferred, four hydrogen ions are translocated across the cytoplasmic membrane), and thus conserves the redox energy in a proton gradient; Belongs to the complex I 30 kDa subunit family.
BARBAKC583_0781	653	360095.BARBAKC583_0781	360095	Bartonella bacilliformis KC583	nuoD	NADH dehydrogenase (quinone), D subunit; NDH-1 shuttles electrons from NADH, via FMN and iron-sulfur (Fe-S) centers, to quinones in the respiratory chain. The immediate electron acceptor for the enzyme in this species is believed to be ubiquinone. Couples the redox reaction to proton translocation (for every two electrons transferred, four hydrogen ions are translocated across the cytoplasmic membrane), and thus conserves the redox energy in a proton gradient; Belongs to the complex I 49 kDa subunit family.
BARBAKC583_0782	654	360095.BARBAKC583_0782	360095	Bartonella bacilliformis KC583	nuoE	NADH dehydrogenase (quinone), E subunit; Identified by similarity to SP:P29914; match to protein family HMM PF01257; match to protein family HMM TIGR01958.
BARBAKC583_0783	655	360095.BARBAKC583_0783	360095	Bartonella bacilliformis KC583	nuoF	NADH dehydrogenase (quinone), F subunit; NDH-1 shuttles electrons from NADH, via FMN and iron-sulfur (Fe-S) centers, to quinones in the respiratory chain. Belongs to the complex I 51 kDa subunit family.
BARBAKC583_0784	656	360095.BARBAKC583_0784	360095	Bartonella bacilliformis KC583	nuoG	NADH dehydrogenase (quinone), G subunit; NDH-1 shuttles electrons from NADH, via FMN and iron-sulfur (Fe-S) centers, to quinones in the respiratory chain. Couples the redox reaction to proton translocation (for every two electrons transferred, four hydrogen ions are translocated across the cytoplasmic membrane), and thus conserves the redox energy in a proton gradient. Belongs to the complex I 75 kDa subunit family.
BARBAKC583_0785	657	360095.BARBAKC583_0785	360095	Bartonella bacilliformis KC583	nuoH	NADH dehydrogenase (quinone), H subunit; NDH-1 shuttles electrons from NADH, via FMN and iron-sulfur (Fe-S) centers, to quinones in the respiratory chain. The immediate electron acceptor for the enzyme in this species is believed to be ubiquinone. Couples the redox reaction to proton translocation (for every two electrons transferred, four hydrogen ions are translocated across the cytoplasmic membrane), and thus conserves the redox energy in a proton gradient. This subunit may bind ubiquinone.
BARBAKC583_0786	658	360095.BARBAKC583_0786	360095	Bartonella bacilliformis KC583	nuoI	NADH dehydrogenase (quinone), I subunit; NDH-1 shuttles electrons from NADH, via FMN and iron-sulfur (Fe-S) centers, to quinones in the respiratory chain. The immediate electron acceptor for the enzyme in this species is believed to be ubiquinone. Couples the redox reaction to proton translocation (for every two electrons transferred, four hydrogen ions are translocated across the cytoplasmic membrane), and thus conserves the redox energy in a proton gradient.
BARBAKC583_0787	659	360095.BARBAKC583_0787	360095	Bartonella bacilliformis KC583	nuoJ	NADH dehydrogenase (quinone), J subunit; NDH-1 shuttles electrons from NADH, via FMN and iron-sulfur (Fe-S) centers, to quinones in the respiratory chain. Couples the redox reaction to proton translocation (for every two electrons transferred, four hydrogen ions are translocated across the cytoplasmic membrane), and thus conserves the redox energy in a proton gradient.
BARBAKC583_0788	660	360095.BARBAKC583_0788	360095	Bartonella bacilliformis KC583	nuoK	NADH dehydrogenase (quinone), K subunit; NDH-1 shuttles electrons from NADH, via FMN and iron-sulfur (Fe-S) centers, to quinones in the respiratory chain. The immediate electron acceptor for the enzyme in this species is believed to be ubiquinone. Couples the redox reaction to proton translocation (for every two electrons transferred, four hydrogen ions are translocated across the cytoplasmic membrane), and thus conserves the redox energy in a proton gradient; Belongs to the complex I subunit 4L family.
BARBAKC583_0789	661	360095.BARBAKC583_0789	360095	Bartonella bacilliformis KC583	nuoL	NADH dehydrogenase (quinone), L subunit; Identified by similarity to SP:P50939; match to protein family HMM PF00361; match to protein family HMM PF00662; match to protein family HMM PF06455; match to protein family HMM TIGR01974.
BARBAKC583_0790	662	360095.BARBAKC583_0790	360095	Bartonella bacilliformis KC583	nuoM	NADH dehydrogenase (quinone), M subunit; Identified by similarity to SP:P50974; match to protein family HMM PF00361; match to protein family HMM TIGR01972.
BARBAKC583_0791	663	360095.BARBAKC583_0791	360095	Bartonella bacilliformis KC583	nuoN	NADH dehydrogenase (quinone), N subunit; NDH-1 shuttles electrons from NADH, via FMN and iron-sulfur (Fe-S) centers, to quinones in the respiratory chain. The immediate electron acceptor for the enzyme in this species is believed to be ubiquinone. Couples the redox reaction to proton translocation (for every two electrons transferred, four hydrogen ions are translocated across the cytoplasmic membrane), and thus conserves the redox energy in a proton gradient; Belongs to the complex I subunit 2 family.
BARBAKC583_0792	664	360095.BARBAKC583_0792	360095	Bartonella bacilliformis KC583	ABM45166.1	biotin-[acetyl-CoA-carboxylase] ligase; Identified by match to protein family HMM PF02237; match to protein family HMM PF03099; match to protein family HMM TIGR00121.
BARBAKC583_0793	665	360095.BARBAKC583_0793	360095	Bartonella bacilliformis KC583	ABM44416.1	Putative RNA-metabolising metallo-beta-lactamase; Identified by match to protein family HMM PF00753; match to protein family HMM PF07521.
BARBAKC583_0794	666	360095.BARBAKC583_0794	360095	Bartonella bacilliformis KC583	proS	prolyl-tRNA synthetase; Catalyzes the attachment of proline to tRNA(Pro) in a two- step reaction: proline is first activated by ATP to form Pro-AMP and then transferred to the acceptor end of tRNA(Pro); Belongs to the class-II aminoacyl-tRNA synthetase family. ProS type 2 subfamily.
BARBAKC583_0795	667	360095.BARBAKC583_0795	360095	Bartonella bacilliformis KC583	ABM44586.1	ABC transporter, permease protein; Identified by match to protein family HMM PF02687; match to protein family HMM TIGR02212.
BARBAKC583_0796	668	360095.BARBAKC583_0796	360095	Bartonella bacilliformis KC583	lolD	ABC transporter, ATP-binding protein; Part of the ABC transporter complex LolCDE involved in the translocation of mature outer membrane-directed lipoproteins, from the inner membrane to the periplasmic chaperone, LolA. Responsible for the formation of the LolA-lipoprotein complex in an ATP-dependent manner.
BARBAKC583_0797	669	360095.BARBAKC583_0797	360095	Bartonella bacilliformis KC583	ABM45411.1	Conserved hypothetical protein; Identified by similarity to RF:YP_032238.1; match to protein family HMM PF03937.
BARBAKC583_0798	670	360095.BARBAKC583_0798	360095	Bartonella bacilliformis KC583	mfd	Transcription-repair coupling factor; Couples transcription and DNA repair by recognizing RNA polymerase (RNAP) stalled at DNA lesions. Mediates ATP-dependent release of RNAP and its truncated transcript from the DNA, and recruitment of nucleotide excision repair machinery to the damaged site; In the C-terminal section; belongs to the helicase family. RecG subfamily.
BARBAKC583_0800	671	360095.BARBAKC583_0800	360095	Bartonella bacilliformis KC583	ABM45087.1	Identified by match to protein family HMM PF06776.
BARBAKC583_0802	672	360095.BARBAKC583_0802	360095	Bartonella bacilliformis KC583	ABM45349.1	Identified by match to protein family HMM PF01520.
BARBAKC583_0803	673	360095.BARBAKC583_0803	360095	Bartonella bacilliformis KC583	ABM44486.1	Penicillin-binding protein, 1A; Identified by match to protein family HMM PF00905; match to protein family HMM PF00912; match to protein family HMM TIGR02074.
BARBAKC583_0804	674	360095.BARBAKC583_0804	360095	Bartonella bacilliformis KC583	prfB	Peptide chain release factor 2; Peptide chain release factor 2 directs the termination of translation in response to the peptide chain termination codons UGA and UAA.
BARBAKC583_0805	675	360095.BARBAKC583_0805	360095	Bartonella bacilliformis KC583	ABM44436.1	Identified by match to protein family HMM PF00578; match to protein family HMM PF08534.
BARBAKC583_0806	676	360095.BARBAKC583_0806	360095	Bartonella bacilliformis KC583	tyrS	tyrosyl-tRNA synthetase; Catalyzes the attachment of tyrosine to tRNA(Tyr) in a two- step reaction: tyrosine is first activated by ATP to form Tyr-AMP and then transferred to the acceptor end of tRNA(Tyr); Belongs to the class-I aminoacyl-tRNA synthetase family. TyrS type 1 subfamily.
BARBAKC583_0808	677	360095.BARBAKC583_0808	360095	Bartonella bacilliformis KC583	ABM45107.1	Conserved hypothetical protein.
BARBAKC583_0809	678	360095.BARBAKC583_0809	360095	Bartonella bacilliformis KC583	ABM44764.1	Aminotransferase, class V; Identified by match to protein family HMM PF00266.
BARBAKC583_0810	679	360095.BARBAKC583_0810	360095	Bartonella bacilliformis KC583	sufB	FeS assembly protein SufB; Identified by match to protein family HMM PF01458; match to protein family HMM TIGR01980.
BARBAKC583_0811	680	360095.BARBAKC583_0811	360095	Bartonella bacilliformis KC583	sufC	FeS assembly ATPase SufC; Identified by match to protein family HMM PF00005; match to protein family HMM TIGR01978.
BARBAKC583_0812	681	360095.BARBAKC583_0812	360095	Bartonella bacilliformis KC583	sufD	FeS assembly protein SufD; Identified by match to protein family HMM PF01458; match to protein family HMM TIGR01981.
BARBAKC583_0813	682	360095.BARBAKC583_0813	360095	Bartonella bacilliformis KC583	sufS	Cysteine desulfurase SufS; Identified by match to protein family HMM PF00266; match to protein family HMM PF01212; match to protein family HMM TIGR01979; Belongs to the class-V pyridoxal-phosphate-dependent aminotransferase family.
BARBAKC583_0814	683	360095.BARBAKC583_0814	360095	Bartonella bacilliformis KC583	ABM44464.1	FeS assembly SUF system protein; Identified by match to protein family HMM PF01883; match to protein family HMM TIGR02945.
BARBAKC583_0816	684	360095.BARBAKC583_0816	360095	Bartonella bacilliformis KC583	ABM44765.1	Ubiquinone biosynthesis hydroxylase, UbiH/UbiF/VisC/COQ6 family; Identified by match to protein family HMM PF01494; match to protein family HMM TIGR01984; match to protein family HMM TIGR01988.
BARBAKC583_0817	685	360095.BARBAKC583_0817	360095	Bartonella bacilliformis KC583	pcs	Phosphatidylcholine synthase; Condenses choline with CDP-diglyceride to produce phosphatidylcholine and CMP; Belongs to the CDP-alcohol phosphatidyltransferase class-I family.
BARBAKC583_0818	686	360095.BARBAKC583_0818	360095	Bartonella bacilliformis KC583	ABM45368.1	Identified by match to protein family HMM PF00753.
BARBAKC583_0819	687	360095.BARBAKC583_0819	360095	Bartonella bacilliformis KC583	ABM44648.1	Hydrolase, TatD family; Identified by match to protein family HMM PF01026; match to protein family HMM TIGR00010.
BARBAKC583_0820	688	360095.BARBAKC583_0820	360095	Bartonella bacilliformis KC583	metG	methionyl-tRNA synthetase; Is required not only for elongation of protein synthesis but also for the initiation of all mRNA translation through initiator tRNA(fMet) aminoacylation; Belongs to the class-I aminoacyl-tRNA synthetase family. MetG type 2B subfamily.
BARBAKC583_0821	689	360095.BARBAKC583_0821	360095	Bartonella bacilliformis KC583	holB	DNA polymerase III, delta' subunit; Identified by match to protein family HMM TIGR00678.
BARBAKC583_0822	690	360095.BARBAKC583_0822	360095	Bartonella bacilliformis KC583	tmk	Thymidylate kinase; Phosphorylation of dTMP to form dTDP in both de novo and salvage pathways of dTTP synthesis; Belongs to the thymidylate kinase family.
BARBAKC583_0823	691	360095.BARBAKC583_0823	360095	Bartonella bacilliformis KC583	rlpA	Rare lipoprotein A; Lytic transglycosylase with a strong preference for naked glycan strands that lack stem peptides.
BARBAKC583_0825	692	360095.BARBAKC583_0825	360095	Bartonella bacilliformis KC583	ttcA	PP-loop family protein; Catalyzes the ATP-dependent 2-thiolation of cytidine in position 32 of tRNA, to form 2-thiocytidine (s(2)C32). The sulfur atoms are provided by the cysteine/cysteine desulfurase (IscS) system.
BARBAKC583_0826	693	360095.BARBAKC583_0826	360095	Bartonella bacilliformis KC583	rpsD	Ribosomal protein S4; One of the primary rRNA binding proteins, it binds directly to 16S rRNA where it nucleates assembly of the body of the 30S subunit.
BARBAKC583_0827	694	360095.BARBAKC583_0827	360095	Bartonella bacilliformis KC583	murI	Glutamate racemase; Provides the (R)-glutamate required for cell wall biosynthesis.
BARBAKC583_0828	695	360095.BARBAKC583_0828	360095	Bartonella bacilliformis KC583	trmJ	RNA methyltransferase, TrmH family, group 1; Catalyzes the formation of 2'O-methylated cytidine (Cm32) or 2'O-methylated uridine (Um32) at position 32 in tRNA.
BARBAKC583_0829	696	360095.BARBAKC583_0829	360095	Bartonella bacilliformis KC583	map	Methionine aminopeptidase, type I; Removes the N-terminal methionine from nascent proteins. The N-terminal methionine is often cleaved when the second residue in the primary sequence is small and uncharged (Met-Ala-, Cys, Gly, Pro, Ser, Thr, or Val). Requires deformylation of the N(alpha)-formylated initiator methionine before it can be hydrolyzed; Belongs to the peptidase M24A family. Methionine aminopeptidase type 1 subfamily.
BARBAKC583_0830	697	360095.BARBAKC583_0830	360095	Bartonella bacilliformis KC583	ABM45639.1	DNA repair protein, RadC family; Identified by similarity to SP:P65956; match to protein family HMM PF04002; match to protein family HMM TIGR00608; Belongs to the UPF0758 family.
BARBAKC583_0831	698	360095.BARBAKC583_0831	360095	Bartonella bacilliformis KC583	ABM44942.1	Conserved hypothetical protein.
BARBAKC583_0832	699	360095.BARBAKC583_0832	360095	Bartonella bacilliformis KC583	ABM45413.1	Hydrolase, alpha/beta fold family protein; Identified by match to protein family HMM PF00561.
BARBAKC583_0833	700	360095.BARBAKC583_0833	360095	Bartonella bacilliformis KC583	ABM44728.1	Conserved hypothetical protein; Identified by match to protein family HMM PF02643.
BARBAKC583_0834	701	360095.BARBAKC583_0834	360095	Bartonella bacilliformis KC583	ABM44532.1	Identified by match to protein family HMM PF00313.
BARBAKC583_0835	702	360095.BARBAKC583_0835	360095	Bartonella bacilliformis KC583	gatA	glutamyl-tRNA(Gln) and/or aspartyl-tRNA(Asn) amidotransferase, A subunit; Allows the formation of correctly charged Gln-tRNA(Gln) through the transamidation of misacylated Glu-tRNA(Gln) in organisms which lack glutaminyl-tRNA synthetase. The reaction takes place in the presence of glutamine and ATP through an activated gamma-phospho-Glu- tRNA(Gln).
BARBAKC583_0836	703	360095.BARBAKC583_0836	360095	Bartonella bacilliformis KC583	gatC	glutamyl-tRNA(Gln) and/or aspartyl-tRNA(Asn) amidotransferase, C subunit; Allows the formation of correctly charged Asn-tRNA(Asn) or Gln-tRNA(Gln) through the transamidation of misacylated Asp-tRNA(Asn) or Glu-tRNA(Gln) in organisms which lack either or both of asparaginyl- tRNA or glutaminyl-tRNA synthetases. The reaction takes place in the presence of glutamine and ATP through an activated phospho-Asp- tRNA(Asn) or phospho-Glu-tRNA(Gln); Belongs to the GatC family.
BARBAKC583_0837	704	360095.BARBAKC583_0837	360095	Bartonella bacilliformis KC583	ABM45218.1	Identified by match to protein family HMM PF00441.
BARBAKC583_0838	705	360095.BARBAKC583_0838	360095	Bartonella bacilliformis KC583	ABM45498.1	Conserved hypothetical protein TIGR00250; Could be a nuclease involved in processing of the 5'-end of pre-16S rRNA; Belongs to the YqgF nuclease family.
BARBAKC583_0839	706	360095.BARBAKC583_0839	360095	Bartonella bacilliformis KC583	pyrB	Aspartate carbamoyltransferase; Identified by match to protein family HMM PF00185; match to protein family HMM PF02729; match to protein family HMM TIGR00670; Belongs to the aspartate/ornithine carbamoyltransferase superfamily. ATCase family.
BARBAKC583_0840	707	360095.BARBAKC583_0840	360095	Bartonella bacilliformis KC583	ABM45630.1	Identified by match to protein family HMM PF01979; match to protein family HMM TIGR00857.
BARBAKC583_0841	708	360095.BARBAKC583_0841	360095	Bartonella bacilliformis KC583	plsY	Putative membrane protein; Catalyzes the transfer of an acyl group from acyl-phosphate (acyl-PO(4)) to glycerol-3-phosphate (G3P) to form lysophosphatidic acid (LPA). This enzyme utilizes acyl-phosphate as fatty acyl donor, but not acyl-CoA or acyl-ACP.
BARBAKC583_0842	709	360095.BARBAKC583_0842	360095	Bartonella bacilliformis KC583	dprA	DNA protecting protein DprA; Identified by match to protein family HMM PF02481; match to protein family HMM TIGR00732.
BARBAKC583_0843	710	360095.BARBAKC583_0843	360095	Bartonella bacilliformis KC583	topA	DNA topoisomerase I; Releases the supercoiling and torsional tension of DNA, which is introduced during the DNA replication and transcription, by transiently cleaving and rejoining one strand of the DNA duplex. Introduces a single-strand break via transesterification at a target site in duplex DNA. The scissile phosphodiester is attacked by the catalytic tyrosine of the enzyme, resulting in the formation of a DNA- (5'-phosphotyrosyl)-enzyme intermediate and the expulsion of a 3'-OH DNA strand. The free DNA strand then undergoes passage around the unbroken strand, thus removing DNA supe [...] 
BARBAKC583_0845	711	360095.BARBAKC583_0845	360095	Bartonella bacilliformis KC583	ABM44760.1	Hypothetical protein; Identified by Glimmer2; putative.
BARBAKC583_0847	712	360095.BARBAKC583_0847	360095	Bartonella bacilliformis KC583	rpmG	Ribosomal protein L33; Identified by match to protein family HMM PF00471; match to protein family HMM TIGR01023; Belongs to the bacterial ribosomal protein bL33 family.
BARBAKC583_0848	713	360095.BARBAKC583_0848	360095	Bartonella bacilliformis KC583	ABM44558.1	Staphylococcal nuclease homolog; Identified by match to protein family HMM PF00565.
BARBAKC583_0849	714	360095.BARBAKC583_0849	360095	Bartonella bacilliformis KC583	ABM45336.1	Conserved hypothetical protein; Identified by similarity to RF:YP_032293.1.
BARBAKC583_0850	715	360095.BARBAKC583_0850	360095	Bartonella bacilliformis KC583	grp	Glutamate uptake regulatory protein Grp; Identified by similarity to SP:P74996; match to protein family HMM PF01037.
BARBAKC583_0851	716	360095.BARBAKC583_0851	360095	Bartonella bacilliformis KC583	ABM45473.1	Nicotinate-nucleotide--dimethylbenzimidazole phosphoribosyltransferase; Identified by match to protein family HMM PF02277; match to protein family HMM TIGR03160.
BARBAKC583_0852	717	360095.BARBAKC583_0852	360095	Bartonella bacilliformis KC583	dusA	tRNA-dihydrouridine synthase A; Catalyzes the synthesis of 5,6-dihydrouridine (D), a modified base found in the D-loop of most tRNAs, via the reduction of the C5-C6 double bond in target uridines. Specifically modifies U20 and U20a in tRNAs; Belongs to the Dus family. DusA subfamily.
BARBAKC583_0853	718	360095.BARBAKC583_0853	360095	Bartonella bacilliformis KC583	ABM45695.1	Sensor histidine kinase/reponse regulator; Identified by match to protein family HMM PF00072; match to protein family HMM PF00512; match to protein family HMM PF02518; match to protein family HMM PF08448.
BARBAKC583_0854	719	360095.BARBAKC583_0854	360095	Bartonella bacilliformis KC583	ABM45167.1	Conserved hypothetical protein.
BARBAKC583_0855	720	360095.BARBAKC583_0855	360095	Bartonella bacilliformis KC583	ABM45541.1	Identified by match to protein family HMM PF01613.
BARBAKC583_0856	721	360095.BARBAKC583_0856	360095	Bartonella bacilliformis KC583	rpe	Ribulose-phosphate 3-epimerase; Identified by match to protein family HMM PF00834; match to protein family HMM TIGR01163; Belongs to the ribulose-phosphate 3-epimerase family.
BARBAKC583_0857	722	360095.BARBAKC583_0857	360095	Bartonella bacilliformis KC583	purB	Adenylosuccinate lyase; Identified by match to protein family HMM PF00206; match to protein family HMM TIGR00928; Belongs to the lyase 1 family. Adenylosuccinate lyase subfamily.
BARBAKC583_0858	723	360095.BARBAKC583_0858	360095	Bartonella bacilliformis KC583	ABM44450.1	Hydrolase, Alpha/Beta family; Identified by match to protein family HMM PF06821.
BARBAKC583_0859	724	360095.BARBAKC583_0859	360095	Bartonella bacilliformis KC583	purC	Phosphoribosylaminoimidazole-succinocarboxamide synthase; Identified by match to protein family HMM PF01259; match to protein family HMM TIGR00081; Belongs to the SAICAR synthetase family.
BARBAKC583_0860	725	360095.BARBAKC583_0860	360095	Bartonella bacilliformis KC583	purS	Phosphoribosylformylglycinamidine synthase, PurS protein; Part of the phosphoribosylformylglycinamidine synthase complex involved in the purines biosynthetic pathway. Catalyzes the ATP-dependent conversion of formylglycinamide ribonucleotide (FGAR) and glutamine to yield formylglycinamidine ribonucleotide (FGAM) and glutamate. The FGAM synthase complex is composed of three subunits. PurQ produces an ammonia molecule by converting glutamine to glutamate. PurL transfers the ammonia molecule to FGAR to form FGAM in an ATP- dependent manner. PurS interacts with PurQ and PurL and is thought [...] 
BARBAKC583_0861	726	360095.BARBAKC583_0861	360095	Bartonella bacilliformis KC583	purQ	Phosphoribosylformylglycinamidine synthase I; Part of the phosphoribosylformylglycinamidine synthase complex involved in the purines biosynthetic pathway. Catalyzes the ATP-dependent conversion of formylglycinamide ribonucleotide (FGAR) and glutamine to yield formylglycinamidine ribonucleotide (FGAM) and glutamate. The FGAM synthase complex is composed of three subunits. PurQ produces an ammonia molecule by converting glutamine to glutamate. PurL transfers the ammonia molecule to FGAR to form FGAM in an ATP- dependent manner. PurS interacts with PurQ and PurL and is thought to assist i [...] 
BARBAKC583_0863	727	360095.BARBAKC583_0863	360095	Bartonella bacilliformis KC583	purL	Phosphoribosylformylglycinamidine synthase II; Part of the phosphoribosylformylglycinamidine synthase complex involved in the purines biosynthetic pathway. Catalyzes the ATP-dependent conversion of formylglycinamide ribonucleotide (FGAR) and glutamine to yield formylglycinamidine ribonucleotide (FGAM) and glutamate. The FGAM synthase complex is composed of three subunits. PurQ produces an ammonia molecule by converting glutamine to glutamate. PurL transfers the ammonia molecule to FGAR to form FGAM in an ATP- dependent manner. PurS interacts with PurQ and PurL and is thought to assist  [...] 
BARBAKC583_0864	728	360095.BARBAKC583_0864	360095	Bartonella bacilliformis KC583	ABM44623.1	Identified by match to protein family HMM PF01722; Belongs to the BolA/IbaG family.
BARBAKC583_0865	729	360095.BARBAKC583_0865	360095	Bartonella bacilliformis KC583	ABM45512.1	Glutaredoxin homolog; Identified by match to protein family HMM PF00462; match to protein family HMM TIGR00365; Belongs to the glutaredoxin family. Monothiol subfamily.
BARBAKC583_0866	730	360095.BARBAKC583_0866	360095	Bartonella bacilliformis KC583	ABM44785.1	Drug resistance transporter, Bcr/CflA subfamily; Identified by match to protein family HMM PF07690; match to protein family HMM TIGR00710.
BARBAKC583_0867	731	360095.BARBAKC583_0867	360095	Bartonella bacilliformis KC583	parC	DNA topoisomerase IV, A subunit; Topoisomerase IV is essential for chromosome segregation. It relaxes supercoiled DNA. Performs the decatenation events required during the replication of a circular DNA molecule; Belongs to the type II topoisomerase GyrA/ParC subunit family. ParC type 1 subfamily.
BARBAKC583_0868	732	360095.BARBAKC583_0868	360095	Bartonella bacilliformis KC583	aspS	aspartyl-tRNA synthetase; Aspartyl-tRNA synthetase with relaxed tRNA specificity since it is able to aspartylate not only its cognate tRNA(Asp) but also tRNA(Asn). Reaction proceeds in two steps: L-aspartate is first activated by ATP to form Asp-AMP and then transferred to the acceptor end of tRNA(Asp/Asn); Belongs to the class-II aminoacyl-tRNA synthetase family. Type 1 subfamily.
BARBAKC583_0869	733	360095.BARBAKC583_0869	360095	Bartonella bacilliformis KC583	rnd	Ribonuclease D; Exonuclease involved in the 3' processing of various precursor tRNAs. Initiates hydrolysis at the 3'-terminus of an RNA molecule and releases 5'-mononucleotides; Belongs to the RNase D family.
BARBAKC583_0870	734	360095.BARBAKC583_0870	360095	Bartonella bacilliformis KC583	ABM45076.1	Conserved hypothetical protein.
BARBAKC583_0871	735	360095.BARBAKC583_0871	360095	Bartonella bacilliformis KC583	ABM44679.1	Putative monooxygenase; Identified by similarity to GB:AAW63416.1; match to protein family HMM PF01494.
BARBAKC583_0872	736	360095.BARBAKC583_0872	360095	Bartonella bacilliformis KC583	dnaE	DNA polymerase III, alpha subunit; Identified by match to protein family HMM PF01336; match to protein family HMM PF02811; match to protein family HMM PF07733; match to protein family HMM TIGR00594.
BARBAKC583_0873	737	360095.BARBAKC583_0873	360095	Bartonella bacilliformis KC583	ABM44798.1	Homology to a family of hypothetical proteins in Leptospira interrogans; identified by similarity to RF:YP_002272.1; match to protein family HMM PF07598.
BARBAKC583_0874	738	360095.BARBAKC583_0874	360095	Bartonella bacilliformis KC583	ABM44539.1	DEAD/DEAH box helicase domain/helicase conserved C-terminal domain protein; Identified by match to protein family HMM PF00270; match to protein family HMM PF00271; Belongs to the DEAD box helicase family.
BARBAKC583_0875	739	360095.BARBAKC583_0875	360095	Bartonella bacilliformis KC583	ABM45377.1	Hypothetical protein; Identified by Glimmer2; putative.
BARBAKC583_0878	740	360095.BARBAKC583_0878	360095	Bartonella bacilliformis KC583	secDF	Protein-export membrane protein SecD/SecF; Part of the Sec protein translocase complex. Interacts with the SecYEG preprotein conducting channel. SecDF uses the proton motive force (PMF) to complete protein translocation after the ATP-dependent function of SecA; Belongs to the SecD/SecF family. SecD subfamily.
BARBAKC583_0879	741	360095.BARBAKC583_0879	360095	Bartonella bacilliformis KC583	ABM44802.1	Putative membrane protein.
BARBAKC583_0880	742	360095.BARBAKC583_0880	360095	Bartonella bacilliformis KC583	ABM45625.1	Integral membrane protein TerC family/CBS/transporter domain; Identified by match to protein family HMM PF00571; match to protein family HMM PF03471; match to protein family HMM PF03741.
BARBAKC583_0888	743	360095.BARBAKC583_0888	360095	Bartonella bacilliformis KC583	ABM45200.1	Homology to a family of hypothetical proteins in Leptospira interrogans; identified by similarity to RF:YP_000623.1; match to protein family HMM PF07598.
BARBAKC583_0890	744	360095.BARBAKC583_0890	360095	Bartonella bacilliformis KC583	ABM44624.1	Homology to a family of hypothetical proteins in Leptospira interrogans; identified by similarity to RF:YP_002272.1; match to protein family HMM PF07598.
BARBAKC583_0891	745	360095.BARBAKC583_0891	360095	Bartonella bacilliformis KC583	ABM45372.1	Conserved hypothetical protein; Identified by similarity to RF:NP_522057.1.
BARBAKC583_0892	746	360095.BARBAKC583_0892	360095	Bartonella bacilliformis KC583	ABM45424.1	Hypothetical protein; Identified by Glimmer2; putative.
BARBAKC583_0893	747	360095.BARBAKC583_0893	360095	Bartonella bacilliformis KC583	ABM44758.1	Hypothetical protein; Identified by Glimmer2; putative.
BARBAKC583_0894	748	360095.BARBAKC583_0894	360095	Bartonella bacilliformis KC583	ABM45530.1	Conserved hypothetical protein; Identified by similarity to RF:NP_522061.1.
BARBAKC583_0895	749	360095.BARBAKC583_0895	360095	Bartonella bacilliformis KC583	ABM44964.1	Transporter, major facilitator family; Identified by match to protein family HMM PF07690.
BARBAKC583_0896	750	360095.BARBAKC583_0896	360095	Bartonella bacilliformis KC583	ABM45671.1	Identified by match to protein family HMM PF04011.
BARBAKC583_0897	751	360095.BARBAKC583_0897	360095	Bartonella bacilliformis KC583	ABM45064.1	Conserved hypothetical protein; Identified by match to protein family HMM PF04536.
BARBAKC583_0898	752	360095.BARBAKC583_0898	360095	Bartonella bacilliformis KC583	lipB	Lipoyltransferase; Catalyzes the transfer of endogenously produced octanoic acid from octanoyl-acyl-carrier-protein onto the lipoyl domains of lipoate- dependent enzymes. Lipoyl-ACP can also act as a substrate although octanoyl-ACP is likely to be the physiological substrate.
BARBAKC583_0899	753	360095.BARBAKC583_0899	360095	Bartonella bacilliformis KC583	parE	DNA topoisomerase IV, B subunit; Topoisomerase IV is essential for chromosome segregation. It relaxes supercoiled DNA. Performs the decatenation events required during the replication of a circular DNA molecule; Belongs to the type II topoisomerase family. ParE type 1 subfamily.
BARBAKC583_0900	754	360095.BARBAKC583_0900	360095	Bartonella bacilliformis KC583	recJ	single-stranded-DNA-specific exonuclease RecJ; Identified by match to protein family HMM PF01368; match to protein family HMM PF02272; match to protein family HMM TIGR00644.
BARBAKC583_0901	755	360095.BARBAKC583_0901	360095	Bartonella bacilliformis KC583	rplM	Ribosomal protein L13; This protein is one of the early assembly proteins of the 50S ribosomal subunit, although it is not seen to bind rRNA by itself. It is important during the early stages of 50S assembly.
BARBAKC583_0902	756	360095.BARBAKC583_0902	360095	Bartonella bacilliformis KC583	rpsI	Ribosomal protein S9; Identified by match to protein family HMM PF00380; Belongs to the universal ribosomal protein uS9 family.
BARBAKC583_0903	757	360095.BARBAKC583_0903	360095	Bartonella bacilliformis KC583	divK	Cell division response regulator DivK; Identified by similarity to GB:AAA82214.1; match to protein family HMM PF00072.
BARBAKC583_0904	758	360095.BARBAKC583_0904	360095	Bartonella bacilliformis KC583	ABM44812.1	Identified by match to protein family HMM PF01471; match to protein family HMM PF01510.
BARBAKC583_0906	759	360095.BARBAKC583_0906	360095	Bartonella bacilliformis KC583	ABM44811.1	Hypothetical protein; Identified by Glimmer2; putative.
BARBAKC583_0909	760	360095.BARBAKC583_0909	360095	Bartonella bacilliformis KC583	ABM45126.1	Hypothetical protein; Identified by Glimmer2; putative.
BARBAKC583_0910	761	360095.BARBAKC583_0910	360095	Bartonella bacilliformis KC583	ABM45555.1	Putative integrase; Identified by similarity to SP:P22884.
BARBAKC583_0912	762	360095.BARBAKC583_0912	360095	Bartonella bacilliformis KC583	ABM44568.1	Adhesin/haemagglutinin, bartonella repeat protein family; Identified by similarity to GB:AAU44778.1; match to protein family HMM PF05658; match to protein family HMM PF05662.
BARBAKC583_0916	763	360095.BARBAKC583_0916	360095	Bartonella bacilliformis KC583	cycA	D-serine/D-alanine/glycine transporter; Identified by similarity to SP:P0AAE0; match to protein family HMM PF00324.
BARBAKC583_0917	764	360095.BARBAKC583_0917	360095	Bartonella bacilliformis KC583	ilvC	Ketol-acid reductoisomerase; Involved in the biosynthesis of branched-chain amino acids (BCAA). Catalyzes an alkyl-migration followed by a ketol-acid reduction of (S)-2-acetolactate (S2AL) to yield (R)-2,3-dihydroxy-isovalerate. In the isomerase reaction, S2AL is rearranged via a Mg-dependent methyl migration to produce 3-hydroxy-3-methyl-2-ketobutyrate (HMKB). In the reductase reaction, this 2-ketoacid undergoes a metal-dependent reduction by NADPH to yield (R)-2,3-dihydroxy-isovalerate.
BARBAKC583_0918	765	360095.BARBAKC583_0918	360095	Bartonella bacilliformis KC583	pdxJ	Putative pyridoxal phosphate biosynthesis protein PdxJ; Catalyzes the complicated ring closure reaction between the two acyclic compounds 1-deoxy-D-xylulose-5-phosphate (DXP) and 3-amino- 2-oxopropyl phosphate (1-amino-acetone-3-phosphate or AAP) to form pyridoxine 5'-phosphate (PNP) and inorganic phosphate.
BARBAKC583_0919	766	360095.BARBAKC583_0919	360095	Bartonella bacilliformis KC583	ABM45073.1	Conserved hypothetical protein.
BARBAKC583_0921	767	360095.BARBAKC583_0921	360095	Bartonella bacilliformis KC583	ABM44777.1	Hypothetical protein; Identified by Glimmer2; putative.
BARBAKC583_0922	768	360095.BARBAKC583_0922	360095	Bartonella bacilliformis KC583	ABM45472.1	Identified by match to protein family HMM PF00089; match to protein family HMM PF00595; match to protein family HMM TIGR02037; Belongs to the peptidase S1C family.
BARBAKC583_0923	769	360095.BARBAKC583_0923	360095	Bartonella bacilliformis KC583	ABM44949.1	Putative HflC protein; HflC and HflK could regulate a protease.
BARBAKC583_0924	770	360095.BARBAKC583_0924	360095	Bartonella bacilliformis KC583	hflK	HflK protein; HflC and HflK could encode or regulate a protease.
BARBAKC583_0925	771	360095.BARBAKC583_0925	360095	Bartonella bacilliformis KC583	folA	Dihydrofolate reductase; Key enzyme in folate metabolism. Catalyzes an essential reaction for de novo glycine and purine synthesis, and for DNA precursor synthesis.
BARBAKC583_0926	772	360095.BARBAKC583_0926	360095	Bartonella bacilliformis KC583	thyA	Thymidylate synthase; Catalyzes the reductive methylation of 2'-deoxyuridine-5'- monophosphate (dUMP) to 2'-deoxythymidine-5'-monophosphate (dTMP) while utilizing 5,10-methylenetetrahydrofolate (mTHF) as the methyl donor and reductant in the reaction, yielding dihydrofolate (DHF) as a by- product. This enzymatic reaction provides an intracellular de novo source of dTMP, an essential precursor for DNA biosynthesis.
BARBAKC583_0927	773	360095.BARBAKC583_0927	360095	Bartonella bacilliformis KC583	kgtP	Alpha-ketoglutarate permease; Identified by similarity to SP:P0AEX3; match to protein family HMM PF00083; match to protein family HMM PF07690.
BARBAKC583_0928	774	360095.BARBAKC583_0928	360095	Bartonella bacilliformis KC583	ABM45493.1	Conserved hypothetical protein; Identified by similarity to RF:YP_033877.1.
BARBAKC583_0930	775	360095.BARBAKC583_0930	360095	Bartonella bacilliformis KC583	ABM45524.1	Conserved hypothetical protein; Identified by similarity to RF:YP_033878.1; match to protein family HMM PF07031.
BARBAKC583_0931	776	360095.BARBAKC583_0931	360095	Bartonella bacilliformis KC583	ABM44790.1	Conserved hypothetical protein; Identified by similarity to RF:YP_033879.1.
BARBAKC583_0932	777	360095.BARBAKC583_0932	360095	Bartonella bacilliformis KC583	ABM44743.1	Putative DNA helicase II; Identified by match to protein family HMM PF00580.
BARBAKC583_0933	778	360095.BARBAKC583_0933	360095	Bartonella bacilliformis KC583	ABM45222.1	Bacterial transferase hexapeptide repeat protein; Identified by match to protein family HMM PF00132.
BARBAKC583_0934	779	360095.BARBAKC583_0934	360095	Bartonella bacilliformis KC583	ABM45141.1	Identified by match to protein family HMM PF02630.
BARBAKC583_0935	780	360095.BARBAKC583_0935	360095	Bartonella bacilliformis KC583	prmA	Ribosomal protein L11 methyltransferase; Methylates ribosomal protein L11; Belongs to the methyltransferase superfamily. PrmA family.
BARBAKC583_0936	781	360095.BARBAKC583_0936	360095	Bartonella bacilliformis KC583	ABM45265.1	Peptidase, M24 family; Identified by match to protein family HMM PF00557; match to protein family HMM PF01321.
BARBAKC583_0937	782	360095.BARBAKC583_0937	360095	Bartonella bacilliformis KC583	ligA	DNA ligase, NAD-dependent; DNA ligase that catalyzes the formation of phosphodiester linkages between 5'-phosphoryl and 3'-hydroxyl groups in double- stranded DNA using NAD as a coenzyme and as the energy source for the reaction. It is essential for DNA replication and repair of damaged DNA.
BARBAKC583_0938	783	360095.BARBAKC583_0938	360095	Bartonella bacilliformis KC583	recN	DNA repair protein RecN; May be involved in recombinational repair of damaged DNA.
BARBAKC583_0939	784	360095.BARBAKC583_0939	360095	Bartonella bacilliformis KC583	bamD	Putative lipoprotein; Part of the outer membrane protein assembly complex, which is involved in assembly and insertion of beta-barrel proteins into the outer membrane.
BARBAKC583_0940	785	360095.BARBAKC583_0940	360095	Bartonella bacilliformis KC583	lpxC	UDP-3-0-acyl N-acetylglucosamine deacetylase; Catalyzes the hydrolysis of UDP-3-O-myristoyl-N- acetylglucosamine to form UDP-3-O-myristoylglucosamine and acetate, the committed step in lipid A biosynthesis; Belongs to the LpxC family.
BARBAKC583_0941	786	360095.BARBAKC583_0941	360095	Bartonella bacilliformis KC583	ftsZ	Cell division protein FtsZ; Essential cell division protein that forms a contractile ring structure (Z ring) at the future cell division site. The regulation of the ring assembly controls the timing and the location of cell division. One of the functions of the FtsZ ring is to recruit other cell division proteins to the septum to produce a new cell wall between the dividing cells. Binds GTP and shows GTPase activity.
BARBAKC583_0942	787	360095.BARBAKC583_0942	360095	Bartonella bacilliformis KC583	ftsA	Cell division protein FtsA; Cell division protein that is involved in the assembly of the Z ring. May serve as a membrane anchor for the Z ring. Belongs to the FtsA/MreB family.
BARBAKC583_0943	788	360095.BARBAKC583_0943	360095	Bartonella bacilliformis KC583	ftsQ	Cell division protein FtsQ; Essential cell division protein; Belongs to the FtsQ/DivIB family. FtsQ subfamily.
BARBAKC583_0944	789	360095.BARBAKC583_0944	360095	Bartonella bacilliformis KC583	ddlB	D-alanine--D-alanine ligase; Cell wall formation.
BARBAKC583_0945	790	360095.BARBAKC583_0945	360095	Bartonella bacilliformis KC583	murB	UDP-N-acetylenolpyruvoylglucosamine reductase; Cell wall formation.
BARBAKC583_0946	791	360095.BARBAKC583_0946	360095	Bartonella bacilliformis KC583	murC	UDP-N-acetylmuramate--alanine ligase; Cell wall formation; Belongs to the MurCDEF family.
BARBAKC583_0947	792	360095.BARBAKC583_0947	360095	Bartonella bacilliformis KC583	murG	Undecaprenyldiphospho-muramoylpentapeptide beta-N-acetylglucosaminyltransferase; Cell wall formation. Catalyzes the transfer of a GlcNAc subunit on undecaprenyl-pyrophosphoryl-MurNAc-pentapeptide (lipid intermediate I) to form undecaprenyl-pyrophosphoryl-MurNAc- (pentapeptide)GlcNAc (lipid intermediate II); Belongs to the glycosyltransferase 28 family. MurG subfamily.
BARBAKC583_0948	793	360095.BARBAKC583_0948	360095	Bartonella bacilliformis KC583	ftsW	Cell division protein FtsW; Identified by match to protein family HMM PF01098; match to protein family HMM TIGR02614; Belongs to the SEDS family.
BARBAKC583_0949	794	360095.BARBAKC583_0949	360095	Bartonella bacilliformis KC583	murD	UDP-N-acetylmuramoylalanine--D-glutamate ligase; Cell wall formation. Catalyzes the addition of glutamate to the nucleotide precursor UDP-N-acetylmuramoyl-L-alanine (UMA). Belongs to the MurCDEF family.
BARBAKC583_0950	795	360095.BARBAKC583_0950	360095	Bartonella bacilliformis KC583	mraY	phospho-N-acetylmuramoyl-pentapeptide- transferase; First step of the lipid cycle reactions in the biosynthesis of the cell wall peptidoglycan; Belongs to the glycosyltransferase 4 family. MraY subfamily.
BARBAKC583_0951	796	360095.BARBAKC583_0951	360095	Bartonella bacilliformis KC583	murF	UDP-N-acetylmuramoyl-tripeptide--D-alanyl-D- alanine ligase; Involved in cell wall formation. Catalyzes the final step in the synthesis of UDP-N-acetylmuramoyl-pentapeptide, the precursor of murein; Belongs to the MurCDEF family. MurF subfamily.
BARBAKC583_0952	797	360095.BARBAKC583_0952	360095	Bartonella bacilliformis KC583	murE	UDP-N-acetylmuramyl-tripeptide synthetases; Catalyzes the addition of meso-diaminopimelic acid to the nucleotide precursor UDP-N-acetylmuramoyl-L-alanyl-D-glutamate (UMAG) in the biosynthesis of bacterial cell-wall peptidoglycan. Belongs to the MurCDEF family. MurE subfamily.
BARBAKC583_0953	798	360095.BARBAKC583_0953	360095	Bartonella bacilliformis KC583	ABM45285.1	Putative penicillin binding protein; Identified by match to protein family HMM PF00905; match to protein family HMM PF03717.
BARBAKC583_0954	799	360095.BARBAKC583_0954	360095	Bartonella bacilliformis KC583	ABM45451.1	Conserved hypothetical protein; Identified by similarity to RF:YP_033903.1.
BARBAKC583_0955	800	360095.BARBAKC583_0955	360095	Bartonella bacilliformis KC583	mraW	S-adenosyl-methyltransferase MraW; Specifically methylates the N4 position of cytidine in position 1402 (C1402) of 16S rRNA.
BARBAKC583_0957	801	360095.BARBAKC583_0957	360095	Bartonella bacilliformis KC583	ABM45579.1	Conserved hypothetical protein; Identified by similarity to RF:YP_032508.1.
BARBAKC583_0959	802	360095.BARBAKC583_0959	360095	Bartonella bacilliformis KC583	ABM45172.1	ABC transporter, ATP-binding protein; Identified by similarity to GB:AAK11837.1; match to protein family HMM PF00005.
BARBAKC583_0960	803	360095.BARBAKC583_0960	360095	Bartonella bacilliformis KC583	ABM44439.1	Identified by match to protein family HMM PF00857.
BARBAKC583_0961	804	360095.BARBAKC583_0961	360095	Bartonella bacilliformis KC583	ABM45445.1	Putative membrane protein; Identified by match to protein family HMM PF04332.
BARBAKC583_0962	805	360095.BARBAKC583_0962	360095	Bartonella bacilliformis KC583	ABM44578.1	Identified by match to protein family HMM PF01381.
BARBAKC583_0963	806	360095.BARBAKC583_0963	360095	Bartonella bacilliformis KC583	ABM45606.1	Conserved hypothetical protein; Identified by similarity to RF:YP_032514.1.
BARBAKC583_0965	807	360095.BARBAKC583_0965	360095	Bartonella bacilliformis KC583	bp26	26 kDa periplasmic immunogenic protein; Identified by similarity to GB:AAO39773.1; match to protein family HMM PF04402.
BARBAKC583_0966	808	360095.BARBAKC583_0966	360095	Bartonella bacilliformis KC583	rpoD	RNA polymerase sigma factor RpoD; Sigma factors are initiation factors that promote the attachment of RNA polymerase to specific initiation sites and are then released. This sigma factor is the primary sigma factor during exponential growth.
BARBAKC583_0967	809	360095.BARBAKC583_0967	360095	Bartonella bacilliformis KC583	dnaG	DNA primase; RNA polymerase that catalyzes the synthesis of short RNA molecules used as primers for DNA polymerase during DNA replication.
BARBAKC583_0968	810	360095.BARBAKC583_0968	360095	Bartonella bacilliformis KC583	ABM44626.1	Transporter, small conductance mechanosensitive ion channel (MscS) family; Identified by match to protein family HMM PF00924.
BARBAKC583_0969	811	360095.BARBAKC583_0969	360095	Bartonella bacilliformis KC583	ABM45435.1	Identified by match to protein family HMM PF02690.
BARBAKC583_0970	812	360095.BARBAKC583_0970	360095	Bartonella bacilliformis KC583	ABM45440.1	Conserved hypothetical protein; Identified by similarity to RF:YP_032521.1; match to protein family HMM PF04226.
BARBAKC583_0971	813	360095.BARBAKC583_0971	360095	Bartonella bacilliformis KC583	ubiC	Chorismate--pyruvate lyase; Removes the pyruvyl group from chorismate, with concomitant aromatization of the ring, to provide 4-hydroxybenzoate (4HB) for the ubiquinone pathway; Belongs to the UbiC family.
BARBAKC583_0972	814	360095.BARBAKC583_0972	360095	Bartonella bacilliformis KC583	carA	Carbamoyl-phosphate synthase, small subunit; Identified by match to protein family HMM PF00117; match to protein family HMM PF00988; match to protein family HMM TIGR01368; Belongs to the CarA family.
BARBAKC583_0973	815	360095.BARBAKC583_0973	360095	Bartonella bacilliformis KC583	ABM44556.1	Transporter, major facilitator family; Identified by match to protein family HMM PF07690.
BARBAKC583_0975	816	360095.BARBAKC583_0975	360095	Bartonella bacilliformis KC583	carB	Carbamoyl-phosphate synthase, large subunit; Identified by match to protein family HMM PF00289; match to protein family HMM PF02142; match to protein family HMM PF02786; match to protein family HMM PF02787; match to protein family HMM TIGR01369; Belongs to the CarB family.
BARBAKC583_0977	817	360095.BARBAKC583_0977	360095	Bartonella bacilliformis KC583	ABM44843.1	Identified by match to protein family HMM PF00313.
BARBAKC583_0979	818	360095.BARBAKC583_0979	360095	Bartonella bacilliformis KC583	aatA	Aspartate aminotransferase; Identified by similarity to SP:Q02635; match to protein family HMM PF00155.
BARBAKC583_0980	819	360095.BARBAKC583_0980	360095	Bartonella bacilliformis KC583	ABM44993.1	Transcriptional regulator, LysR family; Identified by match to protein family HMM PF00126; match to protein family HMM PF03466; Belongs to the LysR transcriptional regulatory family.
BARBAKC583_0981	820	360095.BARBAKC583_0981	360095	Bartonella bacilliformis KC583	trxB	Thioredoxin-disulfide reductase; Identified by match to protein family HMM PF00070; match to protein family HMM PF07992; match to protein family HMM TIGR01292.
BARBAKC583_0982	821	360095.BARBAKC583_0982	360095	Bartonella bacilliformis KC583	ABM44457.1	Putative potassium uptake protein; Low-affinity potassium transport system. Interacts with Trk system potassium uptake protein TrkA; Belongs to the TrkH potassium transport family.
BARBAKC583_0983	822	360095.BARBAKC583_0983	360095	Bartonella bacilliformis KC583	lpcC	Lipopolysaccharide core biosynthesis mannosyltransferase lpcC; Identified by similarity to SP:O68547; match to protein family HMM PF00534.
BARBAKC583_0984	823	360095.BARBAKC583_0984	360095	Bartonella bacilliformis KC583	greA	Transcription elongation factor GreA; Necessary for efficient RNA polymerase transcription elongation past template-encoded arresting sites. The arresting sites in DNA have the property of trapping a certain fraction of elongating RNA polymerases that pass through, resulting in locked ternary complexes. Cleavage of the nascent transcript by cleavage factors such as GreA or GreB allows the resumption of elongation from the new 3'terminus. GreA releases sequences of 2 to 3 nucleotides.
BARBAKC583_0986	825	360095.BARBAKC583_0986	360095	Bartonella bacilliformis KC583	uvrB	Excinuclease ABC, B subunit; The UvrABC repair system catalyzes the recognition and processing of DNA lesions. A damage recognition complex composed of 2 UvrA and 2 UvrB subunits scans DNA for abnormalities. Upon binding of the UvrA(2)B(2) complex to a putative damaged site, the DNA wraps around one UvrB monomer. DNA wrap is dependent on ATP binding by UvrB and probably causes local melting of the DNA helix, facilitating insertion of UvrB beta-hairpin between the DNA strands. Then UvrB probes one DNA strand for the presence of a lesion. If a lesion is found the UvrA subunits dissociate [...] 
BARBAKC583_0987	826	360095.BARBAKC583_0987	360095	Bartonella bacilliformis KC583	ABM45572.1	Conserved hypothetical protein; Identified by similarity to RF:NP_698511.1.
BARBAKC583_0988	827	360095.BARBAKC583_0988	360095	Bartonella bacilliformis KC583	ABM45560.1	Identified by match to protein family HMM PF00753.
BARBAKC583_0989	828	360095.BARBAKC583_0989	360095	Bartonella bacilliformis KC583	ABM45400.1	DNA-binding response regulator; Identified by match to protein family HMM PF00072; match to protein family HMM PF00486.
BARBAKC583_0990	829	360095.BARBAKC583_0990	360095	Bartonella bacilliformis KC583	ABM45173.1	Sensor histidine kinase; Identified by match to protein family HMM PF00512; match to protein family HMM PF00672; match to protein family HMM PF02518.
BARBAKC583_0991	830	360095.BARBAKC583_0991	360095	Bartonella bacilliformis KC583	ABM45040.1	Conserved hypothetical protein; Identified by similarity to RF:YP_032023.1; match to protein family HMM PF08749.
BARBAKC583_0993	831	360095.BARBAKC583_0993	360095	Bartonella bacilliformis KC583	ABM44642.1	Conserved hypothetical protein; Identified by similarity to RF:YP_033943.1; match to protein family HMM PF04380.
BARBAKC583_0994	832	360095.BARBAKC583_0994	360095	Bartonella bacilliformis KC583	lgt	Prolipoprotein diacylglyceryl transferase; Catalyzes the transfer of the diacylglyceryl group from phosphatidylglycerol to the sulfhydryl group of the N-terminal cysteine of a prolipoprotein, the first step in the formation of mature lipoproteins; Belongs to the Lgt family.
BARBAKC583_0995	833	360095.BARBAKC583_0995	360095	Bartonella bacilliformis KC583	ABM45439.1	Conserved hypothetical protein; Identified by match to protein family HMM PF02636.
BARBAKC583_0996	834	360095.BARBAKC583_0996	360095	Bartonella bacilliformis KC583	ABM44894.1	Conserved hypothetical protein TIGR00726; Identified by similarity to RF:YP_032018.1; match to protein family HMM PF02578; match to protein family HMM TIGR00726; Belongs to the multicopper oxidase YfiH/RL5 family.
BARBAKC583_0998	835	360095.BARBAKC583_0998	360095	Bartonella bacilliformis KC583	prs	Ribose-phosphate pyrophosphokinase; Involved in the biosynthesis of the central metabolite phospho-alpha-D-ribosyl-1-pyrophosphate (PRPP) via the transfer of pyrophosphoryl group from ATP to 1-hydroxyl of ribose-5-phosphate (Rib- 5-P); Belongs to the ribose-phosphate pyrophosphokinase family. Class I subfamily.
BARBAKC583_0999	836	360095.BARBAKC583_0999	360095	Bartonella bacilliformis KC583	rplY	Ribosomal protein L25, Ctc-form; This is one of the proteins that binds to the 5S RNA in the ribosome where it forms part of the central protuberance. Belongs to the bacterial ribosomal protein bL25 family. CTC subfamily.
BARBAKC583_1000	837	360095.BARBAKC583_1000	360095	Bartonella bacilliformis KC583	pth	peptidyl-tRNA hydrolase; The natural substrate for this enzyme may be peptidyl-tRNAs which drop off the ribosome during protein synthesis. Belongs to the PTH family.
BARBAKC583_1001	838	360095.BARBAKC583_1001	360095	Bartonella bacilliformis KC583	ABM44822.1	Identified by match to protein family HMM PF03734.
BARBAKC583_1002	839	360095.BARBAKC583_1002	360095	Bartonella bacilliformis KC583	engD	GTP-dependent nucleic acid-binding protein engD; ATPase that binds to both the 70S ribosome and the 50S ribosomal subunit in a nucleotide-independent manner.
BARBAKC583_1003	840	360095.BARBAKC583_1003	360095	Bartonella bacilliformis KC583	ABM44718.1	PRC-barrel domain protein; Identified by match to protein family HMM PF05239.
BARBAKC583_1005	841	360095.BARBAKC583_1005	360095	Bartonella bacilliformis KC583	trmL	RNA methyltransferase, TrmH family; Methylates the ribose at the nucleotide 34 wobble position in the two leucyl isoacceptors tRNA(Leu)(CmAA) and tRNA(Leu)(cmnm5UmAA). Catalyzes the methyl transfer from S-adenosyl-L-methionine to the 2'-OH of the wobble nucleotide.
BARBAKC583_1006	842	360095.BARBAKC583_1006	360095	Bartonella bacilliformis KC583	trnT	tRNA-nucleotidyltransferase; Identified by similarity to SP:Q8K1J6; match to protein family HMM PF01743; Belongs to the tRNA nucleotidyltransferase/poly(A) polymerase family.
BARBAKC583_1007	843	360095.BARBAKC583_1007	360095	Bartonella bacilliformis KC583	ABM45089.1	ATPase, AAA family; Identified by match to protein family HMM PF07726; match to protein family HMM PF07728.
BARBAKC583_1008	844	360095.BARBAKC583_1008	360095	Bartonella bacilliformis KC583	ABM44573.1	Conserved hypothetical protein; Identified by similarity to RF:YP_032538.1.
BARBAKC583_1009	845	360095.BARBAKC583_1009	360095	Bartonella bacilliformis KC583	ABM45482.1	N-terminal double-transmembrane domain protein; Identified by match to protein family HMM TIGR02226.
BARBAKC583_1011	846	360095.BARBAKC583_1011	360095	Bartonella bacilliformis KC583	ABM45690.1	Identified by match to protein family HMM PF00583.
BARBAKC583_1012	847	360095.BARBAKC583_1012	360095	Bartonella bacilliformis KC583	ABM45084.1	Identified by match to protein family HMM PF00149.
BARBAKC583_1013	848	360095.BARBAKC583_1013	360095	Bartonella bacilliformis KC583	czrB	Metal cation efflux protein CzrB; Identified by similarity to GB:CAC83722.1; match to protein family HMM PF01545; match to protein family HMM TIGR01297; Belongs to the cation diffusion facilitator (CDF) transporter (TC 2.A.4) family.
BARBAKC583_1015	849	360095.BARBAKC583_1015	360095	Bartonella bacilliformis KC583	ABM44540.1	RNA methyltransferase, TrmH family; Identified by match to protein family HMM PF00588.
BARBAKC583_1016	850	360095.BARBAKC583_1016	360095	Bartonella bacilliformis KC583	trmU	tRNA (5-methylaminomethyl-2-thiouridylate)-methyltransferase; Catalyzes the 2-thiolation of uridine at the wobble position (U34) of tRNA, leading to the formation of s(2)U34.
BARBAKC583_1017	851	360095.BARBAKC583_1017	360095	Bartonella bacilliformis KC583	ABM44731.1	Conserved hypothetical protein; Identified by similarity to RF:YP_032544.1; match to protein family HMM PF06627.
BARBAKC583_1018	852	360095.BARBAKC583_1018	360095	Bartonella bacilliformis KC583	ABM45624.1	Conserved hypothetical protein.
BARBAKC583_1019	853	360095.BARBAKC583_1019	360095	Bartonella bacilliformis KC583	ctrA	Cell cycle transcriptional regulator CtrA; Identified by similarity to SP:Q45994; match to protein family HMM PF00072; match to protein family HMM PF00486.
BARBAKC583_1020	854	360095.BARBAKC583_1020	360095	Bartonella bacilliformis KC583	ABM45536.1	Conserved hypothetical protein; Identified by similarity to GB:CAC47299.1.
BARBAKC583_1021	855	360095.BARBAKC583_1021	360095	Bartonella bacilliformis KC583	ABM44766.1	Conserved hypothetical protein; Identified by match to protein family HMM PF06577.
BARBAKC583_1023	856	360095.BARBAKC583_1023	360095	Bartonella bacilliformis KC583	ABM44928.1	DegT/DnrJ/EryC1/StrS family aminotransferase; Identified by match to protein family HMM PF00202; match to protein family HMM PF01041; Belongs to the DegT/DnrJ/EryC1 family.
BARBAKC583_1024	857	360095.BARBAKC583_1024	360095	Bartonella bacilliformis KC583	ABM45675.1	Oxidoreductase, Gfo/Idh/MocA family; Identified by match to protein family HMM PF01408; match to protein family HMM PF02894.
BARBAKC583_1026	858	360095.BARBAKC583_1026	360095	Bartonella bacilliformis KC583	ABM44958.1	Dipeptide ABC transporter, ATP-binding protein; Similarity to OppF; identified by similarity to GB:AAG22038.1; match to protein family HMM PF00005.
BARBAKC583_1027	859	360095.BARBAKC583_1027	360095	Bartonella bacilliformis KC583	ABM45209.1	Dipeptide ABC transporter, ATP-binding protein; Identified by match to protein family HMM PF00005; Belongs to the ABC transporter superfamily.
BARBAKC583_1028	860	360095.BARBAKC583_1028	360095	Bartonella bacilliformis KC583	ABM44673.1	Dipeptide ABC transporter, permease protein; Similarity to DdpC; identified by similarity to SP:P77463; match to protein family HMM PF00528.
BARBAKC583_1029	861	360095.BARBAKC583_1029	360095	Bartonella bacilliformis KC583	ABM45360.1	Dipeptide ABC transporter, permease protein; Similarity to DdpB; identified by similarity to SP:P77308; match to protein family HMM PF00528.
BARBAKC583_1030	862	360095.BARBAKC583_1030	360095	Bartonella bacilliformis KC583	ABM44793.1	Dipeptide ABC transporter, periplasmic dipeptide-binding protein; Identified by similarity to SP:P76128; match to protein family HMM PF00496.
BARBAKC583_1033	863	360095.BARBAKC583_1033	360095	Bartonella bacilliformis KC583	ABM44934.1	Putative DNA-3-methyladenine glycosylase I; Identified by match to protein family HMM PF03352.
BARBAKC583_1034	864	360095.BARBAKC583_1034	360095	Bartonella bacilliformis KC583	xseA	Exodeoxyribonuclease VII, large subunit; Bidirectionally degrades single-stranded DNA into large acid- insoluble oligonucleotides, which are then degraded further into small acid-soluble oligonucleotides; Belongs to the XseA family.
BARBAKC583_1035	865	360095.BARBAKC583_1035	360095	Bartonella bacilliformis KC583	ABM45431.1	Conserved hypothetical protein; Identified by similarity to RF:YP_033980.1.
BARBAKC583_1037	867	360095.BARBAKC583_1037	360095	Bartonella bacilliformis KC583	etfB	Electron transfer flavoprotein, beta subunit; Identified by similarity to SP:P53575; match to protein family HMM PF01012.
BARBAKC583_1038	868	360095.BARBAKC583_1038	360095	Bartonella bacilliformis KC583	etfA	Electron transfer flavoprotein, alpha subunit; Identified by similarity to SP:P38974; match to protein family HMM PF00766; match to protein family HMM PF01012.
BARBAKC583_1039	869	360095.BARBAKC583_1039	360095	Bartonella bacilliformis KC583	ABM45389.1	Electron transfer flavoprotein-ubiquinone dehydrogenase; Accepts electrons from ETF and reduces ubiquinone.
BARBAKC583_1040	870	360095.BARBAKC583_1040	360095	Bartonella bacilliformis KC583	flaA	Flagellin A; Flagellin is the subunit protein which polymerizes to form the filaments of bacterial flagella.
BARBAKC583_1041	871	360095.BARBAKC583_1041	360095	Bartonella bacilliformis KC583	ABM44663.1	Putative pyrroline-5-carboxylate reductase; Identified by match to protein family HMM PF03807.
BARBAKC583_1042	872	360095.BARBAKC583_1042	360095	Bartonella bacilliformis KC583	ABM44952.1	Conserved hypothetical protein TIGR00252; Identified by match to protein family HMM PF02021; Belongs to the UPF0102 family.
BARBAKC583_1043	873	360095.BARBAKC583_1043	360095	Bartonella bacilliformis KC583	rsmI	Tetrapyrrole methylase family protein; Catalyzes the 2'-O-methylation of the ribose of cytidine 1402 (C1402) in 16S rRNA.
BARBAKC583_1044	874	360095.BARBAKC583_1044	360095	Bartonella bacilliformis KC583	pyrF	Orotidine 5'-phosphate decarboxylase; Catalyzes the decarboxylation of orotidine 5'-monophosphate (OMP) to uridine 5'-monophosphate (UMP); Belongs to the OMP decarboxylase family. Type 1 subfamily.
BARBAKC583_1045	875	360095.BARBAKC583_1045	360095	Bartonella bacilliformis KC583	ABM45694.1	Conserved hypothetical protein; Binds and transfers iron-sulfur (Fe-S) clusters to target apoproteins. Can hydrolyze ATP; Belongs to the Mrp/NBP35 ATP-binding proteins family.
BARBAKC583_1046	876	360095.BARBAKC583_1046	360095	Bartonella bacilliformis KC583	rpmH	Ribosomal protein L34; Identified by match to protein family HMM PF00468; match to protein family HMM TIGR01030; Belongs to the bacterial ribosomal protein bL34 family.
BARBAKC583_1047	877	360095.BARBAKC583_1047	360095	Bartonella bacilliformis KC583	rnpA	Ribonuclease P protein component; RNaseP catalyzes the removal of the 5'-leader sequence from pre-tRNA to produce the mature 5'-terminus. It can also cleave other RNA substrates such as 4.5S RNA. The protein component plays an auxiliary but essential role in vivo by binding to the 5'-leader sequence and broadening the substrate specificity of the ribozyme.
BARBAKC583_1048	878	360095.BARBAKC583_1048	360095	Bartonella bacilliformis KC583	yidC	Inner membrane protein, 60Kd; Required for the insertion and/or proper folding and/or complex formation of integral membrane proteins into the membrane. Involved in integration of membrane proteins that insert both dependently and independently of the Sec translocase complex, as well as at least some lipoproteins. Aids folding of multispanning membrane proteins.
BARBAKC583_1049	879	360095.BARBAKC583_1049	360095	Bartonella bacilliformis KC583	engB	GTP-binding protein; Necessary for normal cell division and for the maintenance of normal septation; Belongs to the TRAFAC class TrmE-Era-EngA-EngB-Septin-like GTPase superfamily. EngB GTPase family.
BARBAKC583_1050	880	360095.BARBAKC583_1050	360095	Bartonella bacilliformis KC583	ABM45130.1	Glutathione S-transferase; Identified by match to protein family HMM PF00043; match to protein family HMM PF02798.
BARBAKC583_1051	881	360095.BARBAKC583_1051	360095	Bartonella bacilliformis KC583	dapB	Dihydrodipicolinate reductase; Catalyzes the conversion of 4-hydroxy-tetrahydrodipicolinate (HTPA) to tetrahydrodipicolinate.
BARBAKC583_1052	882	360095.BARBAKC583_1052	360095	Bartonella bacilliformis KC583	gpmA	Phosphoglycerate mutase, 2,3-bisphosphoglycerate-dependent; Catalyzes the interconversion of 2-phosphoglycerate and 3- phosphoglycerate; Belongs to the phosphoglycerate mutase family. BPG- dependent PGAM subfamily.
BARBAKC583_1055	883	360095.BARBAKC583_1055	360095	Bartonella bacilliformis KC583	ABM44875.1	Homology to a family of hypothetical proteins in Leptospira interrogans; identified by similarity to RF:NP_711583.1; match to protein family HMM PF07598.
BARBAKC583_1057	884	360095.BARBAKC583_1057	360095	Bartonella bacilliformis KC583	ABM45215.1	Lysozyme; Identified by match to protein family HMM PF00959.
BARBAKC583_1060	885	360095.BARBAKC583_1060	360095	Bartonella bacilliformis KC583	ABM44911.1	Hypothetical protein; Identified by Glimmer2; putative.
BARBAKC583_1061	886	360095.BARBAKC583_1061	360095	Bartonella bacilliformis KC583	ABM44948.1	Conserved hypothetical protein; Identified by similarity to RF:YP_033747.1.
BARBAKC583_1063	887	360095.BARBAKC583_1063	360095	Bartonella bacilliformis KC583	ABM44832.1	Conserved hypothetical protein.
BARBAKC583_1066	888	360095.BARBAKC583_1066	360095	Bartonella bacilliformis KC583	ABM44869.1	Conserved domain protein; Identified by similarity to RF:YP_211601.1.
BARBAKC583_1068	889	360095.BARBAKC583_1068	360095	Bartonella bacilliformis KC583	ABM45024.1	Conserved hypothetical protein; Identified by similarity to RF:YP_033517.1.
BARBAKC583_1070	891	360095.BARBAKC583_1070	360095	Bartonella bacilliformis KC583	ABM44990.1	Putative anti-repressor protein, AntA/AntB family; Identified by match to protein family HMM PF08346.
BARBAKC583_1073	892	360095.BARBAKC583_1073	360095	Bartonella bacilliformis KC583	ABM44600.1	Conserved hypothetical protein; Identified by similarity to RF:YP_033508.1.
BARBAKC583_1077	893	360095.BARBAKC583_1077	360095	Bartonella bacilliformis KC583	ABM45544.1	Homology to a family of hypothetical proteins in Leptospira interrogans; identified by similarity to RF:NP_713670.1; match to protein family HMM PF07598.
BARBAKC583_1078	894	360095.BARBAKC583_1078	360095	Bartonella bacilliformis KC583	ABM45109.1	Homology to a family of hypothetical proteins in Leptospira interrogans; identified by similarity to RF:NP_710801.1; match to protein family HMM PF07598.
BARBAKC583_1080	895	360095.BARBAKC583_1080	360095	Bartonella bacilliformis KC583	ABM45648.1	Conserved hypothetical protein.
BARBAKC583_1087	896	360095.BARBAKC583_1087	360095	Bartonella bacilliformis KC583	ABM44481.1	Putative transcriptional regulator; Belongs to the Fur family.
BARBAKC583_1088	897	360095.BARBAKC583_1088	360095	Bartonella bacilliformis KC583	ABM45204.1	Auxiliary transport protein, membrane fusion protein (MFP) family; Identified by match to protein family HMM PF00529.
BARBAKC583_1089	898	360095.BARBAKC583_1089	360095	Bartonella bacilliformis KC583	ABM44603.1	Drug resistance transporter, EmrB/QacA subfamily; Identified by match to protein family HMM PF07690; match to protein family HMM TIGR00711; Belongs to the major facilitator superfamily.
BARBAKC583_1090	899	360095.BARBAKC583_1090	360095	Bartonella bacilliformis KC583	ABM45330.1	Pyridoxal-dependent decarboxylase; Identified by match to protein family HMM PF00278; match to protein family HMM PF02784; Belongs to the Orn/Lys/Arg decarboxylase class-II family.
BARBAKC583_1091	900	360095.BARBAKC583_1091	360095	Bartonella bacilliformis KC583	ABM45011.1	Rhodanese-like domain protein; Identified by match to protein family HMM PF00581; Belongs to the UPF0176 family.
BARBAKC583_1092	901	360095.BARBAKC583_1092	360095	Bartonella bacilliformis KC583	fpr	ferredoxin---NADP reductase; Identified by similarity to SP:Q44532; match to protein family HMM PF00175; match to protein family HMM PF00970.
BARBAKC583_1093	902	360095.BARBAKC583_1093	360095	Bartonella bacilliformis KC583	alr	Alanine racemase; Catalyzes the interconversion of L-alanine and D-alanine. May also act on other amino acids; Belongs to the alanine racemase family.
BARBAKC583_1094	903	360095.BARBAKC583_1094	360095	Bartonella bacilliformis KC583	gcvP	Glycine dehydrogenase; The glycine cleavage system catalyzes the degradation of glycine. The P protein binds the alpha-amino group of glycine through its pyridoxal phosphate cofactor; CO(2) is released and the remaining methylamine moiety is then transferred to the lipoamide cofactor of the H protein; Belongs to the GcvP family.
BARBAKC583_1095	904	360095.BARBAKC583_1095	360095	Bartonella bacilliformis KC583	gcvH	Glycine cleavage system H protein; The glycine cleavage system catalyzes the degradation of glycine. The H protein shuttles the methylamine group of glycine from the P protein to the T protein.
BARBAKC583_1096	905	360095.BARBAKC583_1096	360095	Bartonella bacilliformis KC583	gcvT	Glycine cleavage system T protein; Identified by match to protein family HMM PF01571; match to protein family HMM PF08669; match to protein family HMM TIGR00528.
BARBAKC583_1097	906	360095.BARBAKC583_1097	360095	Bartonella bacilliformis KC583	ABM44935.1	ATP-dependent protease; Identified by match to protein family HMM PF02190.
BARBAKC583_1098	907	360095.BARBAKC583_1098	360095	Bartonella bacilliformis KC583	ABM45674.1	Conserved hypothetical protein; Identified by similarity to RF:YP_034024.1; match to protein family HMM PF03966; Belongs to the UPF0434 family.
BARBAKC583_1100	908	360095.BARBAKC583_1100	360095	Bartonella bacilliformis KC583	ABM44552.1	Conserved hypothetical protein; Identified by match to protein family HMM PF03966.
BARBAKC583_1101	909	360095.BARBAKC583_1101	360095	Bartonella bacilliformis KC583	asd	Aspartate-semialdehyde dehydrogenase; Catalyzes the NADPH-dependent formation of L-aspartate- semialdehyde (L-ASA) by the reductive dephosphorylation of L-aspartyl- 4-phosphate; Belongs to the aspartate-semialdehyde dehydrogenase family.
BARBAKC583_1102	910	360095.BARBAKC583_1102	360095	Bartonella bacilliformis KC583	metQ	D-methionine ABC transporter, periplasmic methionine-binding protein; Identified by similarity to SP:P28635; match to protein family HMM PF03180; match to protein family HMM TIGR00363; Belongs to the nlpA lipoprotein family.
BARBAKC583_1103	911	360095.BARBAKC583_1103	360095	Bartonella bacilliformis KC583	metN	D-methionine ABC transporter, ATP-binding protein; Part of the ABC transporter complex MetNIQ involved in methionine import. Responsible for energy coupling to the transport system.
BARBAKC583_1104	912	360095.BARBAKC583_1104	360095	Bartonella bacilliformis KC583	metI	D-methionine ABC transporter, permease protein; Identified by match to protein family HMM PF00528.
BARBAKC583_1105	913	360095.BARBAKC583_1105	360095	Bartonella bacilliformis KC583	nodN	Nodulation protein N; Identified by similarity to SP:P08634; match to protein family HMM PF01575.
BARBAKC583_1106	914	360095.BARBAKC583_1106	360095	Bartonella bacilliformis KC583	ABM44622.1	Putative oxidoreductase, NAD-binding; Identified by match to protein family HMM PF01113; match to protein family HMM PF03447; match to protein family HMM PF08666.
BARBAKC583_1108	915	360095.BARBAKC583_1108	360095	Bartonella bacilliformis KC583	ABM44420.1	Creatininase; Identified by match to protein family HMM PF02633.
BARBAKC583_1109	916	360095.BARBAKC583_1109	360095	Bartonella bacilliformis KC583	ABM45633.1	Outer membrane autotransporter; Identified by match to protein family HMM PF03797; match to protein family HMM TIGR01414.
BARBAKC583_1110	917	360095.BARBAKC583_1110	360095	Bartonella bacilliformis KC583	ABM44874.1	Hypothetical protein; Identified by Glimmer2; putative.
BARBAKC583_1111	918	360095.BARBAKC583_1111	360095	Bartonella bacilliformis KC583	ABM45339.1	Iron chelate ABC transporter, periplasmic iron-binding protein; Identified by match to protein family HMM PF01497.
BARBAKC583_1112	919	360095.BARBAKC583_1112	360095	Bartonella bacilliformis KC583	ABM45421.1	Iron chelate ABC transporter, permease protein; Identified by similarity to GB:CAA61301.1; match to protein family HMM PF01032; Belongs to the binding-protein-dependent transport system permease family. FecCD subfamily.
BARBAKC583_1113	920	360095.BARBAKC583_1113	360095	Bartonella bacilliformis KC583	ABM45390.1	Iron chelate ABC transporter, permease protein; Identified by similarity to GB:CAA61302.1; match to protein family HMM PF01032; Belongs to the binding-protein-dependent transport system permease family. FecCD subfamily.
BARBAKC583_1114	921	360095.BARBAKC583_1114	360095	Bartonella bacilliformis KC583	ABM44468.1	Iron chelate ABC transporter, ATP-binding protein; Identified by match to protein family HMM PF00005.
BARBAKC583_1116	922	360095.BARBAKC583_1116	360095	Bartonella bacilliformis KC583	fliQ	Flagellar biosynthetic protein FliQ; Role in flagellar biosynthesis. Belongs to the FliQ/MopD/SpaQ family.
BARBAKC583_1117	923	360095.BARBAKC583_1117	360095	Bartonella bacilliformis KC583	flgD	Flagellar hook capping protein; Identified by similarity to GB:AAB61250.1; match to protein family HMM PF03963.
BARBAKC583_1118	924	360095.BARBAKC583_1118	360095	Bartonella bacilliformis KC583	flbT	Flagellum biosynthesis repressor; Identified by similarity to SP:P21297; match to protein family HMM PF07378.
BARBAKC583_1119	925	360095.BARBAKC583_1119	360095	Bartonella bacilliformis KC583	flaF	Flaf protein; Identified by similarity to SP:P21295; match to protein family HMM PF07309.
BARBAKC583_1120	926	360095.BARBAKC583_1120	360095	Bartonella bacilliformis KC583	ABM45322.1	Putative flagellar hook-associated protein 3 (HAP3); Flagellin is the subunit protein which polymerizes to form the filaments of bacterial flagella.
BARBAKC583_1121	927	360095.BARBAKC583_1121	360095	Bartonella bacilliformis KC583	flgK	Flagellar hook-associated protein FlgK; Identified by match to protein family HMM PF06429; match to protein family HMM TIGR02492.
BARBAKC583_1122	928	360095.BARBAKC583_1122	360095	Bartonella bacilliformis KC583	flgE	Flagellar hook protein FlgE; Identified by similarity to SP:P75937; match to protein family HMM PF00460; match to protein family HMM PF06429; match to protein family HMM PF07559.
BARBAKC583_1123	929	360095.BARBAKC583_1123	360095	Bartonella bacilliformis KC583	ABM45502.1	DNA-binding response regulator; Identified by match to protein family HMM PF00072; match to protein family HMM PF00486.
BARBAKC583_1124	930	360095.BARBAKC583_1124	360095	Bartonella bacilliformis KC583	ABM45271.1	Transglycosylase, SLT domain protein; Identified by match to protein family HMM PF01464.
BARBAKC583_1125	931	360095.BARBAKC583_1125	360095	Bartonella bacilliformis KC583	ABM44536.1	Putative flagellar motor protein; Identified by similarity to RF:YP_223813.1.
BARBAKC583_1126	932	360095.BARBAKC583_1126	360095	Bartonella bacilliformis KC583	ABM45651.1	Putative flagellar motor protein; Identified by similarity to SP:Q52963.
BARBAKC583_1127	933	360095.BARBAKC583_1127	360095	Bartonella bacilliformis KC583	ABM44931.1	Putative flagellar motor protein MotB; Identified by similarity to GB:AAB81408.1; match to protein family HMM PF00691.
BARBAKC583_1128	934	360095.BARBAKC583_1128	360095	Bartonella bacilliformis KC583	ABM44953.1	Hypothetical protein; Identified by Glimmer2; putative.
BARBAKC583_1129	935	360095.BARBAKC583_1129	360095	Bartonella bacilliformis KC583	fliF	Flagellar M-ring protein FliF; The M ring may be actively involved in energy transduction. Belongs to the FliF family.
BARBAKC583_1132	937	360095.BARBAKC583_1132	360095	Bartonella bacilliformis KC583	ABM45246.1	Outer membrane autotransporter; Identified by match to protein family HMM TIGR01414.
BARBAKC583_1133	938	360095.BARBAKC583_1133	360095	Bartonella bacilliformis KC583	ABM44634.1	Outer membrane autotransporter; Identified by match to protein family HMM TIGR01414.
BARBAKC583_1135	940	360095.BARBAKC583_1135	360095	Bartonella bacilliformis KC583	fliP	Flagellar biosynthetic protein FliP; Plays a role in the flagellum-specific transport system. Belongs to the FliP/MopC/SpaP family.
BARBAKC583_1136	941	360095.BARBAKC583_1136	360095	Bartonella bacilliformis KC583	fliL	Flagellar basal body-associated protein FliL; Controls the rotational direction of flagella during chemotaxis; Belongs to the FliL family.
BARBAKC583_1137	942	360095.BARBAKC583_1137	360095	Bartonella bacilliformis KC583	flgH	Flagellar L-ring protein FlgH; Assembles around the rod to form the L-ring and probably protects the motor/basal body from shearing forces during rotation.
BARBAKC583_1138	943	360095.BARBAKC583_1138	360095	Bartonella bacilliformis KC583	ABM45205.1	Conserved domain protein.
BARBAKC583_1139	944	360095.BARBAKC583_1139	360095	Bartonella bacilliformis KC583	flgI	Flagellar P-ring protein FlgI; Assembles around the rod to form the L-ring and probably protects the motor/basal body from shearing forces during rotation.
BARBAKC583_1140	945	360095.BARBAKC583_1140	360095	Bartonella bacilliformis KC583	flgA	Flagella basal body P-ring formation protein FlgA; Involved in the assembly process of the P-ring formation. It may associate with FlgF on the rod constituting a structure essential for the P-ring assembly or may act as a modulator protein for the P- ring assembly; Belongs to the FlgA family.
BARBAKC583_1141	946	360095.BARBAKC583_1141	360095	Bartonella bacilliformis KC583	flgG	Flagellar basal-body rod protein FlgG; Identified by similarity to SP:P0ABX5; match to protein family HMM PF00460; match to protein family HMM PF06429; match to protein family HMM TIGR02488; Belongs to the flagella basal body rod proteins family.
BARBAKC583_1142	947	360095.BARBAKC583_1142	360095	Bartonella bacilliformis KC583	fliE	Flagellar hook-basal body complex protein FliE; Identified by match to protein family HMM PF02049; match to protein family HMM TIGR00205.
BARBAKC583_1143	948	360095.BARBAKC583_1143	360095	Bartonella bacilliformis KC583	flgC	Flagellar basal-body rod protein FlgC; Identified by similarity to SP:P0A1I7; match to protein family HMM PF06429; match to protein family HMM TIGR01395; Belongs to the flagella basal body rod proteins family.
BARBAKC583_1144	949	360095.BARBAKC583_1144	360095	Bartonella bacilliformis KC583	flgB	Flagellar basal-body rod protein FlgB; Structural component of flagellum, the bacterial motility apparatus. Part of the rod structure of flagellar basal body.
BARBAKC583_1145	950	360095.BARBAKC583_1145	360095	Bartonella bacilliformis KC583	fliI	Flagellum-specific ATP synthase; Identified by similarity to SP:P23445; match to protein family HMM PF00006; match to protein family HMM TIGR01026.
BARBAKC583_1146	951	360095.BARBAKC583_1146	360095	Bartonella bacilliformis KC583	ABM44430.1	Putative flagellar basal-body rod protein FlgF; Identified by match to protein family HMM PF00460.
BARBAKC583_1147	952	360095.BARBAKC583_1147	360095	Bartonella bacilliformis KC583	ABM44428.1	Conserved hypothetical protein; Identified by match to protein family HMM PF06748.
BARBAKC583_1148	953	360095.BARBAKC583_1148	360095	Bartonella bacilliformis KC583	motA	Lateral flagellar motor protein MotA; Identified by similarity to GB:AAF35850.1.
BARBAKC583_1149	954	360095.BARBAKC583_1149	360095	Bartonella bacilliformis KC583	fliM	Flagellar motor switch protein FliM; Identified by similarity to GB:AAF35843.1; match to protein family HMM PF01052; match to protein family HMM TIGR01397.
BARBAKC583_1150	955	360095.BARBAKC583_1150	360095	Bartonella bacilliformis KC583	ABM44751.1	Conserved hypothetical protein; Identified by similarity to RF:YP_222930.1.
BARBAKC583_1151	956	360095.BARBAKC583_1151	360095	Bartonella bacilliformis KC583	fliY	Flagellar motor switch protein fliY; FliN is one of three proteins (FliG, FliN, FliM) that form the rotor-mounted switch complex (C ring), located at the base of the basal body. This complex interacts with the CheY and CheZ chemotaxis proteins, in addition to contacting components of the motor that determine the direction of flagellar rotation. Belongs to the FliN/MopA/SpaO family.
BARBAKC583_1152	957	360095.BARBAKC583_1152	360095	Bartonella bacilliformis KC583	ABM45519.1	Putative flagellar motor switch protein FliG; Identified by similarity to GB:AAF35849.1; match to protein family HMM PF01706; match to protein family HMM TIGR00207.
BARBAKC583_1153	958	360095.BARBAKC583_1153	360095	Bartonella bacilliformis KC583	flhB	Flagellar biosynthetic protein FlhB; Required for formation of the rod structure in the basal body of the flagellar apparatus. Together with FliI and FliH, may constitute the export apparatus of flagellin; Belongs to the type III secretion exporter family.
BARBAKC583_1154	959	360095.BARBAKC583_1154	360095	Bartonella bacilliformis KC583	ABM45069.1	Conserved hypothetical protein; Identified by similarity to RF:NP_104130.1.
BARBAKC583_1155	960	360095.BARBAKC583_1155	360095	Bartonella bacilliformis KC583	ABM45637.1	Conserved hypothetical protein; Identified by similarity to RF:YP_223799.1.
BARBAKC583_1156	961	360095.BARBAKC583_1156	360095	Bartonella bacilliformis KC583	ABM44771.1	Conserved hypothetical protein; Identified by similarity to RF:YP_032612.1.
BARBAKC583_1157	962	360095.BARBAKC583_1157	360095	Bartonella bacilliformis KC583	ABM45508.1	Conserved hypothetical protein; Identified by similarity to RF:YP_223801.1.
BARBAKC583_1158	963	360095.BARBAKC583_1158	360095	Bartonella bacilliformis KC583	ABM44621.1	Hypothetical protein; Identified by Glimmer2; putative.
BARBAKC583_1159	964	360095.BARBAKC583_1159	360095	Bartonella bacilliformis KC583	fliR	Flagellar biosynthetic protein FliR; Role in flagellar biosynthesis. Belongs to the FliR/MopE/SpaR family.
BARBAKC583_1160	965	360095.BARBAKC583_1160	360095	Bartonella bacilliformis KC583	flhA	Flagellar biosynthesis protein FlhA; Required for formation of the rod structure of the flagellar apparatus. Together with FliI and FliH, may constitute the export apparatus of flagellin; Belongs to the FHIPEP (flagella/HR/invasion proteins export pore) family.
BARBAKC583_1162	966	360095.BARBAKC583_1162	360095	Bartonella bacilliformis KC583	ABM44693.1	Conserved hypothetical protein; Identified by similarity to RF:YP_032614.1; match to protein family HMM PF04273; match to protein family HMM TIGR01244.
BARBAKC583_1163	967	360095.BARBAKC583_1163	360095	Bartonella bacilliformis KC583	ribF	Riboflavin biosynthesis protein RibF; Identified by match to protein family HMM PF01687; match to protein family HMM PF06574; match to protein family HMM TIGR00083; Belongs to the ribF family.
BARBAKC583_1164	968	360095.BARBAKC583_1164	360095	Bartonella bacilliformis KC583	ABM44717.1	Hypothetical protein; Identified by Glimmer2; putative.
BARBAKC583_1165	969	360095.BARBAKC583_1165	360095	Bartonella bacilliformis KC583	ABM45143.1	HAD-superfamily hydrolase, subfamily IIA; Identified by match to protein family HMM PF00702; match to protein family HMM TIGR01459; match to protein family HMM TIGR01460.
BARBAKC583_1166	970	360095.BARBAKC583_1166	360095	Bartonella bacilliformis KC583	mviN	Integral membrane protein MviN; Involved in peptidoglycan biosynthesis. Transports lipid- linked peptidoglycan precursors from the inner to the outer leaflet of the cytoplasmic membrane.
BARBAKC583_1167	971	360095.BARBAKC583_1167	360095	Bartonella bacilliformis KC583	trpS	tryptophanyl-tRNA synthetase; Catalyzes the attachment of tryptophan to tRNA(Trp). Belongs to the class-I aminoacyl-tRNA synthetase family.
BARBAKC583_1170	972	360095.BARBAKC583_1170	360095	Bartonella bacilliformis KC583	ABM44706.1	Identified by match to protein family HMM PF01106; match to protein family HMM PF08712.
BARBAKC583_1172	973	360095.BARBAKC583_1172	360095	Bartonella bacilliformis KC583	groL	Chaperonin GroL; Prevents misfolding and promotes the refolding and proper assembly of unfolded polypeptides generated under stress conditions.
BARBAKC583_1173	974	360095.BARBAKC583_1173	360095	Bartonella bacilliformis KC583	groS	Chaperonin GroS; Binds to Cpn60 in the presence of Mg-ATP and suppresses the ATPase activity of the latter.
BARBAKC583_1174	975	360095.BARBAKC583_1174	360095	Bartonella bacilliformis KC583	fumC	Fumarate hydratase, class II; Involved in the TCA cycle. Catalyzes the stereospecific interconversion of fumarate to L-malate; Belongs to the class-II fumarase/aspartase family. Fumarase subfamily.
BARBAKC583_1175	976	360095.BARBAKC583_1175	360095	Bartonella bacilliformis KC583	ABM45456.1	Identified by similarity to SP:P39671; match to protein family HMM PF00408; match to protein family HMM PF02878; match to protein family HMM PF02879; match to protein family HMM PF02880.
BARBAKC583_1176	977	360095.BARBAKC583_1176	360095	Bartonella bacilliformis KC583	ABM44879.1	Putative peroxiredoxin; Thiol-specific peroxidase that catalyzes the reduction of hydrogen peroxide and organic hydroperoxides to water and alcohols, respectively. Plays a role in cell protection against oxidative stress by detoxifying peroxides; Belongs to the peroxiredoxin family. Prx5 subfamily.
BARBAKC583_1178	978	360095.BARBAKC583_1178	360095	Bartonella bacilliformis KC583	hisS	histidyl-tRNA synthetase; Identified by match to protein family HMM PF00587; match to protein family HMM PF03129; match to protein family HMM TIGR00442.
BARBAKC583_1180	979	360095.BARBAKC583_1180	360095	Bartonella bacilliformis KC583	ABM44567.1	Homology to a family of hypothetical proteins in Leptospira interrogans; identified by similarity to RF:NP_710801.1; match to protein family HMM PF07598.
BARBAKC583_1182	980	360095.BARBAKC583_1182	360095	Bartonella bacilliformis KC583	ABM45121.1	Conserved hypothetical protein.
BARBAKC583_1183	981	360095.BARBAKC583_1183	360095	Bartonella bacilliformis KC583	ABM45220.1	Homology to a family of hypothetical proteins in Leptospira interrogans; identified by similarity to RF:NP_711583.1; match to protein family HMM PF07598.
BARBAKC583_1187	982	360095.BARBAKC583_1187	360095	Bartonella bacilliformis KC583	ABM45021.1	Conserved hypothetical protein.
BARBAKC583_1190	983	360095.BARBAKC583_1190	360095	Bartonella bacilliformis KC583	ABM44960.1	Homology to a family of hypothetical proteins in Leptospira interrogans; identified by similarity to RF:YP_000623.1; match to protein family HMM PF07598.
BARBAKC583_1191	984	360095.BARBAKC583_1191	360095	Bartonella bacilliformis KC583	gpsA	NAD-dependent glycerol-3-phosphate dehydrogenase; Identified by match to protein family HMM PF01210; match to protein family HMM PF07479; Belongs to the NAD-dependent glycerol-3-phosphate dehydrogenase family.
BARBAKC583_1192	985	360095.BARBAKC583_1192	360095	Bartonella bacilliformis KC583	pheP	Phenylalanine-specific permease PheP; Also shows similarity to aroP; identified by similarity to SP:P15993; match to protein family HMM PF00324.
BARBAKC583_1193	986	360095.BARBAKC583_1193	360095	Bartonella bacilliformis KC583	bioY	Biotin transport protein BioY; Identified by similarity to GB:AAT52198.1; match to protein family HMM PF02632.
BARBAKC583_1194	987	360095.BARBAKC583_1194	360095	Bartonella bacilliformis KC583	ABM45274.1	Putative biotin ABC transporter, permease protein; Identified by match to protein family HMM PF02361.
BARBAKC583_1195	988	360095.BARBAKC583_1195	360095	Bartonella bacilliformis KC583	ABM44700.1	Putative biotin ABC transporter, ATP-binding protein BioM; Identified by similarity to GB:AAT52196.1; match to protein family HMM PF00005; match to protein family HMM PF02463.
BARBAKC583_1196	989	360095.BARBAKC583_1196	360095	Bartonella bacilliformis KC583	aroP	Aromatic amino acid transport protein AroP; Also shows similarity to pheP; identified by similarity to SP:P15993; match to protein family HMM PF00324.
BARBAKC583_1200	990	360095.BARBAKC583_1200	360095	Bartonella bacilliformis KC583	dcd	Deoxycytidine triphosphate deaminase; Identified by match to protein family HMM PF06559.
BARBAKC583_1201	991	360095.BARBAKC583_1201	360095	Bartonella bacilliformis KC583	mutL	DNA mismatch repair protein MutL; This protein is involved in the repair of mismatches in DNA. It is required for dam-dependent methyl-directed DNA mismatch repair. May act as a 'molecular matchmaker', a protein that promotes the formation of a stable complex between two or more DNA-binding proteins in an ATP-dependent manner without itself being part of a final effector complex.
BARBAKC583_1202	992	360095.BARBAKC583_1202	360095	Bartonella bacilliformis KC583	ABM45550.1	Conserved hypothetical protein; Identified by similarity to RF:YP_031959.1.
BARBAKC583_1203	993	360095.BARBAKC583_1203	360095	Bartonella bacilliformis KC583	lpxK	Tetraacyldisaccharide 4'-kinase; Transfers the gamma-phosphate of ATP to the 4'-position of a tetraacyldisaccharide 1-phosphate intermediate (termed DS-1-P) to form tetraacyldisaccharide 1,4'-bis-phosphate (lipid IVA).
BARBAKC583_1204	994	360095.BARBAKC583_1204	360095	Bartonella bacilliformis KC583	kdtA	3-deoxy-D-manno-octulosonic-acid transferase; Involved in lipopolysaccharide (LPS) biosynthesis. Catalyzes the transfer of 3-deoxy-D-manno-octulosonate (Kdo) residue(s) from CMP- Kdo to lipid IV(A), the tetraacyldisaccharide-1,4'-bisphosphate precursor of lipid A; Belongs to the glycosyltransferase group 1 family.
BARBAKC583_1205	995	360095.BARBAKC583_1205	360095	Bartonella bacilliformis KC583	ABM44625.1	Conserved hypothetical protein; Identified by similarity to RF:YP_223014.1; match to protein family HMM PF04028.
BARBAKC583_1206	996	360095.BARBAKC583_1206	360095	Bartonella bacilliformis KC583	ABM45216.1	Conserved hypothetical protein; Identified by similarity to RF:YP_033117.1.
BARBAKC583_1208	997	360095.BARBAKC583_1208	360095	Bartonella bacilliformis KC583	ABM44667.1	Identified by match to protein family HMM PF01523.
BARBAKC583_1209	998	360095.BARBAKC583_1209	360095	Bartonella bacilliformis KC583	ABM45081.1	Putative methyltransferase; Identified by match to protein family HMM PF03602; match to protein family HMM TIGR00095.
BARBAKC583_1210	999	360095.BARBAKC583_1210	360095	Bartonella bacilliformis KC583	ABM44523.1	RNA pseudouridine synthase; Identified by match to protein family HMM PF00849; match to protein family HMM PF01479; match to protein family HMM TIGR00093; Belongs to the pseudouridine synthase RsuA family.
BARBAKC583_1211	1000	360095.BARBAKC583_1211	360095	Bartonella bacilliformis KC583	tadA	Cytidine and deoxycytidylate deaminase zinc-binding protein; Catalyzes the deamination of adenosine to inosine at the wobble position 34 of tRNA(Arg2); Belongs to the cytidine and deoxycytidylate deaminase family.
BARBAKC583_1212	1001	360095.BARBAKC583_1212	360095	Bartonella bacilliformis KC583	ileS	isoleucyl-tRNA synthetase; Catalyzes the attachment of isoleucine to tRNA(Ile). As IleRS can inadvertently accommodate and process structurally similar amino acids such as valine, to avoid such errors it has two additional distinct tRNA(Ile)-dependent editing activities. One activity is designated as 'pretransfer' editing and involves the hydrolysis of activated Val-AMP. The other activity is designated 'posttransfer' editing and involves deacylation of mischarged Val-tRNA(Ile).
BARBAKC583_1213	1002	360095.BARBAKC583_1213	360095	Bartonella bacilliformis KC583	ABM44815.1	Outer membrane protein, omp25/ropB family; Identified by match to protein family HMM PF02530.
BARBAKC583_1214	1003	360095.BARBAKC583_1214	360095	Bartonella bacilliformis KC583	ABM45643.1	Outer membrane protein, omp25/ropB family; Identified by similarity to GB:AAL27289.1; match to protein family HMM PF02530.
BARBAKC583_1215	1004	360095.BARBAKC583_1215	360095	Bartonella bacilliformis KC583	ABM44927.1	Outer membrane protein, omp25/ropB family; Identified by match to protein family HMM PF02530.
BARBAKC583_1216	1005	360095.BARBAKC583_1216	360095	Bartonella bacilliformis KC583	ABM45161.1	Conserved hypothetical protein; Identified by similarity to RF:YP_033106.1.
BARBAKC583_1217	1006	360095.BARBAKC583_1217	360095	Bartonella bacilliformis KC583	ABM44423.1	Homology to a family of hypothetical proteins in Leptospira interrogans; identified by similarity to RF:YP_000623.1; match to protein family HMM PF07598.
BARBAKC583_1219	1007	360095.BARBAKC583_1219	360095	Bartonella bacilliformis KC583	ABM45110.1	3'-5' exonuclease domain protein; Identified by match to protein family HMM PF01612.
BARBAKC583_1220	1008	360095.BARBAKC583_1220	360095	Bartonella bacilliformis KC583	ABM44494.1	Peptidase, M20/M25/M40 family; Identified by match to protein family HMM PF01546; match to protein family HMM PF07687.
BARBAKC583_1221	1009	360095.BARBAKC583_1221	360095	Bartonella bacilliformis KC583	mutM	formamidopyrimidine-DNA glycosylase; Involved in base excision repair of DNA damaged by oxidation or by mutagenic agents. Acts as DNA glycosylase that recognizes and removes damaged bases. Has a preference for oxidized purines, such as 7,8-dihydro-8-oxoguanine (8-oxoG). Has AP (apurinic/apyrimidinic) lyase activity and introduces nicks in the DNA strand. Cleaves the DNA backbone by beta-delta elimination to generate a single-strand break at the site of the removed base with both 3'- and 5'-phosphates.
BARBAKC583_1222	1010	360095.BARBAKC583_1222	360095	Bartonella bacilliformis KC583	ABM45634.1	Thermophilic metalloprotease; Identified by similarity to SP:P24828; match to protein family HMM PF02073.
BARBAKC583_1223	1011	360095.BARBAKC583_1223	360095	Bartonella bacilliformis KC583	ABM45509.1	Cell wall hydrolase family protein; Identified by match to protein family HMM PF07486.
BARBAKC583_1224	1012	360095.BARBAKC583_1224	360095	Bartonella bacilliformis KC583	phoU	Phosphate transport system regulatory protein PhoU; Plays a role in the regulation of phosphate uptake.
BARBAKC583_1225	1013	360095.BARBAKC583_1225	360095	Bartonella bacilliformis KC583	pstB	Phosphate ABC transporter, ATP-binding protein; Part of the ABC transporter complex PstSACB involved in phosphate import. Responsible for energy coupling to the transport system; Belongs to the ABC transporter superfamily. Phosphate importer (TC 3.A.1.7) family.
BARBAKC583_1226	1014	360095.BARBAKC583_1226	360095	Bartonella bacilliformis KC583	pstA	Phosphate ABC transporter, permease protein PstA; Identified by match to protein family HMM PF00528; match to protein family HMM TIGR00974.
BARBAKC583_1227	1015	360095.BARBAKC583_1227	360095	Bartonella bacilliformis KC583	pstC	Phosphate ABC transporter, permease protein PstC; Part of the binding-protein-dependent transport system for phosphate; probably responsible for the translocation of the substrate across the membrane; Belongs to the binding-protein-dependent transport system permease family. CysTW subfamily.
BARBAKC583_1228	1016	360095.BARBAKC583_1228	360095	Bartonella bacilliformis KC583	pstS	Phosphate ABC transporter, periplasmic phosphate-binding protein.
BARBAKC583_1229	1017	360095.BARBAKC583_1229	360095	Bartonella bacilliformis KC583	gshB	Glutathione synthase; Identified by match to protein family HMM PF02951; match to protein family HMM PF02955; match to protein family HMM PF08443; match to protein family HMM TIGR01380; Belongs to the prokaryotic GSH synthase family.
BARBAKC583_1231	1018	360095.BARBAKC583_1231	360095	Bartonella bacilliformis KC583	ABM45259.1	ThiF/MoeZ/MoeB domain protein; Identified by match to protein family HMM PF00899; match to protein family HMM PF05237; match to protein family HMM TIGR02354; match to protein family HMM TIGR02356.
BARBAKC583_1235	1019	360095.BARBAKC583_1235	360095	Bartonella bacilliformis KC583	ABM44819.1	Identified by match to protein family HMM PF00034.
BARBAKC583_1236	1020	360095.BARBAKC583_1236	360095	Bartonella bacilliformis KC583	kdsB	3-deoxy-D-manno-octulosonate cytidylyltransferase; Activates KDO (a required 8-carbon sugar) for incorporation into bacterial lipopolysaccharide in Gram-negative bacteria.
BARBAKC583_1238	1021	360095.BARBAKC583_1238	360095	Bartonella bacilliformis KC583	dnaX	DNA polymerase III, subunits gamma and tau; DNA polymerase III is a complex, multichain enzyme responsible for most of the replicative synthesis in bacteria. This DNA polymerase also exhibits 3' to 5' exonuclease activity.
BARBAKC583_1239	1022	360095.BARBAKC583_1239	360095	Bartonella bacilliformis KC583	ABM45670.1	Conserved hypothetical protein TIGR00103; Binds to DNA and alters its conformation. May be involved in regulation of gene expression, nucleoid organization and DNA protection.
BARBAKC583_1240	1023	360095.BARBAKC583_1240	360095	Bartonella bacilliformis KC583	recR	Recombination protein RecR; May play a role in DNA repair. It seems to be involved in an RecBC-independent recombinational process of DNA repair. It may act with RecF and RecO.
BARBAKC583_1241	1024	360095.BARBAKC583_1241	360095	Bartonella bacilliformis KC583	ABM45248.1	Identified by match to protein family HMM PF00814.
BARBAKC583_1242	1025	360095.BARBAKC583_1242	360095	Bartonella bacilliformis KC583	ABM45260.1	Ribosomal-protein-alanine acetyltransferase; Identified by match to protein family HMM PF00583; match to protein family HMM TIGR01575.
BARBAKC583_1243	1026	360095.BARBAKC583_1243	360095	Bartonella bacilliformis KC583	miaB	tRNA-i(6)A37 thiotransferase enzyme MiaB; Catalyzes the methylthiolation of N6-(dimethylallyl)adenosine (i(6)A), leading to the formation of 2-methylthio-N6- (dimethylallyl)adenosine (ms(2)i(6)A) at position 37 in tRNAs that read codons beginning with uridine.
BARBAKC583_1244	1027	360095.BARBAKC583_1244	360095	Bartonella bacilliformis KC583	ABM45079.1	Identified by match to protein family HMM PF02562.
BARBAKC583_1245	1028	360095.BARBAKC583_1245	360095	Bartonella bacilliformis KC583	ybeY	Conserved hypothetical protein TIGR00043; Single strand-specific metallo-endoribonuclease involved in late-stage 70S ribosome quality control and in maturation of the 3' terminus of the 16S rRNA.
BARBAKC583_1246	1029	360095.BARBAKC583_1246	360095	Bartonella bacilliformis KC583	corC	Magnesium and cobalt efflux protein CorC; Identified by similarity to SP:P0A2L3; match to protein family HMM PF00571; match to protein family HMM PF03471.
BARBAKC583_1247	1030	360095.BARBAKC583_1247	360095	Bartonella bacilliformis KC583	lnt	Apolipoprotein N-acyltransferase; Catalyzes the phospholipid dependent N-acylation of the N- terminal cysteine of apolipoprotein, the last step in lipoprotein maturation; Belongs to the CN hydrolase family. Apolipoprotein N- acyltransferase subfamily.
BARBAKC583_1248	1031	360095.BARBAKC583_1248	360095	Bartonella bacilliformis KC583	ABM45051.1	Identified by match to protein family HMM PF01381.
BARBAKC583_1249	1032	360095.BARBAKC583_1249	360095	Bartonella bacilliformis KC583	metK	S-adenosylmethionine synthetase; Identified by match to protein family HMM PF00438; match to protein family HMM PF02772; match to protein family HMM PF02773; match to protein family HMM TIGR01034; Belongs to the AdoMet synthase family.
BARBAKC583_1250	1033	360095.BARBAKC583_1250	360095	Bartonella bacilliformis KC583	trmB	Putative tRNA (guanine-N(7)-)-methyltransferase; Catalyzes the formation of N(7)-methylguanine at position 46 (m7G46) in tRNA.
BARBAKC583_1251	1034	360095.BARBAKC583_1251	360095	Bartonella bacilliformis KC583	rimP	Conserved hypothetical protein; Required for maturation of 30S ribosomal subunits. Belongs to the RimP family.
BARBAKC583_1252	1035	360095.BARBAKC583_1252	360095	Bartonella bacilliformis KC583	nusA	Transcription elongation protein nusA; Participates in both transcription termination and antitermination.
BARBAKC583_1253	1036	360095.BARBAKC583_1253	360095	Bartonella bacilliformis KC583	ABM44607.1	Conserved hypothetical protein; Identified by similarity to RF:YP_033069.1; match to protein family HMM PF04296.
BARBAKC583_1254	1037	360095.BARBAKC583_1254	360095	Bartonella bacilliformis KC583	infB	Translation initiation factor IF-2; One of the essential components for the initiation of protein synthesis. Protects formylmethionyl-tRNA from spontaneous hydrolysis and promotes its binding to the 30S ribosomal subunits. Also involved in the hydrolysis of GTP during the formation of the 70S ribosomal complex; Belongs to the TRAFAC class translation factor GTPase superfamily. Classic translation factor GTPase family. IF-2 subfamily.
BARBAKC583_1255	1038	360095.BARBAKC583_1255	360095	Bartonella bacilliformis KC583	rbfA	Ribosome-binding factor A; One of several proteins that assist in the late maturation steps of the functional core of the 30S ribosomal subunit. Associates with free 30S ribosomal subunits (but not with 30S subunits that are part of 70S ribosomes or polysomes). Required for efficient processing of 16S rRNA. May interact with the 5'-terminal helix region of 16S rRNA.
BARBAKC583_1256	1039	360095.BARBAKC583_1256	360095	Bartonella bacilliformis KC583	truB	tRNA pseudouridine synthase B; Responsible for synthesis of pseudouridine from uracil-55 in the psi GC loop of transfer RNAs; Belongs to the pseudouridine synthase TruB family. Type 1 subfamily.
BARBAKC583_1257	1040	360095.BARBAKC583_1257	360095	Bartonella bacilliformis KC583	rpsO	Ribosomal protein S15; One of the primary rRNA binding proteins, it binds directly to 16S rRNA where it helps nucleate assembly of the platform of the 30S subunit by binding and bridging several RNA helices of the 16S rRNA.
BARBAKC583_1258	1041	360095.BARBAKC583_1258	360095	Bartonella bacilliformis KC583	pnp	Polyribonucleotide nucleotidyltransferase; Involved in mRNA degradation. Catalyzes the phosphorolysis of single-stranded polyribonucleotides processively in the 3'- to 5'- direction.
BARBAKC583_1259	1042	360095.BARBAKC583_1259	360095	Bartonella bacilliformis KC583	ABM45295.1	Methyltransferase domain protein; Identified by match to protein family HMM PF05175; Belongs to the methyltransferase superfamily.
BARBAKC583_1260	1043	360095.BARBAKC583_1260	360095	Bartonella bacilliformis KC583	hslU	Heat shock protein HslVU, ATPase subunit HslU; ATPase subunit of a proteasome-like degradation complex; this subunit has chaperone activity. The binding of ATP and its subsequent hydrolysis by HslU are essential for unfolding of protein substrates subsequently hydrolyzed by HslV. HslU recognizes the N-terminal part of its protein substrates and unfolds these before they are guided to HslV for hydrolysis.
BARBAKC583_1261	1044	360095.BARBAKC583_1261	360095	Bartonella bacilliformis KC583	hslV	Peptidase, T1 family; Protease subunit of a proteasome-like degradation complex believed to be a general protein degrading machinery.
BARBAKC583_1262	1045	360095.BARBAKC583_1262	360095	Bartonella bacilliformis KC583	ABM44910.1	Putative L-asparaginase; Identified by match to protein family HMM PF00710.
BARBAKC583_1263	1046	360095.BARBAKC583_1263	360095	Bartonella bacilliformis KC583	coaA	Pantothenate kinase; Identified by match to protein family HMM PF00485; match to protein family HMM TIGR00554.
BARBAKC583_1264	1047	360095.BARBAKC583_1264	360095	Bartonella bacilliformis KC583	ABM45601.1	Identified by match to protein family HMM PF00883; match to protein family HMM PF02789; Belongs to the peptidase M17 family.
BARBAKC583_1265	1048	360095.BARBAKC583_1265	360095	Bartonella bacilliformis KC583	ABM45454.1	Identified by match to protein family HMM PF00877.
BARBAKC583_1266	1049	360095.BARBAKC583_1266	360095	Bartonella bacilliformis KC583	ABM45351.1	Conserved hypothetical protein; Identified by similarity to RF:YP_031843.1; match to protein family HMM PF06347; match to protein family HMM PF08239.
BARBAKC583_1267	1050	360095.BARBAKC583_1267	360095	Bartonella bacilliformis KC583	irr	Iron response regulator Irr; Identified by similarity to GB:AAO89498.1; match to protein family HMM PF01475; Belongs to the Fur family.
BARBAKC583_1268	1051	360095.BARBAKC583_1268	360095	Bartonella bacilliformis KC583	fabA	Beta-hydroxyacyl-(acyl-carrier-protein) dehydratase FabA; Necessary for the introduction of cis unsaturation into fatty acids. Catalyzes the dehydration of (3R)-3-hydroxydecanoyl-ACP to E- (2)-decenoyl-ACP and then its isomerization to Z-(3)-decenoyl-ACP. Can catalyze the dehydratase reaction for beta-hydroxyacyl-ACPs with saturated chain lengths up to 16:0, being most active on intermediate chain length.
BARBAKC583_1269	1052	360095.BARBAKC583_1269	360095	Bartonella bacilliformis KC583	ABM45155.1	Putative beta-ketoacyl synthase; Identified by match to protein family HMM PF00109; match to protein family HMM PF02801; Belongs to the thiolase-like superfamily. Beta-ketoacyl-ACP synthases family.
BARBAKC583_1270	1053	360095.BARBAKC583_1270	360095	Bartonella bacilliformis KC583	ABM44560.1	Enoyl-[acyl-carrier-protein] reductase homolog.
BARBAKC583_1272	1054	360095.BARBAKC583_1272	360095	Bartonella bacilliformis KC583	cyoD	Cytochrome o ubiquinol oxidase, subunit IV; Identified by match to protein family HMM PF03626; match to protein family HMM TIGR02847.
BARBAKC583_1273	1055	360095.BARBAKC583_1273	360095	Bartonella bacilliformis KC583	cyoC	Cytochrome o ubiquinol oxidase, subunit III; Identified by match to protein family HMM PF00510.
BARBAKC583_1274	1056	360095.BARBAKC583_1274	360095	Bartonella bacilliformis KC583	cyoB	Cytochrome o ubiquinol oxidase, subunit I; Identified by match to protein family HMM PF00115; match to protein family HMM TIGR02843; Belongs to the heme-copper respiratory oxidase family.
BARBAKC583_1275	1057	360095.BARBAKC583_1275	360095	Bartonella bacilliformis KC583	cyoA	Cytochrome o ubiquinol oxidase, subunit II; Identified by match to protein family HMM PF00116; match to protein family HMM TIGR01433.
BARBAKC583_1276	1058	360095.BARBAKC583_1276	360095	Bartonella bacilliformis KC583	aroQ	3-dehydroquinate dehydratase, type II; Catalyzes a trans-dehydration via an enolate intermediate. Belongs to the type-II 3-dehydroquinase family.
BARBAKC583_1277	1059	360095.BARBAKC583_1277	360095	Bartonella bacilliformis KC583	recF	DNA replication and repair protein recF; The RecF protein is involved in DNA metabolism; it is required for DNA replication and normal SOS inducibility. RecF binds preferentially to single-stranded, linear DNA. It also seems to bind ATP.
BARBAKC583_1278	1060	360095.BARBAKC583_1278	360095	Bartonella bacilliformis KC583	dnaN	DNA polymerase III, beta subunit; Confers DNA tethering and processivity to DNA polymerases and other proteins. Acts as a clamp, forming a ring around DNA (a reaction catalyzed by the clamp-loading complex) which diffuses in an ATP- independent manner freely and bidirectionally along dsDNA. Initially characterized for its ability to contact the catalytic subunit of DNA polymerase III (Pol III), a complex, multichain enzyme responsible for most of the replicative synthesis in bacteria; Pol III exhibits 3'-5' exonuclease proofreading activity. The beta chain is required for initiation of [...] 
BARBAKC583_1279	1061	360095.BARBAKC583_1279	360095	Bartonella bacilliformis KC583	dnaA	Chromosomal replication initiator protein DnaA; Plays an important role in the initiation and regulation of chromosomal replication. Binds to the origin of replication; it binds specifically double-stranded DNA at a 9 bp consensus (dnaA box): 5'- TTATC[CA]A[CA]A-3'. DnaA binds to ATP and to acidic phospholipids. Belongs to the DnaA family.
BARBAKC583_1281	1062	360095.BARBAKC583_1281	360095	Bartonella bacilliformis KC583	rpsT	Ribosomal protein S20; Binds directly to 16S ribosomal RNA.
BARBAKC583_1282	1063	360095.BARBAKC583_1282	360095	Bartonella bacilliformis KC583	acnA	Aconitate hydratase 1; Catalyzes the isomerization of citrate to isocitrate via cis- aconitate.
BARBAKC583_1284	1064	360095.BARBAKC583_1284	360095	Bartonella bacilliformis KC583	ccmA	Heme ABC exporter, ATP-binding protein CcmA; Part of the ABC transporter complex CcmAB involved in the biogenesis of c-type cytochromes; once thought to export heme, this seems not to be the case, but its exact role is uncertain. Responsible for energy coupling to the transport system; Belongs to the ABC transporter superfamily. CcmA exporter (TC 3.A.1.107) family.
BARBAKC583_1285	1065	360095.BARBAKC583_1285	360095	Bartonella bacilliformis KC583	ccmB	Heme exporter protein CcmB; Required for the export of heme to the periplasm for the biogenesis of c-type cytochromes; Belongs to the CcmB/CycW/HelB family.
BARBAKC583_1286	1066	360095.BARBAKC583_1286	360095	Bartonella bacilliformis KC583	ccmC	Heme exporter protein CcmC; Required for the export of heme to the periplasm for the biogenesis of c-type cytochromes; Belongs to the CcmC/CycZ/HelC family.
BARBAKC583_1287	1067	360095.BARBAKC583_1287	360095	Bartonella bacilliformis KC583	ccmD	Heme exporter protein CcmD; Required for the export of heme to the periplasm for the biogenesis of c-type cytochromes; Belongs to the CcmD/CycX/HelD family.
BARBAKC583_1288	1068	360095.BARBAKC583_1288	360095	Bartonella bacilliformis KC583	cycY	Thiol:disulfide interchange protein CycY; Identified by similarity to SP:P45409; match to protein family HMM PF00578; match to protein family HMM PF08534; match to protein family HMM TIGR00385.
BARBAKC583_1289	1069	360095.BARBAKC583_1289	360095	Bartonella bacilliformis KC583	ABM45104.1	GcrA cell cycle regulator; Identified by match to protein family HMM PF07750.
BARBAKC583_1290	1070	360095.BARBAKC583_1290	360095	Bartonella bacilliformis KC583	argD	Acetylornithine/succinylornithine aminotransferase; Identified by match to protein family HMM PF00202; match to protein family HMM TIGR00707; Belongs to the class-III pyridoxal-phosphate-dependent aminotransferase family. ArgD subfamily.
BARBAKC583_1291	1071	360095.BARBAKC583_1291	360095	Bartonella bacilliformis KC583	argF	Ornithine carbamoyltransferase; Reversibly catalyzes the transfer of the carbamoyl group from carbamoyl phosphate (CP) to the N(epsilon) atom of ornithine (ORN) to produce L-citrulline.
BARBAKC583_1292	1072	360095.BARBAKC583_1292	360095	Bartonella bacilliformis KC583	hslO	Chaperonin HslO; Redox regulated molecular chaperone. Protects both thermally unfolding and oxidatively damaged proteins from irreversible aggregation. Plays an important role in the bacterial defense system toward oxidative stress; Belongs to the HSP33 family.
BARBAKC583_1293	1073	360095.BARBAKC583_1293	360095	Bartonella bacilliformis KC583	ABM45564.1	Smr domain protein; Identified by match to protein family HMM PF01713.
BARBAKC583_1294	1074	360095.BARBAKC583_1294	360095	Bartonella bacilliformis KC583	ABM44847.1	Tim44 domain protein; Identified by match to protein family HMM PF04280.
BARBAKC583_1295	1075	360095.BARBAKC583_1295	360095	Bartonella bacilliformis KC583	ABM45129.1	fxsA cytoplasmic membrane protein; Identified by match to protein family HMM PF04186.
BARBAKC583_1296	1076	360095.BARBAKC583_1296	360095	Bartonella bacilliformis KC583	secB	Protein-export chaperone SecB; One of the proteins required for the normal export of preproteins out of the cell cytoplasm. It is a molecular chaperone that binds to a subset of precursor proteins, maintaining them in a translocation-competent state. It also specifically binds to its receptor SecA.
BARBAKC583_1299	1077	360095.BARBAKC583_1299	360095	Bartonella bacilliformis KC583	mutS	DNA mismatch repair protein MutS; This protein is involved in the repair of mismatches in DNA. It is possible that it carries out the mismatch recognition step. This protein has a weak ATPase activity.
BARBAKC583_1302	1078	360095.BARBAKC583_1302	360095	Bartonella bacilliformis KC583	ABM44752.1	Identified by match to protein family HMM TIGR02300.
BARBAKC583_1303	1079	360095.BARBAKC583_1303	360095	Bartonella bacilliformis KC583	aroA	3-phosphoshikimate 1-carboxyvinyltransferase; Catalyzes the transfer of the enolpyruvyl moiety of phosphoenolpyruvate (PEP) to the 5-hydroxyl of shikimate-3-phosphate (S3P) to produce enolpyruvyl shikimate-3-phosphate and inorganic phosphate.
BARBAKC583_1304	1080	360095.BARBAKC583_1304	360095	Bartonella bacilliformis KC583	cmk	Cytidylate kinase; Identified by match to protein family HMM PF02224; match to protein family HMM TIGR00017.
BARBAKC583_1305	1081	360095.BARBAKC583_1305	360095	Bartonella bacilliformis KC583	rpsA	Ribosomal protein S1; Binds mRNA; thus facilitating recognition of the initiation point. It is needed to translate mRNA with a short Shine-Dalgarno (SD) purine-rich sequence.
BARBAKC583_1306	1082	360095.BARBAKC583_1306	360095	Bartonella bacilliformis KC583	ABM44644.1	Cyclic beta 1-2 glucan synthase; Identified by similarity to GB:AAC34747.2; match to protein family HMM PF06165; match to protein family HMM PF06204; match to protein family HMM PF06205.
BARBAKC583_1307	1083	360095.BARBAKC583_1307	360095	Bartonella bacilliformis KC583	pncB	Nicotinate phosphoribosyltransferase; Catalyzes the synthesis of beta-nicotinate D-ribonucleotide from nicotinate and 5-phospho-D-ribose 1-phosphate at the expense of ATP; Belongs to the NAPRTase family.
BARBAKC583_1308	1084	360095.BARBAKC583_1308	360095	Bartonella bacilliformis KC583	afeD	Iron chelate ABC transporter, permease protein AfeD; Identified by similarity to GB:AAU94305.1; match to protein family HMM PF00950.
BARBAKC583_1309	1085	360095.BARBAKC583_1309	360095	Bartonella bacilliformis KC583	afeC	Iron chelate ABC transporter, permease protein AfeC; Similarity to yfeC of Yersinia pestis; identified by similarity to GB:AAU94304.1; match to protein family HMM PF00950; match to protein family HMM PF01032.
BARBAKC583_1310	1086	360095.BARBAKC583_1310	360095	Bartonella bacilliformis KC583	afeB	Iron chelate ABC transporter, ATP-binding protein; Similarity to yfeB of Yersinia pestis; identified by similarity to GB:AAU94303.1; match to protein family HMM PF00005.
BARBAKC583_1311	1087	360095.BARBAKC583_1311	360095	Bartonella bacilliformis KC583	afeA	Iron chelate ABC transporter, periplasmic iron chelate-binding protein; Similarity to yfeA of Yersinia pestis; identified by similarity to GB:AAU94302.1; match to protein family HMM PF01297; Belongs to the bacterial solute-binding protein 9 family.
BARBAKC583_1312	1088	360095.BARBAKC583_1312	360095	Bartonella bacilliformis KC583	pheT	phenylalanyl-tRNA synthetase, beta subunit; Identified by match to protein family HMM PF01588; match to protein family HMM PF03147; match to protein family HMM PF03483; match to protein family HMM PF03484; match to protein family HMM TIGR00472; Belongs to the phenylalanyl-tRNA synthetase beta subunit family. Type 1 subfamily.
BARBAKC583_1313	1089	360095.BARBAKC583_1313	360095	Bartonella bacilliformis KC583	pheS	phenylalanyl-tRNA synthetase, alpha subunit; Identified by match to protein family HMM PF01409; match to protein family HMM PF02912; match to protein family HMM TIGR00468; Belongs to the class-II aminoacyl-tRNA synthetase family. Phe-tRNA synthetase alpha subunit type 1 subfamily.
BARBAKC583_1314	1090	360095.BARBAKC583_1314	360095	Bartonella bacilliformis KC583	rplT	Ribosomal protein L20; Binds directly to 23S ribosomal RNA and is necessary for the in vitro assembly process of the 50S ribosomal subunit. It is not involved in the protein synthesizing functions of that subunit.
BARBAKC583_1315	1091	360095.BARBAKC583_1315	360095	Bartonella bacilliformis KC583	rpmI	Ribosomal protein L35; Identified by match to protein family HMM PF01632; match to protein family HMM TIGR00001; Belongs to the bacterial ribosomal protein bL35 family.
BARBAKC583_1316	1092	360095.BARBAKC583_1316	360095	Bartonella bacilliformis KC583	nth	Endonuclease III; DNA repair enzyme that has both DNA N-glycosylase activity and AP-lyase activity. The DNA N-glycosylase activity releases various damaged pyrimidines from DNA by cleaving the N-glycosidic bond, leaving an AP (apurinic/apyrimidinic) site. The AP-lyase activity cleaves the phosphodiester bond 3' to the AP site by a beta-elimination, leaving a 3'-terminal unsaturated sugar and a product with a terminal 5'- phosphate.
BARBAKC583_1317	1093	360095.BARBAKC583_1317	360095	Bartonella bacilliformis KC583	ABM45088.1	Putative lipoprotein.
BARBAKC583_1318	1094	360095.BARBAKC583_1318	360095	Bartonella bacilliformis KC583	ABM45664.1	rmuC domain protein; Identified by match to protein family HMM PF02646.
BARBAKC583_1319	1095	360095.BARBAKC583_1319	360095	Bartonella bacilliformis KC583	def	Peptide deformylase; Removes the formyl group from the N-terminal Met of newly synthesized proteins. Requires at least a dipeptide for an efficient rate of reaction. N-terminal L-methionine is a prerequisite for activity but the enzyme has broad specificity at other positions.
BARBAKC583_1320	1096	360095.BARBAKC583_1320	360095	Bartonella bacilliformis KC583	fmt	methionyl-tRNA formyltransferase; Attaches a formyl group to the free amino group of methionyl- tRNA(fMet). The formyl group appears to play a dual role in the initiator identity of N-formylmethionyl-tRNA by promoting its recognition by IF2 and preventing the misappropriation of this tRNA by the elongation apparatus; Belongs to the Fmt family.
BARBAKC583_1321	1097	360095.BARBAKC583_1321	360095	Bartonella bacilliformis KC583	truA	tRNA pseudouridine synthase A; Formation of pseudouridine at positions 38, 39 and 40 in the anticodon stem and loop of transfer RNAs.
BARBAKC583_1322	1098	360095.BARBAKC583_1322	360095	Bartonella bacilliformis KC583	ABM45404.1	Conserved hypothetical protein; Identified by match to protein family HMM PF03641; Belongs to the LOG family.
BARBAKC583_1323	1099	360095.BARBAKC583_1323	360095	Bartonella bacilliformis KC583	dapD	2,3,4,5-tetrahydropyridine-2,6-dicarboxylate N-succinyltransferase; Identified by match to protein family HMM PF00132; match to protein family HMM TIGR00965; Belongs to the transferase hexapeptide repeat family.
BARBAKC583_1324	1100	360095.BARBAKC583_1324	360095	Bartonella bacilliformis KC583	lepA	GTP-binding protein LepA; Required for accurate and efficient protein synthesis under certain stress conditions. May act as a fidelity factor of the translation reaction, by catalyzing a one-codon backward translocation of tRNAs on improperly translocated ribosomes. Back-translocation proceeds from a post-translocation (POST) complex to a pre- translocation (PRE) complex, thus giving elongation factor G a second chance to translocate the tRNAs correctly. Binds to ribosomes in a GTP- dependent manner.
BARBAKC583_1325	1101	360095.BARBAKC583_1325	360095	Bartonella bacilliformis KC583	ABM44490.1	Integral membrane protein; Identified by match to protein family HMM PF00892.
BARBAKC583_1326	1102	360095.BARBAKC583_1326	360095	Bartonella bacilliformis KC583	argB	Acetylglutamate kinase; Catalyzes the ATP-dependent phosphorylation of N-acetyl-L- glutamate; Belongs to the acetylglutamate kinase family. ArgB subfamily.
BARBAKC583_1327	1103	360095.BARBAKC583_1327	360095	Bartonella bacilliformis KC583	dnaJ	Chaperone protein DnaJ; Participates actively in the response to hyperosmotic and heat shock by preventing the aggregation of stress-denatured proteins and by disaggregating proteins, also in an autonomous, DnaK-independent fashion. Unfolded proteins bind initially to DnaJ; upon interaction with the DnaJ-bound protein, DnaK hydrolyzes its bound ATP, resulting in the formation of a stable complex. GrpE releases ADP from DnaK; ATP binding to DnaK triggers the release of the substrate protein, thus completing the reaction cycle. Several rounds of ATP-dependent interactions between DnaJ, D [...] 
BARBAKC583_1328	1104	360095.BARBAKC583_1328	360095	Bartonella bacilliformis KC583	dnaK	Chaperone protein DnaK; Acts as a chaperone; Belongs to the heat shock protein 70 family.
BARBAKC583_1330	1105	360095.BARBAKC583_1330	360095	Bartonella bacilliformis KC583	ABM45576.1	Conserved hypothetical protein; Identified by similarity to RF:NP_104456.1; match to protein family HMM PF04314.
BARBAKC583_1332	1106	360095.BARBAKC583_1332	360095	Bartonella bacilliformis KC583	bvrR	Transcriptional regulatory protein BvrR; Identified by similarity to GB:AAC28777.1; match to protein family HMM PF00072; match to protein family HMM PF00486.
BARBAKC583_1333	1107	360095.BARBAKC583_1333	360095	Bartonella bacilliformis KC583	bvrS	Sensor histidine kinase BvrS; Identified by similarity to GB:AAC28778.1; match to protein family HMM PF00512; match to protein family HMM PF00672; match to protein family HMM PF02518.
BARBAKC583_1334	1108	360095.BARBAKC583_1334	360095	Bartonella bacilliformis KC583	grpE	Co-chaperone GrpE; Participates actively in the response to hyperosmotic and heat shock by preventing the aggregation of stress-denatured proteins, in association with DnaK and GrpE. It is the nucleotide exchange factor for DnaK and may function as a thermosensor. Unfolded proteins bind initially to DnaJ; upon interaction with the DnaJ-bound protein, DnaK hydrolyzes its bound ATP, resulting in the formation of a stable complex. GrpE releases ADP from DnaK; ATP binding to DnaK triggers the release of the substrate protein, thus completing the reaction cycle. Several rounds of ATP-depend [...] 
BARBAKC583_1336	1109	360095.BARBAKC583_1336	360095	Bartonella bacilliformis KC583	rdgB	Non-canonical purine NTP pyrophosphatase, rdgB/HAM1 family; Pyrophosphatase that catalyzes the hydrolysis of nucleoside triphosphates to their monophosphate derivatives, with a high preference for the non-canonical purine nucleotides XTP (xanthosine triphosphate), dITP (deoxyinosine triphosphate) and ITP. Seems to function as a house-cleaning enzyme that removes non-canonical purine nucleotides from the nucleotide pool, thus preventing their incorporation into DNA/RNA and avoiding chromosomal lesions. Belongs to the HAM1 NTPase family.
BARBAKC583_1337	1110	360095.BARBAKC583_1337	360095	Bartonella bacilliformis KC583	ABM45029.1	Putative oxygen-independent coproporphyrinogen III oxidase; Probably acts as a heme chaperone, transferring heme to an unknown acceptor. Binds one molecule of heme per monomer, possibly covalently. Binds 1 [4Fe-4S] cluster. The cluster is coordinated with 3 cysteines and an exchangeable S-adenosyl-L-methionine. Belongs to the anaerobic coproporphyrinogen-III oxidase family.
BARBAKC583_1338	1111	360095.BARBAKC583_1338	360095	Bartonella bacilliformis KC583	dapE	Acetylornithine deacetylase/succinyl-diaminopimelate desuccinylase; Catalyzes the hydrolysis of N-succinyl-L,L-diaminopimelic acid (SDAP), forming succinate and LL-2,6-diaminoheptanedioate (DAP), an intermediate involved in the bacterial biosynthesis of lysine and meso-diaminopimelic acid, an essential component of bacterial cell walls; Belongs to the peptidase M20A family. DapE subfamily.
BARBAKC583_1339	1112	360095.BARBAKC583_1339	360095	Bartonella bacilliformis KC583	ABM45462.1	Conserved hypothetical protein; Identified by similarity to RF:YP_031771.1; match to protein family HMM PF01863.
BARBAKC583_1340	1113	360095.BARBAKC583_1340	360095	Bartonella bacilliformis KC583	ABM45053.1	Conserved hypothetical protein; Identified by similarity to RF:NP_699091.1.
BARBAKC583_1341	1114	360095.BARBAKC583_1341	360095	Bartonella bacilliformis KC583	infC	Translation initiation factor IF-3; IF-3 binds to the 30S ribosomal subunit and shifts the equilibrum between 70S ribosomes and their 50S and 30S subunits in favor of the free subunits, thus enhancing the availability of 30S subunits on which protein synthesis initiation begins.
BARBAKC583_1342	1115	360095.BARBAKC583_1342	360095	Bartonella bacilliformis KC583	ABM45294.1	ABC transporter, permease/ATP-binding protein; Identified by match to protein family HMM PF00005; match to protein family HMM PF00664.
BARBAKC583_1343	1116	360095.BARBAKC583_1343	360095	Bartonella bacilliformis KC583	ABM45649.1	Conserved hypothetical protein; Identified by match to protein family HMM PF04357.
BARBAKC583_1344	1117	360095.BARBAKC583_1344	360095	Bartonella bacilliformis KC583	ABM44918.1	Surface antigen/outer membrane protein, OMP85 family; Identified by match to protein family HMM PF01103; match to protein family HMM PF07244.
BARBAKC583_1345	1118	360095.BARBAKC583_1345	360095	Bartonella bacilliformis KC583	ABM45475.1	Mg chelatase homolog; Identified by match to protein family HMM PF01078; match to protein family HMM TIGR00368.
BARBAKC583_1346	1119	360095.BARBAKC583_1346	360095	Bartonella bacilliformis KC583	gyrB	DNA gyrase, B subunit; A type II topoisomerase that negatively supercoils closed circular double-stranded (ds) DNA in an ATP-dependent manner to modulate DNA topology and maintain chromosomes in an underwound state. Negative supercoiling favors strand separation, and DNA replication, transcription, recombination and repair, all of which involve strand separation. Also able to catalyze the interconversion of other topological isomers of dsDNA rings, including catenanes and knotted rings. Type II topoisomerases break and join 2 DNA strands simultaneously in an ATP-dependent manner.
BARBAKC583_1347	1120	360095.BARBAKC583_1347	360095	Bartonella bacilliformis KC583	ubiE	Ubiquinone/menaquinone biosynthesis methyltransferase UbiE; Methyltransferase required for the conversion of demethylmenaquinol (DMKH2) to menaquinol (MKH2) and the conversion of 2-polyprenyl-6-methoxy-1,4-benzoquinol (DDMQH2) to 2-polyprenyl-3- methyl-6-methoxy-1,4-benzoquinol (DMQH2).
BARBAKC583_1348	1121	360095.BARBAKC583_1348	360095	Bartonella bacilliformis KC583	ubiB	2-polyprenylphenol 6-hydroxylase; Is probably a protein kinase regulator of UbiI activity which is involved in aerobic coenzyme Q (ubiquinone) biosynthesis. Belongs to the ABC1 family. UbiB subfamily.
BARBAKC583_1349	1122	360095.BARBAKC583_1349	360095	Bartonella bacilliformis KC583	coaBC	Phosphopantothenoylcysteine decarboxylase/phosphopantothenate--cysteine ligase; Catalyzes two steps in the biosynthesis of coenzyme A. In the first step cysteine is conjugated to 4'-phosphopantothenate to form 4- phosphopantothenoylcysteine, in the latter compound is decarboxylated to form 4'-phosphopantotheine; In the C-terminal section; belongs to the PPC synthetase family.
BARBAKC583_1350	1123	360095.BARBAKC583_1350	360095	Bartonella bacilliformis KC583	ABM45045.1	Putative membrane protein; Identified by match to protein family HMM PF04401.
BARBAKC583_1351	1124	360095.BARBAKC583_1351	360095	Bartonella bacilliformis KC583	accD	acetyl-CoA carboxylase, carboxyl transferase, beta subunit; Component of the acetyl coenzyme A carboxylase (ACC) complex. Biotin carboxylase (BC) catalyzes the carboxylation of biotin on its carrier protein (BCCP) and then the CO(2) group is transferred by the transcarboxylase to acetyl-CoA to form malonyl-CoA.
BARBAKC583_1352	1125	360095.BARBAKC583_1352	360095	Bartonella bacilliformis KC583	folC	Folylpolyglutamate synthase; Identified by match to protein family HMM PF08245; match to protein family HMM TIGR01499; Belongs to the folylpolyglutamate synthase family.
BARBAKC583_1353	1126	360095.BARBAKC583_1353	360095	Bartonella bacilliformis KC583	ABM44961.1	NAD dependent epimerase/dehydratase family protein; Identified by match to protein family HMM PF01073; match to protein family HMM PF01370; match to protein family HMM PF04321; match to protein family HMM PF05368; match to protein family HMM PF07993.
BARBAKC583_1354	1127	360095.BARBAKC583_1354	360095	Bartonella bacilliformis KC583	ABM45543.1	Sensor histidine kinase; Identified by match to protein family HMM PF00512; match to protein family HMM PF02518.
BARBAKC583_1355	1128	360095.BARBAKC583_1355	360095	Bartonella bacilliformis KC583	ABM45466.1	P-loop hydrolase/phosphotransferase; Identified by match to protein family HMM PF01636; match to protein family HMM PF02367; match to protein family HMM PF02958; match to protein family HMM TIGR00150.
BARBAKC583_1356	1129	360095.BARBAKC583_1356	360095	Bartonella bacilliformis KC583	addB	Double-strand break repair protein AddB; Identified by match to protein family HMM TIGR02786.
BARBAKC583_1357	1130	360095.BARBAKC583_1357	360095	Bartonella bacilliformis KC583	addA	Double-strand break repair helicase AddA; Identified by match to protein family HMM PF00580; match to protein family HMM TIGR02784; Belongs to the helicase family. UvrD subfamily.
BARBAKC583_1358	1131	360095.BARBAKC583_1358	360095	Bartonella bacilliformis KC583	trx	Thioredoxin; Identified by match to protein family HMM PF00085; match to protein family HMM TIGR01068; Belongs to the thioredoxin family.
BARBAKC583_1359	1132	360095.BARBAKC583_1359	360095	Bartonella bacilliformis KC583	prfC	Peptide chain release factor 3; Increases the formation of ribosomal termination complexes and stimulates activities of RF-1 and RF-2. It binds guanine nucleotides and has strong preference for UGA stop codons. It may interact directly with the ribosome. The stimulation of RF-1 and RF-2 is significantly reduced by GTP and GDP, but not by GMP. Belongs to the TRAFAC class translation factor GTPase superfamily. Classic translation factor GTPase family. PrfC subfamily.
BARBAKC583_1360	1133	360095.BARBAKC583_1360	360095	Bartonella bacilliformis KC583	lysS	lysyl-tRNA synthetase; Identified by match to protein family HMM PF01921; match to protein family HMM TIGR00467; Belongs to the class-I aminoacyl-tRNA synthetase family.
BARBAKC583_1361	1134	360095.BARBAKC583_1361	360095	Bartonella bacilliformis KC583	argG	Argininosuccinate synthase; Identified by match to protein family HMM PF00764; match to protein family HMM TIGR00032; Belongs to the argininosuccinate synthase family. Type 1 subfamily.
BARBAKC583_1362	1135	360095.BARBAKC583_1362	360095	Bartonella bacilliformis KC583	rlmN	Radical SAM enzyme, Cfr family; Specifically methylates position 2 of adenine 2503 in 23S rRNA and position 2 of adenine 37 in tRNAs. m2A2503 modification seems to play a crucial role in the proofreading step occurring at the peptidyl transferase center and thus would serve to optimize ribosomal fidelity; Belongs to the radical SAM superfamily. RlmN family.
BARBAKC583_1363	1136	360095.BARBAKC583_1363	360095	Bartonella bacilliformis KC583	ABM45430.1	Translocator protein, LysE family; Identified by match to protein family HMM PF01810.
BARBAKC583_1364	1137	360095.BARBAKC583_1364	360095	Bartonella bacilliformis KC583	ABM45057.1	Conserved hypothetical protein; Identified by similarity to RF:YP_031747.1.
BARBAKC583_1365	1138	360095.BARBAKC583_1365	360095	Bartonella bacilliformis KC583	ptsN	PTS IIA-like nitrogen-regulatory protein PtsN; Identified by similarity to SP:P69829; match to protein family HMM PF00359; match to protein family HMM TIGR01419.
BARBAKC583_1366	1139	360095.BARBAKC583_1366	360095	Bartonella bacilliformis KC583	ABM44492.1	Hypothetical protein; Identified by Glimmer2; putative.
BARBAKC583_1368	1140	360095.BARBAKC583_1368	360095	Bartonella bacilliformis KC583	ABM44684.1	ABC transporter, ATP-binding protein; Identified by match to protein family HMM PF00005.
BARBAKC583_1369	1141	360095.BARBAKC583_1369	360095	Bartonella bacilliformis KC583	ABM44866.1	Identified by match to protein family HMM PF03968.
BARBAKC583_1370	1142	360095.BARBAKC583_1370	360095	Bartonella bacilliformis KC583	ABM45474.1	Conserved hypothetical protein; Identified by similarity to RF:YP_031743.1; match to protein family HMM PF06835.
BARBAKC583_1371	1143	360095.BARBAKC583_1371	360095	Bartonella bacilliformis KC583	ihfB	Integration host factor, beta subunit; This protein is one of the two subunits of integration host factor, a specific DNA-binding protein that functions in genetic recombination as well as in transcriptional and translational control. Belongs to the bacterial histone-like protein family.
BARBAKC583_1372	1144	360095.BARBAKC583_1372	360095	Bartonella bacilliformis KC583	ABM45586.1	Conserved hypothetical protein; Identified by similarity to RF:YP_032885.1.
BARBAKC583_1373	1145	360095.BARBAKC583_1373	360095	Bartonella bacilliformis KC583	ABM44474.1	Putative SAM-dependent methyltransferase; Identification is based on SCOP SUPERFAMILY HMM SSF53335; Belongs to the methyltransferase superfamily.
BARBAKC583_1374	1146	360095.BARBAKC583_1374	360095	Bartonella bacilliformis KC583	ABM45358.1	RNA methyltransferase, TrmH family; Identified by match to protein family HMM PF00588; match to protein family HMM PF08032; Belongs to the class IV-like SAM-binding methyltransferase superfamily. RNA methyltransferase TrmH family.
BARBAKC583_1375	1147	360095.BARBAKC583_1375	360095	Bartonella bacilliformis KC583	lspA	Signal peptidase II; This protein specifically catalyzes the removal of signal peptides from prolipoproteins; Belongs to the peptidase A8 family.
