"","baseMean","log2FoldChange","lfcSE","pvalue","padj","wp"
"lcl|NC_008783.1_cds_WP_005765660.1_1",48612.3625389815,0.809005195482523,0.25132393973781,0.000327917993371919,0.00189392636171879,"WP_005765660.1"
"lcl|NC_008783.1_cds_WP_005765663.1_2",770.027575552566,-0.234792338596573,0.318656846984103,0.358376886276203,0.503300290636448,"WP_005765663.1"
"lcl|NC_008783.1_cds_WP_005765665.1_3",1607.3398625991,-0.378362898406618,0.16450326350241,0.0131176134806515,0.0392244246731762,"WP_005765665.1"
"lcl|NC_008783.1_cds_WP_005765667.1_4",182.623814413753,-0.383782192421133,0.231268439561483,0.057474254094036,0.121516994370248,"WP_005765667.1"
"lcl|NC_008783.1_cds_WP_005765670.1_5",136.643738575877,-0.316008152040237,0.303044464353331,0.201582446892168,0.319509527604186,"WP_005765670.1"
"lcl|NC_008783.1_cds_WP_005765671.1_6",152.796838576968,-0.334363054540731,0.291027177305329,0.16436845836304,0.272184971610965,"WP_005765671.1"
"lcl|NC_008783.1_cds_WP_005765673.1_7",194.578458938015,-0.170831614738164,0.323350156304592,0.507731933811506,0.644422099436668,"WP_005765673.1"
"lcl|NC_008783.1_cds_WP_011807237.1_8",345.3817602843,-0.349371838458582,0.283667771086459,0.139018398441778,0.242769592559094,"WP_011807237.1"
"lcl|NC_008783.1_cds_WP_011807238.1_9",5076.10933426869,0.107636729676125,0.274152026544542,0.637778351429169,0.746175462541637,"WP_011807238.1"
"lcl|NC_008783.1_cds_WP_005765686.1_10",1362.10489037,-0.556071279574806,0.312238583980027,0.0314486589895404,0.0764095051204982,"WP_005765686.1"
"lcl|NC_008783.1_cds_WP_005765688.1_11",863.819730660319,-0.64662350602139,0.193313558272649,0.000344396265622617,0.00197236796973604,"WP_005765688.1"
"lcl|NC_008783.1_cds_WP_005765690.1_12",405.004348045157,-0.580431895753193,0.26640739574785,0.012237827213223,0.0374407943681035,"WP_005765690.1"
"lcl|NC_008783.1_cds_WP_005765692.1_13",1411.80214808402,0.425921208582236,0.146067033705259,0.00223624309196452,0.00906750623591094,"WP_005765692.1"
"lcl|NC_008783.1_cds_WP_005765693.1_14",947.081233930469,0.0203984243693072,0.124534957091143,0.853404665234679,0.902392393282868,"WP_005765693.1"
"lcl|NC_008783.1_cds_WP_005765696.1_15",383.176030658155,0.209920220163249,0.229550637736545,0.286152195275684,0.420874781622869,"WP_005765696.1"
"lcl|NC_008783.1_cds_WP_005765698.1_16",1115.10237223667,-0.211364481329889,0.295976218697369,0.383034223031471,0.528569370710095,"WP_005765698.1"
"lcl|NC_008783.1_cds_WP_005765700.1_17",1345.32647745362,-0.165009966423744,0.262285137248697,0.454163279729895,0.595484485523807,"WP_005765700.1"
"lcl|NC_008783.1_cds_WP_005765702.1_18",1590.40554063957,-0.133169104668324,0.230153442972817,0.500100822369094,0.639437768558324,"WP_005765702.1"
"lcl|NC_008783.1_cds_WP_005765704.1_19",758.661340948145,0.165903148940436,0.198532700223068,0.335981591678936,0.479857906571604,"WP_005765704.1"
"lcl|NC_008783.1_cds_WP_005765706.1_20",1700.89125954757,-0.165270578574182,0.153919096928077,0.220062573811557,0.342834325516951,"WP_005765706.1"
"lcl|NC_008783.1_cds_WP_005765708.1_21",430.153508046785,-0.786676572394829,0.206521313773981,4.01421435756404e-05,0.000328923352408004,"WP_005765708.1"
"lcl|NC_008783.1_cds_WP_005765710.1_22",2468.59584327679,-0.355932246395722,0.184566940160409,0.0328968823481592,0.0788459690287863,"WP_005765710.1"
"lcl|NC_008783.1_cds_WP_005765712.1_23",4146.40731518368,-0.558642574605248,0.292064647420377,0.0236564174149095,0.0613805151543813,"WP_005765712.1"
"lcl|NC_008783.1_cds_WP_005765714.1_24",3522.98331979645,-0.380017372996039,0.224122863850679,0.053533567305068,0.114825622625363,"WP_005765714.1"
"lcl|NC_008783.1_cds_WP_005765715.1_25",6980.29733797275,-0.632436753264474,0.245754249647951,0.00392174211228449,0.0146477686465137,"WP_005765715.1"
"lcl|NC_008783.1_cds_WP_005765716.1_26",4160.01748175386,-0.739508739048846,0.337495190663424,0.00761321369780369,0.0249696537900265,"WP_005765716.1"
"lcl|NC_008783.1_cds_WP_005765717.1_27",2795.54793069793,-1.02235708553124,0.304388044373995,9.87102904040691e-05,0.000712640145356206,"WP_005765717.1"
"lcl|NC_008783.1_cds_WP_005765729.1_28",2177.41775898003,-0.0474233086574321,0.22618621412143,0.808058479268014,0.86950681923271,"WP_005765729.1"
"lcl|NC_008783.1_cds_WP_005765731.1_29",663.412759157941,-0.147281408122463,0.262529871536641,0.504531164404534,0.642327848016095,"WP_005765731.1"
"lcl|NC_008783.1_cds_WP_005765733.1_30",1029.26015696678,-1.42534535453079,0.361034891329377,3.04994784455418e-06,3.92515026951321e-05,"WP_005765733.1"
"lcl|NC_008783.1_cds_WP_005765735.1_31",65.1158072226447,-0.957311270716554,0.471387203118734,0.00528350794877023,0.0186180756289999,"WP_005765735.1"
"lcl|NC_008783.1_cds_WP_011807240.1_32",352.760806327897,-1.63112677970157,0.484570425439814,1.72271523208839e-05,0.000160036908196213,"WP_011807240.1"
"lcl|NC_008783.1_cds_WP_005765739.1_33",93.0183746372837,-0.853817459960765,0.419301759708826,0.00744119412179438,0.0246099827938674,"WP_005765739.1"
"lcl|NC_008783.1_cds_WP_005765740.1_34",30.0333508750162,-0.929569385242907,0.541174746054613,0.0103959708929282,0.0324771227895172,"WP_005765740.1"
"lcl|NC_008783.1_cds_WP_005765741.1_35",114.378319432977,-1.78537718377042,0.551237380992008,1.78969610585476e-05,0.000164263580568375,"WP_005765741.1"
"lcl|NC_008783.1_cds_WP_005765743.1_36",1550.04547439379,1.2820211484224,0.300934219694682,1.15868592603337e-06,1.78166770964092e-05,"WP_005765743.1"
"lcl|NC_008783.1_cds_WP_005765745.1_37",322.532714056704,0.801984222432442,0.281557548595671,0.00108969450754656,0.0050348363029087,"WP_005765745.1"
"lcl|NC_008783.1_cds_WP_005765747.1_38",253.416845859175,0.363659473537774,0.201831372402105,0.0434051270410558,0.0973541122032273,"WP_005765747.1"
"lcl|NC_008783.1_cds_WP_005765749.1_39",2840.16844083255,0.735493603454323,0.412613602143353,0.0184339186278852,0.0508758966326716,"WP_005765749.1"
"lcl|NC_008783.1_cds_WP_005765751.1_40",1582.95241938391,0.151409206020376,0.189410586039929,0.358771490960441,0.503300290636448,"WP_005765751.1"
"lcl|NC_008783.1_cds_WP_005765753.1_41",290.805308278583,-0.425289964103745,0.239891764027153,0.0422966798402935,0.0956206665315458,"WP_005765753.1"
"lcl|NC_008783.1_cds_WP_005765755.1_42",879.979387901756,0.403221040809389,0.198691066589681,0.0245710307427973,0.0632436965205913,"WP_005765755.1"
"lcl|NC_008783.1_cds_WP_005765757.1_43",1706.28356109232,0.251391662516034,0.206272917371443,0.161304316756916,0.268613658284372,"WP_005765757.1"
"lcl|NC_008783.1_cds_WP_035453345.1_44",1326.16441393711,-0.0200255134018155,0.273096503822517,0.930069521766568,0.958400621211155,"WP_035453345.1"
"lcl|NC_008783.1_cds_WP_005765763.1_45",357.688656259129,-1.10382283922454,0.41643046296895,0.000711696042009424,0.00354053829302167,"WP_005765763.1"
"lcl|NC_008783.1_cds_WP_005765764.1_46",283.026535523445,-1.66757561632433,0.450039095813044,4.70605770354666e-06,5.60228831714413e-05,"WP_005765764.1"
"lcl|NC_008783.1_cds_WP_005765766.1_47",323.004967265374,-1.10492523371558,0.390496345898861,0.000422845912648541,0.00233948392792464,"WP_005765766.1"
"lcl|NC_008783.1_cds_WP_005765768.1_48",351.773799387864,-0.282277339504483,0.282521170388864,0.228399533687732,0.353496794622581,"WP_005765768.1"
"lcl|NC_008783.1_cds_WP_005765769.1_49",83.2604610161654,-0.191978605421894,0.271186439502347,0.396541124780581,0.542010290952353,"WP_005765769.1"
"lcl|NC_008783.1_cds_WP_005765771.1_50",291.640426168146,0.516046489450591,0.289641140719873,0.0346003284658029,0.0824281466871442,"WP_005765771.1"
"lcl|NC_008783.1_cds_WP_005765773.1_51",581.18656420075,-0.19856802554537,0.190057716864922,0.230602515210631,0.356440441265518,"WP_005765773.1"
"lcl|NC_008783.1_cds_WP_005765774.1_52",53.4102645432584,-0.540916605575462,0.331682647379146,0.0440458671849697,0.0978429770112647,"WP_005765774.1"
"lcl|NC_008783.1_cds_WP_005765777.1_53",655.431715539202,-0.71273276299299,0.301103197941625,0.00538318681545009,0.0188570804422867,"WP_005765777.1"
"lcl|NC_008783.1_cds_WP_005765779.1_54",893.83687925201,-0.133172606214432,0.16307199924545,0.350568169876263,0.495905272560927,"WP_005765779.1"
"lcl|NC_008783.1_cds_WP_005765781.1_55",143.555241790719,-1.08480293972763,0.34822194641578,0.000184017658515175,0.00119058419498343,"WP_005765781.1"
"lcl|NC_008783.1_cds_WP_005765783.1_56",389.687283717201,0.877867463539824,0.205117206300067,4.07088938461625e-06,5.07361371724804e-05,"WP_005765783.1"
"lcl|NC_008783.1_cds_WP_414945798.1_57",28.9455884123338,0.0117747706495779,0.379044699231121,0.966790708794134,0.982256531892719,"WP_414945798.1"
"lcl|NC_008783.1_cds_WP_005765787.1_58",76.257288225651,-0.748984395491553,0.388166113622905,0.0131703470122315,0.0392788182934058,"WP_005765787.1"
"lcl|NC_008783.1_cds_WP_005765789.1_59",224.716611008019,-0.999145837789354,0.352024414500623,0.000584341669356978,0.00299506725765655,"WP_005765789.1"
"lcl|NC_008783.1_cds_WP_005765791.1_60",1353.59748549611,-1.05447955975348,0.173106924746173,1.34698349615377e-10,6.37931383778424e-09,"WP_005765791.1"
"lcl|NC_008783.1_cds_WP_005765792.1_61",568.218017963964,-1.6666436262205,0.223579400989088,2.57515570448852e-15,5.08164059019068e-13,"WP_005765792.1"
"lcl|NC_008783.1_cds_WP_005765794.1_62",402.562084211998,-0.0747972874190765,0.144125678690239,0.55545295666593,0.685772993422796,"WP_005765794.1"
"lcl|NC_008783.1_cds_WP_005765796.1_63",28647.0565786377,0.478189358343764,0.203365079441406,0.00992929488347368,0.0312667158032788,"WP_005765796.1"
"lcl|NC_008783.1_cds_WP_005765797.1_64",275.48949292128,0.0722287111339639,0.180669544872245,0.649015437099495,0.755589260104034,"WP_005765797.1"
"lcl|NC_008783.1_cds_WP_005765799.1_65",936.929095148004,-0.679505578025966,0.380480467866733,0.0219101588508592,0.0572662871510315,"WP_005765799.1"
"lcl|NC_008783.1_cds_WP_005765801.1_66",458.67260593593,-0.61018924759447,0.391450001451864,0.0413085317332227,0.0945685667841832,"WP_005765801.1"
"lcl|NC_008783.1_cds_WP_005765802.1_67",86.4402348111366,0.43748124700556,0.360621179253985,0.118638563590483,0.215441808728729,"WP_005765802.1"
"lcl|NC_008783.1_cds_WP_011807246.1_68",2870.28831614729,0.659675408524987,0.333297562158701,0.0155990365755927,0.0449567246346929,"WP_011807246.1"
"lcl|NC_008783.1_cds_WP_005765806.1_69",578.095233361143,0.0341831895470431,0.18559900949832,0.834172246975796,0.889783730107516,"WP_005765806.1"
"lcl|NC_008783.1_cds_WP_005765808.1_70",933.89215613447,-0.793070084063436,0.270126729506115,0.000859632167505029,0.00415430402582022,"WP_005765808.1"
"lcl|NC_008783.1_cds_WP_005765810.1_71",1109.39733991801,-0.245330960036604,0.229846433867416,0.213791985782344,0.336161635015,"WP_005765810.1"
"lcl|NC_008783.1_cds_WP_005765812.1_72",221.844732872939,-1.2803581018533,0.39024508714432,5.70653336305617e-05,0.000441603627572452,"WP_005765812.1"
"lcl|NC_008783.1_cds_WP_005765814.1_73",619.209403605466,0.160884813442675,0.220419549967419,0.39676390280375,0.542010290952353,"WP_005765814.1"
"lcl|NC_008783.1_cds_WP_005765816.1_74",338.741176724164,0.0279600006639972,0.277356379672605,0.903628978113623,0.937683356780482,"WP_005765816.1"
"lcl|NC_008783.1_cds_WP_005765818.1_75",333.386521873226,0.0656251522806473,0.284358138919481,0.780298450811013,0.848995333002076,"WP_005765818.1"
"lcl|NC_008783.1_cds_WP_005765820.1_76",1019.53864365649,-0.276666669878549,0.279502757397934,0.233757426818269,0.360845884423508,"WP_005765820.1"
"lcl|NC_008783.1_cds_WP_005765822.1_77",2335.2673109881,0.93589801957627,0.335007724096128,0.000824618017730768,0.0040334665875004,"WP_005765822.1"
"lcl|NC_008783.1_cds_WP_005765824.1_78",1205.49403622413,0.30159888176099,0.233906815607059,0.134219590448121,0.237188052373993,"WP_005765824.1"
"lcl|NC_008783.1_cds_WP_005765825.1_79",72.1077106566198,0.330441390719641,0.30753193576591,0.186789943645985,0.300946930785923,"WP_005765825.1"
"lcl|NC_008783.1_cds_WP_005765827.1_80",911.302333616456,-0.0918205983497482,0.185948637696686,0.572767684587649,0.699852361766539,"WP_005765827.1"
"lcl|NC_008783.1_cds_WP_005765829.1_81",7755.68665352973,1.00917604164375,0.266271059915073,2.04062396317495e-05,0.000181661561834522,"WP_005765829.1"
"lcl|NC_008783.1_cds_WP_011807247.1_82",107.889156106634,0.370628977350344,0.289118353907925,0.122509316896845,0.220107786351843,"WP_011807247.1"
"lcl|NC_008783.1_cds_WP_005765833.1_83",64.2185819322269,-0.364341791802485,0.31046200907462,0.149193337949649,0.254165341197676,"WP_005765833.1"
"lcl|NC_008783.1_cds_WP_011807248.1_84",567.03803677706,-0.660278817709404,0.406593245681479,0.0314919170212415,0.0764095051204982,"WP_011807248.1"
"lcl|NC_008783.1_cds_WP_005765837.1_85",569.638784664614,-0.695356318955913,0.344365734554985,0.0128625200202803,0.0390492915487485,"WP_005765837.1"
"lcl|NC_008783.1_cds_WP_005765839.1_86",215.295067031856,-0.95138557158472,0.318973601342475,0.000440761313508745,0.00241602497775164,"WP_005765839.1"
"lcl|NC_008783.1_cds_WP_005765841.1_87",2013.40045751324,-1.17884616684207,0.31476463920269,1.38361696198526e-05,0.000134278892048406,"WP_005765841.1"
"lcl|NC_008783.1_cds_WP_005765843.1_88",930.146117572838,-0.810998229810685,0.33534958637011,0.00348473897354651,0.0133550648206979,"WP_005765843.1"
"lcl|NC_008783.1_cds_WP_044051782.1_89",888.577979558824,0.632124175793976,0.216633501665906,0.00145057124379568,0.00626816187100033,"WP_044051782.1"
"lcl|NC_008783.1_cds_WP_005765846.1_90",2097.73411169482,0.36740489225235,0.284935913248645,0.12159885135202,0.219278158222371,"WP_005765846.1"
"lcl|NC_008783.1_cds_WP_005765847.1_91",450.135730389928,0.159510085135797,0.238485382762418,0.433201359434777,0.574367759877689,"WP_005765847.1"
"lcl|NC_008783.1_cds_WP_005765848.1_92",173.446727001215,-0.705494469142751,0.345175858365139,0.0118155129367757,0.0364311648883918,"WP_005765848.1"
"lcl|NC_008783.1_cds_WP_005765849.1_93",2574.99841635217,0.358223817397265,0.231516584262014,0.0751824447084168,0.151599352048723,"WP_005765849.1"
"lcl|NC_008783.1_cds_WP_005765850.1_94",1085.58676964898,-0.0994465332904633,0.213766843688793,0.591318419027842,0.710782749369508,"WP_005765850.1"
"lcl|NC_008783.1_cds_WP_005765851.1_95",64.3767112861438,0.250965977644783,0.239333999099078,0.219519376674256,0.342438658738233,"WP_005765851.1"
"lcl|NC_008783.1_cds_WP_005765852.1_96",477.642089616242,0.142870376373298,0.187694225456633,0.382545876493686,0.528511455972607,"WP_005765852.1"
"lcl|NC_008783.1_cds_WP_005765853.1_97",542.755664316108,-0.184047355860703,0.272568051214506,0.418231214582365,0.562969202370978,"WP_005765853.1"
"lcl|NC_008783.1_cds_WP_005765854.1_98",3383.33354078659,0.377509910159683,0.191554351370236,0.02911800980932,0.0723007105138684,"WP_005765854.1"
"lcl|NC_008783.1_cds_WP_005765855.1_99",146.206001528219,0.379177618608868,0.281773930916054,0.107549726813522,0.199904044815086,"WP_005765855.1"
"lcl|NC_008783.1_cds_WP_005765856.1_100",1969.90727145846,0.0853491745677073,0.181029498223601,0.590922744819499,0.710782749369508,"WP_005765856.1"
"lcl|NC_008783.1_cds_WP_005765857.1_101",138.986515489259,-0.57189242540573,0.326550392401862,0.0320516081485706,0.0771497580942598,"WP_005765857.1"
"lcl|NC_008783.1_cds_WP_005765858.1_102",1093.06418210564,0.733820170976364,0.276738144391266,0.0023756634751595,0.00959995069825546,"WP_005765858.1"
"lcl|NC_008783.1_cds_WP_011807252.1_103",259.631509350917,-0.84080806709191,0.282410171671354,0.000648369179609365,0.00329471720453858,"WP_011807252.1"
"lcl|NC_008783.1_cds_WP_005765864.1_104",57.6055118468469,-1.28682341331219,0.437035329382055,0.00016917081383462,0.00110662013027729,"WP_005765864.1"
"lcl|NC_008783.1_cds_WP_005765868.1_105",927.705425825787,-1.01256601105151,0.334236344475691,0.000309191699028981,0.00183041485825157,"WP_005765868.1"
"lcl|NC_008783.1_cds_WP_005765870.1_106",3967.8585184642,-1.36036556639259,0.357001771196465,6.29148526402087e-06,7.02747033264218e-05,"WP_005765870.1"
"lcl|NC_008783.1_cds_WP_005765871.1_107",952.970159739839,-1.30769486951447,0.322547316808621,2.6461639353208e-06,3.44292098837344e-05,"WP_005765871.1"
"lcl|NC_008783.1_cds_WP_005765873.1_108",3532.12737220807,-1.57101585208925,0.399890874755285,2.38927031123017e-06,3.20513153274666e-05,"WP_005765873.1"
"lcl|NC_008783.1_cds_WP_005765875.1_109",262.775750614079,-1.80778725635918,0.322359233901138,4.73964800393603e-10,1.93508387471043e-08,"WP_005765875.1"
"lcl|NC_008783.1_cds_WP_011807254.1_110",213.140093877957,-1.8465822990827,0.411792911011137,1.37960816638267e-07,2.76856960846962e-06,"WP_011807254.1"
"lcl|NC_008783.1_cds_WP_005765879.1_111",537.447968547313,-1.11844187156847,0.320855459019308,4.5237377928521e-05,0.000361899023428168,"WP_005765879.1"
"lcl|NC_008783.1_cds_WP_005765881.1_112",701.041710526548,-0.0950975301597339,0.165204883339892,0.512127006748432,0.64643750105559,"WP_005765881.1"
"lcl|NC_008783.1_cds_WP_005765883.1_113",347.11573321911,-0.0958023616597144,0.196100093543561,0.575597348227972,0.700973882737394,"WP_005765883.1"
"lcl|NC_008783.1_cds_WP_005765885.1_114",127.093952649789,-0.0847780318104518,0.264158681223041,0.702665349150034,0.79309415957449,"WP_005765885.1"
"lcl|NC_008783.1_cds_WP_005765887.1_115",647.565453041288,-0.306063335270251,0.287376566329498,0.197952124179771,0.315949826141806,"WP_005765887.1"
"lcl|NC_008783.1_cds_WP_005765889.1_116",4939.82858685093,0.39765873401545,0.232179234509127,0.0502941810717227,0.10866479997978,"WP_005765889.1"
"lcl|NC_008783.1_cds_WP_005765891.1_117",223.939708887748,0.505156305457551,0.19436473365344,0.00489337250345042,0.0175037856316776,"WP_005765891.1"
"lcl|NC_008783.1_cds_WP_005765893.1_118",3993.81482440363,0.315791547476274,0.177330613283207,0.047696781753004,0.104001822459589,"WP_005765893.1"
"lcl|NC_008783.1_cds_WP_011807258.1_119",445.775608722998,-2.06722370455906,0.433716746072808,2.79379053718434e-08,6.89134999172137e-07,"WP_011807258.1"
"lcl|NC_008783.1_cds_WP_462677150.1_120",413.233877307809,-0.939897686417427,0.35146483981544,0.00114734785626734,0.00518496130465851,"WP_462677150.1"
"lcl|NC_008783.1_cds_WP_005765897.1_121",110.960786186146,-0.410887971939392,0.303981748635498,0.100048857992147,0.189229788918054,"WP_005765897.1"
"lcl|NC_008783.1_cds_WP_005765899.1_122",3419.9047922572,1.07592976566215,0.220888253248904,1.22640493989746e-07,2.50355767041137e-06,"WP_005765899.1"
"lcl|NC_008783.1_cds_WP_035453254.1_123",966.782960675703,-0.333146088005492,0.244552995074893,0.112213046412628,0.206304731292783,"WP_035453254.1"
"lcl|NC_008783.1_cds_WP_005765903.1_124",183.256538984832,-0.0489084659942223,0.349312727150788,0.856533097026765,0.902539765263929,"WP_005765903.1"
"lcl|NC_008783.1_cds_WP_005765907.1_125",106.098490363794,-0.51382258407388,0.304307931894542,0.042080434114814,0.0954468084136778,"WP_005765907.1"
"lcl|NC_008783.1_cds_WP_005765909.1_126",413.485267498536,0.649562385544334,0.339926031042139,0.0185929924669546,0.0511955885601726,"WP_005765909.1"
"lcl|NC_008783.1_cds_WP_005765911.1_127",569.181291970239,1.11278161876537,0.256347394051635,1.37039744290666e-06,2.05386148405251e-05,"WP_005765911.1"
"lcl|NC_008783.1_cds_WP_011807262.1_128",2467.45082948672,-0.482251366821438,0.214267392328541,0.0126944889720748,0.0386382389278576,"WP_011807262.1"
"lcl|NC_008783.1_cds_WP_005765915.1_129",1346.67510658251,-0.216191676697771,0.240661605533664,0.291827645672012,0.427628629301563,"WP_005765915.1"
"lcl|NC_008783.1_cds_WP_005765917.1_130",492.848217905526,0.0229234880163119,0.263877241622749,0.917797785027976,0.949394065532347,"WP_005765917.1"
"lcl|NC_008783.1_cds_WP_005765918.1_131",570.28316496665,0.139960874681639,0.291397433486856,0.558900796105212,0.687877902898723,"WP_005765918.1"
"lcl|NC_008783.1_cds_WP_005765923.1_132",2520.18600200358,0.396217208144332,0.131192769855928,0.00168994226736271,0.00719745195883975,"WP_005765923.1"
"lcl|NC_008783.1_cds_WP_005765925.1_133",780.829982663921,0.657675991036723,0.233713714111928,0.00185282204142209,0.00772444118677378,"WP_005765925.1"
"lcl|NC_008783.1_cds_WP_005765927.1_134",318.313509721532,-0.845298200303447,0.265362367555446,0.000326030724905155,0.00189225675631227,"WP_005765927.1"
"lcl|NC_008783.1_cds_WP_005765929.1_135",1494.54821703029,0.124469915616345,0.1951122848097,0.463914766040701,0.603744327561135,"WP_005765929.1"
"lcl|NC_008783.1_cds_WP_005765932.1_136",111.726767187684,0.116053718163988,0.236890085095493,0.566848556306971,0.693335424243237,"WP_005765932.1"
"lcl|NC_008783.1_cds_WP_005765934.1_137",658.766350802028,0.0865385686513709,0.296389007656895,0.721287524642371,0.806425334444351,"WP_005765934.1"
"lcl|NC_008783.1_cds_WP_005765936.1_138",204.924124890828,-0.0577162983169791,0.238440370517934,0.777461227155524,0.847618870121676,"WP_005765936.1"
"lcl|NC_008783.1_cds_WP_005765938.1_139",787.19230477701,0.480686497891055,0.339308571147756,0.0760485572546545,0.152612697948324,"WP_005765938.1"
"lcl|NC_008783.1_cds_WP_005765942.1_140",461.971687710363,-0.52629514834148,0.21448068597555,0.00693486120064727,0.0233263513112681,"WP_005765942.1"
"lcl|NC_008783.1_cds_WP_005765945.1_141",463.419689561919,-0.107908888747881,0.233660222189584,0.590104119096015,0.710782749369508,"WP_005765945.1"
"lcl|NC_008783.1_cds_WP_005765953.1_142",1314.19820535452,0.270059442471948,0.541819872603807,0.389413172435896,0.535822235761329,"WP_005765953.1"
"lcl|NC_008783.1_cds_WP_005765954.1_143",567.100318710367,0.0390406680432378,0.504374058122615,0.898331190179796,0.933003622081472,"WP_005765954.1"
"lcl|NC_008783.1_cds_WP_005765956.1_144",335.04796868509,0.539623549963413,0.175679684156991,0.00111553523078574,0.00509958962644909,"WP_005765956.1"
"lcl|NC_008783.1_cds_WP_005765958.1_145",150.106869925673,-0.238503291378617,0.29508667100884,0.324102878103807,0.464573617039839,"WP_005765958.1"
"lcl|NC_008783.1_cds_WP_005765960.1_146",412.195394210556,0.256314951972015,0.225395824499026,0.186820940986194,0.300946930785923,"WP_005765960.1"
"lcl|NC_008783.1_cds_WP_005765962.1_147",641.83358318596,0.268219796653056,0.220243112575877,0.159200957916352,0.265858863431538,"WP_005765962.1"
"lcl|NC_008783.1_cds_WP_005765964.1_148",780.73168510448,-0.0713866276894891,0.28928765577039,0.76452071056278,0.837365884649705,"WP_005765964.1"
"lcl|NC_008783.1_cds_WP_005765971.1_149",1296.73762002152,-0.0806181291964502,0.211323354621105,0.660433312530694,0.762137467871678,"WP_005765971.1"
"lcl|NC_008783.1_cds_WP_005765972.1_150",596.590507497932,-0.745045430775445,0.30471712803914,0.00400269079440528,0.0149031003162763,"WP_005765972.1"
"lcl|NC_008783.1_cds_WP_080512684.1_151",492.932234728672,-0.133217262212109,0.187649358515691,0.415665149926884,0.562454328586778,"WP_080512684.1"
"lcl|NC_008783.1_cds_WP_005765977.1_152",11270.2657800656,0.0509989517442803,0.223370705440737,0.791661427424248,0.855225483640794,"WP_005765977.1"
"lcl|NC_008783.1_cds_WP_005765980.1_153",562.97296759186,-0.330278874951729,0.180351380287528,0.0420733603722291,0.0954468084136778,"WP_005765980.1"
"lcl|NC_008783.1_cds_WP_005765983.1_154",2326.74756001645,-0.320097929949115,0.190214850189764,0.0589771693065543,0.123591094617629,"WP_005765983.1"
"lcl|NC_008783.1_cds_WP_005765984.1_155",329.446413162417,0.46461103430868,0.21581552182981,0.0166411407605391,0.0474773750854897,"WP_005765984.1"
"lcl|NC_008783.1_cds_WP_005765991.1_156",607.850140133673,-0.724672740272596,0.260250335485972,0.00167039302789053,0.00713987489177755,"WP_005765991.1"
"lcl|NC_008783.1_cds_WP_005766000.1_157",8640.94806743137,0.856527444946376,0.364833227845051,0.00358907698144537,0.013663881498493,"WP_005766000.1"
"lcl|NC_008783.1_cds_WP_005766002.1_158",63.237738757492,-0.402272248931172,0.421462247914153,0.185301079295129,0.299313066692269,"WP_005766002.1"
"lcl|NC_008783.1_cds_WP_005766004.1_159",172.552289608028,0.088760392376716,0.21341728636372,0.631489726741942,0.742486431442363,"WP_005766004.1"
"lcl|NC_008783.1_cds_BARBAKC583_RS06735_160",1.05499494879594,-0.251740872666252,0.718803835086552,0.23868849738998,0.366071477862352,"BARBAKC583_RS06735"
"lcl|NC_008783.1_cds_WP_005766008.1_161",72.3391583393759,-1.84456638997893,0.374775841982137,1.75188207173246e-08,4.60939638429162e-07,"WP_005766008.1"
"lcl|NC_008783.1_cds_WP_005766010.1_162",406.856983544592,-2.72182857438432,0.363951667567289,8.57709786541727e-16,2.03105677453081e-13,"WP_005766010.1"
"lcl|NC_008783.1_cds_WP_005766021.1_163",161.576370968853,-2.46256682016859,0.394657541658706,5.92597099607413e-12,3.69281561018514e-10,"WP_005766021.1"
"lcl|NC_008783.1_cds_WP_005766023.1_164",1.66824840444602,0.0200292070987853,0.610569661881677,0.942560184379847,0.967742118927555,"WP_005766023.1"
"lcl|NC_008783.1_cds_WP_005766025.1_165",68.147559375977,-0.101764359343519,0.29129239089354,0.670873619675838,0.767453493426272,"WP_005766025.1"
"lcl|NC_008783.1_cds_WP_005766027.1_166",236.637870138888,-1.5001211576877,0.386447717878427,3.36245601444827e-06,4.28080421624382e-05,"WP_005766027.1"
"lcl|NC_008783.1_cds_WP_005766029.1_167",1.51602124923799,-0.134091912247771,0.68240167543463,0.558466294945204,0.687877902898723,"WP_005766029.1"
"lcl|NC_008783.1_cds_WP_005766030.1_168",0.518848834200158,-0.0729113363638459,0.717923615414417,0.658578795806578,0.760924869171527,"WP_005766030.1"
"lcl|NC_008783.1_cds_WP_005766031.1_169",61.1281864431462,-1.35045682351621,0.483592125321582,0.000221113625372642,0.00141512720238491,"WP_005766031.1"
"lcl|NC_008783.1_cds_WP_005766033.1_170",63.333487917864,0.697850550200377,0.531202115614484,0.043510774709606,0.0973541122032273,"WP_005766033.1"
"lcl|NC_008783.1_cds_WP_005766034.1_171",470.976116776968,0.459411359238669,0.22612585681992,0.0223603048753021,0.0583140990580566,"WP_005766034.1"
"lcl|NC_008783.1_cds_WP_005766036.1_172",238.626897011134,-0.447288425876872,0.288601773334152,0.0641356272283245,0.132756263353735,"WP_005766036.1"
"lcl|NC_008783.1_cds_WP_005766037.1_173",372.663167107582,-0.527349881724158,0.316811274593467,0.0427014714824131,0.0963019852098611,"WP_005766037.1"
"lcl|NC_008783.1_cds_WP_005766038.1_174",202.538359062661,-1.13767229914104,0.31895783272517,3.14196317756201e-05,0.0002676319713837,"WP_005766038.1"
"lcl|NC_008783.1_cds_WP_005766039.1_175",46.8927471096321,-0.651783770068195,0.496335470325601,0.052038224029974,0.111820793559872,"WP_005766039.1"
"lcl|NC_008783.1_cds_WP_005766040.1_176",691.700728761388,0.268056235150349,0.211258168744179,0.144533489300444,0.24970659533346,"WP_005766040.1"
"lcl|NC_008783.1_cds_WP_005766045.1_177",1128.29379723855,1.14835068526622,0.356146608367505,0.000103823190713094,0.000739377883580938,"WP_005766045.1"
"lcl|NC_008783.1_cds_WP_005766051.1_178",144.281094798144,-0.642322066320523,0.341263994002858,0.0201652307686049,0.0538953346050299,"WP_005766051.1"
"lcl|NC_008783.1_cds_WP_005766053.1_179",256.630990236959,1.23138165211883,0.264203051495946,2.08057222426233e-07,4.00610644292618e-06,"WP_005766053.1"
"lcl|NC_008783.1_cds_WP_005766055.1_180",44.5805888992118,0.851350771593053,0.37412538408369,0.00435373597490241,0.0158277745161665,"WP_005766055.1"
"lcl|NC_008783.1_cds_WP_005766061.1_181",4965.11446393129,0.356913202953294,0.293429830934845,0.140832232101352,0.244494666873902,"WP_005766061.1"
"lcl|NC_008783.1_cds_WP_005766062.1_182",2.24472775669326,0.0463555602043027,0.678827087893239,0.835375402599637,0.889837665011512,"WP_005766062.1"
"lcl|NC_008783.1_cds_BARBAKC583_RS07205_183",0.551091382352394,0.089527206191317,0.706743219993354,0.634646389209362,0.744718855127735,"BARBAKC583_RS07205"
"lcl|NC_008783.1_cds_WP_005766064.1_184",57.0194054123828,0.98362914592534,0.519214250098461,0.00629774872498114,0.0214885720183794,"WP_005766064.1"
"lcl|NC_008783.1_cds_BARBAKC583_RS06765_185",12.1541685460431,1.09884338219524,0.552421984133635,0.00348540120742877,0.0133550648206979,"BARBAKC583_RS06765"
"lcl|NC_008783.1_cds_WP_011807288.1_186",61.6834780730709,1.34219683241256,0.344798360704199,4.73166243002038e-06,5.60228831714413e-05,"WP_011807288.1"
"lcl|NC_008783.1_cds_BARBAKC583_RS07210_187",0,0,0.750989067097251,NA,NA,"BARBAKC583_RS07210"
"lcl|NC_008783.1_cds_WP_172952858.1_188",1576.2692776373,-1.45899530285576,0.389128982435993,6.26825990319542e-06,7.02747033264218e-05,"WP_172952858.1"
"lcl|NC_008783.1_cds_WP_011807291.1_189",5675.01350807708,1.66098628231262,0.247831497955911,5.76153817852017e-13,5.37380988465368e-11,"WP_011807291.1"
"lcl|NC_008783.1_cds_WP_035453325.1_190",677.611880362497,-0.823079864846699,0.431513518369662,0.0107785328994966,0.0334954933149712,"WP_035453325.1"
"lcl|NC_008783.1_cds_WP_011807293.1_191",1938.9297818135,-1.77243183649495,0.429319722513126,7.21960533872389e-07,1.18722398903459e-05,"WP_011807293.1"
"lcl|NC_008783.1_cds_WP_005766082.1_192",379.107054632055,-1.89471569822188,0.358333257217747,2.54325740104941e-09,8.85651989071325e-08,"WP_005766082.1"
"lcl|NC_008783.1_cds_WP_005766084.1_193",2727.51218788251,-2.67785583988369,0.37375638891678,9.0901652101985e-15,1.53753651555358e-12,"WP_005766084.1"
"lcl|NC_008783.1_cds_BARBAKC583_RS07005_194",62.2624726440061,-2.01636317724106,0.593949795056224,6.01838112009719e-06,6.85169542903373e-05,"BARBAKC583_RS07005"
"lcl|NC_008783.1_cds_WP_005766089.1_195",464.771255806472,-2.00396563133333,0.398387257792722,8.51395923883421e-09,2.52013193469493e-07,"WP_005766089.1"
"lcl|NC_008783.1_cds_WP_005766090.1_196",157.375894034706,-1.25745783465868,0.553680936304593,0.00112631157346397,0.00510939809571393,"WP_005766090.1"
"lcl|NC_008783.1_cds_WP_005766092.1_197",912.533158196988,-1.56372469852758,0.278055930440481,5.71915646602349e-10,2.18434879218446e-08,"WP_005766092.1"
"lcl|NC_008783.1_cds_WP_005766093.1_198",0.422924347880222,-0.0292754064729366,0.724524198062443,0.83967740630008,0.891639505882775,"WP_005766093.1"
"lcl|NC_008783.1_cds_WP_005766094.1_199",0.328964786056538,-0.042678228318214,0.73587437252575,0.707134270516399,0.794487740496091,"WP_005766094.1"
"lcl|NC_008783.1_cds_WP_005766095.1_200",553.051375678877,-1.8749140172252,0.242518886318956,2.8315748022607e-16,8.38146141469168e-14,"WP_005766095.1"
"lcl|NC_008783.1_cds_WP_005766096.1_201",55.4003575784653,-1.07483675993597,0.371608331126816,0.000385826195635964,0.00215480290392916,"WP_005766096.1"
"lcl|NC_008783.1_cds_WP_005766097.1_202",638.122305914444,0.583528446276636,0.420413782672758,0.0594357023238922,0.124331928536198,"WP_005766097.1"
"lcl|NC_008783.1_cds_WP_005766098.1_203",42.5089725335987,-0.163735320031521,0.429757100367516,0.584732109753342,0.707896541869077,"WP_005766098.1"
"lcl|NC_008783.1_cds_WP_005766099.1_204",4.91639911049341,-0.0736455241502541,0.567013083941117,0.804130838321648,0.866324761212768,"WP_005766099.1"
"lcl|NC_008783.1_cds_WP_005766101.1_205",170.40390548354,0.320749785557475,0.256334855788168,0.140466287774895,0.244217451872946,"WP_005766101.1"
"lcl|NC_008783.1_cds_WP_005766108.1_206",3526.17364757566,0.78180883567256,0.264158094466144,0.00082781451077922,0.0040334665875004,"WP_005766108.1"
"lcl|NC_008783.1_cds_WP_005766110.1_207",362.963642169589,-0.346507997108169,0.274752596414636,0.132594211155814,0.236077512794713,"WP_005766110.1"
"lcl|NC_008783.1_cds_WP_035453319.1_208",290.158102703187,0.0389454464040437,0.235130070242871,0.847037026275796,0.897844081567182,"WP_035453319.1"
"lcl|NC_008783.1_cds_WP_005766115.1_209",47.6395230296947,-2.14899950232105,0.536715292428031,5.73867685157602e-07,9.70656198895144e-06,"WP_005766115.1"
"lcl|NC_008783.1_cds_WP_005766118.1_210",31.1385097318515,-0.363745366997973,0.369115892237238,0.198002340369274,0.315949826141806,"WP_005766118.1"
"lcl|NC_008783.1_cds_WP_005766130.1_211",351.56880316787,-0.0124349449099606,0.244292457665938,0.952462201709684,0.973007115465286,"WP_005766130.1"
"lcl|NC_008783.1_cds_WP_005766132.1_212",2736.08399560271,0.625676899294802,0.313696814507077,0.0166094639543749,0.0474773750854897,"WP_005766132.1"
"lcl|NC_008783.1_cds_BARBAKC583_RS01255_213",0,0,0.750989067097251,NA,NA,"BARBAKC583_RS01255"
"lcl|NC_008783.1_cds_WP_005766136.1_214",3.26148184107496,0,0.704631747051854,1,1,"WP_005766136.1"
"lcl|NC_008783.1_cds_WP_005766138.1_215",65.4113791230496,0.319314351617765,0.267171024292578,0.155622702099274,0.262534736260646,"WP_005766138.1"
"lcl|NC_008783.1_cds_WP_005766141.1_216",20.0997855188895,-0.199140717673948,0.371888195814985,0.478802056368455,0.619564628131421,"WP_005766141.1"
"lcl|NC_008783.1_cds_WP_005766146.1_217",178.047777761507,0.719934930692297,0.240248378452417,0.000890707508951379,0.00425241004273561,"WP_005766146.1"
"lcl|NC_008783.1_cds_WP_225866728.1_218",2.66354363928202,0.0505710442007813,0.587653299259427,0.861217533821491,0.904195980508099,"WP_225866728.1"
"lcl|NC_008783.1_cds_WP_005766149.1_219",120.01662326151,0.735057796188503,0.252071212164158,0.00109286565020907,0.0050348363029087,"WP_005766149.1"
"lcl|NC_008783.1_cds_WP_005766151.1_220",213.879648640342,2.62594579395329,0.416802082497988,3.02980210353695e-12,2.24205355661734e-10,"WP_005766151.1"
"lcl|NC_008783.1_cds_WP_005766153.1_221",327.065699816036,2.06637143820175,0.303296705546401,2.18361546202697e-13,2.58540070703993e-11,"WP_005766153.1"
"lcl|NC_008783.1_cds_WP_005766155.1_222",792.373935785344,2.10446249250668,0.342731329387904,1.64959937532296e-11,9.30059838277326e-10,"WP_005766155.1"
"lcl|NC_008783.1_cds_WP_005766157.1_223",3025.43362033156,1.07931711375224,0.463157243060837,0.00177854336944526,0.00749393362784054,"WP_005766157.1"
"lcl|NC_008783.1_cds_WP_005766159.1_224",796.76682433723,2.09923505577945,0.341570856857157,1.60099086888746e-11,9.30059838277326e-10,"WP_005766159.1"
"lcl|NC_008783.1_cds_WP_225866729.1_225",93.258220182162,1.24332748217868,0.345046978633316,1.96710969432448e-05,0.000176443778642438,"WP_225866729.1"
"lcl|NC_008783.1_cds_WP_011807302.1_226",7.06090801737777,0.187377873042035,0.505752765959053,0.545504230540144,0.677019925534099,"WP_011807302.1"
"lcl|NC_008783.1_cds_WP_005766168.1_227",149.922791908016,0.586537686116887,0.31666300477658,0.0250620802737306,0.0643676855620327,"WP_005766168.1"
"lcl|NC_008783.1_cds_WP_005766170.1_228",214.309786002601,0.977979454082744,0.280161890282658,7.13695810338379e-05,0.000531456502792856,"WP_005766170.1"
"lcl|NC_008783.1_cds_WP_146075923.1_229",23.2359868791924,0.806538364392594,0.388666474820119,0.00800355226151128,0.0258912728896977,"WP_146075923.1"
"lcl|NC_008783.1_cds_WP_005766179.1_230",784.748779405968,0.422093101127014,0.239629045627198,0.0435791211720528,0.0973541122032273,"WP_005766179.1"
"lcl|NC_008783.1_cds_WP_005766181.1_231",636.660530309056,0.245242986426858,0.179128747547248,0.120300397114584,0.218125069193978,"WP_005766181.1"
"lcl|NC_008783.1_cds_WP_005766182.1_232",33600.6974739134,0.793211384943397,0.449542458898453,0.0156955005505569,0.0451055161452897,"WP_005766182.1"
"lcl|NC_008783.1_cds_WP_005766184.1_233",745.406930948323,0.67302606276865,0.344187684737457,0.0157894424332901,0.0452656170484637,"WP_005766184.1"
"lcl|NC_008783.1_cds_WP_005766186.1_234",1185.76372106934,0.603026345501566,0.242048443649463,0.00527052759358139,0.0186180756289999,"WP_005766186.1"
"lcl|NC_008783.1_cds_WP_005766188.1_235",1794.63673915407,-0.25565878446414,0.140467884471914,0.0449079381056533,0.0991996244721893,"WP_005766188.1"
"lcl|NC_008783.1_cds_WP_005766189.1_236",419.400426758081,0.574977480753684,0.262911374795679,0.0121595572472524,0.0372977092765462,"WP_005766189.1"
"lcl|NC_008783.1_cds_WP_005766192.1_237",711.700159446852,0.261579232102574,0.200151980857632,0.134934234979994,0.238095580054118,"WP_005766192.1"
"lcl|NC_008783.1_cds_WP_005766194.1_238",2756.21534239403,0.770051230567862,0.185790164743839,1.04910407456666e-05,0.000112921747662447,"WP_005766194.1"
"lcl|NC_008783.1_cds_WP_005766195.1_239",1471.49946460342,0.719164859535553,0.228832640226419,0.000558114689203061,0.00291104754192257,"WP_005766195.1"
"lcl|NC_008783.1_cds_WP_005766197.1_240",402.56726852291,0.022552615080603,0.185414718328549,0.890098497858851,0.927708293543028,"WP_005766197.1"
"lcl|NC_008783.1_cds_WP_005766199.1_241",407.547289838101,0.354321834136719,0.233963791718167,0.0808006305559243,0.159594433301876,"WP_005766199.1"
"lcl|NC_008783.1_cds_WP_005766201.1_242",4.44571347930345,-0.138762669232435,0.566698726476315,0.643946239419759,0.751905668119324,"WP_005766201.1"
"lcl|NC_008783.1_cds_WP_005766203.1_243",400.32764431917,0.110629073027663,0.153192630459015,0.409818135106288,0.555643423616015,"WP_005766203.1"
"lcl|NC_008783.1_cds_WP_005766204.1_244",1614.92430431418,-0.204591562479976,0.206713869293148,0.253342767269668,0.383276978194989,"WP_005766204.1"
"lcl|NC_008783.1_cds_WP_005766206.1_245",521.823676522248,-0.466958361558222,0.271354798275017,0.0436845009645551,0.097405742263716,"WP_005766206.1"
"lcl|NC_008783.1_cds_WP_005766207.1_246",650.257639765123,-0.776871544970712,0.220482030401018,0.000123930214901431,0.000858089909025114,"WP_005766207.1"
"lcl|NC_008783.1_cds_WP_005766209.1_247",831.734104382018,-1.11280900440391,0.293934470504093,1.45843719869848e-05,0.000140389401890976,"WP_005766209.1"
"lcl|NC_008783.1_cds_WP_005766211.1_248",978.112182583994,-0.272238377183436,0.222777996268906,0.157334326892345,0.263910873039481,"WP_005766211.1"
"lcl|NC_008783.1_cds_WP_005766213.1_249",1192.49003125137,-0.423574120032587,0.25884242032347,0.0564929336171481,0.119870310757533,"WP_005766213.1"
"lcl|NC_008783.1_cds_WP_005766215.1_250",353.593948200917,-0.1922148248717,0.273553561347578,0.399226771027201,0.543940732907027,"WP_005766215.1"
"lcl|NC_008783.1_cds_WP_005766217.1_251",545.367959272308,-1.15864613139983,0.342664171701953,5.80531536561548e-05,0.000443451186637983,"WP_005766217.1"
"lcl|NC_008783.1_cds_WP_005766219.1_252",18.2188406757449,-0.770271624325983,0.446655549024805,0.0182590506668474,0.0507547823752837,"WP_005766219.1"
"lcl|NC_008783.1_cds_WP_005766221.1_253",1633.14033774845,-0.771741264229888,0.335531122697015,0.00530605729598003,0.0186420529330574,"WP_005766221.1"
"lcl|NC_008783.1_cds_WP_005766222.1_254",29.0011384199445,-0.754428816580366,0.422462358167542,0.0172060550223828,0.0487367682930651,"WP_005766222.1"
"lcl|NC_008783.1_cds_WP_005766225.1_255",417.095003181461,0.54651468020234,0.26897477174833,0.018684838429454,0.0512102979177628,"WP_005766225.1"
"lcl|NC_008783.1_cds_WP_005766227.1_256",264.641470677901,0.206748388452478,0.203822746280498,0.242327700286054,0.369737109714805,"WP_005766227.1"
"lcl|NC_008783.1_cds_WP_005766230.1_257",263.741910873088,0.156511900642874,0.184284985951023,0.33004409990572,0.472517792368044,"WP_005766230.1"
"lcl|NC_008783.1_cds_WP_005766233.1_258",738.619068802016,0.0876763637724571,0.14722061767206,0.497829856197695,0.63722221593305,"WP_005766233.1"
"lcl|NC_008783.1_cds_WP_005766235.1_259",179.33107856993,-0.167156779780052,0.204004252264104,0.344583942841767,0.489918750417224,"WP_005766235.1"
"lcl|NC_008783.1_cds_WP_005766238.1_260",94.7111903707944,-0.311259729741925,0.245121365491289,0.137553038004159,0.241636197324814,"WP_005766238.1"
"lcl|NC_008783.1_cds_WP_005766240.1_261",64.6431526942375,-0.677850259485519,0.315916095766718,0.0101847904959398,0.0319015659978645,"WP_005766240.1"
"lcl|NC_008783.1_cds_WP_005766242.1_262",618.712941824945,-0.788649991070954,0.293769357116986,0.00182931467514522,0.00768052686302106,"WP_005766242.1"
"lcl|NC_008783.1_cds_WP_005766244.1_263",1889.82113070384,-0.74465347035816,0.285186688269683,0.00257268817664151,0.010256103707554,"WP_005766244.1"
"lcl|NC_008783.1_cds_WP_005766249.1_264",160.835370570514,-0.492484979835944,0.262274856088329,0.0296757958668669,0.0733531154621511,"WP_005766249.1"
"lcl|NC_008783.1_cds_WP_005766252.1_265",8096.24968665662,0.487489343577645,0.309371185653839,0.0558456116477863,0.118923029120466,"WP_005766252.1"
"lcl|NC_008783.1_cds_WP_005766255.1_266",413.531495284909,0.247041390587311,0.181336432432524,0.121862354822906,0.219278158222371,"WP_005766255.1"
"lcl|NC_008783.1_cds_WP_005766258.1_267",251.923147301205,0.285879363183923,0.182321218002015,0.0775714789850759,0.154620591108299,"WP_005766258.1"
"lcl|NC_008783.1_cds_WP_005766260.1_268",343.828389847773,-1.03169956624029,0.365070941352018,0.000543735231566274,0.00288292160048796,"WP_005766260.1"
"lcl|NC_008783.1_cds_WP_005766262.1_269",934.914870814683,-0.615963770585635,0.292696040053621,0.0133071549437554,0.0394878983794647,"WP_005766262.1"
"lcl|NC_008783.1_cds_WP_005766264.1_270",1264.1123253472,-0.791675685218959,0.395581761757054,0.00986034884251089,0.0311999387674775,"WP_005766264.1"
"lcl|NC_008783.1_cds_WP_005766266.1_271",2170.67570806327,0.44585444520557,0.164847734148166,0.00404150931940888,0.0149535844818128,"WP_005766266.1"
"lcl|NC_008783.1_cds_WP_005766267.1_272",913.40852877002,0.0759558559808082,0.160139242072605,0.590178010869506,0.710782749369508,"WP_005766267.1"
"lcl|NC_008783.1_cds_WP_005766269.1_273",853.941629160886,0.0983776069766596,0.169758990996024,0.508968187942405,0.644422099436668,"WP_005766269.1"
"lcl|NC_008783.1_cds_WP_005766272.1_274",586.826095308454,0.116763244617196,0.147506100821256,0.365629320811157,0.511708174752258,"WP_005766272.1"
"lcl|NC_008783.1_cds_WP_005766273.1_275",1017.99535887193,0.474991240596146,0.25431384271014,0.0314276969797806,0.0764095051204982,"WP_005766273.1"
"lcl|NC_008783.1_cds_WP_005766275.1_276",1106.52226987774,1.32230471403439,0.32155049968823,1.9819012555624e-06,2.79353700784033e-05,"WP_005766275.1"
"lcl|NC_008783.1_cds_BARBAKC583_RS01630_277",338.104041203521,0.088024525132668,0.224940371717499,0.649930674798068,0.755911511749423,"BARBAKC583_RS01630"
"lcl|NC_008783.1_cds_WP_005766280.1_278",1128.36947183825,0.0310001595037751,0.210429923083906,0.865655558100551,0.907826555173651,"WP_005766280.1"
"lcl|NC_008783.1_cds_WP_005766282.1_279",919.325574634567,-1.11502840681268,0.163205050814927,8.15838915915314e-13,6.89966626031237e-11,"WP_005766282.1"
"lcl|NC_008783.1_cds_WP_005766284.1_280",520.875036519743,0.497870759603111,0.204998968199321,0.00784039351017449,0.0254329477151961,"WP_005766284.1"
"lcl|NC_008783.1_cds_WP_005766286.1_281",539.091383384849,-0.543753233987529,0.220870215790387,0.0065419024072104,0.0221937319488169,"WP_005766286.1"
"lcl|NC_008783.1_cds_WP_005766289.1_282",322.61487870584,-0.22016488317849,0.280845916328154,0.344346876441824,0.489918750417224,"WP_005766289.1"
"lcl|NC_008783.1_cds_WP_005766292.1_283",774.373536892275,-0.137448422919946,0.223707225070348,0.475323927821725,0.615736904311731,"WP_005766292.1"
"lcl|NC_008783.1_cds_WP_005766295.1_284",321.98065341448,-0.0548318532117859,0.191393169400236,0.74388063819078,0.822366643900918,"WP_005766295.1"
"lcl|NC_008783.1_cds_WP_005766297.1_285",508.089784229588,0.00759650640641824,0.187939908309269,0.963355161238323,0.981594243464866,"WP_005766297.1"
"lcl|NC_008783.1_cds_WP_005766299.1_286",6813.40180341055,0.247895363358475,0.200350452147499,0.156080481149339,0.262629071694212,"WP_005766299.1"
"lcl|NC_008783.1_cds_WP_005766301.1_287",1137.82339936516,-0.021591974041666,0.279142430006316,0.925871213657352,0.955738027001138,"WP_005766301.1"
"lcl|NC_008783.1_cds_WP_005766303.1_288",434.184357461165,-0.0921107434824504,0.242076949780335,0.655739806185911,0.759682906579372,"WP_005766303.1"
"lcl|NC_008783.1_cds_WP_005766305.1_289",2302.07410708575,1.21311371437703,0.259730840833609,2.09779222518094e-07,4.00610644292618e-06,"WP_005766305.1"
"lcl|NC_008783.1_cds_WP_005766307.1_290",39.7811140649424,-0.19699631621713,0.340078964002575,0.460102243379325,0.600618584521632,"WP_005766307.1"
"lcl|NC_008783.1_cds_WP_005766309.1_291",124.081299588423,-0.32527240483104,0.308869390678687,0.19502219661469,0.312457754792683,"WP_005766309.1"
"lcl|NC_008783.1_cds_WP_011807312.1_292",1408.04876393769,-0.509752400103227,0.258008197122162,0.0230273162180851,0.0599216316532149,"WP_011807312.1"
"lcl|NC_008783.1_cds_WP_005766313.1_293",959.829461507242,-0.514413251801564,0.275892466956274,0.0291279044891176,0.0723007105138684,"WP_005766313.1"
"lcl|NC_008783.1_cds_WP_005766315.1_294",179.627111353498,0.388303869990367,0.201248637570928,0.0315836364096023,0.0764724448036178,"WP_005766315.1"
"lcl|NC_008783.1_cds_WP_005766317.1_295",535.910620676343,-0.166612685117328,0.189422332000035,0.312450624557936,0.452931958434394,"WP_005766317.1"
"lcl|NC_008783.1_cds_WP_005766321.1_296",210.108714820754,0.0908232318237329,0.231276027828214,0.647592105817816,0.754674265047534,"WP_005766321.1"
"lcl|NC_008783.1_cds_WP_005766323.1_297",5106.27635709261,0.316786431902884,0.166740105959478,0.0363872756477623,0.0853119492414863,"WP_005766323.1"
"lcl|NC_008783.1_cds_WP_005766325.1_298",9405.05813218665,0.673174348463911,0.283897510731246,0.00597359931166406,0.0205007002464065,"WP_005766325.1"
"lcl|NC_008783.1_cds_WP_005766326.1_299",552.66992275227,-0.285707876318084,0.168220630053748,0.0584440512197661,0.123127680861571,"WP_005766326.1"
"lcl|NC_008783.1_cds_WP_005766328.1_300",90.814927902148,-0.324551241597596,0.23589431249629,0.110576360438695,0.204566266811585,"WP_005766328.1"
"lcl|NC_008783.1_cds_WP_005766340.1_301",1578.39422886862,-0.0678274000072927,0.192837797614079,0.687896344939432,0.783897278545032,"WP_005766340.1"
"lcl|NC_008783.1_cds_WP_035453132.1_302",337.459456513211,0.42917463448123,0.270083577801886,0.0615351272280255,0.128270406052786,"WP_035453132.1"
"lcl|NC_008783.1_cds_WP_005766344.1_303",75.4912557161234,-0.704008139174185,0.297795904637831,0.00556554620936884,0.0192678558827272,"WP_005766344.1"
"lcl|NC_008783.1_cds_WP_005766346.1_304",873.236568897664,0.30668829729306,0.254814191784014,0.156157826412775,0.262629071694212,"WP_005766346.1"
"lcl|NC_008783.1_cds_WP_005766349.1_305",906.549991174347,1.20786455488329,0.239648005776823,3.30773915084936e-08,7.67914344040321e-07,"WP_005766349.1"
"lcl|NC_008783.1_cds_WP_005766353.1_306",218.260442513391,-0.244309010833081,0.200774312814019,0.162751970322214,0.270643725929076,"WP_005766353.1"
"lcl|NC_008783.1_cds_WP_005766355.1_307",727.943118795411,-0.49942532431317,0.284421181855844,0.0379034733255421,0.0883419535776415,"WP_005766355.1"
"lcl|NC_008783.1_cds_WP_005766357.1_308",1440.82866609399,-0.616562547013194,0.293042503613956,0.0132996683379871,0.0394878983794647,"WP_005766357.1"
"lcl|NC_008783.1_cds_WP_005766358.1_309",767.580071799559,0.425833668738587,0.220915854736302,0.0300322960280281,0.0740796635358026,"WP_005766358.1"
"lcl|NC_008783.1_cds_WP_005766360.1_310",438.054410031015,-0.0744969706024669,0.158650463418684,0.594002146561649,0.712561845520763,"WP_005766360.1"
"lcl|NC_008783.1_cds_WP_005766361.1_311",960.760704982192,0.393454861819343,0.182940813117307,0.0186419943886285,0.0512102979177628,"WP_005766361.1"
"lcl|NC_008783.1_cds_WP_005766363.1_312",1446.45808918948,-0.0656793386239365,0.229139999881206,0.739217416051179,0.818740337328902,"WP_005766363.1"
"lcl|NC_008783.1_cds_WP_005766366.1_313",2441.64281299313,-0.357346592735102,0.254779350093178,0.100274763624034,0.189255020050946,"WP_005766366.1"
"lcl|NC_008783.1_cds_WP_005766367.1_314",935.831057097918,-0.66959721116164,0.256935604370515,0.0032452269946077,0.0125566952993971,"WP_005766367.1"
"lcl|NC_008783.1_cds_WP_005766369.1_315",601.153225711659,0.147534198136304,0.134731023150089,0.21002562094481,0.33156044693154,"WP_005766369.1"
"lcl|NC_008783.1_cds_WP_005766371.1_316",1360.42005172991,-0.17991192829413,0.192614932494561,0.283058424179958,0.418403463457017,"WP_005766371.1"
"lcl|NC_008783.1_cds_WP_005766373.1_317",985.664081524998,-0.0468244313667837,0.17355730413765,0.759695547765135,0.833623288743206,"WP_005766373.1"
"lcl|NC_008783.1_cds_WP_005766374.1_318",734.248945226059,-0.0419782010521299,0.170914884062472,0.780874930438565,0.848995333002076,"WP_005766374.1"
"lcl|NC_008783.1_cds_WP_005766376.1_319",675.194914134737,0.214051241869539,0.16354231513012,0.137472208806195,0.241636197324814,"WP_005766376.1"
"lcl|NC_008783.1_cds_WP_005766378.1_320",310.161981092823,0.0543209020079269,0.14848163215651,0.678903682275114,0.77588992260013,"WP_005766378.1"
"lcl|NC_008783.1_cds_WP_005766380.1_321",1074.81551227477,-0.0537938650166233,0.162189474838785,0.707255133853784,0.794487740496091,"WP_005766380.1"
"lcl|NC_008783.1_cds_WP_005766382.1_322",71.6225011980546,0.0601475202369156,0.26130102408092,0.784803699622354,0.85092269263083,"WP_005766382.1"
"lcl|NC_008783.1_cds_WP_005766384.1_323",73.5533550789028,-0.412033147936395,0.307147469826433,0.101637025247152,0.191013076020045,"WP_005766384.1"
"lcl|NC_008783.1_cds_WP_005766386.1_324",498.067991396045,0.241990156288075,0.29139525740429,0.312538353075085,0.452931958434394,"WP_005766386.1"
"lcl|NC_008783.1_cds_WP_005766387.1_325",209.577268993137,0.326465130060932,0.246034047854115,0.121118820741428,0.218938448485268,"WP_005766387.1"
"lcl|NC_008783.1_cds_WP_005766389.1_326",287.653950168495,-0.0222819017379621,0.14192702600862,0.859593833274625,0.903871313141346,"WP_005766389.1"
"lcl|NC_008783.1_cds_WP_005766393.1_327",179.698130171292,-0.293219745816848,0.252550217674153,0.17152189015973,0.281276894666372,"WP_005766393.1"
"lcl|NC_008783.1_cds_WP_005766396.1_328",1353.94885032894,0.158204761526676,0.198377751896362,0.358610789627571,0.503300290636448,"WP_005766396.1"
"lcl|NC_008783.1_cds_WP_005766398.1_329",535.310195956161,-0.119651504744202,0.160186400311603,0.39367397645499,0.540104273606845,"WP_005766398.1"
"lcl|NC_008783.1_cds_WP_005766401.1_330",839.335703185732,-0.110951787951967,0.248568551349762,0.599248702768664,0.717401884811019,"WP_005766401.1"
"lcl|NC_008783.1_cds_WP_005766402.1_331",1178.45698621712,0.53225923634248,0.286883244526965,0.0285218363328722,0.0710944299328858,"WP_005766402.1"
"lcl|NC_008783.1_cds_WP_005766404.1_332",622.554929707096,-0.208270412732671,0.218611368728603,0.269089362216953,0.40126171897339,"WP_005766404.1"
"lcl|NC_008783.1_cds_WP_005766405.1_333",343.443695514153,-0.251871275267101,0.198865754536041,0.1470720825432,0.251637782848481,"WP_005766405.1"
"lcl|NC_008783.1_cds_WP_005766407.1_334",503.318703116895,0.00514940495136785,0.153304574752024,0.969812403532591,0.982256531892719,"WP_005766407.1"
"lcl|NC_008783.1_cds_WP_005766408.1_335",567.930453845673,1.18917422739095,0.461816504114307,0.000665398831590763,0.00336680434445924,"WP_005766408.1"
"lcl|NC_008783.1_cds_WP_005766409.1_336",1267.43417055717,-0.225750145528485,0.207850302986942,0.210380346381194,0.331678202550378,"WP_005766409.1"
"lcl|NC_008783.1_cds_WP_005766410.1_337",106.341612938969,-0.597908612918405,0.297027650823328,0.0171752570465797,0.0487367682930651,"WP_005766410.1"
"lcl|NC_008783.1_cds_WP_005766412.1_338",229.024503855283,-0.250166704394639,0.215055241854432,0.179155805181682,0.291374276559219,"WP_005766412.1"
"lcl|NC_008783.1_cds_WP_005766414.1_339",1058.85846243217,0.685517025735516,0.182279833287256,6.59277241247294e-05,0.000500374521562049,"WP_005766414.1"
"lcl|NC_008783.1_cds_WP_005766417.1_340",612.682951284953,0.42929474695983,0.253938988505818,0.0500024318610531,0.108384018677009,"WP_005766417.1"
"lcl|NC_008783.1_cds_WP_005766421.1_341",388.683015793514,-0.989378084810766,0.334209116134852,0.000415804004841829,0.00231132367010669,"WP_005766421.1"
"lcl|NC_008783.1_cds_WP_005766424.1_342",375.54981860043,0.0222866720952611,0.178886762016274,0.887687289628458,0.926010353233563,"WP_005766424.1"
"lcl|NC_008783.1_cds_WP_005766426.1_343",93.4377367539807,-0.236052277628216,0.339152396519002,0.375777280527184,0.522206925051861,"WP_005766426.1"
"lcl|NC_008783.1_cds_WP_005766429.1_344",289.960531233218,0.981106505018954,0.301901612732313,0.00016595447500606,0.00109161165781764,"WP_005766429.1"
"lcl|NC_008783.1_cds_BARBAKC583_RS06785_345",79.6869385465558,0.541614732077433,0.290048843555507,0.0271891466620791,0.0689335110233441,"BARBAKC583_RS06785"
"lcl|NC_008783.1_cds_WP_005766431.1_346",1152.87620366373,-0.510691653102092,0.20003088801631,0.00548936391737802,0.0190598442175237,"WP_005766431.1"
"lcl|NC_008783.1_cds_WP_005766433.1_347",1250.06623751465,0.69991121925454,0.225982573763501,0.000685034029505222,0.00342227970858305,"WP_005766433.1"
"lcl|NC_008783.1_cds_WP_005766436.1_348",1089.65794303524,0.897198624303298,0.237265721903426,3.1081914064138e-05,0.000266673813419851,"WP_005766436.1"
"lcl|NC_008783.1_cds_WP_005766438.1_349",498.521522771774,-0.511943453041108,0.231067679243609,0.0130613654319326,0.0392244246731762,"WP_005766438.1"
"lcl|NC_008783.1_cds_WP_005766441.1_350",118.660397781761,0.00446523585622654,0.221986628759941,0.981465048395601,0.990633985699114,"WP_005766441.1"
"lcl|NC_008783.1_cds_WP_005766443.1_351",235.972108445444,1.0072876974402,0.381448234109066,0.00100617050088248,0.00472623443523171,"WP_005766443.1"
"lcl|NC_008783.1_cds_WP_005766444.1_352",1704.2282421882,-0.0411600899264363,0.166239727954701,0.779368378922479,0.848916431135433,"WP_005766444.1"
"lcl|NC_008783.1_cds_WP_005766446.1_353",1709.87823735025,-0.109215487542473,0.209420727929179,0.547742179531997,0.677666395575637,"WP_005766446.1"
"lcl|NC_008783.1_cds_WP_005766448.1_354",1787.28865245486,-0.560603459046263,0.34809498407176,0.0434327414654367,0.0973541122032273,"WP_005766448.1"
"lcl|NC_008783.1_cds_WP_005766450.1_355",633.084456784727,-0.656446544572581,0.261446985948666,0.00435432593755032,0.0158277745161665,"WP_005766450.1"
"lcl|NC_008783.1_cds_WP_005766451.1_356",106.230636691385,0.109164096955794,0.262307496190377,0.620891568637653,0.735135617266981,"WP_005766451.1"
"lcl|NC_008783.1_cds_WP_005766453.1_357",143.657427804507,0.975641218646631,0.247382106355236,1.22872238913898e-05,0.000123288754978013,"WP_005766453.1"
"lcl|NC_008783.1_cds_WP_005766455.1_358",160.618816512095,0.518071538811656,0.248630294015544,0.0176629285994718,0.0495418170748687,"WP_005766455.1"
"lcl|NC_008783.1_cds_WP_005766457.1_359",257.348100315021,-0.580473880800276,0.199809942547609,0.00171372036414363,0.00727256240554144,"WP_005766457.1"
"lcl|NC_008783.1_cds_WP_035453124.1_360",707.932634138925,0.975151051914539,0.274711477046148,5.79413625576666e-05,0.000443451186637983,"WP_035453124.1"
"lcl|NC_008783.1_cds_WP_005766461.1_361",757.957006299603,0.737760142130613,0.201669069219043,8.4249468539209e-05,0.00061957373136909,"WP_005766461.1"
"lcl|NC_008783.1_cds_WP_005766462.1_362",628.356169910483,0.570987863051073,0.306313827795279,0.0254569707800275,0.065099467394282,"WP_005766462.1"
"lcl|NC_008783.1_cds_WP_005766464.1_363",221.372670497021,-0.0465916192640549,0.160560911033407,0.742745714793453,0.821879370388269,"WP_005766464.1"
"lcl|NC_008783.1_cds_WP_011807322.1_364",190.265663218061,-0.0276880390886673,0.210080713146083,0.879727288971253,0.919326663849923,"WP_011807322.1"
"lcl|NC_008783.1_cds_WP_005766468.1_365",184.718816424897,-0.199685299122533,0.203644656840399,0.258256888246745,0.388533869992561,"WP_005766468.1"
"lcl|NC_008783.1_cds_WP_011807323.1_366",28.4897167986599,-0.147139307695189,0.315053354065517,0.561345892873456,0.689453876724245,"WP_011807323.1"
"lcl|NC_008783.1_cds_WP_005766472.1_367",2965.09284277527,-0.469778396610705,0.268174038179283,0.0407200236813435,0.0937986537718108,"WP_005766472.1"
"lcl|NC_008783.1_cds_WP_005766474.1_368",331.853383297321,0.0566431671395528,0.227286624332174,0.772560134781779,0.843829519909249,"WP_005766474.1"
"lcl|NC_008783.1_cds_WP_005766476.1_369",267.415860329718,-0.318793703853006,0.225274459112671,0.103106802984502,0.193468232541444,"WP_005766476.1"
"lcl|NC_008783.1_cds_WP_005766478.1_370",1050.17491240915,0.960948665812135,0.199047994991472,2.28455533292514e-07,4.29351351457678e-06,"WP_005766478.1"
"lcl|NC_008783.1_cds_WP_005766480.1_371",3383.98936126053,-0.804073448474468,0.251961189927419,0.00036565337069311,0.0020615885280983,"WP_005766480.1"
"lcl|NC_008783.1_cds_WP_011807325.1_372",2488.88430795572,0.727522661784718,0.402902957792307,0.0180958699968172,0.0505318633873386,"WP_011807325.1"
"lcl|NC_008783.1_cds_WP_005766483.1_373",97.7292994254158,-0.171058287137029,0.228351477305773,0.382542607870053,0.528511455972607,"WP_005766483.1"
"lcl|NC_008783.1_cds_WP_005766485.1_374",74.9255555629234,-0.450454292785893,0.263721197234127,0.0463501304246074,0.101626952634695,"WP_005766485.1"
"lcl|NC_008783.1_cds_WP_005766487.1_375",159.1517768327,-0.807655395860506,0.230242155007824,0.00011901056405679,0.000833778152918574,"WP_005766487.1"
"lcl|NC_008783.1_cds_WP_005766489.1_376",14.9143501755562,-0.447457918097698,0.412292861157553,0.138417880571402,0.242436051178313,"WP_005766489.1"
"lcl|NC_008783.1_cds_WP_005766490.1_377",297.078623113594,-0.727646949206505,0.29096760811514,0.00364649763269209,0.01383799101637,"WP_005766490.1"
"lcl|NC_008783.1_cds_WP_005766492.1_378",1236.52721768976,-1.50789749226656,0.193561837030899,2.27734911957669e-16,8.38146141469168e-14,"WP_005766492.1"
"lcl|NC_008783.1_cds_WP_005766494.1_379",9788.57167071739,-0.652465621358654,0.349013442948365,0.0201011042272025,0.0538953346050299,"WP_005766494.1"
"lcl|NC_008783.1_cds_WP_011807326.1_380",117.460245731484,-0.284599144304951,0.381125328655197,0.319960619015577,0.459191967169022,"WP_011807326.1"
"lcl|NC_008783.1_cds_WP_005766502.1_381",107.701492978416,-0.1239522589895,0.309356304232367,0.620174543932569,0.735098701116782,"WP_005766502.1"
"lcl|NC_008783.1_cds_WP_005766504.1_382",6333.95848812995,-1.24053918188409,0.293356465555454,1.50484009262162e-06,2.20847772858473e-05,"WP_005766504.1"
"lcl|NC_008783.1_cds_WP_005766507.1_383",365.181398837272,-0.807837429894182,0.281537010704351,0.0010042350766846,0.00472623443523171,"WP_005766507.1"
"lcl|NC_008783.1_cds_WP_005766509.1_384",411.790815571306,-1.18842078494332,0.275375200686548,1.19871537740794e-06,1.81958847032179e-05,"WP_005766509.1"
"lcl|NC_008783.1_cds_WP_005766511.1_385",639.420169355616,-1.02804500005789,0.263079791136173,1.18859173309191e-05,0.000122373270607028,"WP_005766511.1"
"lcl|NC_008783.1_cds_WP_005766513.1_386",1792.69757243587,-1.12182543496102,0.294566881951007,1.29388299785162e-05,0.000128735921803052,"WP_005766513.1"
"lcl|NC_008783.1_cds_WP_005766517.1_387",30006.2139728214,0.452984232881992,0.168467454911266,0.00417869013428607,0.0153651214875612,"WP_005766517.1"
"lcl|NC_008783.1_cds_WP_225866730.1_388",408.463649282178,0.862008084286664,0.201826480748395,4.4673406987594e-06,5.39727692584809e-05,"WP_225866730.1"
"lcl|NC_008783.1_cds_BARBAKC583_RS07040_389",123.678230510495,0.464635820520742,0.304508666349198,0.0647024048435543,0.133230691016988,"BARBAKC583_RS07040"
"lcl|NC_008783.1_cds_WP_011807327.1_390",424.53096852334,-0.155868370672389,0.223450781340868,0.417432368024291,0.562969202370978,"WP_011807327.1"
"lcl|NC_008783.1_cds_WP_011807328.1_391",4.79389876564688,0.205229884034521,0.561989033703333,0.502428246402084,0.641029141961279,"WP_011807328.1"
"lcl|NC_008783.1_cds_WP_005766524.1_392",1629.66484839709,1.18428937745224,0.307187302627189,8.74990956826767e-06,9.50448892553112e-05,"WP_005766524.1"
"lcl|NC_008783.1_cds_WP_005766527.1_393",214.310700007099,0.887581614403974,0.254078463475842,9.63041234153296e-05,0.000699534246157977,"WP_005766527.1"
"lcl|NC_008783.1_cds_WP_035453167.1_394",442.302432230786,0.48556159808887,0.351405846782724,0.0797721805030206,0.15820814357718,"WP_035453167.1"
"lcl|NC_008783.1_cds_WP_005766532.1_395",1882.16103522247,1.04088808743507,0.445423576037385,0.00199061321198981,0.00812719325171012,"WP_005766532.1"
"lcl|NC_008783.1_cds_WP_005766536.1_396",1320.35105147659,0.495588840914027,0.260197805137181,0.0277938242403535,0.0700167827671883,"WP_005766536.1"
"lcl|NC_008783.1_cds_WP_005766538.1_397",286.162976147547,-0.121012051342846,0.204581188329714,0.495827390617158,0.635345920444497,"WP_005766538.1"
"lcl|NC_008783.1_cds_WP_005766540.1_398",265.969841510374,-0.0659811295125896,0.239517012467472,0.747492429040425,0.825386989501215,"WP_005766540.1"
"lcl|NC_008783.1_cds_WP_005766541.1_399",208.977500728503,0.356199442364581,0.24037546512864,0.0860295001906962,0.168640609645338,"WP_005766541.1"
"lcl|NC_008783.1_cds_WP_005766544.1_400",1220.00869027841,-0.140787752852141,0.214140210446828,0.44685977701558,0.587868862207163,"WP_005766544.1"
"lcl|NC_008783.1_cds_WP_005766546.1_401",239.493214341102,-0.259719130439986,0.190711055024048,0.121093875993952,0.218938448485268,"WP_005766546.1"
"lcl|NC_008783.1_cds_WP_005766547.1_402",363.401304762755,-0.315715402196008,0.202566243968894,0.0772052241051485,0.154150059596114,"WP_005766547.1"
"lcl|NC_008783.1_cds_WP_005766549.1_403",106.930857409512,-0.556290595765354,0.275606061827319,0.0188245303168452,0.0514740043767777,"WP_005766549.1"
"lcl|NC_008783.1_cds_WP_005766551.1_404",210.059561059988,-0.377691608700715,0.266291259849736,0.0941551693883678,0.180387897339527,"WP_005766551.1"
"lcl|NC_008783.1_cds_WP_005766554.1_405",483.786452378745,0.215043190383015,0.16752234681526,0.144677976688136,0.24970659533346,"WP_005766554.1"
"lcl|NC_008783.1_cds_BARBAKC583_RS02305_406",156.314487430341,0.316160420103653,0.405932745031301,0.285592009777435,0.420742887135931,"BARBAKC583_RS02305"
"lcl|NC_008783.1_cds_WP_005766558.1_407",1425.00372360622,0.70217331887002,0.209892718089377,0.000294706598872776,0.00176228592457256,"WP_005766558.1"
"lcl|NC_008783.1_cds_WP_005766559.1_408",481.254757808964,-0.150632941424873,0.222373197222465,0.431335025109158,0.572893522801677,"WP_005766559.1"
"lcl|NC_008783.1_cds_WP_005766561.1_409",447.997405487618,0.609951422123855,0.174985023471073,0.000228875057468213,0.00144239343126131,"WP_005766561.1"
"lcl|NC_008783.1_cds_WP_005766563.1_410",1433.48553422034,-0.57686668082679,0.155255990021481,0.000104287252160487,0.000739377883580938,"WP_005766563.1"
"lcl|NC_008783.1_cds_WP_005766565.1_411",816.353493167037,-1.13191911281662,0.307443453015462,2.06324297876816e-05,0.000182304454243396,"WP_005766565.1"
"lcl|NC_008783.1_cds_WP_005766567.1_412",157.670616990359,-1.24350649508824,0.336570802785162,1.38280482649552e-05,0.000134278892048406,"WP_005766567.1"
"lcl|NC_008783.1_cds_WP_005766569.1_413",301.143555887712,0.164429023360279,0.238084305023706,0.418423055816267,0.562969202370978,"WP_005766569.1"
"lcl|NC_008783.1_cds_WP_005766571.1_414",1175.66064819902,-0.0298821812050732,0.156345811947507,0.82921806137234,0.886896282443406,"WP_005766571.1"
"lcl|NC_008783.1_cds_WP_005766573.1_415",877.316763802382,0.337955546853375,0.158069148628555,0.0203935056976449,0.0541388133318644,"WP_005766573.1"
"lcl|NC_008783.1_cds_WP_005766575.1_416",60.1636070802265,0.647852717126543,0.279325690485015,0.00729802230972543,0.0242720741986374,"WP_005766575.1"
"lcl|NC_008783.1_cds_WP_005766577.1_417",134.977152326928,0.0374078162670552,0.242313216567935,0.856666453532825,0.902539765263929,"WP_005766577.1"
"lcl|NC_008783.1_cds_WP_005766578.1_418",1164.04045712888,0.741147675476982,0.242002436439402,0.000678211822178563,0.00341488897745291,"WP_005766578.1"
"lcl|NC_008783.1_cds_WP_005766580.1_419",769.831317805192,-0.794593842037486,0.341689489826567,0.00463664094407037,0.0166357056902404,"WP_005766580.1"
"lcl|NC_008783.1_cds_WP_005766582.1_420",403.392407926324,-0.162447569370847,0.186464101642558,0.317448082317863,0.456693231426913,"WP_005766582.1"
"lcl|NC_008783.1_cds_WP_005766584.1_421",220.614430515873,-0.938991452313777,0.328925387823805,0.000680670438073385,0.00341488897745291,"WP_005766584.1"
"lcl|NC_008783.1_cds_WP_005766585.1_422",986.958763722906,-0.863545845786456,0.288235506828463,0.000567351092053029,0.00293337857201217,"WP_005766585.1"
"lcl|NC_008783.1_cds_WP_005766587.1_423",223.585658761461,0.404398021540308,0.324591601271181,0.121746593443586,0.219278158222371,"WP_005766587.1"
"lcl|NC_008783.1_cds_WP_005766589.1_424",1234.79160752633,0.0101957819512947,0.136789133956974,0.933126257527361,0.960714338184692,"WP_005766589.1"
"lcl|NC_008783.1_cds_WP_005766591.1_425",1728.7825640124,0.331227639818604,0.218820354463483,0.0833281617757223,0.163887946083813,"WP_005766591.1"
"lcl|NC_008783.1_cds_WP_005766592.1_426",1311.99321797977,0.131597557781913,0.174753180734446,0.389026220979089,0.535822235761329,"WP_005766592.1"
"lcl|NC_008783.1_cds_WP_005766594.1_427",1461.73227452839,-0.772672453483434,0.257639662253155,0.000753185034701418,0.00373125975349991,"WP_005766594.1"
"lcl|NC_008783.1_cds_WP_005766596.1_428",298.095315635426,0.260274038675302,0.173208114998119,0.0904409560599865,0.175257106342102,"WP_005766596.1"
"lcl|NC_008783.1_cds_WP_005766597.1_429",210.521916666588,0.20922007943386,0.266680986163563,0.349056668996752,0.49435777044516,"WP_005766597.1"
"lcl|NC_008783.1_cds_WP_005766599.1_430",99.5927356395724,-0.084458267826322,0.221334182632247,0.658739857179742,0.760924869171527,"WP_005766599.1"
"lcl|NC_008783.1_cds_WP_005766601.1_431",362.096153762883,-0.122461333641027,0.200605353580446,0.4826946499237,0.621882987496911,"WP_005766601.1"
"lcl|NC_008783.1_cds_WP_005766603.1_432",5395.86147774822,0.810337172424567,0.247909176571992,0.000275753960289193,0.00166577902542043,"WP_005766603.1"
"lcl|NC_008783.1_cds_WP_005766604.1_433",1069.04951440726,-0.468131574710542,0.219809167608265,0.0174783406023096,0.0492722744598443,"WP_005766604.1"
"lcl|NC_008783.1_cds_WP_011807331.1_434",661.990463743078,-0.0323612345658834,0.168658883905706,0.82817166286078,0.886577982664704,"WP_011807331.1"
"lcl|NC_008783.1_cds_WP_005766607.1_435",831.399332511074,-0.26939491040101,0.237236856658777,0.184781695765805,0.298881868561084,"WP_005766607.1"
"lcl|NC_008783.1_cds_WP_005766608.1_436",157.592932628625,0.424369603785458,0.215043809417404,0.0271177163097751,0.068899948735566,"WP_005766608.1"
"lcl|NC_008783.1_cds_WP_005766609.1_437",9.98327570716351,-0.187426984743675,0.454272109267532,0.539204555796577,0.671312506901311,"WP_005766609.1"
"lcl|NC_008783.1_cds_WP_005766610.1_438",7.50362828194285,-0.150766483267081,0.492106649023164,0.624677043065841,0.738141336317321,"WP_005766610.1"
"lcl|NC_008783.1_cds_WP_011807332.1_439",1037.77277187269,-0.139721536814924,0.207056350701578,0.436273458396336,0.577148351666215,"WP_011807332.1"
"lcl|NC_008783.1_cds_WP_005766622.1_440",937.945713406791,0.956222981606965,0.359154636957661,0.0011230112416987,0.00510939809571393,"WP_005766622.1"
"lcl|NC_008783.1_cds_WP_005766624.1_441",3900.6351400662,0.0688223068277004,0.160141591687599,0.625913677927735,0.738865199069231,"WP_005766624.1"
"lcl|NC_008783.1_cds_WP_005766626.1_442",341.120969594208,-0.343911374838538,0.239045396202253,0.0953245436378553,0.181745989802288,"WP_005766626.1"
"lcl|NC_008783.1_cds_WP_005766628.1_443",455.277540282683,0.20722839982609,0.26714027752641,0.354325597137812,0.500025634101512,"WP_005766628.1"
"lcl|NC_008783.1_cds_WP_005766630.1_444",211.335887730605,0.178591148767591,0.2284321674094,0.362039138616,0.507283242747153,"WP_005766630.1"
"lcl|NC_008783.1_cds_BARBAKC583_RS06800_445",247.04724279619,0.262475937354114,0.31504071657692,0.301079751956339,0.439012840291017,"BARBAKC583_RS06800"
"lcl|NC_008783.1_cds_WP_005766632.1_446",2203.93374553727,0.720028451898115,0.252917155018636,0.00140847659349755,0.00610855782674397,"WP_005766632.1"
"lcl|NC_008783.1_cds_WP_005766634.1_447",169.967846139315,0.0926651766892591,0.223663214084455,0.631013447791587,0.742486431442363,"WP_005766634.1"
"lcl|NC_008783.1_cds_WP_005766636.1_448",942.00308369766,-0.432794389769336,0.149835822166187,0.00240529274378556,0.00968662111783028,"WP_005766636.1"
"lcl|NC_008783.1_cds_WP_005766639.1_449",1665.789078281,-0.124631081153627,0.203406476196259,0.480591015653495,0.620523187059692,"WP_005766639.1"
"lcl|NC_008783.1_cds_WP_005766641.1_450",149.249024561532,-0.298104560261635,0.280368990666104,0.201081179592454,0.319435020223694,"WP_005766641.1"
"lcl|NC_008783.1_cds_WP_005766643.1_451",192.297159942051,-0.459780218922875,0.261552365743243,0.0410057836980639,0.0940907905009839,"WP_005766643.1"
"lcl|NC_008783.1_cds_WP_005766646.1_452",1653.28958496392,0.0441869461567949,0.16670866140871,0.764170426051296,0.837365884649705,"WP_005766646.1"
"lcl|NC_008783.1_cds_WP_005766648.1_453",331.702517211364,0.413684341931403,0.216924876263058,0.0320588521810607,0.0771497580942598,"WP_005766648.1"
"lcl|NC_008783.1_cds_WP_005766651.1_454",2698.04936550193,0.343127126555845,0.305384987587687,0.168641418106769,0.27770714748041,"WP_005766651.1"
"lcl|NC_008783.1_cds_WP_005766653.1_455",2335.49413718364,0.398922680611556,0.275514497526547,0.0857374547332849,0.168346843124725,"WP_005766653.1"
"lcl|NC_008783.1_cds_WP_005766656.1_456",560.51452118412,0.173333523122942,0.240285963016851,0.397352138975204,0.542010290952353,"WP_005766656.1"
"lcl|NC_008783.1_cds_WP_005766659.1_457",893.805507175224,0.216485945815217,0.237514329629928,0.285707163224061,0.420742887135931,"WP_005766659.1"
"lcl|NC_008783.1_cds_WP_005766662.1_458",349.019409024652,0.0146439930664224,0.337686498955748,0.955932651131687,0.974870162738947,"WP_005766662.1"
"lcl|NC_008783.1_cds_WP_005766664.1_459",4949.31521089058,0.862152571468192,0.268770740924453,0.000286118843570989,0.00171961782125914,"WP_005766664.1"
"lcl|NC_008783.1_cds_WP_005766667.1_460",2822.53963351001,0.276933628952219,0.206692390157572,0.124889663110514,0.22404448654977,"WP_005766667.1"
"lcl|NC_008783.1_cds_WP_005766668.1_461",3251.88161479319,0.327305042070815,0.205758646324864,0.0713227815046081,0.144847638595979,"WP_005766668.1"
"lcl|NC_008783.1_cds_WP_005766670.1_462",1090.48609608031,-0.0979528438238054,0.221871443934791,0.609017221574466,0.726024814796567,"WP_005766670.1"
"lcl|NC_008783.1_cds_WP_005766672.1_463",380.097750664596,-0.215204594699286,0.202842672281536,0.221796418516794,0.344176880109939,"WP_005766672.1"
"lcl|NC_008783.1_cds_WP_005766674.1_464",147.917225105627,-0.00216563386970785,0.19694735957615,0.989992285294759,0.996726926691322,"WP_005766674.1"
"lcl|NC_008783.1_cds_WP_011807336.1_465",558.415726590015,-0.153878696941062,0.24099211802504,0.45375557421017,0.595484485523807,"WP_011807336.1"
"lcl|NC_008783.1_cds_WP_005766680.1_466",886.135512507026,0.0733139153927478,0.154299602909107,0.5897143153196,0.710782749369508,"WP_005766680.1"
"lcl|NC_008783.1_cds_WP_005766681.1_467",1156.1819668428,0.16631442197462,0.162265468315901,0.24143576742185,0.3693280990019,"WP_005766681.1"
"lcl|NC_008783.1_cds_WP_005766683.1_468",400.346687571148,-0.0683896881275104,0.162567815259175,0.633183069209056,0.743738843197939,"WP_005766683.1"
"lcl|NC_008783.1_cds_BARBAKC583_RS02625_469",198.904582926661,-0.0476773991181374,0.228274303436783,0.808553216195282,0.86950681923271,"BARBAKC583_RS02625"
"lcl|NC_008783.1_cds_WP_005766685.1_470",1580.48134607275,0.181700256434415,0.166925715606429,0.213774109309381,0.336161635015,"WP_005766685.1"
"lcl|NC_008783.1_cds_WP_005766687.1_471",1394.54411586654,-0.475018444645152,0.184235015684304,0.0054778180055221,0.0190598442175237,"WP_005766687.1"
"lcl|NC_008783.1_cds_WP_005766689.1_472",7026.89613474829,0.533590923736713,0.219189572933071,0.00718635082238057,0.0239679982357707,"WP_005766689.1"
"lcl|NC_008783.1_cds_WP_172952859.1_473",5078.57004068653,0.29862993986462,0.180967894422896,0.0644232428261039,0.132886967780674,"WP_172952859.1"
"lcl|NC_008783.1_cds_WP_005766693.1_474",2368.33250587384,0.617860960929197,0.378679134660601,0.0354264723031973,0.0837224415309094,"WP_005766693.1"
"lcl|NC_008783.1_cds_WP_005766695.1_475",2632.0316952116,0.163327167584647,0.177956554843603,0.293101827267802,0.428964849796141,"WP_005766695.1"
"lcl|NC_008783.1_cds_WP_005766696.1_476",1840.22680585315,0.310081237590245,0.156343613983582,0.030112290330297,0.0741225608130388,"WP_005766696.1"
"lcl|NC_008783.1_cds_WP_005766698.1_477",946.437061183988,0.845527055034057,0.214608764183186,1.95148143546586e-05,0.000176378169434471,"WP_005766698.1"
"lcl|NC_008783.1_cds_WP_011807338.1_478",386.553987483772,0.316045670091129,0.213523412721085,0.090760222686226,0.175588404674006,"WP_011807338.1"
"lcl|NC_008783.1_cds_WP_225866732.1_479",320.298741699925,-0.659337675659703,0.312301045505185,0.0116289362542934,0.035949505287424,"WP_225866732.1"
"lcl|NC_008783.1_cds_WP_005766704.1_480",176.915815185905,-0.0747434926231383,0.225013664988644,0.700213948449005,0.792593991361016,"WP_005766704.1"
"lcl|NC_008783.1_cds_WP_005766706.1_481",1503.03057955421,0.747027380055986,0.303116036830592,0.00378249513722649,0.0143082244168568,"WP_005766706.1"
"lcl|NC_008783.1_cds_WP_005766708.1_482",68.549333778384,0.170200808424237,0.624726377516523,0.543743656884087,0.675543011280964,"WP_005766708.1"
"lcl|NC_008783.1_cds_WP_005766710.1_483",608.390264856121,0.316824042743649,0.26452078126258,0.155505257557258,0.262534736260646,"WP_005766710.1"
"lcl|NC_008783.1_cds_WP_005766712.1_484",1500.89006018937,-0.174207618532078,0.217155564408308,0.352229802090334,0.497661200089446,"WP_005766712.1"
"lcl|NC_008783.1_cds_WP_005766713.1_485",661.803828273694,-0.380111109125871,0.221978362908628,0.0516383670517754,0.111365804352099,"WP_005766713.1"
"lcl|NC_008783.1_cds_WP_005766715.1_486",1121.52755952539,-0.229704120486267,0.171790355233614,0.129232844626842,0.230786859786094,"WP_005766715.1"
"lcl|NC_008783.1_cds_WP_005766717.1_487",1710.98717584024,-0.571206360307528,0.313100781671908,0.0276540412166892,0.0698131872080172,"WP_005766717.1"
"lcl|NC_008783.1_cds_WP_005766718.1_488",1186.48043857806,-0.705000615922629,0.286771079666493,0.00435798521306611,0.0158277745161665,"WP_005766718.1"
"lcl|NC_008783.1_cds_WP_005766719.1_489",5041.2896131875,-0.870998362765956,0.254661380262169,0.000132745187622969,0.000898116012260541,"WP_005766719.1"
"lcl|NC_008783.1_cds_WP_005766721.1_490",7974.42135771087,-0.613377306688912,0.188014654617718,0.000499296313460639,0.00271177447310732,"WP_005766721.1"
"lcl|NC_008783.1_cds_WP_005766723.1_491",194.922772479029,-0.317969550616507,0.265133611648147,0.1548144533423,0.262232207091965,"WP_005766723.1"
"lcl|NC_008783.1_cds_BARBAKC583_RS07180_492",127.859785370602,0.234459049031425,0.254881852167423,0.276340941297848,0.410524058339588,"BARBAKC583_RS07180"
"lcl|NC_008783.1_cds_WP_335617968.1_493",50.7891386461183,0.539461748869339,0.344772283229234,0.0500726843043274,0.108384018677009,"WP_335617968.1"
"lcl|NC_008783.1_cds_WP_236822973.1_494",18.7425653988865,-0.129369719163018,0.439430752483486,0.66746297162987,0.767453493426272,"WP_236822973.1"
"lcl|NC_008783.1_cds_WP_236822976.1_495",26.337938215128,0.0420401983991626,0.361106078281813,0.878809899938274,0.919179259299396,"WP_236822976.1"
"lcl|NC_008783.1_cds_WP_250645096.1_496",24.9671873415927,-0.378326721271883,0.363272984744985,0.177005586069819,0.289068432974712,"WP_250645096.1"
"lcl|NC_008783.1_cds_BARBAKC583_RS07065_497",64.1699976858009,-0.504218726969407,0.304572341587586,0.0459690722821568,0.101166136769654,"BARBAKC583_RS07065"
"lcl|NC_008783.1_cds_WP_225866733.1_498",279.973453985991,-1.06110136249955,0.196361664443268,7.63069761442957e-09,2.31660153217554e-07,"WP_225866733.1"
"lcl|NC_008783.1_cds_WP_005766734.1_499",1294.50082410136,-0.752766807763028,0.270783601974864,0.00155543726538643,0.00667260044281713,"WP_005766734.1"
"lcl|NC_008783.1_cds_BARBAKC583_RS02775_500",148.893189019833,1.54045349780163,0.389990831855686,2.33341638668324e-06,3.17559195612984e-05,"BARBAKC583_RS02775"
"lcl|NC_008783.1_cds_WP_005766739.1_501",1556.98766642688,0.311750174121574,0.225698585242607,0.111129217792904,0.204711811850553,"WP_005766739.1"
"lcl|NC_008783.1_cds_WP_005766741.1_502",501.545538864032,1.13817981802513,0.250607798064367,4.96359287857431e-07,8.64249112975291e-06,"WP_005766741.1"
"lcl|NC_008783.1_cds_WP_005766743.1_503",463.409541004701,1.30360068751684,0.383359688240368,3.49863472329117e-05,0.00029323199964902,"WP_005766743.1"
"lcl|NC_008783.1_cds_WP_005766745.1_504",411.146875305695,-0.0086370547632872,0.242344939238128,0.966750182506796,0.982256531892719,"WP_005766745.1"
"lcl|NC_008783.1_cds_WP_005766748.1_505",3150.52977635476,0.309634761073814,0.244024601685911,0.138089457810478,0.242219137848305,"WP_005766748.1"
"lcl|NC_008783.1_cds_WP_005766749.1_506",1411.96977127267,0.00615167222277171,0.234534802969262,0.975650375094808,0.985639969379055,"WP_005766749.1"
"lcl|NC_008783.1_cds_WP_005766751.1_507",593.507325462324,0.109872724372669,0.159039331284731,0.430620170715932,0.572893522801677,"WP_005766751.1"
"lcl|NC_008783.1_cds_WP_005766753.1_508",592.83765106337,0.561800545673344,0.243248756206997,0.00929046195145877,0.0296493448801272,"WP_005766753.1"
"lcl|NC_008783.1_cds_WP_005766755.1_509",281.51009522731,0.21261593514653,0.222998300585241,0.267762314254325,0.399786355708853,"WP_005766755.1"
"lcl|NC_008783.1_cds_BARBAKC583_RS02825_510",285.207071490545,-0.383124800982686,0.210790285143638,0.0408962804639263,0.0940217399403665,"BARBAKC583_RS02825"
"lcl|NC_008783.1_cds_WP_005766757.1_511",5255.11823966541,-0.565378830817604,0.202079051273339,0.00244664486533303,0.00978657946133213,"WP_005766757.1"
"lcl|NC_008783.1_cds_WP_005766759.1_512",844.227382540933,-0.264245663496232,0.210143168419186,0.148225101809242,0.25324461838693,"WP_005766759.1"
"lcl|NC_008783.1_cds_WP_005766761.1_513",247.659875446743,-0.326027761132189,0.237618421720663,0.111173728901947,0.204711811850553,"WP_005766761.1"
"lcl|NC_008783.1_cds_WP_005766762.1_514",323.596946215158,-0.374918975199115,0.215965370408251,0.0494238463865411,0.107372172700302,"WP_005766762.1"
"lcl|NC_008783.1_cds_WP_005766764.1_515",325.577278980419,-0.180860279809433,0.236425562964903,0.370433102595826,0.51659928559889,"WP_005766764.1"
"lcl|NC_008783.1_cds_WP_005766766.1_516",389.547107788613,-0.666876016769018,0.21006138515274,0.000582883436142035,0.00299506725765655,"WP_005766766.1"
"lcl|NC_008783.1_cds_WP_005766768.1_517",88.3222939266429,-0.446564349543995,0.24786491543908,0.0382924447744906,0.0888985384568567,"WP_005766768.1"
"lcl|NC_008783.1_cds_WP_005766770.1_518",109.592164086694,-0.467625021146128,0.255697783444875,0.034702012293702,0.0825043826420546,"WP_005766770.1"
"lcl|NC_008783.1_cds_WP_005766771.1_519",238.154650336534,-0.550427341257508,0.299290009043994,0.0282582496094188,0.0705860074631897,"WP_005766771.1"
"lcl|NC_008783.1_cds_WP_005766773.1_520",458.154695586164,0.0434053184321922,0.284502458120966,0.853713990340748,0.902392393282868,"WP_005766773.1"
"lcl|NC_008783.1_cds_WP_005766775.1_521",4753.62629837868,-0.187244096369808,0.226534834302558,0.33565413412616,0.479857906571604,"WP_005766775.1"
"lcl|NC_008783.1_cds_WP_005766777.1_522",1888.8455632199,0.621932608679529,0.176856959489148,0.000198312492027205,0.00127609777478376,"WP_005766777.1"
"lcl|NC_008783.1_cds_WP_005766778.1_523",530.659597275321,0.0140605508791744,0.208330999189376,0.938307075779475,0.964371161217793,"WP_005766778.1"
"lcl|NC_008783.1_cds_WP_005766779.1_524",122.732664197857,-0.308895601685666,0.240141793590752,0.133797595955817,0.237188052373993,"WP_005766779.1"
"lcl|NC_008783.1_cds_WP_005766781.1_525",607.987358167947,0.16211163382942,0.197888427256366,0.345703294772623,0.490782615120847,"WP_005766781.1"
"lcl|NC_008783.1_cds_WP_035453077.1_526",526.839873595234,-0.552993750834017,0.191159858356377,0.00189379679811982,0.00784005387753102,"WP_035453077.1"
"lcl|NC_008783.1_cds_WP_005766785.1_527",572.762925105453,0.265441815249714,0.191255030783443,0.114439886410294,0.209423223353614,"WP_005766785.1"
"lcl|NC_008783.1_cds_WP_005766787.1_528",654.758610964022,0.312967348585124,0.208245364103967,0.0869097988480329,0.170084631134002,"WP_005766787.1"
"lcl|NC_008783.1_cds_WP_005766789.1_529",863.929828629429,-0.225275222893533,0.17284276814649,0.138625494010131,0.242441041223036,"WP_005766789.1"
"lcl|NC_008783.1_cds_WP_005766791.1_530",1440.88099115638,0.152599142078782,0.189959405318441,0.356315371899527,0.502235000391714,"WP_005766791.1"
"lcl|NC_008783.1_cds_WP_005766794.1_531",735.39361251512,0.81861724571826,0.330453373298228,0.00292040396419549,0.0115258609786915,"WP_005766794.1"
"lcl|NC_008783.1_cds_WP_005766798.1_532",377.351085679804,0.727452989932884,0.329011399888424,0.00753935906313281,0.0248651842082152,"WP_005766798.1"
"lcl|NC_008783.1_cds_WP_005766800.1_533",16246.1502852315,1.47148911831152,0.287044363159709,1.05617446300793e-08,3.05002576634485e-07,"WP_005766800.1"
"lcl|NC_008783.1_cds_WP_005766814.1_534",179.673204290128,0.795721817516321,0.258933563836518,0.000553475547892524,0.00289962410931305,"WP_005766814.1"
"lcl|NC_008783.1_cds_WP_280641459.1_535",156.336795729493,-0.45821371065398,0.23430938629003,0.0266761449668365,0.067970688092896,"WP_280641459.1"
"lcl|NC_008783.1_cds_WP_005766818.1_536",182.220626663265,-0.822230645926061,0.185334233085185,2.40926272309504e-06,3.20513153274666e-05,"WP_005766818.1"
"lcl|NC_008783.1_cds_WP_035453156.1_537",338.833926474208,-0.882692593689274,0.19814624639865,1.80796088478499e-06,2.57906709347642e-05,"WP_035453156.1"
"lcl|NC_008783.1_cds_WP_005766821.1_538",178.555150181691,-1.39631226746847,0.363715251175414,5.11360272919153e-06,5.93578983466938e-05,"WP_005766821.1"
"lcl|NC_008783.1_cds_WP_005766822.1_539",94.206580858111,-1.52105498965451,0.374265609791932,1.51086736499462e-06,2.20847772858473e-05,"WP_005766822.1"
"lcl|NC_008783.1_cds_WP_005766823.1_540",3672.89225978381,-0.127415122832328,0.224138186115854,0.509055035895491,0.644422099436668,"WP_005766823.1"
"lcl|NC_008783.1_cds_WP_005766824.1_541",13733.7829907393,0.0734176023871722,0.255191328224178,0.733959646731109,0.815504675417116,"WP_005766824.1"
"lcl|NC_008783.1_cds_WP_005766825.1_542",342.586103595464,0.0798464374545459,0.204540641580095,0.654008732311026,0.759163077506132,"WP_005766825.1"
"lcl|NC_008783.1_cds_WP_005766826.1_543",429.504848835093,0.186262518130264,0.212383963808274,0.310118564879937,0.451081548916272,"WP_005766826.1"
"lcl|NC_008783.1_cds_BARBAKC583_RS07075_544",46.2152862061902,-0.277838324739473,0.33546030462996,0.294502570390279,0.430482769558137,"BARBAKC583_RS07075"
"lcl|NC_008783.1_cds_WP_005766830.1_545",879.379583812292,0.619204891403037,0.178337608477195,0.000234985621458911,0.00147207923707593,"WP_005766830.1"
"lcl|NC_008783.1_cds_WP_005766832.1_546",702.478683410757,0.5683536360706,0.347445344126332,0.0405408754740965,0.0935680244860238,"WP_005766832.1"
"lcl|NC_008783.1_cds_WP_005766834.1_547",2432.00281641604,-0.215562054252864,0.168462447199373,0.145860626867988,0.250651643268067,"WP_005766834.1"
"lcl|NC_008783.1_cds_WP_005766835.1_548",151.30787740233,-0.286007372321279,0.227507598374039,0.145196787955883,0.250237259009847,"WP_005766835.1"
"lcl|NC_008783.1_cds_WP_005766837.1_549",345.59225419923,-0.0837278432227385,0.169886791366919,0.575019300052933,0.700973882737394,"WP_005766837.1"
"lcl|NC_008783.1_cds_WP_005766840.1_550",166.455322398887,-0.394695227389938,0.199544114593439,0.0280149164673297,0.0701959004832469,"WP_005766840.1"
"lcl|NC_008783.1_cds_WP_005766842.1_551",170.722405078284,-0.0685116405208409,0.194028416454505,0.686608204922074,0.783183154747337,"WP_005766842.1"
"lcl|NC_008783.1_cds_WP_005766844.1_552",99.3430156751681,0.0687316135914801,0.236866343640337,0.734918487052418,0.815504675417116,"WP_005766844.1"
"lcl|NC_008783.1_cds_WP_005766845.1_553",1090.56314328428,0.302334903814657,0.172901699434682,0.0517570879950188,0.111418894883822,"WP_005766845.1"
"lcl|NC_008783.1_cds_WP_005766847.1_554",803.647437062363,-0.0351649542585985,0.225652385867022,0.856802952835014,0.902539765263929,"WP_005766847.1"
"lcl|NC_008783.1_cds_WP_005766849.1_555",1609.06675475538,0.083212809569495,0.129964473485806,0.464536387169083,0.603744327561135,"WP_005766849.1"
"lcl|NC_008783.1_cds_WP_005766851.1_556",1011.18528161674,-0.212823162668497,0.135851636252016,0.0792490569404251,0.157434368150106,"WP_005766851.1"
"lcl|NC_008783.1_cds_WP_005766852.1_557",587.569042987927,0.923022603359214,0.336279695512732,0.000992640204282588,0.00470114400748234,"WP_005766852.1"
"lcl|NC_008783.1_cds_WP_005766853.1_558",559.862315999247,0.755925142655961,0.278534941953765,0.00186369151203001,0.0077424938605036,"WP_005766853.1"
"lcl|NC_008783.1_cds_WP_005766855.1_559",1859.93225572653,-0.448306808764961,0.209607594263404,0.0176994836340114,0.0495418170748687,"WP_005766855.1"
"lcl|NC_008783.1_cds_WP_005766857.1_560",115.520928123852,-0.209754371239582,0.272977664774543,0.356844960434022,0.502383392572987,"WP_005766857.1"
"lcl|NC_008783.1_cds_WP_005766859.1_561",188.296401704616,0.199656631222248,0.310043267883505,0.425610442876697,0.570048375979648,"WP_005766859.1"
"lcl|NC_008783.1_cds_WP_005766860.1_562",3551.85135700462,0.965652238400576,0.373698730289803,0.00135126908574053,0.00590475101566122,"WP_005766860.1"
"lcl|NC_008783.1_cds_WP_005766862.1_563",824.347248840265,0.274920481712771,0.230512290926105,0.165658413461696,0.273937935109843,"WP_005766862.1"
"lcl|NC_008783.1_cds_WP_011807347.1_564",8.65473755457434,0.209998824500162,0.555549122609772,0.494689758431546,0.635263203886063,"WP_011807347.1"
"lcl|NC_008783.1_cds_WP_005766865.1_565",6.29422886250283,0.412011768839285,0.680041046565764,0.160784465436585,0.268125080390023,"WP_005766865.1"
"lcl|NC_008783.1_cds_WP_005766867.1_566",9.17967302198949,-0.227780396930834,0.539052362429215,0.463778208978867,0.603744327561135,"WP_005766867.1"
"lcl|NC_008783.1_cds_WP_011807348.1_567",418.602221211401,0.133556260840044,0.188925499001202,0.417491414700362,0.562969202370978,"WP_011807348.1"
"lcl|NC_008783.1_cds_WP_005766870.1_568",44.9595334874933,0.113162594200974,0.440312674124083,0.706966839316678,0.794487740496091,"WP_005766870.1"
"lcl|NC_008783.1_cds_WP_005766872.1_569",43.3597134697112,-0.390464881432212,0.474560111461684,0.217955842259288,0.340448175771765,"WP_005766872.1"
"lcl|NC_008783.1_cds_WP_035453066.1_570",13.6506525090312,-0.167952419534145,0.502696644503514,0.586870151549629,0.709759202691278,"WP_035453066.1"
"lcl|NC_008783.1_cds_WP_005766875.1_571",7.92666065950952,0.224378840854718,0.520340107259277,0.471706842830984,0.611720593550805,"WP_005766875.1"
"lcl|NC_008783.1_cds_WP_005766877.1_572",8.09703256503263,-0.0120843106293948,0.538612217915539,0.968092449987128,0.982256531892719,"WP_005766877.1"
"lcl|NC_008783.1_cds_WP_244426311.1_573",13.6022251401312,-0.150771388276348,0.742515081978117,0.23528850527826,0.361794273051246,"WP_244426311.1"
"lcl|NC_008783.1_cds_BARBAKC583_RS07080_574",0.132511729552254,0,0.738398576671002,1,1,"BARBAKC583_RS07080"
"lcl|NC_008783.1_cds_WP_011807349.1_575",107.725813406712,0.164039075982994,0.419253899671249,0.580638669490042,0.704381336758412,"WP_011807349.1"
"lcl|NC_008783.1_cds_WP_005766882.1_576",23.8639818928907,0.231508965014215,0.50304507591472,0.458171987003544,0.598758976393152,"WP_005766882.1"
"lcl|NC_008783.1_cds_WP_005766884.1_577",17.3641444869809,-0.48592151526271,0.64333665668925,0.13190539281022,0.235204796818224,"WP_005766884.1"
"lcl|NC_008783.1_cds_WP_005766885.1_578",10.1616297135823,-0.107613077025249,0.503908411816837,0.72589735337375,0.809286691520263,"WP_005766885.1"
"lcl|NC_008783.1_cds_WP_005766888.1_579",59.8802428059942,-0.91297332995175,0.566183315072113,0.0129143406191899,0.0390605983495719,"WP_005766888.1"
"lcl|NC_008783.1_cds_WP_005766892.1_580",95.2184419351997,-0.921745875781649,0.348592857810804,0.00132600976050494,0.0058364147079474,"WP_005766892.1"
"lcl|NC_008783.1_cds_WP_005766894.1_581",10.5838029087366,-0.560284183326953,0.642378853670936,0.093854420511095,0.180335544773398,"WP_005766894.1"
"lcl|NC_008783.1_cds_WP_005766896.1_582",18.6301251248958,-0.416341977420317,0.539922095277225,0.201095853012096,0.319435020223694,"WP_005766896.1"
"lcl|NC_008783.1_cds_WP_005766898.1_583",18.2651835816641,-0.812193462368345,0.630519147464161,0.0266945692256728,0.067970688092896,"WP_005766898.1"
"lcl|NC_008783.1_cds_WP_005766900.1_584",5.03348418358565,0.152113150735757,0.590446688660973,0.604790039523095,0.722396929608844,"WP_005766900.1"
"lcl|NC_008783.1_cds_WP_005766902.1_585",16.2556889077357,-0.396681670908042,0.585580679256567,0.217101498268265,0.339561656472426,"WP_005766902.1"
"lcl|NC_008783.1_cds_WP_005766905.1_586",4.63151907700371,-0.0845442429243987,0.63402942683428,0.750935106289512,0.827076433345844,"WP_005766905.1"
"lcl|NC_008783.1_cds_WP_005766907.1_587",8.23264347996429,-0.343044736889543,0.581970098090047,0.277364150526048,0.411012708664382,"WP_005766907.1"
"lcl|NC_008783.1_cds_WP_005766909.1_588",22.916114050389,-0.464871728815241,0.566557161378847,0.159027962185322,0.265858863431538,"WP_005766909.1"
"lcl|NC_008783.1_cds_WP_005766912.1_589",16.0271996025353,-0.365762944101896,0.565624073743971,0.253467798924558,0.383276978194989,"WP_005766912.1"
"lcl|NC_008783.1_cds_WP_005766913.1_590",3.30742322764292,-0.131830660985545,0.640714622512921,0.620239529067285,0.735098701116782,"WP_005766913.1"
"lcl|NC_008783.1_cds_WP_005766915.1_591",7.68725027745915,-0.363483459987461,0.556830646782245,0.257103553094558,0.38778421256555,"WP_005766915.1"
"lcl|NC_008783.1_cds_WP_005766917.1_592",20.2847487759856,0.237434328090454,0.495079174576733,0.446600965689062,0.587868862207163,"WP_005766917.1"
"lcl|NC_008783.1_cds_WP_005766919.1_593",12.5896358801144,0.13083242220438,0.521438897942689,0.670003529678033,0.767453493426272,"WP_005766919.1"
"lcl|NC_008783.1_cds_WP_005766926.1_597",0.454516641814005,-0.0708659907457656,0.740260048770559,0.495703867117024,0.635345920444497,"WP_005766926.1"
"lcl|NC_008783.1_cds_WP_011807351.1_599",7.79106080324177,-0.838601394299058,0.737213908509119,0.0202170653691218,0.053912174317658,"WP_011807351.1"
"lcl|NC_008783.1_cds_WP_005766936.1_624",1166.31840166922,-0.244330552136871,0.192116243062872,0.146302178077312,0.251046056294982,"WP_005766936.1"
"lcl|NC_008783.1_cds_WP_005766938.1_625",657.109721241284,-0.141790103623795,0.262616575358434,0.52070792888193,0.654477906365398,"WP_005766938.1"
"lcl|NC_008783.1_cds_WP_005766940.1_626",640.174356681212,-0.565626929916686,0.219610466305109,0.00459203472486147,0.0165257419885592,"WP_005766940.1"
"lcl|NC_008783.1_cds_WP_005766942.1_627",1074.94880880057,-0.354113447895686,0.229635684832838,0.0764123655600096,0.153083317805501,"WP_005766942.1"
"lcl|NC_008783.1_cds_WP_005766945.1_628",316.06277711893,-0.320894224139139,0.261800187594242,0.147066548188911,0.251637782848481,"WP_005766945.1"
"lcl|NC_008783.1_cds_WP_005766947.1_629",850.303116390688,-0.473070158449971,0.246184253391974,0.0280058174112357,0.0701959004832469,"WP_005766947.1"
"lcl|NC_008783.1_cds_WP_005766949.1_630",148.166462551116,-0.152867824064925,0.225945168801091,0.431064139429764,0.572893522801677,"WP_005766949.1"
"lcl|NC_008783.1_cds_WP_005766951.1_631",551.137397736946,-0.224229912901358,0.231231670558978,0.257817110200577,0.388365723253795,"WP_005766951.1"
"lcl|NC_008783.1_cds_WP_005766957.1_632",1499.86674829015,-0.63920776759185,0.227707678240009,0.00198628133839972,0.00812719325171012,"WP_005766957.1"
"lcl|NC_008783.1_cds_WP_005766958.1_633",401.496417767814,-0.469500076368616,0.224491922009131,0.0190953726178237,0.0519745314471339,"WP_005766958.1"
"lcl|NC_008783.1_cds_WP_005766959.1_634",2139.3191478223,-0.084403206714021,0.261590779578242,0.701697131015538,0.7927673726157,"WP_005766959.1"
"lcl|NC_008783.1_cds_WP_005766960.1_635",491.14636760335,-0.921938715705372,0.245556274719323,3.17553529117099e-05,0.000268559556053318,"WP_005766960.1"
"lcl|NC_008783.1_cds_WP_005766961.1_636",2924.43877529486,-0.83742964515532,0.237520889226985,0.000101106738131922,0.000725517442110276,"WP_005766961.1"
"lcl|NC_008783.1_cds_WP_005766962.1_637",1003.8574814261,-0.68381495484483,0.206917921026217,0.00035772010773253,0.00202651008399673,"WP_005766962.1"
"lcl|NC_008783.1_cds_WP_005766965.1_638",537.439487737208,-0.484845049019245,0.180711165131558,0.00402061794873517,0.0149229205369983,"WP_005766965.1"
"lcl|NC_008783.1_cds_WP_005766967.1_639",304.682882360286,-0.322125093571812,0.25677922685462,0.139377092370882,0.242784826592315,"WP_005766967.1"
"lcl|NC_008783.1_cds_WP_005766971.1_640",3042.13763269709,0.347898054678843,0.212501200940106,0.0631870263763953,0.131021784990634,"WP_005766971.1"
"lcl|NC_008783.1_cds_WP_005766976.1_641",1201.04938973404,0.0682060755146078,0.126813802594418,0.539961919037862,0.671549277458854,"WP_005766976.1"
"lcl|NC_008783.1_cds_WP_005766978.1_642",799.989032552048,-0.392350298421515,0.324539412644929,0.13283240660498,0.236146500631075,"WP_005766978.1"
"lcl|NC_008783.1_cds_WP_005766983.1_643",600.341251478594,-0.144652651582933,0.149126356405132,0.267245510893815,0.399518541538228,"WP_005766983.1"
"lcl|NC_008783.1_cds_WP_005766984.1_644",316.827332907474,0.208244370495435,0.223200444155865,0.278051265722161,0.411515873268798,"WP_005766984.1"
"lcl|NC_008783.1_cds_WP_005766985.1_645",324.586798598312,0.05935976580803,0.260766265725842,0.787215019548339,0.852756251733974,"WP_005766985.1"
"lcl|NC_008783.1_cds_WP_005766991.1_646",4882.21084098796,0.0571112745161958,0.234272001172379,0.776486146188845,0.847336034182113,"WP_005766991.1"
"lcl|NC_008783.1_cds_BARBAKC583_RS03565_647",944.072061090419,0.647906217672812,0.444455363274502,0.0432062604770277,0.0972551566631194,"BARBAKC583_RS03565"
"lcl|NC_008783.1_cds_WP_005766993.1_648",715.617284743885,-0.287055089393468,0.265070210738615,0.197880202874534,0.315949826141806,"WP_005766993.1"
"lcl|NC_008783.1_cds_WP_005766996.1_649",421.899014515708,0.677176363769647,0.266525570040916,0.00379522639365218,0.0143106625798859,"WP_005766996.1"
"lcl|NC_008783.1_cds_WP_005766997.1_650",5136.9531862223,0.317568885039132,0.235157915787397,0.117162352680284,0.213744569450625,"WP_005766997.1"
"lcl|NC_008783.1_cds_WP_005766998.1_651",259.885956019721,-0.108764875978168,0.218907269726587,0.565208821688914,0.692044720661503,"WP_005766998.1"
"lcl|NC_008783.1_cds_WP_005767001.1_652",465.429777418219,-0.214109645380242,0.1814715327647,0.177751719119798,0.289488356860854,"WP_005767001.1"
"lcl|NC_008783.1_cds_WP_005767002.1_653",809.929249676906,0.0169446983764097,0.198849924613631,0.922488372688944,0.95307699237671,"WP_005767002.1"
"lcl|NC_008783.1_cds_WP_005767004.1_654",285.818824879578,-0.261599462367328,0.271629638443115,0.24922171045017,0.378305775862823,"WP_005767004.1"
"lcl|NC_008783.1_cds_WP_005767012.1_655",1168.02763692972,-0.237249384469428,0.245191368367613,0.25519111304402,0.385390660515458,"WP_005767012.1"
"lcl|NC_008783.1_cds_WP_005767014.1_656",8798.13913697862,0.855182183407921,0.353696907936377,0.00302238962964157,0.0118102617871142,"WP_005767014.1"
"lcl|NC_008783.1_cds_WP_005767018.1_657",281.994042943008,-0.434811244687355,0.228854675667435,0.0314931068402053,0.0764095051204982,"WP_005767018.1"
"lcl|NC_008783.1_cds_WP_005767019.1_658",545.463923917523,-0.216914970436141,0.211079232222626,0.235017579063203,0.361794273051246,"WP_005767019.1"
"lcl|NC_008783.1_cds_WP_005767020.1_659",802.747515427591,-0.702471413542429,0.17296409072968,1.83746956634938e-05,0.00016735107435059,"WP_005767020.1"
"lcl|NC_008783.1_cds_WP_005767022.1_660",11219.2199189702,0.378744846262645,0.282819538479412,0.108918758367703,0.202131363491161,"WP_005767022.1"
"lcl|NC_008783.1_cds_WP_005767024.1_661",1392.4886871345,-0.0136072887791466,0.238380726950345,0.946906612926224,0.969223477946529,"WP_005767024.1"
"lcl|NC_008783.1_cds_WP_005767026.1_662",639.24691844434,0.222307957202787,0.323872232134201,0.389647757593331,0.535822235761329,"WP_005767026.1"
"lcl|NC_008783.1_cds_WP_005767028.1_663",135.008835489966,1.17523588427439,0.359972564105059,8.29787945989057e-05,0.000614043080031902,"WP_005767028.1"
"lcl|NC_008783.1_cds_WP_005767030.1_664",1101.80939589008,0.838926843825336,0.276122903412657,0.000538216998622621,0.00288292160048796,"WP_005767030.1"
"lcl|NC_008783.1_cds_WP_005767032.1_665",254.875276210806,-0.310049925571472,0.196378772916875,0.074376203964603,0.150275470126433,"WP_005767032.1"
"lcl|NC_008783.1_cds_WP_005767034.1_666",329.577887178632,-0.251503505951931,0.191486478745063,0.134136473051672,0.237188052373993,"WP_005767034.1"
"lcl|NC_008783.1_cds_WP_005767036.1_667",1508.07536790345,-0.386843546983367,0.152729804056661,0.00707069348907944,0.0237158671135129,"WP_005767036.1"
"lcl|NC_008783.1_cds_WP_005767038.1_668",1385.41700372819,-0.414081950174896,0.329166435549795,0.11677818571742,0.213372487483682,"WP_005767038.1"
"lcl|NC_008783.1_cds_WP_005767039.1_669",3354.89980221925,0.315927296184872,0.383929727606836,0.272445006286819,0.405754575400747,"WP_005767039.1"
"lcl|NC_008783.1_cds_WP_005767040.1_670",763.044768505412,-0.123799998407602,0.342858380010997,0.643744482611406,0.751905668119324,"WP_005767040.1"
"lcl|NC_008783.1_cds_WP_005767041.1_671",1205.51163795429,-0.182380043280434,0.197698901798477,0.288300693055869,0.423508710394725,"WP_005767041.1"
"lcl|NC_008783.1_cds_WP_005767042.1_672",1588.4993027443,0.571476671721854,0.269340346102425,0.0143097317971635,0.0419374318015881,"WP_005767042.1"
"lcl|NC_008783.1_cds_WP_005767043.1_673",1880.21917819269,0.52025611176936,0.249584584022143,0.0175485140431085,0.0493525905630416,"WP_005767043.1"
"lcl|NC_008783.1_cds_WP_005767044.1_674",485.319690101354,-0.185881819148647,0.190850192481179,0.263321392851335,0.394910656755602,"WP_005767044.1"
"lcl|NC_008783.1_cds_WP_011807356.1_675",1478.34762067595,-0.669562763982325,0.185347504381945,0.000122171939232846,0.000850891623833472,"WP_011807356.1"
"lcl|NC_008783.1_cds_WP_005767046.1_676",908.185990525059,0.115843342912434,0.271434606033994,0.60951745431401,0.726024814796567,"WP_005767046.1"
"lcl|NC_008783.1_cds_WP_005767047.1_677",338.798667778828,-0.340949835314826,0.278477299845806,0.142837506656705,0.2472508887157,"WP_005767047.1"
"lcl|NC_008783.1_cds_WP_005767048.1_678",594.069636320384,0.606680837055218,0.296608114952731,0.0156057549196442,0.0449567246346929,"WP_005767048.1"
"lcl|NC_008783.1_cds_BARBAKC583_RS06815_679",36.4907549211323,-0.0809162663011056,0.493505363385983,0.791629341368576,0.855225483640794,"BARBAKC583_RS06815"
"lcl|NC_008783.1_cds_BARBAKC583_RS07085_680",0.240252213890593,0.0844145905809954,0.729683632978639,0.546803956587718,0.677475920328543,"BARBAKC583_RS07085"
"lcl|NC_008783.1_cds_BARBAKC583_RS03770_681",0.756833106017897,0.0346326002177472,0.669468681881302,0.881822109807239,0.920703155213202,"BARBAKC583_RS03770"
"lcl|NC_008783.1_cds_WP_005767058.1_682",269.790303893032,-0.367343578447754,0.330851961694839,0.164001568938979,0.271957783786766,"WP_005767058.1"
"lcl|NC_008783.1_cds_WP_005767060.1_683",475.577209621338,-0.902560261592647,0.224134933712495,1.11983204135139e-05,0.000118132042873565,"WP_005767060.1"
"lcl|NC_008783.1_cds_WP_005767062.1_684",945.97150512916,-1.09607230339845,0.200523834140897,4.76294595927971e-09,1.52414270696951e-07,"WP_005767062.1"
"lcl|NC_008783.1_cds_WP_005767064.1_685",575.666257963465,-0.925492338919271,0.237129692957396,1.73012873725636e-05,0.000160036908196213,"WP_005767064.1"
"lcl|NC_008783.1_cds_WP_005767066.1_686",1198.54319552594,-0.886186104636144,0.171271454099363,4.94548035921275e-08,1.0843423602422e-06,"WP_005767066.1"
"lcl|NC_008783.1_cds_WP_005767068.1_687",497.78160648895,-0.707094923283504,0.181206177606912,3.51680269849331e-05,0.00029323199964902,"WP_005767068.1"
"lcl|NC_008783.1_cds_WP_005767070.1_688",991.72026237646,-0.602098080647698,0.155374151156913,5.20713118081435e-05,0.000408294259475774,"WP_005767070.1"
"lcl|NC_008783.1_cds_WP_005767072.1_689",1436.16179908708,-0.927007863142655,0.174051304099726,1.8864569723753e-08,4.85557620715729e-07,"WP_005767072.1"
"lcl|NC_008783.1_cds_WP_005767074.1_690",486.991101237147,-0.808216312530827,0.196732783264139,1.08734001475244e-05,0.000115982934906927,"WP_005767074.1"
"lcl|NC_008783.1_cds_WP_005767075.1_691",556.199551217668,-0.420997505715032,0.200664793359321,0.0203695969990111,0.0541388133318644,"WP_005767075.1"
"lcl|NC_008783.1_cds_WP_005767077.1_692",743.427039824139,-0.137559921306222,0.177195642189061,0.374215987301116,0.520648330158074,"WP_005767077.1"
"lcl|NC_008783.1_cds_WP_005767079.1_693",256.172089506944,-0.0750026547969058,0.190241572618707,0.652604472726393,0.758276443285623,"WP_005767079.1"
"lcl|NC_008783.1_cds_WP_005767081.1_694",2297.20173194186,-0.686302414568335,0.176924102424325,4.10027063472304e-05,0.000332515098048773,"WP_005767081.1"
"lcl|NC_008783.1_cds_WP_005767083.1_695",1151.04356926929,-0.684551306610523,0.206602842222713,0.000346497075764439,0.00197236796973604,"WP_005767083.1"
"lcl|NC_008783.1_cds_WP_005767085.1_696",845.437700539515,-0.93507721031173,0.185729803635232,8.70805378910689e-08,1.84113137255403e-06,"WP_005767085.1"
"lcl|NC_008783.1_cds_WP_172952860.1_697",346.154406322391,-0.0545583566020312,0.199125238991102,0.753995353568828,0.828821887269549,"WP_172952860.1"
"lcl|NC_008783.1_cds_WP_005767088.1_698",455.098799244257,-0.736340401802789,0.216913650174581,0.000223951507253962,0.00142558378811124,"WP_005767088.1"
"lcl|NC_008783.1_cds_WP_005767091.1_699",1294.77249253042,-0.000828526429702953,0.25296981910053,0.996920885155844,1,"WP_005767091.1"
"lcl|NC_008783.1_cds_WP_005767093.1_700",394.0536923236,-0.497472777990857,0.277846888898877,0.0354132983032633,0.0837224415309094,"WP_005767093.1"
"lcl|NC_008783.1_cds_WP_005767095.1_701",170.419970534708,-0.434653025005114,0.282940716629707,0.0675719073673314,0.137939893660207,"WP_005767095.1"
"lcl|NC_008783.1_cds_WP_005767097.1_702",24.9245536880473,-0.557863254127343,0.385717166459918,0.0585697464445922,0.123173321119711,"WP_005767097.1"
"lcl|NC_008783.1_cds_WP_005767099.1_703",939.175134368905,-0.0137075145975193,0.282882192408852,0.953373614690746,0.973098586029175,"WP_005767099.1"
"lcl|NC_008783.1_cds_WP_080512677.1_704",42.8712297821928,-0.323066473494189,0.424968280237876,0.28528882245152,0.420742887135931,"WP_080512677.1"
"lcl|NC_008783.1_cds_WP_196242563.1_705",5.24367912404848,-0.0698098682260254,0.548783229941782,0.816713255231606,0.876689477963936,"WP_196242563.1"
"lcl|NC_008783.1_cds_WP_080774880.1_706",59.9883715905611,-0.113757712620658,0.397922695219452,0.694749880684676,0.788671005494397,"WP_080774880.1"
"lcl|NC_008783.1_cds_WP_005767101.1_707",6203.54526489727,0.214995615334657,0.20031869863986,0.216945393689998,0.339561656472426,"WP_005767101.1"
"lcl|NC_008783.1_cds_BARBAKC583_RS03910_708",3981.50956949742,0.353963066368306,0.301330419811467,0.151939114249248,0.257730531907034,"BARBAKC583_RS03910"
"lcl|NC_008783.1_cds_WP_005767105.1_709",828.54476703392,-0.144940989229891,0.243871291301663,0.484958179783638,0.624120092243291,"WP_005767105.1"
"lcl|NC_008783.1_cds_WP_005767107.1_710",3567.58312851354,-0.193426344213453,0.169299764224266,0.192302658724676,0.308518086626038,"WP_005767107.1"
"lcl|NC_008783.1_cds_WP_011807361.1_711",2268.833193484,0.538332547312188,0.308812997757829,0.0355087287392283,0.0837496709706103,"WP_011807361.1"
"lcl|NC_008783.1_cds_WP_005767112.1_712",247.250534745013,-0.174955436121581,0.25922047051358,0.422910312601498,0.567073397644591,"WP_005767112.1"
"lcl|NC_008783.1_cds_WP_005767115.1_713",1109.24877955294,0.177287338927056,0.18658765331438,0.275615394090669,0.409960586185116,"WP_005767115.1"
"lcl|NC_008783.1_cds_WP_005767117.1_714",530.088363217123,-0.368758327726197,0.152490600982342,0.00978503434990011,0.0310602698935167,"WP_005767117.1"
"lcl|NC_008783.1_cds_WP_005767119.1_715",1318.22246831935,0.676680157129102,0.436641050011974,0.0338817282268758,0.0808789641544777,"WP_005767119.1"
"lcl|NC_008783.1_cds_WP_005767122.1_716",2047.95753724896,0.111517543832889,0.280171720427051,0.631473864515031,0.742486431442363,"WP_005767122.1"
"lcl|NC_008783.1_cds_WP_005767124.1_717",770.109617624131,-0.240434189071285,0.212913558800615,0.192288279237014,0.308518086626038,"WP_005767124.1"
"lcl|NC_008783.1_cds_WP_005767126.1_718",1042.69145155794,-0.412894487189861,0.25932040866188,0.0629898616667891,0.130851310071166,"WP_005767126.1"
"lcl|NC_008783.1_cds_WP_005767128.1_719",685.83743365416,-0.454227670627204,0.240299861425239,0.0311073438647952,0.0760973039998296,"WP_005767128.1"
"lcl|NC_008783.1_cds_WP_005767130.1_720",412.847264805025,0.673560003947173,0.283523690189784,0.00589970648954446,0.020305966522153,"WP_005767130.1"
"lcl|NC_008783.1_cds_WP_005767132.1_721",848.320258964489,-0.351943198363572,0.175098897071783,0.0273352476878413,0.0691558403042822,"WP_005767132.1"
"lcl|NC_008783.1_cds_WP_011807364.1_722",718.039132325564,0.324871577650768,0.220814678565263,0.0915113158725549,0.176464817578347,"WP_011807364.1"
"lcl|NC_008783.1_cds_WP_005767144.1_723",342.946518443806,-0.03363805212168,0.313967137298844,0.894105850411374,0.930675257851317,"WP_005767144.1"
"lcl|NC_008783.1_cds_WP_005767146.1_724",462.931412669713,-0.299498190215895,0.20082480722921,0.0901508342974229,0.175257106342102,"WP_005767146.1"
"lcl|NC_008783.1_cds_WP_005767147.1_725",1238.98410695997,-0.613403969644163,0.203052456765798,0.00110443065854244,0.00506839496013277,"WP_005767147.1"
"lcl|NC_008783.1_cds_WP_005767149.1_726",422.756798775615,-0.0925344507899613,0.222266536049223,0.629602704427838,0.742479683309323,"WP_005767149.1"
"lcl|NC_008783.1_cds_WP_005767151.1_727",428.472370531262,-0.120231226058652,0.210295673476236,0.509439957780938,0.644422099436668,"WP_005767151.1"
"lcl|NC_008783.1_cds_WP_005767158.1_728",1144.43498346614,-0.507664901798068,0.309649893684272,0.0470582539732266,0.10279884262786,"WP_005767158.1"
"lcl|NC_008783.1_cds_WP_005767165.1_729",181.348924130165,-0.252418555033246,0.229906050170188,0.201177043429987,0.319435020223694,"WP_005767165.1"
"lcl|NC_008783.1_cds_WP_005767167.1_730",2069.99764141425,-0.568139726639556,0.303895067363389,0.0253471162399604,0.0649588433508941,"WP_005767167.1"
"lcl|NC_008783.1_cds_WP_005767169.1_731",177.093469564568,0.0860519623996019,0.23598822184936,0.670447471236396,0.767453493426272,"WP_005767169.1"
"lcl|NC_008783.1_cds_WP_011807366.1_732",512.841980078945,1.06506323852323,0.336195216271969,0.0001648994238927,0.00109073138485451,"WP_011807366.1"
"lcl|NC_008783.1_cds_BARBAKC583_RS07220_733",131.527797120479,0.181484871921533,0.358125232962713,0.509441794824933,0.644422099436668,"BARBAKC583_RS07220"
"lcl|NC_008783.1_cds_WP_005767173.1_734",795.657255615548,0.0426685462239953,0.15059153823475,0.74892014092127,0.825625183287508,"WP_005767173.1"
"lcl|NC_008783.1_cds_WP_005767175.1_735",200.854883816374,-0.353640703589186,0.197573639181871,0.0450806125166518,0.0993956149342938,"WP_005767175.1"
"lcl|NC_008783.1_cds_WP_005767176.1_736",137.365613269342,-0.174625788093126,0.341024176443102,0.513130848971509,0.64701482980007,"WP_005767176.1"
"lcl|NC_008783.1_cds_WP_005767179.1_737",407.89655437278,-0.382610290263211,0.200131477877206,0.0331254520619324,0.0792334045279352,"WP_005767179.1"
"lcl|NC_008783.1_cds_WP_005767181.1_738",203.119305775427,-0.363051431156142,0.277289312236326,0.118237764431882,0.215374635518997,"WP_005767181.1"
"lcl|NC_008783.1_cds_WP_035453098.1_739",433.491867196248,0.210594162811015,0.174573076931963,0.169028769802615,0.277958421453189,"WP_035453098.1"
"lcl|NC_008783.1_cds_WP_005767184.1_740",5249.27667177816,0.390597749820727,0.290550839931313,0.105548445450544,0.19711255427988,"WP_005767184.1"
"lcl|NC_008783.1_cds_WP_005767186.1_741",1364.34642147941,0.890732908646485,0.397115568771026,0.00412837335657908,0.0152273958074443,"WP_005767186.1"
"lcl|NC_008783.1_cds_WP_005767188.1_742",186.966234753474,0.237103808221855,0.192613166612738,0.159129450361187,0.265858863431538,"WP_005767188.1"
"lcl|NC_008783.1_cds_WP_005767190.1_743",1762.46568806973,-0.0732153671103044,0.150767556705102,0.581498696715177,0.704702617104166,"WP_005767190.1"
"lcl|NC_008783.1_cds_WP_005767192.1_744",1548.5305551376,0.85001079689968,0.308480150104839,0.00122607057772944,0.0054987407728472,"WP_005767192.1"
"lcl|NC_008783.1_cds_WP_005767194.1_745",1326.37048768037,0.346951043054121,0.197630987616011,0.0489900536654734,0.106625410918971,"WP_005767194.1"
"lcl|NC_008783.1_cds_WP_005767196.1_746",193.162605953059,-0.120581650265488,0.207762104980224,0.503469499758154,0.64166618698994,"WP_005767196.1"
"lcl|NC_008783.1_cds_WP_005767198.1_747",871.083845760605,-0.34151356722335,0.18895517325331,0.0439245517227198,0.0977568970671056,"WP_005767198.1"
"lcl|NC_008783.1_cds_WP_005767200.1_748",136.104457238151,0.104784882522634,0.372154166447178,0.708717551738111,0.794622709524549,"WP_005767200.1"
"lcl|NC_008783.1_cds_WP_005767202.1_749",1134.45431191424,-0.740601234130672,0.287515391218609,0.00286783374453532,0.0113562379716716,"WP_005767202.1"
"lcl|NC_008783.1_cds_BARBAKC583_RS04135_750",632.758339410762,-0.0759803217335265,0.183445045384922,0.636905812577528,0.745891673681299,"BARBAKC583_RS04135"
"lcl|NC_008783.1_cds_WP_225866720.1_751",14.0135060468637,0.670792454023757,0.44397854018676,0.0368012331939936,0.0861119764855502,"WP_225866720.1"
"lcl|NC_008783.1_cds_WP_005767215.1_752",91.0646041832672,-0.376588537100575,0.317004996631413,0.142137101431719,0.246398723418968,"WP_005767215.1"
"lcl|NC_008783.1_cds_WP_005767217.1_753",926.347756985765,0.499487149263533,0.293434919098023,0.0423186057960558,0.0956206665315458,"WP_005767217.1"
"lcl|NC_008783.1_cds_WP_011807367.1_754",330.086032743202,0.546976989089949,0.413695421683299,0.073663240212589,0.149280898063675,"WP_011807367.1"
"lcl|NC_008783.1_cds_WP_005767222.1_755",473.373079445986,-0.227851027825109,0.226329496319285,0.241415733614123,0.3693280990019,"WP_005767222.1"
"lcl|NC_008783.1_cds_WP_005767224.1_756",349.800957216339,-0.169416455298681,0.193216991620847,0.313471219972089,0.453728513993831,"WP_005767224.1"
"lcl|NC_008783.1_cds_WP_005767246.1_757",448.684309733055,0.15210366648639,0.213365856283206,0.409431522123258,0.555643423616015,"WP_005767246.1"
"lcl|NC_008783.1_cds_WP_005767248.1_758",662.536515976379,0.192906463030703,0.162598686504363,0.176470888576818,0.28859327634662,"WP_005767248.1"
"lcl|NC_008783.1_cds_WP_005767250.1_759",1526.15143344482,0.731686673142605,0.260071536567426,0.0015027877611329,0.0064701843970231,"WP_005767250.1"
"lcl|NC_008783.1_cds_WP_035453092.1_760",721.407070175746,0.71279644611293,0.337233852189258,0.00988173736301019,0.0311999387674775,"WP_035453092.1"
"lcl|NC_008783.1_cds_WP_005767254.1_761",1334.40291574425,0.853045145163288,0.354448216606636,0.00313128973594127,0.0121955494978765,"WP_005767254.1"
"lcl|NC_008783.1_cds_WP_005767256.1_762",1261.68933376825,-0.0462457273072589,0.177122044166464,0.767026300180149,0.839333770252584,"WP_005767256.1"
"lcl|NC_008783.1_cds_WP_005767258.1_763",303.311104654682,0.545531711152662,0.32138782060814,0.0382276911628718,0.0888985384568567,"WP_005767258.1"
"lcl|NC_008783.1_cds_WP_005767260.1_764",2893.20592918846,0.678525162013355,0.279592778712477,0.00510413834771315,0.0181480474585356,"WP_005767260.1"
"lcl|NC_008783.1_cds_WP_005767262.1_765",91.8976040696189,-0.060258920283241,0.20487173400873,0.735864434769262,0.815789785362178,"WP_005767262.1"
"lcl|NC_008783.1_cds_WP_005767264.1_766",729.12815642355,0.191243850816603,0.190058431704329,0.248054039454036,0.37701666587109,"WP_005767264.1"
"lcl|NC_008783.1_cds_WP_005767266.1_767",3351.04721036083,-0.574994221198425,0.17261612211614,0.000432385367990146,0.00238113616604806,"WP_005767266.1"
"lcl|NC_008783.1_cds_WP_005767268.1_768",308.246657304822,-0.248344578775261,0.186068183125788,0.128788609315496,0.230340956842216,"WP_005767268.1"
"lcl|NC_008783.1_cds_WP_005767270.1_769",1088.89040394698,0.475326825713246,0.238401020765737,0.0236916346499597,0.0613805151543813,"WP_005767270.1"
"lcl|NC_008783.1_cds_WP_005767272.1_770",579.820711031356,-0.214604252172006,0.212218023801615,0.24227346193342,0.369737109714805,"WP_005767272.1"
"lcl|NC_008783.1_cds_WP_005767273.1_771",515.456131518769,-0.382664203742443,0.215430404081069,0.0448108308871839,0.0991701378886462,"WP_005767273.1"
"lcl|NC_008783.1_cds_WP_005767274.1_772",1347.36338087682,-0.244688152850509,0.16295569131231,0.091188640077526,0.176129445108957,"WP_005767274.1"
"lcl|NC_008783.1_cds_WP_035453088.1_773",1997.41992029414,0.38225093534721,0.228634461683234,0.0561145142217944,0.119281121792827,"WP_035453088.1"
"lcl|NC_008783.1_cds_WP_005767276.1_774",1121.56110644774,1.17368320460048,0.369627636119623,0.000113133116544933,0.000797319107078572,"WP_005767276.1"
"lcl|NC_008783.1_cds_WP_005767277.1_775",1014.2030589182,0.825916944675066,0.367722113002189,0.00507895505945743,0.0181128999710771,"WP_005767277.1"
"lcl|NC_008783.1_cds_WP_005767278.1_776",1069.74702905292,0.465118512979841,0.224485230100987,0.0201487536743208,0.0538953346050299,"WP_005767278.1"
"lcl|NC_008783.1_cds_WP_005767279.1_777",99.3165572530817,0.43196408687754,0.32082875931651,0.0965038381393223,0.183623251699102,"WP_005767279.1"
"lcl|NC_008783.1_cds_WP_005767280.1_778",2069.52825543547,-0.442329868697628,0.143521496918364,0.00129641348445183,0.00573710595677767,"WP_005767280.1"
"lcl|NC_008783.1_cds_WP_011807371.1_779",333.852255787636,-0.338616397693442,0.238550909329907,0.0997042858087017,0.188879799036004,"WP_011807371.1"
"lcl|NC_008783.1_cds_WP_005767292.1_780",1142.06643220985,-1.04810999687906,0.228547746704862,5.47502466584166e-07,9.39482493385003e-06,"WP_005767292.1"
"lcl|NC_008783.1_cds_WP_005767294.1_781",1242.04027910374,-0.0114609976973848,0.145290949653361,0.929221434355055,0.958360782470719,"WP_005767294.1"
"lcl|NC_008783.1_cds_WP_011807373.1_782",267.412820385718,0.18490151037701,0.17804984751929,0.234583072353104,0.361648903211035,"WP_011807373.1"
"lcl|NC_008783.1_cds_BARBAKC583_RS06960_783",13.3666400305654,-0.535053056560525,0.499570360074883,0.104390819210154,0.195258657100824,"BARBAKC583_RS06960"
"lcl|NC_008783.1_cds_BARBAKC583_RS07225_784",5.1431217781068,0.0546619573798521,0.506054915593525,0.858093452309556,0.903095686697346,"BARBAKC583_RS07225"
"lcl|NC_008783.1_cds_WP_005767302.1_785",1.34091913733716,-0.0564274500079854,0.633478810303698,0.831414129647802,0.887716494956965,"WP_005767302.1"
"lcl|NC_008783.1_cds_WP_005767305.1_786",125.636855657184,0.134363427222532,0.24179007780775,0.514446410892749,0.647983564358527,"WP_005767305.1"
"lcl|NC_008783.1_cds_WP_005767307.1_787",1451.32684044394,-0.364424981591671,0.395125047024921,0.214094371723195,0.336190631459234,"WP_005767307.1"
"lcl|NC_008783.1_cds_WP_005767309.1_788",737.487206944768,0.0434615849292468,0.178815468594679,0.782655279674116,0.849371082616089,"WP_005767309.1"
"lcl|NC_008783.1_cds_WP_005767311.1_789",132.998661225687,0.0359450341370633,0.197976421995046,0.835725915112164,0.889837665011512,"WP_005767311.1"
"lcl|NC_008783.1_cds_WP_005767313.1_790",101.901131767488,-0.580344584654743,0.43600010766468,0.0653436201859365,0.134317441493314,"WP_005767313.1"
"lcl|NC_008783.1_cds_WP_005767315.1_791",590.828222957839,-1.5412267937584,0.313193381269892,2.6861762832664e-08,6.76687812635621e-07,"WP_005767315.1"
"lcl|NC_008783.1_cds_WP_005767317.1_792",198.684565146918,-1.07039455197897,0.313754760942203,6.95133255462321e-05,0.000520909983840119,"WP_005767317.1"
"lcl|NC_008783.1_cds_WP_005767319.1_793",723.320486787366,-0.476313865815778,0.312131871600521,0.0629942962335848,0.130851310071166,"WP_005767319.1"
"lcl|NC_008783.1_cds_WP_005767321.1_794",225.835923277472,-1.01122311338091,0.33746596777882,0.000344895443842186,0.00197236796973604,"WP_005767321.1"
"lcl|NC_008783.1_cds_WP_005767322.1_795",182.80273737223,0.357964731771174,0.222586640757528,0.0663187713629152,0.136085659087854,"WP_005767322.1"
"lcl|NC_008783.1_cds_WP_005767325.1_796",734.789801489748,-0.266103689074209,0.176183812143558,0.0887191834239426,0.172768936141362,"WP_005767325.1"
"lcl|NC_008783.1_cds_WP_005767328.1_797",655.227462109874,0.0804098661095449,0.163725603612053,0.576749874915143,0.700973882737394,"WP_005767328.1"
"lcl|NC_008783.1_cds_WP_005767330.1_798",4625.43368847363,-0.0797641271213695,0.241048821251711,0.698551848037811,0.79146927088686,"WP_005767330.1"
"lcl|NC_008783.1_cds_WP_005767333.1_799",2546.43338629842,-0.535430802616693,0.321163507309842,0.0416321722184163,0.0949758996273697,"WP_005767333.1"
"lcl|NC_008783.1_cds_WP_005767335.1_800",576.034091010382,0.851450425991577,0.26200106206132,0.000257128376334029,0.00158504634395309,"WP_005767335.1"
"lcl|NC_008783.1_cds_WP_005767337.1_801",597.611382151797,0.627223765477305,0.26299423840711,0.00653640551988068,0.0221937319488169,"WP_005767337.1"
"lcl|NC_008783.1_cds_WP_005767354.1_802",106.705991441266,0.275041728265548,0.271995333589559,0.226499839865806,0.351015458640202,"WP_005767354.1"
"lcl|NC_008783.1_cds_BARBAKC583_RS07105_803",1.18766453583852,0.0615228287117027,0.657243834933839,0.802870849715252,0.865755087488942,"BARBAKC583_RS07105"
"lcl|NC_008783.1_cds_WP_414945892.1_804",2.99692607840254,-0.00125616560777911,0.552792708970501,0.996651428725873,1,"WP_414945892.1"
"lcl|NC_008783.1_cds_WP_414945891.1_805",0.879798003147076,-0.00110943809726942,0.651259520665846,0.996456016049106,1,"WP_414945891.1"
"lcl|NC_008783.1_cds_WP_005767360.1_806",647.445675477188,-0.49019941470789,0.241509214614136,0.0211969998146558,0.0555248844702489,"WP_005767360.1"
"lcl|NC_008783.1_cds_WP_005767366.1_807",3089.00398500727,-0.0863690860173231,0.155826591157871,0.528476133176826,0.662133059980277,"WP_005767366.1"
"lcl|NC_008783.1_cds_WP_005767368.1_808",969.374494801669,0.708141809193648,0.224020163430249,0.000542629753038332,0.00288292160048796,"WP_005767368.1"
"lcl|NC_008783.1_cds_WP_005767371.1_809",303.911391200374,0.365904851835825,0.173316646586091,0.0211837716136491,0.0555248844702489,"WP_005767371.1"
"lcl|NC_008783.1_cds_WP_005767374.1_810",137.134862753141,-0.30026741919046,0.256529864707867,0.167081719346612,0.275521943880764,"WP_005767374.1"
"lcl|NC_008783.1_cds_BARBAKC583_RS04450_811",165.991455675847,-0.0733273011922768,0.21296576664092,0.691634446267918,0.787200276184858,"BARBAKC583_RS04450"
"lcl|NC_008783.1_cds_WP_005767377.1_812",5.03334186349698,-0.137757873547451,0.568893589979631,0.645656106644795,0.75315943868713,"WP_005767377.1"
"lcl|NC_008783.1_cds_WP_005767379.1_813",553.629935126489,0.0694538128645195,0.158171428672699,0.618426119152387,0.735098701116782,"WP_005767379.1"
"lcl|NC_008783.1_cds_WP_005767382.1_814",1766.14705612113,-0.102112525277267,0.146886175256194,0.427661975436634,0.570983354200206,"WP_005767382.1"
"lcl|NC_008783.1_cds_WP_005767384.1_815",1828.1893601718,-0.0124128249814315,0.135955358341129,0.918121794792683,0.949394065532347,"WP_005767384.1"
"lcl|NC_008783.1_cds_WP_005767386.1_816",178.908741106941,0.595260087638431,0.341897565973376,0.0306987116248898,0.0752531564469348,"WP_005767386.1"
"lcl|NC_008783.1_cds_WP_005767388.1_817",1018.68135540289,1.05766295617051,0.343862554178419,0.000229028686720546,0.00144239343126131,"WP_005767388.1"
"lcl|NC_008783.1_cds_WP_005767390.1_818",8810.56833690207,0.0968293546119361,0.191441541567196,0.562717340942546,0.689707382687344,"WP_005767390.1"
"lcl|NC_008783.1_cds_WP_005767392.1_819",114.469698126589,-0.50829540542119,0.380443185001095,0.0808755574164911,0.159594433301876,"WP_005767392.1"
"lcl|NC_008783.1_cds_WP_005767394.1_820",513.938563530331,0.0919632823412913,0.213485981634857,0.619267071816366,0.735098701116782,"WP_005767394.1"
"lcl|NC_008783.1_cds_WP_005767396.1_821",15.7032587401699,0.191016634822498,0.380026890325158,0.501727904612519,0.640826147854609,"WP_005767396.1"
"lcl|NC_008783.1_cds_WP_005767398.1_822",1315.89915294206,0.0608022390525591,0.200781096357486,0.728798524722406,0.81175677636061,"WP_005767398.1"
"lcl|NC_008783.1_cds_WP_005767400.1_823",323.43773842673,0.964427734551131,0.397246815692307,0.00204888722269892,0.00833636588204647,"WP_005767400.1"
"lcl|NC_008783.1_cds_WP_005767402.1_824",3833.33339462848,1.01175175279803,0.424839410240155,0.00196560432240904,0.00808081776990384,"WP_005767402.1"
"lcl|NC_008783.1_cds_WP_005767404.1_825",708.827548212566,0.481616362288354,0.428000683120214,0.118515885686515,0.215441808728729,"WP_005767404.1"
"lcl|NC_008783.1_cds_WP_005767406.1_826",957.758320047342,0.39200754819171,0.353864300796472,0.15565826423562,0.262534736260646,"WP_005767406.1"
"lcl|NC_008783.1_cds_WP_005767408.1_827",251.239281876484,-0.0644101251118643,0.154346322858729,0.636251173052311,0.745862761281125,"WP_005767408.1"
"lcl|NC_008783.1_cds_WP_005767411.1_828",289.998197015333,-0.0055915822641271,0.165386913046474,0.969550602786604,0.982256531892719,"WP_005767411.1"
"lcl|NC_008783.1_cds_WP_035453042.1_829",1320.48237601593,-0.198267429848666,0.170419609888216,0.184457807616911,0.298766134361727,"WP_035453042.1"
"lcl|NC_008783.1_cds_WP_005767415.1_830",430.314659350941,-0.317152225709358,0.172036055934548,0.0413737479680802,0.0945685667841832,"WP_005767415.1"
"lcl|NC_008783.1_cds_WP_005767417.1_831",1632.51525912314,-1.25697426157678,0.299174305583497,1.61668934447103e-06,2.33434168762646e-05,"WP_005767417.1"
"lcl|NC_008783.1_cds_WP_005767421.1_832",259.949224314998,-0.566699233004844,0.238235215924904,0.00771100347802214,0.0251510416473229,"WP_005767421.1"
"lcl|NC_008783.1_cds_WP_011807385.1_833",341.566405486471,-0.506637059324627,0.205931517050643,0.00709504141011478,0.0237303079931523,"WP_011807385.1"
"lcl|NC_008783.1_cds_WP_005767425.1_834",522.708787057012,-0.13911134031483,0.188367505587681,0.396900936539867,0.542010290952353,"WP_005767425.1"
"lcl|NC_008783.1_cds_WP_005767427.1_835",100.055079667398,-0.123353586354107,0.233582061486768,0.537655994492837,0.670089155241599,"WP_005767427.1"
"lcl|NC_008783.1_cds_WP_005767428.1_836",319.84572181564,-0.141641211593022,0.184986909333156,0.380049272702424,0.526906719999614,"WP_005767428.1"
"lcl|NC_008783.1_cds_WP_005767430.1_837",327.258276096861,-0.0575150897182725,0.152626960444385,0.669663736166497,0.767453493426272,"WP_005767430.1"
"lcl|NC_008783.1_cds_WP_172952867.1_838",381.258272849587,0.000308564209524328,0.210362090369095,0.998656640574631,1,"WP_172952867.1"
"lcl|NC_008783.1_cds_WP_005767434.1_839",593.372039277834,0.850086454899658,0.240775494362218,9.52110889023637e-05,0.000695863760866658,"WP_005767434.1"
"lcl|NC_008783.1_cds_WP_005767435.1_840",451.791672767679,-0.0348699352481224,0.193185436092145,0.836990429105702,0.890383349560782,"WP_005767435.1"
"lcl|NC_008783.1_cds_WP_005767436.1_841",372.875716152878,0.303118047667363,0.22005158800446,0.113040155190782,0.207503168598272,"WP_005767436.1"
"lcl|NC_008783.1_cds_WP_005767438.1_842",175.974452362221,-0.248897951711706,0.214298949696936,0.179955427448809,0.292273286830438,"WP_005767438.1"
"lcl|NC_008783.1_cds_WP_005767440.1_843",229.062524386698,-0.448543489182093,0.23979525022117,0.0328303021735194,0.0788459690287863,"WP_005767440.1"
"lcl|NC_008783.1_cds_WP_005767442.1_844",75.5637524182749,-0.191791529223058,0.285960598536286,0.416486131839026,0.562921895088364,"WP_005767442.1"
"lcl|NC_008783.1_cds_WP_005767445.1_845",187.121177191356,0.178783185582176,0.198692854124864,0.300158813035693,0.438209660461481,"WP_005767445.1"
"lcl|NC_008783.1_cds_WP_005767447.1_846",116.642242481633,0.786714202832761,0.255143372956451,0.000550815949471596,0.00289851592966386,"WP_005767447.1"
"lcl|NC_008783.1_cds_WP_005767450.1_847",581.69300500767,-0.921504639331535,0.29550471428706,0.000315419212874652,0.00184879380219598,"WP_005767450.1"
"lcl|NC_008783.1_cds_WP_005767452.1_848",211.785130938942,0.134545161116311,0.214723938494162,0.468498951327574,0.608226708741061,"WP_005767452.1"
"lcl|NC_008783.1_cds_WP_005767454.1_849",380.406276119971,-0.338370888791164,0.22772051953135,0.0874033242831087,0.170486879656014,"WP_005767454.1"
"lcl|NC_008783.1_cds_WP_005767457.1_850",1614.25329809712,-0.598921742159999,0.25921080876171,0.008477087830221,0.0272741086711458,"WP_005767457.1"
"lcl|NC_008783.1_cds_WP_005767459.1_851",3.06381290789903,0.0765599210480856,0.564306308723036,0.797111951425871,0.860328669542599,"WP_005767459.1"
"lcl|NC_008783.1_cds_WP_005767461.1_852",4896.54996250868,1.14222131236421,0.289793902209702,7.0328670447559e-06,7.71010609351018e-05,"WP_005767461.1"
"lcl|NC_008783.1_cds_WP_005767462.1_853",3228.84831335993,0.0585226119959062,0.148153523906238,0.654671563100208,0.759188178952641,"WP_005767462.1"
"lcl|NC_008783.1_cds_WP_035453153.1_854",2134.44352226261,0.461856970562573,0.150128172349838,0.00127728705629597,0.00568536794982866,"WP_035453153.1"
"lcl|NC_008783.1_cds_WP_005767464.1_855",507.088179237546,-0.119754972029722,0.242606855497163,0.562526738618805,0.689707382687344,"WP_005767464.1"
"lcl|NC_008783.1_cds_WP_005767465.1_856",321.733395714046,-0.0917334149712584,0.18634088378768,0.573904632562267,0.70051864428219,"WP_005767465.1"
"lcl|NC_008783.1_cds_WP_005767466.1_857",61.5795667713716,1.49385435515509,0.375085452667496,2.25402986174544e-06,3.10322250733326e-05,"WP_005767466.1"
"lcl|NC_008783.1_cds_WP_035453032.1_858",116.697071361818,0.886045559797654,0.275615367446415,0.000257981250242738,0.00158504634395309,"WP_035453032.1"
"lcl|NC_008783.1_cds_WP_005767468.1_859",3987.91930808467,0.624948918896495,0.246581830441245,0.00444389609409258,0.0160413810225781,"WP_005767468.1"
"lcl|NC_008783.1_cds_WP_005767469.1_860",975.989280038825,0.0619623372942902,0.18416575171338,0.701706255490923,0.7927673726157,"WP_005767469.1"
"lcl|NC_008783.1_cds_WP_005767473.1_861",4872.15819198569,0.230073525705011,0.174423869080826,0.134060875730898,0.237188052373993,"WP_005767473.1"
"lcl|NC_008783.1_cds_WP_005767476.1_862",3961.95481665366,-0.149425461222584,0.321753738817288,0.560947782392324,0.689453876724245,"WP_005767476.1"
"lcl|NC_008783.1_cds_WP_005767479.1_863",3281.98522050766,0.313378592829016,0.224210806159946,0.107395015309754,0.199904044815086,"WP_005767479.1"
"lcl|NC_008783.1_cds_WP_005767481.1_864",1153.85010447229,0.222030576115769,0.199700623756958,0.20126564618824,0.319435020223694,"WP_005767481.1"
"lcl|NC_008783.1_cds_WP_005767483.1_865",3336.4447317006,1.16910409046374,0.402502145333491,0.000274219299571874,0.00166500333688768,"WP_005767483.1"
"lcl|NC_008783.1_cds_WP_005767485.1_866",423.208056193207,0.0346035728609288,0.16458936255171,0.81213637111058,0.872567571138771,"WP_005767485.1"
"lcl|NC_008783.1_cds_WP_005767487.1_867",441.795734794383,-0.146993783037185,0.17974832779325,0.348846307116914,0.49435777044516,"WP_005767487.1"
"lcl|NC_008783.1_cds_WP_005767489.1_868",1688.79273831019,0.0295037058645319,0.274225450367293,0.897446436869223,0.932903056411906,"WP_005767489.1"
"lcl|NC_008783.1_cds_WP_080512680.1_869",7.350695256709,-0.0966103962704155,0.44004037413201,0.748006959235476,0.825386989501215,"WP_080512680.1"
"lcl|NC_008783.1_cds_WP_005767491.1_870",1031.73538183773,0.702240044953559,0.357168590187229,0.0141288397591759,0.0415100403842786,"WP_005767491.1"
"lcl|NC_008783.1_cds_WP_005767493.1_871",23588.3843301274,1.62117209298062,0.438903097346599,5.41913694604995e-06,6.22937683895451e-05,"WP_005767493.1"
"lcl|NC_008783.1_cds_WP_005767496.1_872",646.820409233997,0.131513922805856,0.157116952178184,0.338679247321163,0.483127986540069,"WP_005767496.1"
"lcl|NC_008783.1_cds_WP_005767499.1_873",580.601691583253,1.10123095587811,0.314315535484192,4.48374796560649e-05,0.000361139972195788,"WP_005767499.1"
"lcl|NC_008783.1_cds_WP_005767501.1_874",473.310896643908,0.84636072069927,0.29444253512331,0.000872951990341211,0.0042015250266829,"WP_005767501.1"
"lcl|NC_008783.1_cds_WP_005767503.1_875",1171.18114026465,-0.173498609736104,0.259879702970573,0.427755266195594,0.570983354200206,"WP_005767503.1"
"lcl|NC_008783.1_cds_WP_005767509.1_876",1555.37051636875,1.16512267751862,0.466158429894301,0.000877732253718058,0.00420742910284284,"WP_005767509.1"
"lcl|NC_008783.1_cds_WP_005767511.1_877",577.643847105289,0.370258270168717,0.185997508995045,0.0280427879464322,0.0701959004832469,"WP_005767511.1"
"lcl|NC_008783.1_cds_WP_005767513.1_878",179.820945226181,0.130929761367678,0.2462073862087,0.531645808329803,0.664697610414453,"WP_005767513.1"
"lcl|NC_008783.1_cds_WP_005767516.1_879",248.768994921352,0.597755487540538,0.259652161717867,0.00868187200502775,0.0277819904160888,"WP_005767516.1"
"lcl|NC_008783.1_cds_WP_005767518.1_880",1580.91794390794,-0.100058443116567,0.161168432429923,0.479336764522692,0.619579398684353,"WP_005767518.1"
"lcl|NC_008783.1_cds_WP_005767521.1_881",1512.96974417277,0.000255880053154871,0.213706343707767,0.998901561122333,1,"WP_005767521.1"
"lcl|NC_008783.1_cds_WP_005767523.1_882",63.9236784572303,-0.145174532169028,0.278092932529829,0.529800951251403,0.663091253997527,"WP_005767523.1"
"lcl|NC_008783.1_cds_WP_005767525.1_883",1339.66262476202,-0.185907721606155,0.277266878433502,0.419835518366432,0.563588723067863,"WP_005767525.1"
"lcl|NC_008783.1_cds_WP_005767527.1_884",2712.32914419371,0.283779422747378,0.278378427244195,0.220665036264011,0.343321160232048,"WP_005767527.1"
"lcl|NC_008783.1_cds_WP_005767530.1_885",184.56625069291,-0.0650149804680845,0.196774576787034,0.705573256717431,0.794487740496091,"WP_005767530.1"
"lcl|NC_008783.1_cds_WP_005767534.1_886",197.853751459589,0.371726255871581,0.308356748260946,0.139437231488829,0.242784826592315,"WP_005767534.1"
"lcl|NC_008783.1_cds_WP_005767536.1_887",729.731343768939,0.405908559563226,0.222326334376765,0.0388826514692296,0.090092092641033,"WP_005767536.1"
"lcl|NC_008783.1_cds_WP_005767538.1_888",535.045954783734,-0.278329665220643,0.215582348103086,0.137182923233849,0.241636197324814,"WP_005767538.1"
"lcl|NC_008783.1_cds_WP_005767539.1_889",143.012966876492,-0.627227544954161,0.233761472173263,0.00293112817311322,0.0115297533454022,"WP_005767539.1"
"lcl|NC_008783.1_cds_WP_005767541.1_890",515.495085362027,-0.580360859267776,0.199937378604382,0.00172683628983679,0.00730205059702413,"WP_005767541.1"
"lcl|NC_008783.1_cds_BARBAKC583_RS04875_891",537.640912136289,-0.043007841802039,0.137909463300686,0.7245242485545,0.808802177039377,"BARBAKC583_RS04875"
"lcl|NC_008783.1_cds_WP_011807393.1_892",177.383933783902,0.566156963646429,0.250874112969497,0.0104839701561176,0.0326658438548506,"WP_011807393.1"
"lcl|NC_008783.1_cds_WP_172952861.1_893",1705.99406207353,0.670595706713764,0.366297494336873,0.0206031372294725,0.0542509221416901,"WP_172952861.1"
"lcl|NC_008783.1_cds_WP_005767548.1_894",124.305434359842,-0.0799614524488748,0.228947064536545,0.684881752163998,0.781967207870949,"WP_005767548.1"
"lcl|NC_008783.1_cds_WP_011807395.1_895",2362.834027625,0.52205421217187,0.350191874714052,0.059972235500922,0.125233027924324,"WP_011807395.1"
"lcl|NC_008783.1_cds_WP_005767552.1_896",1179.4987301291,0.0905142075796547,0.185410517588981,0.577237783504189,0.700973882737394,"WP_005767552.1"
"lcl|NC_008783.1_cds_WP_005767554.1_897",246.960212629862,-0.181635212773546,0.258650747985958,0.404541818429824,0.550548865541278,"WP_005767554.1"
"lcl|NC_008783.1_cds_WP_005767556.1_898",541.06175568918,-0.382893470511492,0.361196204213271,0.170514921037432,0.280013407085048,"WP_005767556.1"
"lcl|NC_008783.1_cds_WP_005767557.1_899",1584.90972605379,0.0591776421911957,0.215568094450735,0.751691883875418,0.827140511624995,"WP_005767557.1"
"lcl|NC_008783.1_cds_WP_005767559.1_900",748.434266210164,0.476120340376411,0.2179801485217,0.0151087854186388,0.0440610885114983,"WP_005767559.1"
"lcl|NC_008783.1_cds_WP_011807396.1_901",557.651353596606,-0.460403089446794,0.243215374426971,0.0305705026349508,0.0750943467215388,"WP_011807396.1"
"lcl|NC_008783.1_cds_BARBAKC583_RS04955_902",439.675672569425,0.213222184200992,0.250957095620545,0.315694082673386,0.454722376989403,"BARBAKC583_RS04955"
"lcl|NC_008783.1_cds_WP_005767565.1_903",523.100830523737,-0.288014199608836,0.181038485079648,0.0737578761547718,0.149280898063675,"WP_005767565.1"
"lcl|NC_008783.1_cds_WP_005767566.1_904",665.189286552049,-0.375803636357183,0.154933290630617,0.00952523274219303,0.030316869803109,"WP_005767566.1"
"lcl|NC_008783.1_cds_WP_005767569.1_905",155.987873635452,-0.907678801539575,0.28954964489661,0.000313167275066584,0.00184472663521809,"WP_005767569.1"
"lcl|NC_008783.1_cds_WP_005767571.1_906",189.927576919766,-0.852523635138382,0.268135837676729,0.000324787661970758,0.00189225675631227,"WP_005767571.1"
"lcl|NC_008783.1_cds_WP_005767573.1_907",446.725431113584,-0.499933850692013,0.255007935975344,0.0243286634349332,0.0627562908648385,"WP_005767573.1"
"lcl|NC_008783.1_cds_WP_005767576.1_908",480.6036200522,-0.295174155601205,0.200385309824056,0.093975533044921,0.180335544773398,"WP_005767576.1"
"lcl|NC_008783.1_cds_WP_005767578.1_909",2457.68003639829,0.636302667588183,0.24249205544682,0.0033786925072143,0.0130305274545333,"WP_005767578.1"
"lcl|NC_008783.1_cds_BARBAKC583_RS05005_910",2184.91561616501,-0.955650161659175,0.266172208946647,5.32102046755392e-05,0.000414479489051568,"BARBAKC583_RS05005"
"lcl|NC_008783.1_cds_WP_035453010.1_911",245.474537561301,0.499143816808993,0.288521636640079,0.0400144931414939,0.0925335153897047,"WP_035453010.1"
"lcl|NC_008783.1_cds_WP_005767582.1_912",193.745184181782,0.0320370981492553,0.199451802049917,0.854376581815959,0.902392393282868,"WP_005767582.1"
"lcl|NC_008783.1_cds_WP_005767584.1_913",130.830350080081,1.70839216759779,0.420594171670287,1.06388049461149e-06,1.65741382318421e-05,"WP_005767584.1"
"lcl|NC_008783.1_cds_WP_005767586.1_914",548.072349586505,-0.479085620910041,0.213348511939075,0.0129322251292502,0.0390605983495719,"WP_005767586.1"
"lcl|NC_008783.1_cds_WP_005767588.1_915",718.431603905971,0.794496901169467,0.226739673174959,0.000125916307145463,0.000863883410158941,"WP_005767588.1"
"lcl|NC_008783.1_cds_WP_005767590.1_916",471.107209617704,0.112577564546697,0.258091252917508,0.605251481564167,0.722396929608844,"WP_005767590.1"
"lcl|NC_008783.1_cds_WP_005767593.1_917",385.993210986396,-0.0963956019651524,0.198180071470776,0.576982237304478,0.700973882737394,"WP_005767593.1"
"lcl|NC_008783.1_cds_WP_011807398.1_918",73530.967605492,-1.58788975714617,0.316299884503222,1.49344636621142e-08,4.01872840362347e-07,"WP_011807398.1"
"lcl|NC_008783.1_cds_WP_005767595.1_919",226.520076141181,-0.0400663669586823,0.203743730784496,0.821826900447886,0.880581945819273,"WP_005767595.1"
"lcl|NC_008783.1_cds_WP_005767598.1_920",81.0705097841406,-0.732705048348364,0.252716746935902,0.00115827255940814,0.00521442855642294,"WP_005767598.1"
"lcl|NC_008783.1_cds_WP_005767599.1_921",573.014606266263,0.544392893449727,0.342137368919016,0.0470483994610773,0.10279884262786,"WP_005767599.1"
"lcl|NC_008783.1_cds_WP_005767601.1_922",124.702076587013,-0.0119535308125171,0.227596043174016,0.951470306227398,0.972833197386217,"WP_005767601.1"
"lcl|NC_008783.1_cds_WP_005767603.1_923",572.22682429369,0.0438772788055781,0.126350333543662,0.694089477586519,0.788671005494397,"WP_005767603.1"
"lcl|NC_008783.1_cds_WP_005767604.1_924",36.8621387133282,0.333906269480321,0.390642034556805,0.251025202334098,0.38055549239894,"WP_005767604.1"
"lcl|NC_008783.1_cds_WP_005767606.1_925",289.423934429496,-0.115019930478912,0.345233301822138,0.668718177472867,0.767453493426272,"WP_005767606.1"
"lcl|NC_008783.1_cds_WP_005767608.1_926",1332.94834383072,-0.514527246219973,0.360713961518619,0.0684715172637797,0.139535759794002,"WP_005767608.1"
"lcl|NC_008783.1_cds_WP_005767609.1_927",388.004748217307,0.564535037315419,0.179154111209579,0.000815181757994542,0.00400487635462879,"WP_005767609.1"
"lcl|NC_008783.1_cds_WP_005767611.1_928",411.929338605997,0.293632281294332,0.206106126880283,0.103860357764639,0.194573834799576,"WP_005767611.1"
"lcl|NC_008783.1_cds_WP_005767613.1_929",841.706974975785,0.331992785546215,0.212936203803855,0.075811310341548,0.152394892095743,"WP_005767613.1"
"lcl|NC_008783.1_cds_WP_005767615.1_930",328.22305252901,0.41156735857857,0.2111159193102,0.0292074624306021,0.0723465178197341,"WP_005767615.1"
"lcl|NC_008783.1_cds_WP_011807401.1_931",285.978150980039,0.503967616605378,0.351518014729144,0.069550981735573,0.141492031572025,"WP_011807401.1"
"lcl|NC_008783.1_cds_BARBAKC583_RS06975_932",10.6863993761654,-0.0593071158153878,0.522594569737753,0.845703968266931,0.897234317587855,"BARBAKC583_RS06975"
"lcl|NC_008783.1_cds_WP_005767620.1_933",4.99990907232705,0.105412125279239,0.636679990920533,0.692124567152396,0.787200276184858,"WP_005767620.1"
"lcl|NC_008783.1_cds_BARBAKC583_RS07115_934",29.183627491725,0.952839139930947,0.510374564145516,0.00740066211394041,0.0245444928372702,"BARBAKC583_RS07115"
"lcl|NC_008783.1_cds_BARBAKC583_RS05130_935",62.0128412636669,0.967054250484523,0.446829207615682,0.00382726151952319,0.0143856432987792,"BARBAKC583_RS05130"
"lcl|NC_008783.1_cds_WP_005767624.1_936",55.2898329304619,-0.109608811544891,0.31295553020775,0.663758659319746,0.764484681551148,"WP_005767624.1"
"lcl|NC_008783.1_cds_WP_005767625.1_937",14.7742399958973,0.249693731244998,0.435853092475728,0.410162459662498,0.555643423616015,"WP_005767625.1"
"lcl|NC_008783.1_cds_WP_172952862.1_938",11.8648255030841,0.395738021161268,0.466291483072221,0.209765479510701,0.33156044693154,"WP_172952862.1"
"lcl|NC_008783.1_cds_WP_005767633.1_939",8.6837061724566,0.231277920652349,0.47250437850639,0.454883889731326,0.595484485523807,"WP_005767633.1"
"lcl|NC_008783.1_cds_WP_005767636.1_940",151.31580123014,0.758996828899742,0.34211751357204,0.00671827864609278,0.0227269769056396,"WP_005767636.1"
"lcl|NC_008783.1_cds_WP_005767638.1_941",76.5890282094498,0.471698954545964,0.391494929871363,0.109545540741616,0.20297640099855,"WP_005767638.1"
"lcl|NC_008783.1_cds_WP_005767639.1_942",85.4925643833252,0.140948927774189,0.381657464248607,0.620224174164997,0.735098701116782,"WP_005767639.1"
"lcl|NC_008783.1_cds_WP_225866722.1_943",12.0752203917355,0.316929383527772,0.528862640703778,0.318623009522283,0.457827236983475,"WP_225866722.1"
"lcl|NC_008783.1_cds_WP_236822979.1_944",35.1006771196781,0.24013231530613,0.461061963491928,0.435737464752562,0.577084069649925,"WP_236822979.1"
"lcl|NC_008783.1_cds_BARBAKC583_RS05190_945",31.300980001237,0.49535669417816,0.422922424913783,0.106973200415829,0.199458691798962,"BARBAKC583_RS05190"
"lcl|NC_008783.1_cds_WP_005767646.1_946",1.44492127922262,-0.140773851415977,0.640726391473256,0.598105151090506,0.716757589970808,"WP_005767646.1"
"lcl|NC_008783.1_cds_BARBAKC583_RS05215_947",128.617803263132,0.498617922899789,0.371433922982923,0.0822427880709189,0.162022397796952,"BARBAKC583_RS05215"
"lcl|NC_008783.1_cds_WP_005767654.1_948",220.802727164107,0.395435874403816,0.287366944364313,0.0987078338889683,0.187291787379068,"WP_005767654.1"
"lcl|NC_008783.1_cds_WP_005767656.1_949",4.52561163743332,-0.127031917649103,0.569278298039128,0.670783417124636,0.767453493426272,"WP_005767656.1"
"lcl|NC_008783.1_cds_WP_225866723.1_950",1.59588044837105,-0.0399778811952787,0.698873488878395,0.837913988724796,0.890565675628508,"WP_225866723.1"
"lcl|NC_008783.1_cds_WP_005767662.1_951",2544.14053893998,0.758558154722715,0.386796055029868,0.0119562686735899,0.0367694080767024,"WP_005767662.1"
"lcl|NC_008783.1_cds_WP_005767664.1_952",4956.48681402724,0.0305731869085909,0.276828945035021,0.894517266414526,0.930675257851317,"WP_005767664.1"
"lcl|NC_008783.1_cds_WP_005767666.1_953",1640.20892808196,-0.461665224484008,0.286731699075588,0.0552981343113504,0.117969353197548,"WP_005767666.1"
"lcl|NC_008783.1_cds_WP_005767668.1_954",555.425136621386,-0.231986671036359,0.196784162404329,0.176407993931981,0.28859327634662,"WP_005767668.1"
"lcl|NC_008783.1_cds_WP_005767671.1_955",781.892223659487,0.570715810498476,0.204284911429873,0.00244621790251457,0.00978657946133213,"WP_005767671.1"
"lcl|NC_008783.1_cds_WP_005767674.1_956",454.303617908255,0.435002585999026,0.20663262594034,0.0195982355256855,0.0528572001421677,"WP_005767674.1"
"lcl|NC_008783.1_cds_WP_005767675.1_957",239.790938085198,0.61846749109103,0.236076224677004,0.00357969385807511,0.013663881498493,"WP_005767675.1"
"lcl|NC_008783.1_cds_WP_005767676.1_958",3087.36962534551,-0.219251388620014,0.220034537250915,0.247592692253518,0.376799161475791,"WP_005767676.1"
"lcl|NC_008783.1_cds_WP_005767677.1_959",565.55235725642,0.164725880145685,0.243785142061253,0.42702367658738,0.570983354200206,"WP_005767677.1"
"lcl|NC_008783.1_cds_WP_005767678.1_960",1285.31462281838,0.00398161763599382,0.205091483931203,0.982267144603683,0.990633985699114,"WP_005767678.1"
"lcl|NC_008783.1_cds_WP_005767679.1_961",1421.13260272181,0.955520653110646,0.26390526316757,4.74566250573154e-05,0.000374590960452409,"WP_005767679.1"
"lcl|NC_008783.1_cds_WP_005767680.1_962",147.329762197839,1.43449999470994,0.322530336274146,3.33031709053003e-07,5.97438702301144e-06,"WP_005767680.1"
"lcl|NC_008783.1_cds_BARBAKC583_RS05335_963",14.143175773486,0.283729915863072,0.421600967253192,0.344681012751307,0.489918750417224,"BARBAKC583_RS05335"
"lcl|NC_008783.1_cds_WP_005767682.1_964",3.30533881888843,-0.247717606210082,0.57727177372966,0.419057391292362,0.563182691589281,"WP_005767682.1"
"lcl|NC_008783.1_cds_WP_005767683.1_965",1670.25474599084,0.438544782769734,0.241025071312255,0.0373717813867516,0.0872745348361222,"WP_005767683.1"
"lcl|NC_008783.1_cds_WP_005767694.1_966",1311.61318037013,-0.383087025200263,0.16536020110524,0.0125073869759514,0.0381668715967176,"WP_005767694.1"
"lcl|NC_008783.1_cds_WP_005767696.1_967",362.848718746594,-0.70748395980539,0.170228909446301,1.2063815923759e-05,0.00012313412115285,"WP_005767696.1"
"lcl|NC_008783.1_cds_WP_005767698.1_968",119.337073562155,-1.240232875316,0.33080932525617,1.12744263891156e-05,0.000118132042873565,"WP_005767698.1"
"lcl|NC_008783.1_cds_WP_005767700.1_969",138.764003177749,0.856569537782163,0.297574862567258,0.000833917582885116,0.00404655089399991,"WP_005767700.1"
"lcl|NC_008783.1_cds_WP_005767702.1_970",449.446602876259,0.00531221288709856,0.178163142909166,0.973054060059973,0.983856538950476,"WP_005767702.1"
"lcl|NC_008783.1_cds_WP_005767704.1_971",501.779667522449,0.704951998290244,0.254362203670725,0.00183861056578447,0.00769227883352938,"WP_005767704.1"
"lcl|NC_008783.1_cds_WP_005767706.1_972",4035.94295839514,-0.0729097457541842,0.138641738237323,0.549961697846404,0.679702140135848,"WP_005767706.1"
"lcl|NC_008783.1_cds_WP_011807408.1_973",1750.18882619339,1.57449430794851,0.417662733029042,4.46558018640664e-06,5.39727692584809e-05,"WP_011807408.1"
"lcl|NC_008783.1_cds_WP_005767710.1_974",3575.08503232423,0.786673606841506,0.354566555175867,0.00615191049252476,0.0210516243443622,"WP_005767710.1"
"lcl|NC_008783.1_cds_WP_005767713.1_975",411.073548646526,-0.937603727313676,0.317430002872329,0.000505343252669856,0.00273208406922881,"WP_005767713.1"
"lcl|NC_008783.1_cds_WP_005767715.1_976",240.731653015666,-0.45462360901365,0.212030733002157,0.0172888085200225,0.0488542942427365,"WP_005767715.1"
"lcl|NC_008783.1_cds_WP_005767717.1_977",270.455559947203,-0.220691158993204,0.220793476720236,0.245979942416206,0.374826578919934,"WP_005767717.1"
"lcl|NC_008783.1_cds_WP_005767719.1_978",92.75839741242,-1.59239759093925,0.404930776821129,2.25148049684303e-06,3.10322250733326e-05,"WP_005767719.1"
"lcl|NC_008783.1_cds_WP_005767721.1_979",1366.82838958672,-1.48887104084005,0.241432041440028,2.43042974474626e-11,1.25114296425199e-09,"WP_005767721.1"
"lcl|NC_008783.1_cds_WP_005767722.1_980",135.013184815075,-1.35331088192751,0.369842248233901,1.16296348583702e-05,0.000120784979581669,"WP_005767722.1"
"lcl|NC_008783.1_cds_WP_005767724.1_981",203.856993515295,-1.22245062826303,0.269816988612188,3.9882480698706e-07,7.0478891264579e-06,"WP_005767724.1"
"lcl|NC_008783.1_cds_WP_005767726.1_982",2523.95649345571,-1.45805400623652,0.312044465306221,1.08694610439551e-07,2.2577968203584e-06,"WP_005767726.1"
"lcl|NC_008783.1_cds_WP_005767728.1_983",2169.65159935497,-1.93873883434754,0.301355226552727,2.89753373624609e-12,2.24205355661734e-10,"WP_005767728.1"
"lcl|NC_008783.1_cds_WP_005767730.1_984",6501.66701329215,-0.888274397412063,0.233868400287985,2.99790270370628e-05,0.000259629693130718,"WP_005767730.1"
"lcl|NC_008783.1_cds_WP_005767732.1_985",1938.35206374089,-0.921712757287549,0.252060795687932,4.64631469620607e-05,0.000369210510087785,"WP_005767732.1"
"lcl|NC_008783.1_cds_WP_005767738.1_986",69.793066731894,-0.601778553722102,0.285218408732481,0.013637712043556,0.0402669602483051,"WP_005767738.1"
"lcl|NC_008783.1_cds_WP_005767740.1_987",420.347870687961,-0.615345717013423,0.216532264615929,0.00190552889689244,0.00786113663386985,"WP_005767740.1"
"lcl|NC_008783.1_cds_WP_005767742.1_988",292.550943606619,-0.993997309990759,0.256389464596348,1.516654501716e-05,0.000143657514402539,"WP_005767742.1"
"lcl|NC_008783.1_cds_WP_005767744.1_989",784.807688198239,-0.839128278423478,0.20688289035913,1.22689598911241e-05,0.000123288754978013,"WP_005767744.1"
"lcl|NC_008783.1_cds_WP_005767746.1_990",532.156695196068,-1.10097080679621,0.214412359557794,2.86618605212636e-08,6.92564139942369e-07,"WP_005767746.1"
"lcl|NC_008783.1_cds_WP_005767748.1_991",1870.04134971062,-1.7357118724413,0.259445382588937,5.90029801524475e-13,5.37380988465368e-11,"WP_005767748.1"
"lcl|NC_008783.1_cds_WP_051007750.1_992",1632.08889352928,-0.570217603204458,0.333903454757035,0.0351092687373628,0.0833053590882516,"WP_051007750.1"
"lcl|NC_008783.1_cds_WP_052467648.1_993",239.611688481658,-1.15661654142885,0.378232593552777,0.000175873175149181,0.00114414197459687,"WP_052467648.1"
"lcl|NC_008783.1_cds_WP_005767753.1_994",1971.70661933439,-0.5830967984931,0.29614890282132,0.0196768286539212,0.0529485571050969,"WP_005767753.1"
"lcl|NC_008783.1_cds_WP_011807413.1_995",2809.25162500941,-0.0826502093783363,0.145379085890863,0.517805058390596,0.65152092362855,"WP_011807413.1"
"lcl|NC_008783.1_cds_WP_005767757.1_996",96.8432147116182,-0.101473348133398,0.21718457989033,0.589085525263907,0.710782749369508,"WP_005767757.1"
"lcl|NC_008783.1_cds_WP_005767758.1_997",145.729479458758,-1.75843118798891,0.460556682407227,2.55817783977888e-06,3.36542506922022e-05,"WP_005767758.1"
"lcl|NC_008783.1_cds_WP_005767760.1_998",141.964585949376,-1.75447092562705,0.370635021601268,4.91115050613744e-08,1.0843423602422e-06,"WP_005767760.1"
"lcl|NC_008783.1_cds_WP_005767762.1_999",361.691151328798,-1.51399974335713,0.338896940110258,2.56309310802773e-07,4.66877267677667e-06,"WP_005767762.1"
"lcl|NC_008783.1_cds_WP_011807415.1_1000",582.08809672922,-1.65009719437346,0.315975280745109,4.7142638512396e-09,1.52414270696951e-07,"WP_011807415.1"
"lcl|NC_008783.1_cds_WP_005767766.1_1001",596.280748855099,-1.68307025758989,0.294263426634848,2.81156120710474e-10,1.2803417189277e-08,"WP_005767766.1"
"lcl|NC_008783.1_cds_WP_005767768.1_1002",159.687073404352,-2.20284897319349,0.44813028764276,1.13475686794843e-08,3.19893364678795e-07,"WP_005767768.1"
"lcl|NC_008783.1_cds_WP_005767770.1_1003",1974.55983045344,-2.18780388000298,0.312752036572751,5.76750734163276e-14,7.61074775198242e-12,"WP_005767770.1"
"lcl|NC_008783.1_cds_WP_005767773.1_1004",487.382903215122,-1.59352408149391,0.279553116255608,3.51344594356046e-10,1.485685713277e-08,"WP_005767773.1"
"lcl|NC_008783.1_cds_WP_005767776.1_1005",400.878461313396,-1.86716117220687,0.266134496131047,5.78519677093258e-14,7.61074775198242e-12,"WP_005767776.1"
"lcl|NC_008783.1_cds_WP_005767779.1_1006",517.322350033419,-1.64693946698036,0.288931773746161,3.28233467199997e-10,1.4393645376474e-08,"WP_005767779.1"
"lcl|NC_008783.1_cds_WP_005767781.1_1007",761.499790094033,-1.9189785625655,0.220603379305159,9.36760055308729e-20,5.54561952742767e-17,"WP_005767781.1"
"lcl|NC_008783.1_cds_WP_005767784.1_1008",747.380366221792,-1.76254815281131,0.315441812611181,5.54616236561038e-10,2.18434879218446e-08,"WP_005767784.1"
"lcl|NC_008783.1_cds_WP_005767788.1_1009",1005.57404396483,-0.936795756804323,0.223187399516513,4.78410142367929e-06,5.60829315409533e-05,"WP_005767788.1"
"lcl|NC_008783.1_cds_WP_005767791.1_1010",625.066132850591,-2.20513032631328,0.36243963423259,2.12074118169641e-11,1.14134434505843e-09,"WP_005767791.1"
"lcl|NC_008783.1_cds_WP_005767793.1_1011",407.539331549313,-1.94038254937881,0.30474407657517,4.43026562847249e-12,2.9141302800619e-10,"WP_005767793.1"
"lcl|NC_008783.1_cds_WP_011807418.1_1012",599.295598489743,-2.20374570567523,0.2532579274917,8.60452672284107e-20,5.54561952742767e-17,"WP_011807418.1"
"lcl|NC_008783.1_cds_WP_011807419.1_1013",176.800547284834,-2.43487443488187,0.424201052480689,1.13988491991658e-10,5.62343227158847e-09,"WP_011807419.1"
"lcl|NC_008783.1_cds_WP_005767802.1_1014",464.231681233764,-2.4678193908978,0.390671263611377,3.65891474365943e-12,2.54832650381928e-10,"WP_005767802.1"
"lcl|NC_008783.1_cds_WP_005767804.1_1015",286.31172642971,-1.24738853149156,0.248075908001117,3.11545806398572e-08,7.37740469551818e-07,"WP_005767804.1"
"lcl|NC_008783.1_cds_WP_005767806.1_1016",253.690486981263,-1.1490239930598,0.283578357914453,4.32718605213025e-06,5.33686279762731e-05,"WP_005767806.1"
"lcl|NC_008783.1_cds_WP_005767808.1_1017",225.774780513773,-1.37597647013048,0.298399136023837,1.76880700861729e-07,3.49044583033812e-06,"WP_005767808.1"
"lcl|NC_008783.1_cds_WP_005767810.1_1018",416.936094182008,-1.10641725245916,0.248017766148836,8.06424590419294e-07,1.27307562007526e-05,"WP_005767810.1"
"lcl|NC_008783.1_cds_WP_005767811.1_1019",677.868137155286,-0.800018734463614,0.16936321673388,6.60616324357746e-07,1.10164750428109e-05,"WP_005767811.1"
"lcl|NC_008783.1_cds_WP_005767813.1_1020",34.7207610340256,0.110611356573743,0.313559008829218,0.661298053453875,0.762392303105539,"WP_005767813.1"
"lcl|NC_008783.1_cds_WP_005767815.1_1021",80.91915487353,-0.490907125599653,0.310329983722707,0.054752066366665,0.117226847338393,"WP_005767815.1"
"lcl|NC_008783.1_cds_WP_005767817.1_1022",467.396129374086,-1.3865964508854,0.244581028089153,6.18402316288124e-10,2.28808857026606e-08,"WP_005767817.1"
"lcl|NC_008783.1_cds_WP_005767821.1_1023",567.834371669544,0.96314297728023,0.287825772841825,0.000126226207734372,0.000863883410158941,"WP_005767821.1"
"lcl|NC_008783.1_cds_WP_005767823.1_1024",152.550615131741,-0.0276092392541977,0.298367662836015,0.90984653449157,0.94248319933335,"WP_005767823.1"
"lcl|NC_008783.1_cds_WP_005767824.1_1025",153.107654015496,0.068896965422471,0.227020967657821,0.72477965358005,0.808802177039377,"WP_005767824.1"
"lcl|NC_008783.1_cds_WP_005767826.1_1026",277.708351833374,-0.0276195775132143,0.169558603137619,0.853823855207571,0.902392393282868,"WP_005767826.1"
"lcl|NC_008783.1_cds_WP_005767829.1_1027",293.716766916078,-0.548482811214699,0.273017302604289,0.0195894512476513,0.0528572001421677,"WP_005767829.1"
"lcl|NC_008783.1_cds_WP_005767831.1_1028",584.4136296361,-0.121965366617593,0.284098850988324,0.603694749756381,0.721994529001571,"WP_005767831.1"
"lcl|NC_008783.1_cds_WP_005767835.1_1029",40.6319586045399,1.85844360398122,0.363265364924868,6.47110006789544e-09,2.01625854747058e-07,"WP_005767835.1"
"lcl|NC_008783.1_cds_WP_005767837.1_1030",543.925143163758,0.00772662031184508,0.213974182095067,0.966876752368437,0.982256531892719,"WP_005767837.1"
"lcl|NC_008783.1_cds_WP_005767840.1_1031",86627.6465519098,0.0536738898371844,0.280324581201858,0.817631299863566,0.876879944781216,"WP_005767840.1"
"lcl|NC_008783.1_cds_WP_005767842.1_1032",8716.8359788042,0.430953822877344,0.325753836504611,0.100727489251188,0.189604685649295,"WP_005767842.1"
"lcl|NC_008783.1_cds_WP_005767844.1_1033",4827.51787820343,-0.253982377588876,0.253336236385177,0.236287775411512,0.362859566909507,"WP_005767844.1"
"lcl|NC_008783.1_cds_WP_005767846.1_1034",847.952758788925,0.0718202490054749,0.128949191864847,0.525595661260612,0.659663716119597,"WP_005767846.1"
"lcl|NC_008783.1_cds_WP_005767848.1_1035",25929.9072400222,-0.528000799389601,0.215097154145681,0.00689398447349109,0.0232549219846537,"WP_005767848.1"
"lcl|NC_008783.1_cds_WP_005767850.1_1036",833.038621274473,-0.103122403593343,0.131229251825039,0.367843129176512,0.514198659911441,"WP_005767850.1"
"lcl|NC_008783.1_cds_WP_005767852.1_1038",0.255118291509546,0,0.738398576670942,1,1,"WP_005767852.1"
"lcl|NC_008783.1_cds_WP_005767854.1_1039",826.930549190942,0.211663920614439,0.392247114176718,0.464222495445009,0.603744327561135,"WP_005767854.1"
"lcl|NC_008783.1_cds_BARBAKC583_RS07000_1041",1.20182890681445,-0.0398235254521631,0.644590309164342,0.876421901243211,0.918304009798196,"BARBAKC583_RS07000"
"lcl|NC_008783.1_cds_BARBAKC583_RS05780_1042",0.558396487292031,0.285824013406966,0.738058609049926,0.149897256026134,0.254997630941009,"BARBAKC583_RS05780"
"lcl|NC_008783.1_cds_WP_035453368.1_1043",1.32286859298074,-0.254606652240444,0.6874174193056,0.308231868645163,0.448888723832562,"WP_035453368.1"
"lcl|NC_008783.1_cds_BARBAKC583_RS07135_1044",29.1975145441777,0.131900957778792,0.304720366845412,0.59398760276273,0.712561845520763,"BARBAKC583_RS07135"
"lcl|NC_008783.1_cds_WP_005767864.1_1045",74.3240323238471,0.804261742589873,0.262971020809369,0.000564651833616522,0.00293222706579808,"WP_005767864.1"
"lcl|NC_008783.1_cds_WP_005767865.1_1046",242.964714542383,0.658883952588809,0.356086534029099,0.0205115893868543,0.0542092005224007,"WP_005767865.1"
"lcl|NC_008783.1_cds_WP_005767866.1_1047",2017.43487243145,0.257761257727991,0.185076749415365,0.113867678168036,0.20869865472284,"WP_005767866.1"
"lcl|NC_008783.1_cds_WP_005767867.1_1048",118.167541153502,-0.647935582594619,0.340486014458547,0.0189951236422072,0.0518207981391091,"WP_005767867.1"
"lcl|NC_008783.1_cds_WP_005767868.1_1049",132.682193552844,-0.513933158793175,0.247911604718171,0.0182661960434986,0.0507547823752837,"WP_005767868.1"
"lcl|NC_008783.1_cds_WP_005767869.1_1050",210.893357830142,0.0693188313072303,0.212354298209754,0.707033093308248,0.794487740496091,"WP_005767869.1"
"lcl|NC_008783.1_cds_WP_005767870.1_1051",1000.30648395903,0.41003486411227,0.192544240440368,0.0191894071248284,0.0521106835683413,"WP_005767870.1"
"lcl|NC_008783.1_cds_BARBAKC583_RS05845_1052",122.816004354809,0.226909277520777,0.325194103782177,0.381278124459167,0.527992162993747,"BARBAKC583_RS05845"
"lcl|NC_008783.1_cds_WP_005767874.1_1053",390.035381957642,0.208823288733401,0.164300257301551,0.14862722834767,0.253565761330896,"WP_005767874.1"
"lcl|NC_008783.1_cds_WP_005767876.1_1054",5743.65048634809,0.789179305066406,0.489115455999657,0.0206190160166897,0.0542509221416901,"WP_005767876.1"
"lcl|NC_008783.1_cds_WP_005767877.1_1055",264.708126440914,0.830971424258014,0.300492550076041,0.00126772480636508,0.00566409875749529,"WP_005767877.1"
"lcl|NC_008783.1_cds_WP_005767879.1_1056",117.587001767506,-0.851179114846544,0.26201062077427,0.000258373263836947,0.00158504634395309,"WP_005767879.1"
"lcl|NC_008783.1_cds_WP_005767881.1_1057",437.418628726063,-0.476319363804918,0.222378330188539,0.0167240801724364,0.0475993051061652,"WP_005767881.1"
"lcl|NC_008783.1_cds_WP_005767883.1_1058",428.590246957849,-0.283833366268946,0.189725884810495,0.0904240673843184,0.175257106342102,"WP_005767883.1"
"lcl|NC_008783.1_cds_WP_005767885.1_1059",331.034979100186,0.0186556828618115,0.272794694195016,0.934786592528344,0.961587598222032,"WP_005767885.1"
"lcl|NC_008783.1_cds_BARBAKC583_RS05885_1060",992.595605795625,0.776064212223791,0.342765712957904,0.00571050808195058,0.0197120745452755,"BARBAKC583_RS05885"
"lcl|NC_008783.1_cds_WP_005767886.1_1061",1537.78919942235,0.661636798198244,0.152835477506297,6.38210222810824e-06,7.06206452157024e-05,"WP_005767886.1"
"lcl|NC_008783.1_cds_WP_005767888.1_1062",74.2093973741245,-0.385010608749261,0.331357809017485,0.14558559684773,0.25054265504028,"WP_005767888.1"
"lcl|NC_008783.1_cds_WP_005767890.1_1063",936.502542697673,-0.503859810544862,0.30486483544374,0.046260363767746,0.101618312988889,"WP_005767890.1"
"lcl|NC_008783.1_cds_WP_005767892.1_1064",101.904744702249,0.633871585760648,0.274793846732214,0.00781977654603703,0.0254329477151961,"WP_005767892.1"
"lcl|NC_008783.1_cds_WP_005767894.1_1065",3619.70143228022,-1.03510001034399,0.269279384267752,1.50345680195429e-05,0.000143555875283377,"WP_005767894.1"
"lcl|NC_008783.1_cds_WP_005767896.1_1066",2991.70157392783,0.752228400835044,0.216645432914107,0.000161478519504095,0.00107410430951038,"WP_005767896.1"
"lcl|NC_008783.1_cds_WP_005767899.1_1067",92872.4632235593,-2.03147634072102,0.394526341304672,4.53471379391305e-09,1.52414270696951e-07,"WP_005767899.1"
"lcl|NC_008783.1_cds_WP_005767902.1_1068",5760.11216344924,0.377949632896742,0.363617638081875,0.177669940837231,0.289488356860854,"WP_005767902.1"
"lcl|NC_008783.1_cds_WP_005767905.1_1069",20.7156567224088,0.124046709223856,0.371284378096128,0.658049716582448,0.760924869171527,"WP_005767905.1"
"lcl|NC_008783.1_cds_WP_005767908.1_1070",1829.32249797885,-0.216363690376329,0.318138464886878,0.39661390380907,0.542010290952353,"WP_005767908.1"
"lcl|NC_008783.1_cds_WP_172952870.1_1071",648.966709036419,-0.354926737257815,0.187595351085568,0.03579802621727,0.0842641412350848,"WP_172952870.1"
"lcl|NC_008783.1_cds_WP_005767914.1_1072",2656.42641093496,0.0262314460295983,0.169976882772499,0.861429954402986,0.904195980508099,"WP_005767914.1"
"lcl|NC_008783.1_cds_WP_005767917.1_1073",67.0273489454833,-0.304721584411054,0.273984354567964,0.183538312354576,0.297684057298381,"WP_005767917.1"
"lcl|NC_008783.1_cds_WP_005767919.1_1074",642.110135637483,-0.712381481538091,0.225739033322475,0.000545417600092316,0.00288292160048796,"WP_005767919.1"
"lcl|NC_008783.1_cds_WP_011807428.1_1075",331.273087701259,-1.63087797308343,0.241849065746409,4.47065164139484e-13,4.81204685764681e-11,"WP_011807428.1"
"lcl|NC_008783.1_cds_WP_005767923.1_1076",390.226230088721,0.153157623040245,0.172952817902998,0.310768060895939,0.451471636933487,"WP_005767923.1"
"lcl|NC_008783.1_cds_WP_005767925.1_1077",263.651671575159,-0.00982906233400329,0.166473322080025,0.946833712939,0.969223477946529,"WP_005767925.1"
"lcl|NC_008783.1_cds_WP_005767927.1_1078",636.031714152766,-0.515938157043503,0.255223737626131,0.0204830816463872,0.0542092005224007,"WP_005767927.1"
"lcl|NC_008783.1_cds_WP_011807429.1_1079",1376.14521885187,0.355700564790983,0.234971858869534,0.0807499923330245,0.159594433301876,"WP_011807429.1"
"lcl|NC_008783.1_cds_WP_005767934.1_1080",784.952531538575,0.404012806670143,0.181647701847523,0.0153620739863783,0.0446068451039784,"WP_005767934.1"
"lcl|NC_008783.1_cds_WP_005767936.1_1081",883.076706883445,0.268737655703242,0.164226499203794,0.0675427253380963,0.137939893660207,"WP_005767936.1"
"lcl|NC_008783.1_cds_WP_005767938.1_1082",188.16348016647,0.679262051780893,0.228543439712419,0.00108078024160256,0.00501821100414677,"WP_005767938.1"
"lcl|NC_008783.1_cds_BARBAKC583_RS06000_1083",32.9586387216547,0.198686631514945,0.335331385537248,0.45221596863032,0.59425494656859,"BARBAKC583_RS06000"
"lcl|NC_008783.1_cds_BARBAKC583_RS07250_1084",147.482129965406,1.04770639009254,0.478283266041699,0.00274145127958163,0.010892209110821,"BARBAKC583_RS07250"
"lcl|NC_008783.1_cds_BARBAKC583_RS06010_1085",84.8740100593026,-0.13460099780675,0.266599046158856,0.547016030265276,0.677475920328543,"BARBAKC583_RS06010"
"lcl|NC_008783.1_cds_WP_005767943.1_1086",580.46524280432,0.909046557293185,0.343672032411577,0.00137985655698078,0.00600643442450457,"WP_005767943.1"
"lcl|NC_008783.1_cds_WP_005767945.1_1087",346.548444103962,0.340459788687038,0.234843923490311,0.0937033961318303,0.180335544773398,"WP_005767945.1"
"lcl|NC_008783.1_cds_WP_035453357.1_1088",1039.89200774439,-0.175179132819903,0.227526916634421,0.369620922460417,0.516074495510771,"WP_035453357.1"
"lcl|NC_008783.1_cds_WP_005767949.1_1089",3955.59160240881,0.544346616684421,0.362081497879271,0.0551948126455898,0.117961476845448,"WP_005767949.1"
"lcl|NC_008783.1_cds_WP_005767951.1_1090",218.801443572058,-0.844300366727223,0.370404001413558,0.00441509021959253,0.0159861370642127,"WP_005767951.1"
"lcl|NC_008783.1_cds_WP_005767953.1_1091",1218.67684116013,0.723160915133609,0.381699812046039,0.0153712777047493,0.0446068451039784,"WP_005767953.1"
"lcl|NC_008783.1_cds_WP_005767955.1_1092",96.3004061626541,0.217820213506285,0.381050541860959,0.444841749925461,0.58678947426535,"WP_005767955.1"
"lcl|NC_008783.1_cds_WP_005767957.1_1093",2074.33374067564,0.0847123204767408,0.146820438965977,0.511521685409316,0.646362513900352,"WP_005767957.1"
"lcl|NC_008783.1_cds_WP_011807432.1_1094",2790.20277962055,0.967262738805967,0.248965599274344,1.60946505682721e-05,0.00015123862121297,"WP_011807432.1"
"lcl|NC_008783.1_cds_WP_005767962.1_1095",4439.24232629048,1.59025738906612,0.502821891030102,3.72139752091048e-05,0.000308121305227833,"WP_005767962.1"
"lcl|NC_008783.1_cds_WP_005767965.1_1096",2149.78843921404,0.30205240382245,0.158614993880007,0.0363704809202963,0.0853119492414863,"WP_005767965.1"
"lcl|NC_008783.1_cds_WP_005767968.1_1097",524.579739542802,0.324213369296834,0.223379957379509,0.0953112525583259,0.181745989802288,"WP_005767968.1"
"lcl|NC_008783.1_cds_WP_005767971.1_1098",2470.98649220051,1.46841543357717,0.309657216259676,7.57105569421962e-08,1.62984180762837e-06,"WP_005767971.1"
"lcl|NC_008783.1_cds_WP_011807433.1_1099",709.302223900815,0.00757361295920098,0.227571512830527,0.969238860112014,0.982256531892719,"WP_011807433.1"
"lcl|NC_008783.1_cds_WP_005767976.1_1100",243.450390120543,0.198602313528767,0.202693506772245,0.258771076307323,0.388813393842475,"WP_005767976.1"
"lcl|NC_008783.1_cds_WP_011807434.1_1101",478.116335909756,0.186258965767287,0.197064565669524,0.276764794685892,0.410638492366035,"WP_011807434.1"
"lcl|NC_008783.1_cds_WP_005767980.1_1102",1775.75226906194,-0.171445084698154,0.222837308515887,0.371082656874728,0.516896312634915,"WP_005767980.1"
"lcl|NC_008783.1_cds_WP_005767982.1_1103",273.726444622978,-0.123252795313928,0.230193178741536,0.53278138951635,0.665414731210293,"WP_005767982.1"
"lcl|NC_008783.1_cds_WP_005767983.1_1104",3455.71901120612,-0.783393451904062,0.270771786222544,0.00100991327036624,0.00472623443523171,"WP_005767983.1"
"lcl|NC_008783.1_cds_WP_005767985.1_1105",162.254576859621,0.0672249421743471,0.210069180934454,0.71285796880774,0.798508831663542,"WP_005767985.1"
"lcl|NC_008783.1_cds_WP_005767988.1_1106",314.20598208426,-0.124273583363589,0.21651346547452,0.506550761879298,0.644206339489892,"WP_005767988.1"
"lcl|NC_008783.1_cds_WP_005767991.1_1107",2084.53413920953,0.508026186964619,0.189753306158323,0.00391041634566933,0.0146477686465137,"WP_005767991.1"
"lcl|NC_008783.1_cds_WP_005767993.1_1108",3652.42694348341,-0.409236389910629,0.258188336961178,0.064321276730069,0.132886967780674,"WP_005767993.1"
"lcl|NC_008783.1_cds_WP_005767995.1_1109",392.872814421818,0.287015148719455,0.1950342584484,0.0948935829178128,0.181508888812101,"WP_005767995.1"
"lcl|NC_008783.1_cds_WP_005767996.1_1110",1644.47854240806,-0.393386339281974,0.24942001667405,0.0671150663762529,0.137481381642705,"WP_005767996.1"
"lcl|NC_008783.1_cds_WP_005767998.1_1111",688.130136882723,0.0228512621986854,0.169434107342438,0.87879197863351,0.919179259299396,"WP_005767998.1"
"lcl|NC_008783.1_cds_WP_011807436.1_1112",941.63355824011,0.437152608072634,0.271011084255696,0.0577578352132533,0.121898889291429,"WP_011807436.1"
"lcl|NC_008783.1_cds_WP_005768003.1_1113",120.327358575212,-0.690364213151443,0.289090536596424,0.00544982455838702,0.0190341955077588,"WP_005768003.1"
"lcl|NC_008783.1_cds_WP_011807437.1_1114",522.522389609289,-1.19364700313712,0.385980961101465,0.000139902727402678,0.000941163802527105,"WP_011807437.1"
"lcl|NC_008783.1_cds_WP_005768006.1_1115",1015.92490119507,-0.604737897301894,0.22657152870801,0.00322842398416208,0.0125326360565505,"WP_005768006.1"
"lcl|NC_008783.1_cds_WP_005768008.1_1116",128.794738292761,0.132158651175893,0.253350705537446,0.537611369142198,0.670089155241599,"WP_005768008.1"
"lcl|NC_008783.1_cds_WP_044051781.1_1117",407.500608383597,0.564079694854892,0.171877602265243,0.000525624887217712,0.00282881757484442,"WP_044051781.1"
"lcl|NC_008783.1_cds_WP_005768012.1_1118",1781.34697053988,0.310961384787539,0.225075653624996,0.111160571457995,0.204711811850553,"WP_005768012.1"
"lcl|NC_008783.1_cds_WP_005768014.1_1119",5852.18460261669,0.794175595386243,0.161332921826536,2.49219107913395e-07,4.61055349639781e-06,"WP_005768014.1"
"lcl|NC_008783.1_cds_WP_005768015.1_1120",1513.58800501815,0.448164951887516,0.198183492068576,0.0131189798737988,0.0392244246731762,"WP_005768015.1"
"lcl|NC_008783.1_cds_WP_005768019.1_1121",84.3868936716273,-0.661749403914851,0.348249950339166,0.0183471679532275,0.0507547823752837,"WP_005768019.1"
"lcl|NC_008783.1_cds_WP_005768021.1_1122",304.153792391515,-0.482375463306295,0.229883816490407,0.0183400318627154,0.0507547823752837,"WP_005768021.1"
"lcl|NC_008783.1_cds_WP_005768023.1_1123",1771.64569806316,-0.35900550542495,0.233699800818573,0.0768203233558297,0.153640646711659,"WP_005768023.1"
"lcl|NC_008783.1_cds_WP_005768025.1_1124",2123.64411630436,0.499817260228773,0.20797614650944,0.00834505150171451,0.0269224549810081,"WP_005768025.1"
"lcl|NC_008783.1_cds_WP_005768027.1_1125",356.181857795717,0.148988249747532,0.199708336202586,0.390414980869697,0.536254451681811,"WP_005768027.1"
"lcl|NC_008783.1_cds_WP_005768028.1_1126",342.89590301005,-0.483753258779203,0.217569793274926,0.013538462458614,0.0400738488774975,"WP_005768028.1"
"lcl|NC_008783.1_cds_WP_005768031.1_1127",2055.11012040125,0.124181872717028,0.186261968011724,0.445048097880308,0.58678947426535,"WP_005768031.1"
"lcl|NC_008783.1_cds_WP_011807439.1_1128",4610.92761273465,-0.981134839774612,0.327645805752466,0.00038408739710208,0.00215480290392916,"WP_011807439.1"
"lcl|NC_008783.1_cds_WP_005768036.1_1129",3431.3400132874,0.0501665538408941,0.285063550873267,0.831484453468982,0.887716494956965,"WP_005768036.1"
"lcl|NC_008783.1_cds_WP_005768038.1_1130",4314.58439405074,-0.374040905974215,0.151932654172579,0.00867462207663447,0.0277819904160888,"WP_005768038.1"
"lcl|NC_008783.1_cds_WP_005768040.1_1131",1133.0089538227,1.12890243722233,0.472013334297465,0.00129860168616251,0.00573710595677767,"WP_005768040.1"
"lcl|NC_008783.1_cds_WP_005768042.1_1132",318.671918038484,0.31329863388192,0.304904714573994,0.207420483417068,0.32832333203985,"WP_005768042.1"
"lcl|NC_008783.1_cds_WP_011807442.1_1133",496.228237726161,0.118024083628137,0.174252291639418,0.439001729789722,0.580109428650704,"WP_011807442.1"
"lcl|NC_008783.1_cds_WP_005768047.1_1134",44.6983016541153,0.201944547161788,0.275698626702004,0.378757078136416,0.525730809511743,"WP_005768047.1"
"lcl|NC_008783.1_cds_WP_005768049.1_1135",174.960496685565,0.275759694148387,0.222502130942494,0.151760634930753,0.257730531907034,"WP_005768049.1"
"lcl|NC_008783.1_cds_WP_005768052.1_1136",212.104552433979,-0.55138984515042,0.342531273634519,0.0445930843422615,0.0988730559199205,"WP_005768052.1"
"lcl|NC_008783.1_cds_WP_005768054.1_1137",856.353471435192,-0.0392322305663873,0.160039362922329,0.781750743174141,0.849167779741453,"WP_005768054.1"
"lcl|NC_008783.1_cds_WP_005768057.1_1138",440.468009468969,-0.269768735541032,0.177790448550642,0.0872472923736011,0.170463356716739,"WP_005768057.1"
"lcl|NC_008783.1_cds_WP_005768059.1_1139",927.534721849772,0.944310410689426,0.267355562646466,6.88037167284281e-05,0.000518876436983814,"WP_005768059.1"
"lcl|NC_008783.1_cds_WP_172952863.1_1140",503.169288316866,0.0385435835608693,0.148475504874044,0.769473802108454,0.841234516801856,"WP_172952863.1"
"lcl|NC_008783.1_cds_WP_005768063.1_1141",1018.71574554601,0.103914477073463,0.187418866654793,0.525948097987246,0.659663716119597,"WP_005768063.1"
"lcl|NC_008783.1_cds_WP_005768066.1_1142",297.526886278167,-0.36562918009659,0.286834440643927,0.125221060181919,0.224299145620865,"WP_005768066.1"
"lcl|NC_008783.1_cds_WP_005768069.1_1143",1306.13014843472,-0.805898391642815,0.343506487233414,0.00424948567809316,0.0155770620522053,"WP_005768069.1"
"lcl|NC_008783.1_cds_BARBAKC583_RS06315_1144",2670.94926153403,0.476468781961555,0.144724051845252,0.000607381285903342,0.0030997389763343,"BARBAKC583_RS06315"
"lcl|NC_008783.1_cds_WP_005768075.1_1145",1667.32256641661,0.0415060361020288,0.137996848233275,0.734002711931035,0.815504675417116,"WP_005768075.1"
"lcl|NC_008783.1_cds_WP_005768077.1_1146",485.434404985903,-0.679625677730984,0.343414490994271,0.0147161892088335,0.043022143267306,"WP_005768077.1"
"lcl|NC_008783.1_cds_WP_005768078.1_1147",426.638398137235,0.00980378045486117,0.166968096750039,0.947121253364978,0.969223477946529,"WP_005768078.1"
"lcl|NC_008783.1_cds_WP_005768080.1_1148",147.614791528463,-0.532790345869678,0.276109378158805,0.0242455396730656,0.062678425705043,"WP_005768080.1"
"lcl|NC_008783.1_cds_WP_005768082.1_1149",3501.52483235759,-1.30336228902615,0.378578682948869,3.00416114517807e-05,0.000259629693130718,"WP_005768082.1"
"lcl|NC_008783.1_cds_WP_035453288.1_1150",1381.05487900139,-0.589116997155015,0.285102444048827,0.0155719796961126,0.0449567246346929,"WP_035453288.1"
"lcl|NC_008783.1_cds_WP_005768086.1_1151",855.256239528285,-0.143031967138072,0.162952321279143,0.315513837133523,0.454722376989403,"WP_005768086.1"
"lcl|NC_008783.1_cds_WP_005768088.1_1152",121.722206472245,-0.621443654636821,0.299472185391633,0.0140255547485248,0.0413090965727695,"WP_005768088.1"
"lcl|NC_008783.1_cds_WP_005768090.1_1153",68.7911708106047,-0.836626576736823,0.241618665217621,0.00012773005169824,0.000869151616153543,"WP_005768090.1"
"lcl|NC_008783.1_cds_WP_005768092.1_1154",159.580693083732,-1.40426526966672,0.248448765554627,6.55879301510501e-10,2.35321543329828e-08,"WP_005768092.1"
"lcl|NC_008783.1_cds_WP_005768094.1_1155",782.944953019419,-0.743484382017956,0.181289633156604,1.37388146579829e-05,0.000134278892048406,"WP_005768094.1"
"lcl|NC_008783.1_cds_WP_005768096.1_1156",696.77434602861,-0.020408203632968,0.19860703634279,0.906599996798279,0.939942553598215,"WP_005768096.1"
"lcl|NC_008783.1_cds_WP_005768098.1_1157",304.465923270231,-0.154874760813392,0.268576054329778,0.490770612854331,0.630914664082006,"WP_005768098.1"
"lcl|NC_008783.1_cds_WP_005768100.1_1158",927.494640427788,-0.207834169128198,0.33514807483926,0.431605593191804,0.572893522801677,"WP_005768100.1"
"lcl|NC_008783.1_cds_WP_005768101.1_1159",299.531320128848,-0.220053036998366,0.337174006065227,0.407001337065693,0.553260141315477,"WP_005768101.1"
"lcl|NC_008783.1_cds_WP_005768102.1_1160",170.104936158579,-0.0781754898627091,0.234371903700425,0.697456576557704,0.790985236249351,"WP_005768102.1"
"lcl|NC_008783.1_cds_WP_035453351.1_1161",156.723737254747,-1.24021344682966,0.431477433259786,0.00024120127857155,0.00150306480962482,"WP_035453351.1"
"lcl|NC_008783.1_cds_WP_005768104.1_1162",565.922051448218,0.262753516642647,0.153406717746681,0.0571589200678205,0.121066478283183,"WP_005768104.1"
"lcl|NC_008783.1_cds_WP_005768105.1_1163",1481.17858613581,0.802862422958672,0.211542658733322,4.02819983945613e-05,0.000328923352408004,"WP_005768105.1"
"lcl|NC_008783.1_cds_WP_005768106.1_1164",584.619338410071,0.10466174215422,0.250700947682662,0.622668629246137,0.736503153873553,"WP_005768106.1"
"lcl|NC_008783.1_cds_WP_005768107.1_1165",170.460284056953,0.193551601863882,0.3255306772468,0.455163394762707,0.595484485523807,"WP_005768107.1"
"lcl|NC_008783.1_cds_WP_005768108.1_1166",386.394904825344,0.00651202163506879,0.219332381162629,0.972684948877117,0.983856538950476,"WP_005768108.1"
"lcl|NC_008783.1_cds_WP_005768109.1_1167",1819.83984551059,0.174662571718882,0.161240628356236,0.216099626712363,0.338890010632368,"WP_005768109.1"
"lcl|NC_008783.1_cds_WP_005768110.1_1168",1128.82627288326,-0.0989271776565509,0.193263152694373,0.557742201195715,0.687877902898723,"WP_005768110.1"
"lcl|NC_008783.1_cds_WP_005768111.1_1169",221.341943228396,-0.215342710505229,0.223936491149465,0.263496130774431,0.394910656755602,"WP_005768111.1"
"lcl|NC_008783.1_cds_WP_005768112.1_1170",348.588948160568,0.0427500922283089,0.183645492109362,0.791338429982636,0.855225483640794,"WP_005768112.1"
"lcl|NC_008783.1_cds_WP_005768114.1_1171",1102.49103171786,0.529632926318998,0.219666225232466,0.00769988189759425,0.0251510416473229,"WP_005768114.1"
"lcl|NC_008783.1_cds_WP_005768116.1_1172",28607.2718924802,0.609186625848141,0.259947351415152,0.00760614218244625,0.0249696537900265,"WP_005768116.1"
"lcl|NC_008783.1_cds_WP_011807449.1_1173",1481.83526317321,0.509701685802254,0.224240392567804,0.0113901502254454,0.0353035022694435,"WP_011807449.1"
"lcl|NC_008783.1_cds_WP_005768120.1_1174",1195.08858421288,0.988066991266048,0.235542563351586,4.04379439693878e-06,5.07361371724804e-05,"WP_005768120.1"
"lcl|NC_008783.1_cds_WP_011807451.1_1175",1145.87276868607,0.184462265600112,0.150650307210927,0.163481798468842,0.271476086096928,"WP_011807451.1"
"lcl|NC_008783.1_cds_WP_005768122.1_1176",3167.23820963576,0.992672817779367,0.191952894110078,3.45429769485368e-08,7.86517013597453e-07,"WP_005768122.1"
"lcl|NC_008783.1_cds_BARBAKC583_RS06490_1177",663.07761957053,0.52116430154426,0.188833572231591,0.0030060733015859,0.0117853999638335,"BARBAKC583_RS06490"
"lcl|NC_008783.1_cds_WP_005768124.1_1178",309.676808315965,0.0776378024951472,0.274839269742501,0.734788749325723,0.815504675417116,"WP_005768124.1"
"lcl|NC_008783.1_cds_WP_005768125.1_1179",202.185645987111,-0.445128296027141,0.303221597527396,0.0752875160512239,0.151599352048723,"WP_005768125.1"
"lcl|NC_008783.1_cds_WP_005768126.1_1180",852.256274131009,0.54238985100298,0.170605826731711,0.000780228041257887,0.00384912500353891,"WP_005768126.1"
"lcl|NC_008783.1_cds_WP_005768127.1_1181",231.359896700055,0.57875124361775,0.166994197223172,0.000265548474147198,0.00162066697623857,"WP_005768127.1"
"lcl|NC_008783.1_cds_WP_005768128.1_1182",626.970221955932,0.361313337432476,0.167880393339869,0.0192760465460042,0.0522261764541624,"WP_005768128.1"
"lcl|NC_008783.1_cds_WP_005768129.1_1183",5522.549359252,0.508962889282077,0.277962181978886,0.0316805184466167,0.0765504772261106,"WP_005768129.1"
"lcl|NC_008783.1_cds_WP_005768130.1_1184",2098.71427948802,-0.0503332750396899,0.151952372190865,0.707964803982362,0.794531116507219,"WP_005768130.1"
"lcl|NC_008783.1_cds_WP_005768131.1_1185",2373.04312953054,-0.760323791551412,0.161290228319271,7.84810224274822e-07,1.25569635883972e-05,"WP_005768131.1"
"lcl|NC_008783.1_cds_WP_005768133.1_1186",1900.38182421727,0.0672644411266593,0.253976167044487,0.754619927767376,0.828821887269549,"WP_005768133.1"
"lcl|NC_008783.1_cds_WP_005768147.1_1187",930.411776871805,-1.59494198152754,0.317601358684115,1.46444885551406e-08,4.01872840362347e-07,"WP_005768147.1"
"lcl|NC_008783.1_cds_WP_005768149.1_1188",3204.89806705485,-0.204895311988325,0.168763698746502,0.166714884991228,0.275300451645208,"WP_005768149.1"
"lcl|NC_008783.1_cds_WP_005768151.1_1189",352.983622085345,-0.342044593808306,0.238670593461686,0.0966193292301861,0.183623251699102,"WP_005768151.1"
"lcl|NC_008783.1_cds_WP_005768153.1_1190",345.81180824557,-0.551135267349347,0.24065821494682,0.00999229313414639,0.0313816314876109,"WP_005768153.1"
"lcl|NC_008783.1_cds_WP_080512682.1_1191",563.344160810577,-0.184061113023983,0.211609616230787,0.314253769958553,0.454305816399179,"WP_080512682.1"
"lcl|NC_008783.1_cds_WP_005768156.1_1192",134.290727157788,-1.45594035013948,0.342492150676746,7.74197733554223e-07,1.25568509113452e-05,"WP_005768156.1"
"lcl|NC_008783.1_cds_WP_005768157.1_1193",1445.72647257951,-0.00315241389027597,0.185641668363866,0.984613763712633,0.992155486158092,"WP_005768157.1"
"lcl|NC_008783.1_cds_WP_005768158.1_1194",1098.53852527913,0.686333690647043,0.338823783627227,0.0130310022243073,0.0392244246731762,"WP_005768158.1"
"lcl|NC_008783.1_cds_WP_005768160.1_1195",2339.38826149499,-0.0525553811639323,0.16381737326173,0.716397947893314,0.801715661914635,"WP_005768160.1"
"lcl|NC_008783.1_cds_WP_005768163.1_1196",842.408875500265,0.131084640783167,0.215839082778972,0.482150568091148,0.621858684771154,"WP_005768163.1"
"lcl|NC_008783.1_cds_WP_005768164.1_1197",325.234699161516,-0.217076877780496,0.256035354701732,0.315145571791881,0.454722376989403,"WP_005768164.1"
"lcl|NC_008783.1_cds_WP_005768165.1_1198",518.221261434431,-0.238646228459575,0.209889215629283,0.189851338626085,0.30541302300718,"WP_005768165.1"
"lcl|NC_008783.1_cds_WP_005768166.1_1199",508.512610064395,0.00988527215742366,0.15646187871193,0.943221626049323,0.967742118927555,"WP_005768166.1"
"lcl|NC_008783.1_cds_WP_005768168.1_1200",462.658876649516,0.375204393469296,0.270573123706644,0.10038188563513,0.189255020050946,"WP_005768168.1"
"lcl|NC_008783.1_cds_WP_005768170.1_1201",457.614134164371,-1.18903070070147,0.32792740614066,2.1311180954946e-05,0.00018690695000486,"WP_005768170.1"
"lcl|NC_008783.1_cds_WP_005768172.1_1202",1492.06810565919,-0.912939685050094,0.273473454087878,0.000154038171162762,0.00103040222969893,"WP_005768172.1"
"lcl|NC_008783.1_cds_WP_005768174.1_1203",1193.36331655249,-0.596433272064007,0.238018559249597,0.00515446498652221,0.0182721154013243,"WP_005768174.1"
"lcl|NC_008783.1_cds_WP_005768178.1_1204",1156.50775563469,-0.73403127687217,0.246970905166253,0.000922117684340654,0.00438468810545917,"WP_005768178.1"
"lcl|NC_008783.1_cds_WP_005768181.1_1205",587.044671258805,-0.564638018452792,0.347755980337522,0.0419062627802456,0.0954173367919438,"WP_005768181.1"
"lcl|NC_008783.1_cds_WP_035453280.1_1206",954.171039332336,-0.280790444639465,0.311479794185105,0.265088249407439,0.396794547785598,"WP_035453280.1"
"lcl|NC_008783.1_cds_WP_005768183.1_1207",1029.52376509168,-0.326026405914046,0.275650061308493,0.157365773957664,0.263910873039481,"WP_005768183.1"
"lcl|NC_008783.1_cds_WP_005768184.1_1208",368.254504924498,-0.406085315627357,0.273056367457035,0.0784806289712193,0.156169856641888,"WP_005768184.1"
"lcl|NC_008783.1_cds_WP_005768187.1_1209",210.370374051605,-0.216598605206499,0.240110006412834,0.289973521983938,0.42543822804087,"WP_005768187.1"
"lcl|NC_008783.1_cds_WP_005768189.1_1210",254.862015531175,0.221185563714585,0.20887274883437,0.221646227883376,0.344176880109939,"WP_005768189.1"
"lcl|NC_008783.1_cds_WP_005768191.1_1211",802.894030084022,0.554535329900248,0.184783266327799,0.00135150973415894,0.00590475101566122,"WP_005768191.1"
"lcl|NC_008783.1_cds_WP_005768193.1_1212",941.785509300135,0.634336991818839,0.210240429734187,0.00105930562133731,0.00493786557347787,"WP_005768193.1"
"lcl|NC_008783.1_cds_WP_011807453.1_1213",374.797035760804,0.378870965697381,0.22931585289308,0.058778191011532,0.123392514463925,"WP_011807453.1"
"lcl|NC_008783.1_cds_WP_104408433.1_1214",501.013755283794,0.599728564543947,0.181593988253422,0.000449895085108754,0.00245472710031689,"WP_104408433.1"
"lcl|NC_008783.1_cds_WP_005768203.1_1215",447.394037731437,0.545778756632163,0.158104153593519,0.000300756603187304,0.00178942622197873,"WP_005768203.1"
"lcl|NC_008783.1_cds_WP_005768206.1_1216",87.8059378928552,-0.191177082807739,0.294641141218933,0.42846843973384,0.571291252978453,"WP_005768206.1"
