"","baseMean","log2FoldChange","lfcSE","pvalue","padj","wp"
"lcl|NC_008783.1_cds_WP_005765660.1_1",35957.3698302177,1.12824393792933,0.20128446384146,4.76070488930292e-09,6.4844083837057e-08,"WP_005765660.1"
"lcl|NC_008783.1_cds_WP_005765663.1_2",702.315298876949,-0.394968180160717,0.305078288654742,0.104534965802266,0.17849270097361,"WP_005765663.1"
"lcl|NC_008783.1_cds_WP_005765665.1_3",1688.39777261204,-0.575659059319938,0.131496939121281,8.02218170323026e-06,4.63721235040383e-05,"WP_005765665.1"
"lcl|NC_008783.1_cds_WP_005765667.1_4",290.56158226425,-0.181315736376026,0.196015521781937,0.241095813566831,0.350120758672421,"WP_005765667.1"
"lcl|NC_008783.1_cds_WP_005765670.1_5",220.264391803057,-0.498257710438353,0.262761929005805,0.0257414307692162,0.0556634953677394,"WP_005765670.1"
"lcl|NC_008783.1_cds_WP_005765671.1_6",230.694418289348,-0.508583287521058,0.265124737282196,0.0242877930536267,0.0530037472717267,"WP_005765671.1"
"lcl|NC_008783.1_cds_WP_005765673.1_7",263.928558471779,-0.239581003784903,0.284656949970264,0.284981224444031,0.39823437613936,"WP_005765673.1"
"lcl|NC_008783.1_cds_WP_011807237.1_8",324.093249254818,-0.384537470437964,0.267776156131037,0.0773224483325405,0.139250913790365,"WP_011807237.1"
"lcl|NC_008783.1_cds_WP_011807238.1_9",5115.38173386373,-0.18899388850536,0.233893579548652,0.30761629701017,0.422450285426467,"WP_011807238.1"
"lcl|NC_008783.1_cds_WP_005765686.1_10",1368.43089548827,-0.681216851577504,0.284127416733928,0.00643919050900242,0.0172244712261126,"WP_005765686.1"
"lcl|NC_008783.1_cds_WP_005765688.1_11",1282.14124307072,-0.42972755717787,0.147588579567736,0.00195374291190168,0.00609259302790392,"WP_005765688.1"
"lcl|NC_008783.1_cds_WP_005765690.1_12",460.404532490231,-0.452437847513981,0.246343942571478,0.0303223839455895,0.0640499553930901,"WP_005765690.1"
"lcl|NC_008783.1_cds_WP_005765692.1_13",1230.67199793172,0.550051539736554,0.124824978231038,7.2570596488325e-06,4.29980784193326e-05,"WP_005765692.1"
"lcl|NC_008783.1_cds_WP_005765693.1_14",1164.80680064311,0.0850006542620192,0.0930704683499844,0.238482186892056,0.347603187536391,"WP_005765693.1"
"lcl|NC_008783.1_cds_WP_005765696.1_15",300.025179910252,-0.441349948789919,0.219555345187394,0.0202843178615637,0.0462248397422172,"WP_005765696.1"
"lcl|NC_008783.1_cds_WP_005765698.1_16",679.124841767849,0.207623498298194,0.333560130869398,0.421692305578013,0.539056507130469,"WP_005765698.1"
"lcl|NC_008783.1_cds_WP_005765700.1_17",1316.38520517238,0.0799256302784918,0.211276960821972,0.638594901725012,0.734694134508873,"WP_005765700.1"
"lcl|NC_008783.1_cds_WP_005765702.1_18",1376.71913923722,0.132886958038462,0.187618407091111,0.370687390758883,0.487681687633442,"WP_005765702.1"
"lcl|NC_008783.1_cds_WP_005765704.1_19",684.85423324983,0.55331339221592,0.181467035282649,0.00123322466579555,0.00406426246259079,"WP_005765704.1"
"lcl|NC_008783.1_cds_WP_005765706.1_20",1521.20424151551,-0.174790773676629,0.124366666604792,0.0767343863865498,0.139249996735163,"WP_005765706.1"
"lcl|NC_008783.1_cds_WP_005765708.1_21",643.59321210499,-0.887253336014978,0.20332059028027,4.98863161403252e-06,3.04965143463611e-05,"WP_005765708.1"
"lcl|NC_008783.1_cds_WP_005765710.1_22",1849.90490213534,-0.251221160897881,0.152852472293481,0.045987959545188,0.091098106339207,"WP_005765710.1"
"lcl|NC_008783.1_cds_WP_005765712.1_23",5567.12140790368,-0.231842110424132,0.231104130088034,0.205785474149476,0.310061025319615,"WP_005765712.1"
"lcl|NC_008783.1_cds_WP_005765714.1_24",4387.8599157772,-0.0995811462045417,0.16231284891901,0.437949411642656,0.556834820597154,"WP_005765714.1"
"lcl|NC_008783.1_cds_WP_005765715.1_25",7649.09397316331,-0.0764798984107078,0.163237930973303,0.557260434621561,0.6690512816885,"WP_005765715.1"
"lcl|NC_008783.1_cds_WP_005765716.1_26",3510.14976320912,0.0303915728610932,0.245249092130813,0.878111324786985,0.923261096612643,"WP_005765716.1"
"lcl|NC_008783.1_cds_WP_005765717.1_27",4073.96947815343,-0.0918023421779044,0.205694482755744,0.578284128274949,0.68389889421738,"WP_005765717.1"
"lcl|NC_008783.1_cds_WP_005765729.1_28",1778.72666486976,-0.0894447586158613,0.179331361511819,0.532435858895117,0.645377645545597,"WP_005765729.1"
"lcl|NC_008783.1_cds_WP_005765731.1_29",471.683857965012,-0.205792083580989,0.236960552803875,0.272625818687102,0.384139827757688,"WP_005765731.1"
"lcl|NC_008783.1_cds_WP_005765733.1_30",1091.12310787155,-0.968238316156949,0.336020917422999,0.0010221888240311,0.00344117544453652,"WP_005765733.1"
"lcl|NC_008783.1_cds_WP_005765735.1_31",65.0961256109228,-0.944198491287565,0.463613574996854,0.00869698672085871,0.0224041940526469,"WP_005765735.1"
"lcl|NC_008783.1_cds_WP_011807240.1_32",418.835280791376,-1.3236676176431,0.416966789995826,0.000161373095368754,0.000700465633743494,"WP_011807240.1"
"lcl|NC_008783.1_cds_WP_005765739.1_33",99.3014177888665,-0.925444081686552,0.38663451022502,0.00409956520246405,0.0118199142698781,"WP_005765739.1"
"lcl|NC_008783.1_cds_WP_005765740.1_34",44.7556431358304,-0.696151333891033,0.46797446398354,0.0451752771675026,0.0901135588209149,"WP_005765740.1"
"lcl|NC_008783.1_cds_WP_005765741.1_35",123.017132203162,-1.30164005654231,0.461071299427197,0.000487054178469427,0.00178687059283675,"WP_005765741.1"
"lcl|NC_008783.1_cds_WP_005765743.1_36",2743.68986863234,2.28888368449026,0.297659641882895,1.4830314541802e-16,1.17159484880236e-14,"WP_005765743.1"
"lcl|NC_008783.1_cds_WP_005765745.1_37",260.403277399914,0.435492593661069,0.293135705134543,0.0674010844662613,0.125978367653817,"WP_005765745.1"
"lcl|NC_008783.1_cds_WP_005765747.1_38",203.201337862985,-0.089683513416776,0.157340970530403,0.471790332617236,0.590360659082813,"WP_005765747.1"
"lcl|NC_008783.1_cds_WP_005765749.1_39",2428.10281401198,0.572679356481221,0.361726265266506,0.0473212494508651,0.0931489710951414,"WP_005765749.1"
"lcl|NC_008783.1_cds_WP_005765751.1_40",1826.6563879567,0.013704851895032,0.121691575142232,0.888766462641425,0.930378319991245,"WP_005765751.1"
"lcl|NC_008783.1_cds_WP_005765753.1_41",363.050042892301,-0.692703309478967,0.215187822116066,0.000615394523017979,0.00220314957636346,"WP_005765753.1"
"lcl|NC_008783.1_cds_WP_005765755.1_42",742.346525582695,0.0845670250617862,0.164066250959558,0.517295894085595,0.632606433943684,"WP_005765755.1"
"lcl|NC_008783.1_cds_WP_005765757.1_43",1571.84734242298,0.269079860454566,0.172225578430417,0.0568207100269536,0.108776318872278,"WP_005765757.1"
"lcl|NC_008783.1_cds_WP_035453345.1_44",2188.15137552808,-0.138081992819829,0.228789158876927,0.448710565198822,0.568126567307386,"WP_035453345.1"
"lcl|NC_008783.1_cds_WP_005765763.1_45",496.024557213737,-0.892656492393768,0.355451082242523,0.00329737665425342,0.00971987894350822,"WP_005765763.1"
"lcl|NC_008783.1_cds_WP_005765764.1_46",515.812129169989,-1.40904202977642,0.355991309749401,7.34132660646205e-06,4.32809553664554e-05,"WP_005765764.1"
"lcl|NC_008783.1_cds_WP_005765766.1_47",413.531183011154,-1.22710049076006,0.328118062068305,2.93181173306213e-05,0.000147379879396328,"WP_005765766.1"
"lcl|NC_008783.1_cds_WP_005765768.1_48",362.834149150215,0.0410289831987968,0.261223540919539,0.845150759159375,0.898209551214224,"WP_005765768.1"
"lcl|NC_008783.1_cds_WP_005765769.1_49",73.7788248387866,-0.464880017024684,0.28187732825233,0.0460487474237848,0.091098106339207,"WP_005765769.1"
"lcl|NC_008783.1_cds_WP_005765771.1_50",368.706491091319,0.33267102747705,0.285888484945965,0.143042955557577,0.228444612312303,"WP_005765771.1"
"lcl|NC_008783.1_cds_WP_005765773.1_51",566.86262053119,-0.315154838664295,0.16871157436063,0.0279891307123592,0.0598684474623567,"WP_005765773.1"
"lcl|NC_008783.1_cds_WP_005765774.1_52",53.0655228276205,-0.908670775717979,0.332835307440247,0.00178946208098112,0.00563966107968785,"WP_005765774.1"
"lcl|NC_008783.1_cds_WP_005765777.1_53",560.294435571249,-0.775048072694719,0.268199009090813,0.00148152738793775,0.00478367835069817,"WP_005765777.1"
"lcl|NC_008783.1_cds_WP_005765779.1_54",1001.23976317632,-0.38091084815494,0.146423835426235,0.00457508798852525,0.0128776229605758,"WP_005765779.1"
"lcl|NC_008783.1_cds_WP_005765781.1_55",132.572965486837,-0.886765973155785,0.286731668615743,0.000649113117042946,0.00230299114879009,"WP_005765781.1"
"lcl|NC_008783.1_cds_WP_005765783.1_56",342.828954248714,1.0172365975689,0.1931229155338,4.13442646784212e-08,4.3743708610651e-07,"WP_005765783.1"
"lcl|NC_008783.1_cds_WP_414945798.1_57",37.0134965749945,0.343372118800989,0.40697468973436,0.257248698473131,0.367877488375543,"WP_414945798.1"
"lcl|NC_008783.1_cds_WP_005765787.1_58",67.4288860571292,-1.56096345597176,0.369548221282312,1.52852265184825e-06,1.09775717723647e-05,"WP_005765787.1"
"lcl|NC_008783.1_cds_WP_005765789.1_59",197.461630919419,-1.25381099285241,0.300610574868913,4.70035353896568e-06,2.90099944983038e-05,"WP_005765789.1"
"lcl|NC_008783.1_cds_WP_005765791.1_60",1631.74715384913,-0.978311753850363,0.172202554120506,4.4052877347265e-09,6.28947706704927e-08,"WP_005765791.1"
"lcl|NC_008783.1_cds_WP_005765792.1_61",588.332027815416,-1.09031777130937,0.238198132530353,1.1525173352543e-06,8.53583151422715e-06,"WP_005765792.1"
"lcl|NC_008783.1_cds_WP_005765794.1_62",476.511315228265,-0.474774893833395,0.108270812555891,8.60474513933385e-06,4.94981698549059e-05,"WP_005765794.1"
"lcl|NC_008783.1_cds_WP_005765796.1_63",21204.9089426116,0.370686994767864,0.185811500971045,0.0210838967543313,0.0474087621515799,"WP_005765796.1"
"lcl|NC_008783.1_cds_WP_005765797.1_64",286.668722074627,-0.113847835203482,0.170357455841505,0.397603412125514,0.516057002594451,"WP_005765797.1"
"lcl|NC_008783.1_cds_WP_005765799.1_65",1161.19162022977,-0.0129415573749639,0.294868800112325,0.955979825413743,0.964981925466545,"WP_005765799.1"
"lcl|NC_008783.1_cds_WP_005765801.1_66",655.445199359427,-0.534019159400214,0.373789008756996,0.0683839984332485,0.127213560664677,"WP_005765801.1"
"lcl|NC_008783.1_cds_WP_005765802.1_67",58.4612664176045,-0.251716538090431,0.343529231017983,0.341840988915252,0.4597974709019,"WP_005765802.1"
"lcl|NC_008783.1_cds_WP_011807246.1_68",6258.42706784307,2.04172298399812,0.405950468351812,8.02866889533488e-09,1.01212474903956e-07,"WP_011807246.1"
"lcl|NC_008783.1_cds_WP_005765806.1_69",1278.7283586866,1.62909697750153,0.217160029941888,3.88217680869046e-15,2.19065691347533e-13,"WP_005765806.1"
"lcl|NC_008783.1_cds_WP_005765808.1_70",1068.58356242464,-0.149640149825992,0.217017997024184,0.385234693711467,0.502203643617259,"WP_005765808.1"
"lcl|NC_008783.1_cds_WP_005765810.1_71",1116.45623831284,-0.0668252291941148,0.161417920504852,0.605145819524014,0.70580491745665,"WP_005765810.1"
"lcl|NC_008783.1_cds_WP_005765812.1_72",170.624941307241,-2.11805217208612,0.379524579265893,3.32379309372148e-10,5.91494197334348e-09,"WP_005765812.1"
"lcl|NC_008783.1_cds_WP_005765814.1_73",666.995210573056,0.282588951130259,0.270548548643484,0.187344433295763,0.28719683500062,"WP_005765814.1"
"lcl|NC_008783.1_cds_WP_005765816.1_74",433.168284414724,-0.207836275273758,0.265661568623413,0.322114836116386,0.438238898734693,"WP_005765816.1"
"lcl|NC_008783.1_cds_WP_005765818.1_75",366.601228416199,0.334785222356985,0.29405130475837,0.15061465178307,0.238926857246235,"WP_005765818.1"
"lcl|NC_008783.1_cds_WP_005765820.1_76",1300.32809503981,-1.36121541549126,0.268662876746328,4.90170934649119e-08,5.00734963413109e-07,"WP_005765820.1"
"lcl|NC_008783.1_cds_WP_005765822.1_77",1664.05114175487,0.494745350819911,0.285787850264167,0.0375119827700194,0.0771730895529044,"WP_005765822.1"
"lcl|NC_008783.1_cds_WP_005765824.1_78",1181.59747536422,0.00906957284348932,0.173958492004357,0.948896070523004,0.961061404760478,"WP_005765824.1"
"lcl|NC_008783.1_cds_WP_005765825.1_79",74.2981592467403,0.0736911759942698,0.260572878686819,0.724403511807028,0.809039543471011,"WP_005765825.1"
"lcl|NC_008783.1_cds_WP_005765827.1_80",765.906664880563,0.261574343495942,0.174877470631255,0.0663787747275222,0.12465744540747,"WP_005765827.1"
"lcl|NC_008783.1_cds_WP_005765829.1_81",5821.44209661095,1.52961146383947,0.2195055935201,2.5750435112762e-13,9.84331148665259e-12,"WP_005765829.1"
"lcl|NC_008783.1_cds_WP_011807247.1_82",143.532152407402,0.904121198023732,0.240280311792508,6.01549670224293e-05,0.000279543670280701,"WP_011807247.1"
"lcl|NC_008783.1_cds_WP_005765833.1_83",103.88918231445,0.760401033163757,0.293257524760407,0.00345151636796747,0.010074007133107,"WP_005765833.1"
"lcl|NC_008783.1_cds_WP_011807248.1_84",789.558258031556,-0.289211173312603,0.333057499355826,0.262821251738291,0.37343307351304,"WP_011807248.1"
"lcl|NC_008783.1_cds_WP_005765837.1_85",424.362186689958,-1.46833611918411,0.360052505597569,3.75422810695693e-06,2.40473530094268e-05,"WP_005765837.1"
"lcl|NC_008783.1_cds_WP_005765839.1_86",278.213918446002,-1.55254048708338,0.314693048258706,5.6135637602246e-08,5.6373500473442e-07,"WP_005765839.1"
"lcl|NC_008783.1_cds_WP_005765841.1_87",2115.04421727756,-1.63393437782401,0.282997294097666,4.4608398316844e-10,7.55156457220859e-09,"WP_005765841.1"
"lcl|NC_008783.1_cds_WP_005765843.1_88",745.337832994239,-0.952467969165536,0.335207073823192,0.001189078021491,0.00394693965116759,"WP_005765843.1"
"lcl|NC_008783.1_cds_WP_044051782.1_89",771.047889339922,1.15923628006994,0.179868882313069,2.48111728405145e-11,6.00025302367544e-10,"WP_044051782.1"
"lcl|NC_008783.1_cds_WP_005765846.1_90",1835.50298693473,0.172292371236105,0.232217850812725,0.349463731163429,0.467482047798336,"WP_005765846.1"
"lcl|NC_008783.1_cds_WP_005765847.1_91",438.766062602668,0.200503496006808,0.217200753125306,0.243326846391846,0.352066316207982,"WP_005765847.1"
"lcl|NC_008783.1_cds_WP_005765848.1_92",191.54409812666,-0.404736149230457,0.297613305790018,0.0903491241453134,0.158848237555188,"WP_005765848.1"
"lcl|NC_008783.1_cds_WP_005765849.1_93",3839.49367351579,1.02168333738428,0.19105314300429,2.63716747782375e-08,2.94815420869919e-07,"WP_005765849.1"
"lcl|NC_008783.1_cds_WP_005765850.1_94",1880.65049030921,0.113881267401875,0.178359656101733,0.420432070634118,0.53802592192379,"WP_005765850.1"
"lcl|NC_008783.1_cds_WP_005765851.1_95",68.469043670677,-0.558713379731656,0.227157676550391,0.00632503082586298,0.0169573790240897,"WP_005765851.1"
"lcl|NC_008783.1_cds_WP_005765852.1_96",819.072337742454,-0.0143835345199817,0.222581004184879,0.936573453933672,0.955934145487857,"WP_005765852.1"
"lcl|NC_008783.1_cds_WP_005765853.1_97",460.196377027284,-0.0825193296358176,0.216299486078005,0.635625666043825,0.733474715640836,"WP_005765853.1"
"lcl|NC_008783.1_cds_WP_005765854.1_98",2436.13737575653,0.203721696146205,0.178768141079944,0.149768342538384,0.23822212873555,"WP_005765854.1"
"lcl|NC_008783.1_cds_WP_005765855.1_99",155.862818736979,0.984926015959761,0.246562015227033,1.97948753053989e-05,0.000103334481219814,"WP_005765855.1"
"lcl|NC_008783.1_cds_WP_005765856.1_100",1955.21198073766,0.0476022675396525,0.123575137212845,0.628178113729861,0.726944399189341,"WP_005765856.1"
"lcl|NC_008783.1_cds_WP_005765857.1_101",167.985271463721,-0.290605543750527,0.266795136728425,0.170109469133805,0.264952866285825,"WP_005765857.1"
"lcl|NC_008783.1_cds_WP_005765858.1_102",713.74300811384,1.06576646848349,0.24691174018502,4.07526341127306e-06,2.59633717331106e-05,"WP_005765858.1"
"lcl|NC_008783.1_cds_WP_011807252.1_103",298.783232309721,-0.791572629895119,0.256264291867002,0.000791019947277911,0.00272487976024513,"WP_011807252.1"
"lcl|NC_008783.1_cds_WP_005765864.1_104",67.9869127519299,-1.00816329174233,0.35081482626219,0.000950412177347011,0.00322704421248197,"WP_005765864.1"
"lcl|NC_008783.1_cds_WP_005765868.1_105",1124.63123965509,-0.756928316348976,0.287157912183194,0.00309802013215398,0.00920088685865278,"WP_005765868.1"
"lcl|NC_008783.1_cds_WP_005765870.1_106",3072.90737149614,-1.1167162073233,0.360576066618208,0.000369759995137234,0.00141343740076652,"WP_005765870.1"
"lcl|NC_008783.1_cds_WP_005765871.1_107",925.693531265113,-1.195841263476,0.318560680908313,3.02655450104415e-05,0.000151327725052208,"WP_005765871.1"
"lcl|NC_008783.1_cds_WP_005765873.1_108",2935.7649554996,-1.26706007404305,0.348459554094037,3.87744134423114e-05,0.000188310163644012,"WP_005765873.1"
"lcl|NC_008783.1_cds_WP_005765875.1_109",298.050883792071,-1.28100326846984,0.323657637180826,1.06361310053164e-05,5.91728415084505e-05,"WP_005765875.1"
"lcl|NC_008783.1_cds_WP_011807254.1_110",198.1670915459,-1.21148242382214,0.417362759078014,0.000509008850870522,0.00186165274160978,"WP_011807254.1"
"lcl|NC_008783.1_cds_WP_005765879.1_111",731.243446852408,-1.23516365750755,0.283830057014176,2.23167730017654e-06,1.4940890399487e-05,"WP_005765879.1"
"lcl|NC_008783.1_cds_WP_005765881.1_112",992.301657594457,-0.012985394663794,0.100350103942066,0.871748068257995,0.918256574602238,"WP_005765881.1"
"lcl|NC_008783.1_cds_WP_005765883.1_113",266.785831845091,-0.159163212084235,0.197563097470106,0.307867623271086,0.422450285426467,"WP_005765883.1"
"lcl|NC_008783.1_cds_WP_005765885.1_114",159.383208125532,0.328345413636355,0.259165419184647,0.114558635780541,0.191469652186094,"WP_005765885.1"
"lcl|NC_008783.1_cds_WP_005765887.1_115",458.032855269444,-0.529133559200248,0.294503883701889,0.0314437962773688,0.066065423029578,"WP_005765887.1"
"lcl|NC_008783.1_cds_WP_005765889.1_116",4215.54693900037,1.19245516831283,0.179130593037844,5.52606808676905e-12,1.48827060973212e-10,"WP_005765889.1"
"lcl|NC_008783.1_cds_WP_005765891.1_117",255.675992689516,0.0600266539106321,0.127707998320795,0.552705924372612,0.666180104124256,"WP_005765891.1"
"lcl|NC_008783.1_cds_WP_005765893.1_118",3389.99306371984,0.0215024901512457,0.115837348506067,0.817040729365378,0.87382063564799,"WP_005765893.1"
"lcl|NC_008783.1_cds_WP_011807258.1_119",437.008888191981,-0.771670288825602,0.444733392512557,0.0241309130677635,0.052758546098339,"WP_011807258.1"
"lcl|NC_008783.1_cds_WP_462677150.1_120",511.46962932194,-0.533092579322272,0.406918547655959,0.0860530092878804,0.151787574704689,"WP_462677150.1"
"lcl|NC_008783.1_cds_WP_005765897.1_121",190.316979593224,-0.541807939968649,0.263705580621,0.0172405375565521,0.0402433156773628,"WP_005765897.1"
"lcl|NC_008783.1_cds_WP_005765899.1_122",3355.6870205597,1.66811601077102,0.309577567099946,3.62765277642945e-09,5.44147916464418e-08,"WP_005765899.1"
"lcl|NC_008783.1_cds_WP_035453254.1_123",1021.64136206304,0.531258766246555,0.208677679779972,0.00516607788375968,0.0143704279160921,"WP_035453254.1"
"lcl|NC_008783.1_cds_WP_005765903.1_124",131.930929979519,-0.282892051991127,0.363511124835067,0.308014385323601,0.422450285426467,"WP_005765903.1"
"lcl|NC_008783.1_cds_WP_005765907.1_125",123.003010076437,-0.667259057728103,0.27244390302124,0.00576642654454223,0.0157810980491514,"WP_005765907.1"
"lcl|NC_008783.1_cds_WP_005765909.1_126",606.61061615648,0.3595417357539,0.307951389608971,0.139701841404918,0.224014454756195,"WP_005765909.1"
"lcl|NC_008783.1_cds_WP_005765911.1_127",539.282547757884,0.610861922521939,0.294905876054327,0.0154361248006501,0.0368044424321335,"WP_005765911.1"
"lcl|NC_008783.1_cds_WP_011807262.1_128",2074.82995764754,-0.62034416549193,0.182782798244682,0.000378938861560222,0.00143923894534892,"WP_011807262.1"
"lcl|NC_008783.1_cds_WP_005765915.1_129",1181.0909984964,-0.158290217397049,0.203522465277746,0.325596743269069,0.441961215090317,"WP_005765915.1"
"lcl|NC_008783.1_cds_WP_005765917.1_130",583.862255713183,0.996090739185855,0.257782411276394,3.2757396651197e-05,0.000162416380885642,"WP_005765917.1"
"lcl|NC_008783.1_cds_WP_005765918.1_131",564.202771643367,0.931918577224561,0.274036561464712,0.000213711501188834,0.000891718763763269,"WP_005765918.1"
"lcl|NC_008783.1_cds_WP_005765923.1_132",2197.55599217563,0.786399259447058,0.112915145035736,1.6382843197065e-12,5.24693761851946e-11,"WP_005765923.1"
"lcl|NC_008783.1_cds_WP_005765925.1_133",839.348710300523,0.699570782541035,0.235043655048812,0.00129614999928248,0.00423123346873206,"WP_005765925.1"
"lcl|NC_008783.1_cds_WP_005765927.1_134",255.705296008384,-0.0167545272164356,0.193628618113111,0.915306738973446,0.941990598179783,"WP_005765927.1"
"lcl|NC_008783.1_cds_WP_005765929.1_135",1387.98000221538,0.838801864438353,0.16841094916218,2.79146433783413e-07,2.37977355419672e-06,"WP_005765929.1"
"lcl|NC_008783.1_cds_WP_005765932.1_136",103.988094862568,0.114569850035396,0.269932420531395,0.594187228252585,0.698983616763761,"WP_005765932.1"
"lcl|NC_008783.1_cds_WP_005765934.1_137",580.07491619328,0.185932941484221,0.270545578359549,0.384694303634266,0.502203643617259,"WP_005765934.1"
"lcl|NC_008783.1_cds_WP_005765936.1_138",168.255233058282,0.208755816862902,0.217923754723972,0.226215032248288,0.33466268815758,"WP_005765936.1"
"lcl|NC_008783.1_cds_WP_005765938.1_139",531.111644730876,0.663328864525918,0.326289589401037,0.0157102468066666,0.0373828161965862,"WP_005765938.1"
"lcl|NC_008783.1_cds_WP_005765942.1_140",358.966081041685,-0.839528821999852,0.236990973571981,0.00015716484810915,0.00068723374542193,"WP_005765942.1"
"lcl|NC_008783.1_cds_WP_005765945.1_141",399.693821501731,0.161882600780436,0.382418479166923,0.574189026365653,0.681777551345991,"WP_005765945.1"
"lcl|NC_008783.1_cds_WP_005765953.1_142",1098.64010443311,-0.312418536184217,0.448770574612898,0.332165950548678,0.448310536902259,"WP_005765953.1"
"lcl|NC_008783.1_cds_WP_005765954.1_143",556.859891226556,-0.532528600752946,0.46526330784871,0.114517345370176,0.191469652186094,"WP_005765954.1"
"lcl|NC_008783.1_cds_WP_005765956.1_144",352.503900405763,0.579995056717709,0.144237108081555,3.73045835628532e-05,0.000182669138520583,"WP_005765956.1"
"lcl|NC_008783.1_cds_WP_005765958.1_145",236.767184046189,0.0198758152940822,0.224203116678987,0.913026830168152,0.941990598179783,"WP_005765958.1"
"lcl|NC_008783.1_cds_WP_005765960.1_146",395.230138467595,0.110746753751095,0.204687657408102,0.498274218020484,0.615846078604041,"WP_005765960.1"
"lcl|NC_008783.1_cds_WP_005765962.1_147",455.51027861119,0.199651526978957,0.221924849340041,0.255631732901674,0.367180125440587,"WP_005765962.1"
"lcl|NC_008783.1_cds_WP_005765964.1_148",1146.37270350367,0.795639018337889,0.280407671014802,0.00166082681042749,0.00529053701708757,"WP_005765964.1"
"lcl|NC_008783.1_cds_WP_005765971.1_149",1577.36023311576,0.367328361174629,0.217721082441735,0.0437108957151083,0.0876436741495826,"WP_005765971.1"
"lcl|NC_008783.1_cds_WP_005765972.1_150",588.529309079462,-0.117551537887822,0.23197057373541,0.526317062169203,0.64165197394085,"WP_005765972.1"
"lcl|NC_008783.1_cds_WP_080512684.1_151",909.960772374424,-0.147379168264147,0.168044050473641,0.263483418021588,0.373925569288122,"WP_080512684.1"
"lcl|NC_008783.1_cds_WP_005765977.1_152",13442.6895551799,0.100986459731203,0.211437392008853,0.551291617606693,0.665255159739237,"WP_005765977.1"
"lcl|NC_008783.1_cds_WP_005765980.1_153",880.112481870779,0.0948833855216105,0.140898557681327,0.390367417646953,0.508189202071173,"WP_005765980.1"
"lcl|NC_008783.1_cds_WP_005765983.1_154",1852.37433556908,-0.753463269201092,0.178066460950313,1.17235738896622e-05,6.43168289780077e-05,"WP_005765983.1"
"lcl|NC_008783.1_cds_WP_005765984.1_155",289.799195045086,0.0740944104537907,0.174554921444502,0.596588287491189,0.700651259342972,"WP_005765984.1"
"lcl|NC_008783.1_cds_WP_005765991.1_156",503.661104371232,-0.0872766026739438,0.207384889179154,0.600619853755202,0.704687650197935,"WP_005765991.1"
"lcl|NC_008783.1_cds_WP_005766000.1_157",5465.25938216363,0.850634829920635,0.306621665637025,0.00178787083542897,0.00563966107968785,"WP_005766000.1"
"lcl|NC_008783.1_cds_WP_005766002.1_158",113.166155137633,-0.0998471427955527,0.367440514723784,0.721296688389651,0.807879561192568,"WP_005766002.1"
"lcl|NC_008783.1_cds_WP_005766004.1_159",187.299913769292,0.158539927994135,0.219769321395243,0.363203424824222,0.480889450744919,"WP_005766004.1"
"lcl|NC_008783.1_cds_BARBAKC583_RS06735_160",2.23000266689567,-0.410909761625499,0.809872233249322,0.128817805409346,0.209682828859993,"BARBAKC583_RS06735"
"lcl|NC_008783.1_cds_WP_005766008.1_161",68.3725113790941,-1.60964383266504,0.384394506221337,1.54218751797291e-06,1.10089892096259e-05,"WP_005766008.1"
"lcl|NC_008783.1_cds_WP_005766010.1_162",399.767193119932,-2.14207977284299,0.333192013107237,1.7895469672472e-12,5.43746963125111e-11,"WP_005766010.1"
"lcl|NC_008783.1_cds_WP_005766021.1_163",201.097108044044,-1.85657514699795,0.334392715150892,8.38369754105885e-10,1.36091528577462e-08,"WP_005766021.1"
"lcl|NC_008783.1_cds_WP_005766023.1_164",43.9861406932407,-0.0457693172889774,0.520408492759126,0.892366272441858,0.931677561976742,"WP_005766023.1"
"lcl|NC_008783.1_cds_WP_005766025.1_165",103.460882664585,-0.471975588690886,0.272838514650283,0.0382560474432369,0.0781760777518076,"WP_005766025.1"
"lcl|NC_008783.1_cds_WP_005766027.1_166",167.727290214906,-1.17805593307619,0.368609978387771,0.000229087185812476,0.000942598316624248,"WP_005766027.1"
"lcl|NC_008783.1_cds_WP_005766029.1_167",18.394783851298,-0.513920754755914,0.796608672705145,0.102475881984536,0.175736498048733,"WP_005766029.1"
"lcl|NC_008783.1_cds_WP_005766030.1_168",3.64236376258432,-0.309491608582941,0.769520489631275,0.272569506261691,0.384139827757688,"WP_005766030.1"
"lcl|NC_008783.1_cds_WP_005766031.1_169",148.726037378848,-1.0372306410644,0.387725145180922,0.00153133480951324,0.00493106453606844,"WP_005766031.1"
"lcl|NC_008783.1_cds_WP_005766033.1_170",45.2814953036113,0.944423929607052,0.60834405096036,0.0195884309740191,0.0448980477837768,"WP_005766033.1"
"lcl|NC_008783.1_cds_WP_005766034.1_171",586.503546883125,0.988799619238745,0.217948535434456,1.78712385069192e-06,1.24573044886466e-05,"WP_005766034.1"
"lcl|NC_008783.1_cds_WP_005766036.1_172",212.213616130681,-0.665520091847982,0.273793616364776,0.00605529633586482,0.016382479812785,"WP_005766036.1"
"lcl|NC_008783.1_cds_WP_005766037.1_173",292.564753863061,-0.39448370556557,0.292695230487904,0.0933561358121482,0.163166697547781,"WP_005766037.1"
"lcl|NC_008783.1_cds_WP_005766038.1_174",212.063599232573,-0.881121804716439,0.257243733388509,0.000219000857271947,0.000904236989084518,"WP_005766038.1"
"lcl|NC_008783.1_cds_WP_005766039.1_175",27.372153308319,-0.111472710920868,0.513986310103763,0.741531087754993,0.818932282376203,"WP_005766039.1"
"lcl|NC_008783.1_cds_WP_005766040.1_176",670.217829512568,0.771151520173664,0.1836235695436,1.30372769266266e-05,7.05441696714725e-05,"WP_005766040.1"
"lcl|NC_008783.1_cds_WP_005766045.1_177",1029.53399084863,1.40973041573909,0.315025762521268,7.79445822964072e-07,6.15762200141617e-06,"WP_005766045.1"
"lcl|NC_008783.1_cds_WP_005766051.1_178",147.493365022146,-0.760884787876181,0.302269283533832,0.00419891962255429,0.0120769896910846,"WP_005766051.1"
"lcl|NC_008783.1_cds_WP_005766053.1_179",310.605524983735,1.48325170927869,0.24254344349673,8.60802539813948e-11,1.7587086373785e-09,"WP_005766053.1"
"lcl|NC_008783.1_cds_WP_005766055.1_180",40.9218219985774,1.50668615222991,0.388690826625928,7.59911546740181e-06,4.45789694498571e-05,"WP_005766055.1"
"lcl|NC_008783.1_cds_WP_005766061.1_181",10462.8259553521,3.15196969729523,0.420429216638532,6.21446245900791e-17,5.26009858137455e-15,"WP_005766061.1"
"lcl|NC_008783.1_cds_WP_005766062.1_182",15.4756352158506,1.06563475958636,0.903113270428888,0.007064543116667,0.0186447296063483,"WP_005766062.1"
"lcl|NC_008783.1_cds_BARBAKC583_RS07205_183",4.67084259662029,0.520909786435368,0.783545801024887,0.109670961841447,0.185392424796169,"BARBAKC583_RS07205"
"lcl|NC_008783.1_cds_WP_005766064.1_184",72.572198505937,2.37401637259056,0.485579745242512,5.95107099019865e-09,8.01365809475614e-08,"WP_005766064.1"
"lcl|NC_008783.1_cds_BARBAKC583_RS06765_185",33.2422093255993,1.43983419432252,0.512472920786559,0.000325748988835491,0.00127818725751674,"BARBAKC583_RS06765"
"lcl|NC_008783.1_cds_WP_011807288.1_186",70.2191130410875,2.72973658717409,0.34417833637188,6.93500887841467e-18,6.84832126743449e-16,"WP_011807288.1"
"lcl|NC_008783.1_cds_BARBAKC583_RS07210_187",0.219262493030846,0,0.826959631950024,1,1,"BARBAKC583_RS07210"
"lcl|NC_008783.1_cds_WP_172952858.1_188",943.669309204977,-0.946577740179694,0.346755222218895,0.0016454660172923,0.00525573377490936,"WP_172952858.1"
"lcl|NC_008783.1_cds_WP_011807291.1_189",5343.94966991663,2.13354451770816,0.284353008537109,9.42678209064314e-16,6.20596487634007e-14,"WP_011807291.1"
"lcl|NC_008783.1_cds_WP_035453325.1_190",891.075543015323,-1.04467925577554,0.386385770830998,0.00139220505151156,0.0045198985918937,"WP_035453325.1"
"lcl|NC_008783.1_cds_WP_011807293.1_191",2376.09119528471,-1.89303002414615,0.37369901687991,1.04056824611862e-08,1.28445142880268e-07,"WP_011807293.1"
"lcl|NC_008783.1_cds_WP_005766082.1_192",2385.48914738948,-2.25690214164223,0.345691778628107,6.76524470002608e-13,2.22689304709192e-11,"WP_005766082.1"
"lcl|NC_008783.1_cds_WP_005766084.1_193",6418.84906075894,-2.64715034905385,0.392071501118412,5.21307468060832e-14,2.47099739860834e-12,"WP_005766084.1"
"lcl|NC_008783.1_cds_BARBAKC583_RS07005_194",98.9431362117321,-1.81353063174342,0.485749660051618,4.99267829805406e-06,3.04965143463611e-05,"BARBAKC583_RS07005"
"lcl|NC_008783.1_cds_WP_005766089.1_195",735.902792026257,-1.98442214540685,0.351352445790186,3.34431318324062e-10,5.91494197334348e-09,"WP_005766089.1"
"lcl|NC_008783.1_cds_WP_005766090.1_196",367.279315825057,-1.90354278233146,0.529180088514698,6.07827882134571e-06,3.65622355497191e-05,"WP_005766090.1"
"lcl|NC_008783.1_cds_WP_005766092.1_197",1236.57717289107,-1.68229167817734,0.260318541031344,5.31077338932273e-12,1.46355034101103e-10,"WP_005766092.1"
"lcl|NC_008783.1_cds_WP_005766093.1_198",20.2143478766388,-0.177256328080818,0.757747812339918,0.504756603041767,0.621763591064962,"WP_005766093.1"
"lcl|NC_008783.1_cds_WP_005766094.1_199",16.7916216853846,-0.0249359660319629,0.751588771879356,0.922709207821621,0.945856757152786,"WP_005766094.1"
"lcl|NC_008783.1_cds_WP_005766095.1_200",887.145228271173,-1.42065839341387,0.231966709578057,9.68280413670651e-11,1.94476659355885e-09,"WP_005766095.1"
"lcl|NC_008783.1_cds_WP_005766096.1_201",176.747908917819,-1.25607007307441,0.329455497529955,2.03936315838133e-05,0.000105530364309252,"WP_005766096.1"
"lcl|NC_008783.1_cds_WP_005766097.1_202",2845.6952855483,0.418138156718369,0.392275652905128,0.159843028775687,0.251212187134203,"WP_005766097.1"
"lcl|NC_008783.1_cds_WP_005766098.1_203",27.7879489461559,0.342034789471935,0.468518092488493,0.301340126569283,0.417412372031563,"WP_005766098.1"
"lcl|NC_008783.1_cds_WP_005766099.1_204",3.2210727210301,-0.443044889423889,0.689343683136294,0.210944333257317,0.314822462103175,"WP_005766099.1"
"lcl|NC_008783.1_cds_WP_005766101.1_205",172.78764328853,0.0670791301873409,0.205038509141497,0.685359538187464,0.779415597650811,"WP_005766101.1"
"lcl|NC_008783.1_cds_WP_005766108.1_206",3769.87246066607,1.09547001254312,0.279233085683868,2.02073952659942e-05,0.000105025278027207,"WP_005766108.1"
"lcl|NC_008783.1_cds_WP_005766110.1_207",347.774093335529,-0.642674635684461,0.289093976909005,0.0103844605096856,0.0258708425060215,"WP_005766110.1"
"lcl|NC_008783.1_cds_WP_035453319.1_208",246.091428761356,-0.388613814632896,0.588597535843422,0.280169414511381,0.393832451003543,"WP_035453319.1"
"lcl|NC_008783.1_cds_WP_005766115.1_209",60.0099712861393,-1.01457989741251,0.64010653894813,0.0145152080942664,0.0348188696188374,"WP_005766115.1"
"lcl|NC_008783.1_cds_WP_005766118.1_210",53.2207663713216,-0.281610746435856,0.297911635536592,0.228947819159554,0.337920021107238,"WP_005766118.1"
"lcl|NC_008783.1_cds_WP_005766130.1_211",361.673679381596,0.130823326245901,0.220464621159187,0.456656736250861,0.575067197085303,"WP_005766130.1"
"lcl|NC_008783.1_cds_WP_005766132.1_212",2245.18740784264,0.264822477222983,0.268943120720074,0.213145575436568,0.317707555839413,"WP_005766132.1"
"lcl|NC_008783.1_cds_BARBAKC583_RS01255_213",22.2896862082139,0,0.826959631950024,1,1,"BARBAKC583_RS01255"
"lcl|NC_008783.1_cds_WP_005766136.1_214",160.548086602449,0.711462861474997,0.905224467669616,0.0141215471706354,0.0340122630024451,"WP_005766136.1"
"lcl|NC_008783.1_cds_WP_005766138.1_215",58.467029297259,0.021988094541054,0.217516033029048,0.90095533676985,0.934879224231411,"WP_005766138.1"
"lcl|NC_008783.1_cds_WP_005766141.1_216",17.7989642415682,-0.603460720402223,0.437315119418708,0.0666700953500068,0.12480894627134,"WP_005766141.1"
"lcl|NC_008783.1_cds_WP_005766146.1_217",204.578105439516,0.734676541039998,0.196689019104779,9.30016934549875e-05,0.000420637430321222,"WP_005766146.1"
"lcl|NC_008783.1_cds_WP_225866728.1_218",1.97839590726146,0.26111259148019,0.649189609340985,0.446598699465451,0.567223428581522,"WP_225866728.1"
"lcl|NC_008783.1_cds_WP_005766149.1_219",178.711133593711,1.23413489582332,0.230651849568008,1.51520629229437e-08,1.83216271058044e-07,"WP_005766149.1"
"lcl|NC_008783.1_cds_WP_005766151.1_220",237.924096448017,3.72461638807524,0.482290456859508,2.68252546942437e-18,3.17879268126788e-16,"WP_005766151.1"
"lcl|NC_008783.1_cds_WP_005766153.1_221",286.805111365262,3.47484259976195,0.343472946102946,2.26819635310041e-27,8.95937559474663e-25,"WP_005766153.1"
"lcl|NC_008783.1_cds_WP_005766155.1_222",616.085372760247,2.96833705767339,0.329692013069272,3.97496546358871e-22,7.8505567905877e-20,"WP_005766155.1"
"lcl|NC_008783.1_cds_WP_005766157.1_223",2679.83776950442,1.90429495761845,0.423222484984591,1.56952982548649e-07,1.41976552916144e-06,"WP_005766157.1"
"lcl|NC_008783.1_cds_WP_005766159.1_224",802.158629544175,1.83276753621986,0.36575208836035,1.64909339781194e-08,1.97391482465368e-07,"WP_005766159.1"
"lcl|NC_008783.1_cds_WP_225866729.1_225",139.069943677808,1.72618786852538,0.324077601267651,4.29226798297199e-09,6.20285068270952e-08,"WP_225866729.1"
"lcl|NC_008783.1_cds_WP_011807302.1_226",9.33982069662811,0.582442805416143,0.589564667604329,0.120079636116628,0.198181572142346,"WP_011807302.1"
"lcl|NC_008783.1_cds_WP_005766168.1_227",106.955111286805,0.479903959382479,0.316255947353504,0.0606670210086572,0.114657766978084,"WP_005766168.1"
"lcl|NC_008783.1_cds_WP_005766170.1_228",208.901540853948,1.24566248054162,0.280446747899841,1.44136578703716e-06,1.04786408444113e-05,"WP_005766170.1"
"lcl|NC_008783.1_cds_WP_146075923.1_229",16.9898971514496,-0.0150002824181551,0.331814060315421,0.953795942527148,0.964923305524373,"WP_146075923.1"
"lcl|NC_008783.1_cds_WP_005766179.1_230",1034.19680923895,0.295350020192258,0.237308457983292,0.120899605484002,0.19898060069242,"WP_005766179.1"
"lcl|NC_008783.1_cds_WP_005766181.1_231",710.473069245534,-0.0196281024667493,0.150153669684276,0.871762570824909,0.918256574602238,"WP_005766181.1"
"lcl|NC_008783.1_cds_WP_005766182.1_232",46822.0223551616,1.36144150648293,0.447461773463008,0.000216060281850677,0.00089835590874755,"WP_005766182.1"
"lcl|NC_008783.1_cds_WP_005766184.1_233",668.758423344428,0.720610121220726,0.325575504744591,0.00947651941432398,0.0240464143596872,"WP_005766184.1"
"lcl|NC_008783.1_cds_WP_005766186.1_234",1046.97788816178,0.430574758267744,0.226368886135615,0.0262483763582172,0.0566563314835835,"WP_005766186.1"
"lcl|NC_008783.1_cds_WP_005766188.1_235",1842.28273165459,-0.0918739518572506,0.132924629700682,0.376554638660316,0.493603149128843,"WP_005766188.1"
"lcl|NC_008783.1_cds_WP_005766189.1_236",326.313384807144,0.254081940065523,0.315205478423461,0.301523198699593,0.417412372031563,"WP_005766189.1"
"lcl|NC_008783.1_cds_WP_005766192.1_237",730.710274861192,0.319734777889186,0.198591531883506,0.0519927960493288,0.10083709217423,"WP_005766192.1"
"lcl|NC_008783.1_cds_WP_005766194.1_238",3487.79247736489,0.799572240548856,0.195315712841748,1.94663339560583e-05,0.000102069051937739,"WP_005766194.1"
"lcl|NC_008783.1_cds_WP_005766195.1_239",1712.94764277644,0.366510824496738,0.212581444300783,0.0400930051633833,0.0812140361001866,"WP_005766195.1"
"lcl|NC_008783.1_cds_WP_005766197.1_240",387.662546985155,0.156503376324726,0.184166808360871,0.280588644448743,0.393954435630048,"WP_005766197.1"
"lcl|NC_008783.1_cds_WP_005766199.1_241",506.982434495397,0.116230866916852,0.176659219972137,0.405805365200092,0.523196822542925,"WP_005766199.1"
"lcl|NC_008783.1_cds_WP_005766201.1_242",6.45204967641549,-0.289769789061467,0.633014948725521,0.40662692618778,0.523196822542925,"WP_005766201.1"
"lcl|NC_008783.1_cds_WP_005766203.1_243",387.337475825254,0.0410190915641718,0.0997930151669932,0.603435444773531,0.70519822688031,"WP_005766203.1"
"lcl|NC_008783.1_cds_WP_005766204.1_244",1586.82804332647,-0.00723617527634616,0.136685943323023,0.947811827657503,0.961061404760478,"WP_005766204.1"
"lcl|NC_008783.1_cds_WP_005766206.1_245",353.232555863511,-0.655946826326113,0.287067391326325,0.00879202555658567,0.022599892157384,"WP_005766206.1"
"lcl|NC_008783.1_cds_WP_005766207.1_246",589.674054573892,-0.814347278239382,0.183896340819271,4.32044271403853e-06,2.70884900324638e-05,"WP_005766207.1"
"lcl|NC_008783.1_cds_WP_005766209.1_247",978.605283105577,-1.18161570574652,0.252752284006519,5.70723049819983e-07,4.6641849243909e-06,"WP_005766209.1"
"lcl|NC_008783.1_cds_WP_005766211.1_248",956.762548616732,-0.132343035104528,0.183289444795852,0.360837833261366,0.478291758853153,"WP_005766211.1"
"lcl|NC_008783.1_cds_WP_005766213.1_249",1678.31826481015,0.0100539702165594,0.237037511603151,0.958246544181217,0.96640183391893,"WP_005766213.1"
"lcl|NC_008783.1_cds_WP_005766215.1_250",572.142763103846,0.18273080521774,0.239346692092799,0.33533612708531,0.452074301019445,"WP_005766215.1"
"lcl|NC_008783.1_cds_WP_005766217.1_251",2669.56317612683,-0.804657173817398,0.627921536710055,0.0427181388030647,0.0859439634662677,"WP_005766217.1"
"lcl|NC_008783.1_cds_WP_005766219.1_252",76.0246418017776,-1.18554629729923,0.483071768102901,0.00176580175352569,0.00559485314953994,"WP_005766219.1"
"lcl|NC_008783.1_cds_WP_005766221.1_253",3388.88749410418,-1.36227338472695,0.302868404984487,8.03231534723036e-07,6.3035057526278e-06,"WP_005766221.1"
"lcl|NC_008783.1_cds_WP_005766222.1_254",55.5677525069569,-1.17756372813752,0.375804435088581,0.000279854733491578,0.00112036438914703,"WP_005766222.1"
"lcl|NC_008783.1_cds_WP_005766225.1_255",437.495685071722,0.195667157540708,0.230343146498412,0.283288917337399,0.397274990585583,"WP_005766225.1"
"lcl|NC_008783.1_cds_WP_005766227.1_256",455.547629201265,-0.0349882175313418,0.165232063256375,0.793668278505245,0.857335378330643,"WP_005766227.1"
"lcl|NC_008783.1_cds_WP_005766230.1_257",370.938896464777,-0.0578660607150601,0.126043873072798,0.562123330067466,0.673524920252728,"WP_005766230.1"
"lcl|NC_008783.1_cds_WP_005766233.1_258",895.458245167336,0.07944798795655,0.107583434579304,0.341649190893754,0.4597974709019,"WP_005766233.1"
"lcl|NC_008783.1_cds_WP_005766235.1_259",168.346557823341,-0.338344093871383,0.189912891719028,0.0348177777162321,0.0722575597088179,"WP_005766235.1"
"lcl|NC_008783.1_cds_WP_005766238.1_260",139.778815606764,-0.558122298204774,0.219057751268754,0.00503730392229512,0.0140451885833405,"WP_005766238.1"
"lcl|NC_008783.1_cds_WP_005766240.1_261",123.747605657389,-0.894014111704703,0.257762530974255,0.000183140785561349,0.000780654067950355,"WP_005766240.1"
"lcl|NC_008783.1_cds_WP_005766242.1_262",690.021840698466,-1.27014694343388,0.244349854754618,3.14639157482158e-08,3.45229075570701e-07,"WP_005766242.1"
"lcl|NC_008783.1_cds_WP_005766244.1_263",2266.30843440516,-0.493151228315083,0.235021078026961,0.0160967181632841,0.0379972331145252,"WP_005766244.1"
"lcl|NC_008783.1_cds_WP_005766249.1_264",189.191071785256,-0.417800198716498,0.257164717184667,0.0499536997983052,0.0975208142685201,"WP_005766249.1"
"lcl|NC_008783.1_cds_WP_005766252.1_265",8193.27520828981,0.435588132421398,0.270955856885945,0.051465202514178,0.0999774835726244,"WP_005766252.1"
"lcl|NC_008783.1_cds_WP_005766255.1_266",246.906982614343,0.178332158289991,0.24224986115147,0.353099549382878,0.471197033804854,"WP_005766255.1"
"lcl|NC_008783.1_cds_WP_005766258.1_267",247.565013777266,0.261219690073492,0.155204953594686,0.0421314688034337,0.0849078070273282,"WP_005766258.1"
"lcl|NC_008783.1_cds_WP_005766260.1_268",310.986673521507,-0.343296940911588,0.402956735785052,0.254024334267589,0.365436326213168,"WP_005766260.1"
"lcl|NC_008783.1_cds_WP_005766262.1_269",909.525964702575,-0.22090266816723,0.238142794027143,0.241430163008209,0.350177164216312,"WP_005766262.1"
"lcl|NC_008783.1_cds_WP_005766264.1_270",979.972895669795,-0.597978613176019,0.358517209926109,0.0382633967055261,0.0781760777518076,"WP_005766264.1"
"lcl|NC_008783.1_cds_WP_005766266.1_271",1956.48543119445,0.694099093888239,0.120389215653916,4.72992785928352e-09,6.4844083837057e-08,"WP_005766266.1"
"lcl|NC_008783.1_cds_WP_005766267.1_272",833.141665239747,0.207153687898977,0.142851476263183,0.0709068243904364,0.130675873876621,"WP_005766267.1"
"lcl|NC_008783.1_cds_WP_005766269.1_273",1038.78589285524,0.0839807983400727,0.125316557321571,0.390929629898479,0.508189202071173,"WP_005766269.1"
"lcl|NC_008783.1_cds_WP_005766272.1_274",623.453393635725,-0.249054721047685,0.136501193933854,0.0293627392304669,0.0622448049876625,"WP_005766272.1"
"lcl|NC_008783.1_cds_WP_005766273.1_275",2219.934348611,-0.0088366092520144,0.189582051236807,0.954337649008072,0.964923305524373,"WP_005766273.1"
"lcl|NC_008783.1_cds_WP_005766275.1_276",1005.20078604979,1.22516625618491,0.267746622688696,8.15948366102508e-07,6.361176406786e-06,"WP_005766275.1"
"lcl|NC_008783.1_cds_BARBAKC583_RS01630_277",461.328598207822,0.507922235856713,0.232170240161573,0.0128785328828509,0.031145023400364,"BARBAKC583_RS01630"
"lcl|NC_008783.1_cds_WP_005766280.1_278",1782.68300428992,0.77198868978986,0.173724848714369,4.36412886621651e-06,2.72183826656135e-05,"WP_005766280.1"
"lcl|NC_008783.1_cds_WP_005766282.1_279",762.861073016254,-1.24256182731502,0.16186791241962,2.87377342820107e-15,1.70271075620913e-13,"WP_005766282.1"
"lcl|NC_008783.1_cds_WP_005766284.1_280",532.689224445912,0.615578276471966,0.183478428558978,0.000434856153646071,0.00160618341456213,"WP_005766284.1"
"lcl|NC_008783.1_cds_WP_005766286.1_281",689.514625234975,-0.505955906134535,0.186270824158275,0.00332310777819033,0.00974723444840481,"WP_005766286.1"
"lcl|NC_008783.1_cds_WP_005766289.1_282",334.347054346862,-0.249726621976118,0.297380947866326,0.284546211245872,0.39823437613936,"WP_005766289.1"
"lcl|NC_008783.1_cds_WP_005766292.1_283",645.1925346847,-0.282701073991465,0.231284000530537,0.127083238092866,0.207143930041328,"WP_005766292.1"
"lcl|NC_008783.1_cds_WP_005766295.1_284",238.35112351531,-0.0933411779935438,0.172626113141768,0.49699746711069,0.615846078604041,"WP_005766295.1"
"lcl|NC_008783.1_cds_WP_005766297.1_285",343.988112484615,-0.339524259832381,0.257363456604429,0.101734117296763,0.174717288400963,"WP_005766297.1"
"lcl|NC_008783.1_cds_WP_005766299.1_286",5655.54417519972,-0.0620755438834053,0.137954258200788,0.571262104162399,0.679834992790976,"WP_005766299.1"
"lcl|NC_008783.1_cds_WP_005766301.1_287",732.918675693433,-0.276089079983863,0.292535411150318,0.230291427007749,0.338579827548614,"WP_005766301.1"
"lcl|NC_008783.1_cds_WP_005766303.1_288",301.957001754654,-0.0670311818433303,0.219141044882048,0.704853849486041,0.793965600419162,"WP_005766303.1"
"lcl|NC_008783.1_cds_WP_005766305.1_289",1327.96816192441,0.781861930588186,0.266459583387162,0.00128546816970103,0.00420795519639702,"WP_005766305.1"
"lcl|NC_008783.1_cds_WP_005766307.1_290",132.441202199015,0.181815532390594,0.335375773297375,0.483999077103964,0.601824665653932,"WP_005766307.1"
"lcl|NC_008783.1_cds_WP_005766309.1_291",501.383345573976,-0.0168920545605583,0.231669909669387,0.928344663550417,0.950811085831672,"WP_005766309.1"
"lcl|NC_008783.1_cds_WP_011807312.1_292",2128.92040661249,-0.400866197331167,0.32556976580395,0.118705501924163,0.196593269963126,"WP_011807312.1"
"lcl|NC_008783.1_cds_WP_005766313.1_293",865.06408419378,-0.681235858797769,0.358318644438879,0.0204608733806178,0.0465376870557237,"WP_005766313.1"
"lcl|NC_008783.1_cds_WP_005766315.1_294",176.928313375895,0.0465423644956765,0.165609000116237,0.727725996012179,0.809039543471011,"WP_005766315.1"
"lcl|NC_008783.1_cds_WP_005766317.1_295",564.053179356746,-0.449127073036498,0.191597559241049,0.00897458299058634,0.0229695050622998,"WP_005766317.1"
"lcl|NC_008783.1_cds_WP_005766321.1_296",238.001673451449,0.0223826544258403,0.194469136450066,0.887454854544379,0.929826704363474,"WP_005766321.1"
"lcl|NC_008783.1_cds_WP_005766323.1_297",4263.58200684053,0.356357725016751,0.130829067543036,0.0032313338573807,0.00957282655249031,"WP_005766323.1"
"lcl|NC_008783.1_cds_WP_005766325.1_298",8962.38402605022,0.0682301157393391,0.21109616277829,0.688933598700349,0.781979228409879,"WP_005766325.1"
"lcl|NC_008783.1_cds_WP_005766326.1_299",826.333094768992,-0.563533463986995,0.122177485439898,2.73884071368082e-06,1.79310842304518e-05,"WP_005766326.1"
"lcl|NC_008783.1_cds_WP_005766328.1_300",169.138380487557,-0.449622979609754,0.225120288697486,0.0208622560616922,0.0469995692644586,"WP_005766328.1"
"lcl|NC_008783.1_cds_WP_005766340.1_301",1507.5179775292,0.157661733303581,0.173302277809097,0.246632663498031,0.356414275908741,"WP_005766340.1"
"lcl|NC_008783.1_cds_WP_035453132.1_302",265.801574700381,0.0363850626941519,0.236624788780191,0.849273207375439,0.901782034713168,"WP_035453132.1"
"lcl|NC_008783.1_cds_WP_005766344.1_303",156.752304634348,-0.485649329897711,0.238067464577353,0.0185624268152933,0.0428145506388082,"WP_005766344.1"
"lcl|NC_008783.1_cds_WP_005766346.1_304",650.497718598698,-0.554263523583186,0.246202622155584,0.010671181525478,0.0264547073382667,"WP_005766346.1"
"lcl|NC_008783.1_cds_WP_005766349.1_305",716.614950900776,1.38779106935959,0.222167015918774,4.89878786404749e-11,1.09529502243326e-09,"WP_005766349.1"
"lcl|NC_008783.1_cds_WP_005766353.1_306",280.695599219166,-0.166485537724085,0.16806816804953,0.206803700035264,0.310205550052896,"WP_005766353.1"
"lcl|NC_008783.1_cds_WP_005766355.1_307",586.64702960249,0.810559339094169,0.241541030334372,0.000320295354735174,0.00126096343973814,"WP_005766355.1"
"lcl|NC_008783.1_cds_WP_005766357.1_308",1139.65453770614,-0.759359191141641,0.256210057117335,0.00122432015178168,0.0040525681001712,"WP_005766357.1"
"lcl|NC_008783.1_cds_WP_005766358.1_309",723.32102655691,0.636453374966902,0.218336546550423,0.00169017197850358,0.00536958121857034,"WP_005766358.1"
"lcl|NC_008783.1_cds_WP_005766360.1_310",709.28537280526,0.0283629543835971,0.101437927448867,0.725760623557417,0.809039543471011,"WP_005766360.1"
"lcl|NC_008783.1_cds_WP_005766361.1_311",2291.31545243624,-0.0935725301803843,0.146633758116068,0.41730609225827,0.534602939811946,"WP_005766361.1"
"lcl|NC_008783.1_cds_WP_005766363.1_312",1132.73066496161,-0.101431444197271,0.243279076732218,0.602957218482879,0.70519822688031,"WP_005766363.1"
"lcl|NC_008783.1_cds_WP_005766366.1_313",2006.60098320298,-0.346928582471498,0.323823703720169,0.171170318644463,0.265841189506801,"WP_005766366.1"
"lcl|NC_008783.1_cds_WP_005766367.1_314",1196.19196405086,-0.482795606885377,0.236679533439007,0.0185949161376598,0.0428145506388082,"WP_005766367.1"
"lcl|NC_008783.1_cds_WP_005766369.1_315",824.445054830916,0.14087741423636,0.226309981774001,0.434279368820722,0.553355969948984,"WP_005766369.1"
"lcl|NC_008783.1_cds_WP_005766371.1_316",1226.21525194232,-0.767678808878285,0.203505322300149,7.6105044933791e-05,0.000346863377871317,"WP_005766371.1"
"lcl|NC_008783.1_cds_WP_005766373.1_317",750.79477186028,-0.0603506995335593,0.153889067500756,0.62425540722581,0.723818647321511,"WP_005766373.1"
"lcl|NC_008783.1_cds_WP_005766374.1_318",694.963995188969,-0.249019779179548,0.178509153465952,0.0838815102561573,0.148801780918483,"WP_005766374.1"
"lcl|NC_008783.1_cds_WP_005766376.1_319",551.811881902285,0.0750547227652728,0.144788348319561,0.512993121367794,0.629837843170415,"WP_005766376.1"
"lcl|NC_008783.1_cds_WP_005766378.1_320",324.713100339692,0.0292782086533404,0.142788232408857,0.799350446367893,0.861901982662378,"WP_005766378.1"
"lcl|NC_008783.1_cds_WP_005766380.1_321",1563.54419891246,0.234087279038996,0.157486728856316,0.066501474489735,0.124690264668253,"WP_005766380.1"
"lcl|NC_008783.1_cds_WP_005766382.1_322",54.659927060418,0.131326010356071,0.34509196076573,0.622043112602499,0.721959929905936,"WP_005766382.1"
"lcl|NC_008783.1_cds_WP_005766384.1_323",146.435509845582,-0.171523844731227,0.247704661927792,0.382690672633109,0.500539124801582,"WP_005766384.1"
"lcl|NC_008783.1_cds_WP_005766386.1_324",526.164574493206,0.298617700924564,0.263902488521476,0.15507815788125,0.245458182257459,"WP_005766386.1"
"lcl|NC_008783.1_cds_WP_005766387.1_325",308.201686114391,0.22496096636046,0.204977356191433,0.166723541632704,0.260299600572799,"WP_005766387.1"
"lcl|NC_008783.1_cds_WP_005766389.1_326",274.315865227074,-0.0670077600194344,0.108686981332737,0.430187992975654,0.549324107409645,"WP_005766389.1"
"lcl|NC_008783.1_cds_WP_005766393.1_327",157.109745499544,-0.348884784072799,0.27788136796966,0.116662864567399,0.194438107612332,"WP_005766393.1"
"lcl|NC_008783.1_cds_WP_005766396.1_328",1082.54328353649,0.29295390146005,0.200358310196443,0.0730581256385951,0.133601664940949,"WP_005766396.1"
"lcl|NC_008783.1_cds_WP_005766398.1_329",421.22813348151,-0.0375706502764765,0.118765935163083,0.691754205030958,0.783852634645975,"WP_005766398.1"
"lcl|NC_008783.1_cds_WP_005766401.1_330",720.889557019933,0.0647271596301108,0.210200027188139,0.703120543177341,0.792766739928781,"WP_005766401.1"
"lcl|NC_008783.1_cds_WP_005766402.1_331",3601.58173008939,1.33684001102355,0.337992617127045,9.16911113446821e-06,5.22374841074271e-05,"WP_005766402.1"
"lcl|NC_008783.1_cds_WP_005766404.1_332",966.048008727506,0.869019757905865,0.259126027445914,0.000287463292103083,0.00114694949879513,"WP_005766404.1"
"lcl|NC_008783.1_cds_WP_005766405.1_333",652.877736502163,0.735561686693487,0.231945437179472,0.000671625851741231,0.00236868045926595,"WP_005766405.1"
"lcl|NC_008783.1_cds_WP_005766407.1_334",883.568916874922,0.635825596562753,0.204428988813298,0.000938767862794504,0.00319666642934336,"WP_005766407.1"
"lcl|NC_008783.1_cds_WP_005766408.1_335",425.768220477545,0.976269015412042,0.420175677505791,0.0042805361203202,0.0122819256721052,"WP_005766408.1"
"lcl|NC_008783.1_cds_WP_005766409.1_336",1662.47201864668,-0.0433594506435361,0.179639457191742,0.765675792803306,0.835974143614579,"WP_005766409.1"
"lcl|NC_008783.1_cds_WP_005766410.1_337",122.053217773958,-0.972196695253911,0.259688364540281,5.55577381569078e-05,0.0002602210265452,"WP_005766410.1"
"lcl|NC_008783.1_cds_WP_005766412.1_338",239.172642603232,-0.552623409570191,0.193711640245713,0.00219982469151563,0.00675334782239901,"WP_005766412.1"
"lcl|NC_008783.1_cds_WP_005766414.1_339",948.22894617834,1.06888500880147,0.181205856264544,9.76330269540494e-10,1.5634477964939e-08,"WP_005766414.1"
"lcl|NC_008783.1_cds_WP_005766417.1_340",739.243605684081,0.271913760406098,0.225124275676121,0.131179681573757,0.21215255940939,"WP_005766417.1"
"lcl|NC_008783.1_cds_WP_005766421.1_341",352.431297501153,-0.55851062779296,0.288146152145017,0.0222032357891125,0.0490873776307804,"WP_005766421.1"
"lcl|NC_008783.1_cds_WP_005766424.1_342",344.176899427614,-0.0464726081437802,0.160000084893574,0.718627692211781,0.80641459779447,"WP_005766424.1"
"lcl|NC_008783.1_cds_WP_005766426.1_343",113.283946950654,-0.795044252590725,0.3664145851304,0.00916748563838873,0.023312168415216,"WP_005766426.1"
"lcl|NC_008783.1_cds_WP_005766429.1_344",273.315515129174,0.89497505815713,0.301111518806065,0.000921452908375448,0.00314674840468273,"WP_005766429.1"
"lcl|NC_008783.1_cds_BARBAKC583_RS06785_345",97.6700800427331,0.693115420132905,0.272799661948364,0.00439792823002649,0.0125579396447744,"BARBAKC583_RS06785"
"lcl|NC_008783.1_cds_WP_005766431.1_346",990.042584127619,-0.743546832228816,0.177703449156746,1.46531854116012e-05,7.89273850579427e-05,"WP_005766431.1"
"lcl|NC_008783.1_cds_WP_005766433.1_347",1107.74462148829,1.05435092284973,0.194973533228469,1.74887500172417e-08,2.07241687704314e-07,"WP_005766433.1"
"lcl|NC_008783.1_cds_WP_005766436.1_348",914.958227931194,0.710547405085683,0.202126369147828,0.000218343887074585,0.000904236989084518,"WP_005766436.1"
"lcl|NC_008783.1_cds_WP_005766438.1_349",721.614964161421,0.160587740823263,0.184535968464583,0.269107556095695,0.380086357536828,"WP_005766438.1"
"lcl|NC_008783.1_cds_WP_005766441.1_350",127.511663810867,-0.119758025574583,0.414692087605543,0.694049702162672,0.78477948193012,"WP_005766441.1"
"lcl|NC_008783.1_cds_WP_005766443.1_351",226.920506946481,0.689008063010654,0.350385874453847,0.017514889295874,0.0406963604227661,"WP_005766443.1"
"lcl|NC_008783.1_cds_WP_005766444.1_352",1469.17467191207,-0.0995768483372639,0.150357922695535,0.399730362204507,0.518249977256391,"WP_005766444.1"
"lcl|NC_008783.1_cds_WP_005766446.1_353",2494.62088856435,0.341205353727411,0.197334292899832,0.0394731250179976,0.0800952964834369,"WP_005766446.1"
"lcl|NC_008783.1_cds_WP_005766448.1_354",1304.6128033396,-0.125560110188084,0.276690399191927,0.567839703107915,0.679001057702199,"WP_005766448.1"
"lcl|NC_008783.1_cds_WP_005766450.1_355",838.094568720084,-0.970660851103396,0.257493060188598,5.04294362355105e-05,0.000239995509795502,"WP_005766450.1"
"lcl|NC_008783.1_cds_WP_005766451.1_356",100.105882676522,1.27273176691496,0.280509815637888,8.59507567812981e-07,6.52895171704092e-06,"WP_005766451.1"
"lcl|NC_008783.1_cds_WP_005766453.1_357",126.751555913625,1.10131365051039,0.215919654907297,8.20239200340434e-08,8.03292109424309e-07,"WP_005766453.1"
"lcl|NC_008783.1_cds_WP_005766455.1_358",134.100988564136,0.914962808366645,0.271811734068965,0.000249877978985575,0.00101405960649968,"WP_005766455.1"
"lcl|NC_008783.1_cds_WP_005766457.1_359",384.428120532843,-0.820951941565523,0.171032117962707,7.21593686868431e-07,5.73884912039658e-06,"WP_005766457.1"
"lcl|NC_008783.1_cds_WP_035453124.1_360",565.368727221221,1.35952950237038,0.305542303017128,1.01160576594089e-06,7.58704324455666e-06,"WP_035453124.1"
"lcl|NC_008783.1_cds_WP_005766461.1_361",779.093048668672,1.97673667462871,0.167421435504625,9.08457154085925e-34,5.3826086379591e-31,"WP_005766461.1"
"lcl|NC_008783.1_cds_WP_005766462.1_362",662.577771834273,0.810186106655527,0.254307428892381,0.000562546995665427,0.00202619510596818,"WP_005766462.1"
"lcl|NC_008783.1_cds_WP_005766464.1_363",298.614831587377,-0.116215533162773,0.145607184475033,0.30664965065079,0.422450285426467,"WP_005766464.1"
"lcl|NC_008783.1_cds_WP_011807322.1_364",205.893278825214,-0.399437035579474,0.214148210498452,0.0287766998668269,0.0611118088569711,"WP_011807322.1"
"lcl|NC_008783.1_cds_WP_005766468.1_365",217.386455440982,0.185658207765253,0.190673059095103,0.216994273598569,0.322632640168512,"WP_005766468.1"
"lcl|NC_008783.1_cds_WP_011807323.1_366",33.0459318967171,0.145035824627905,0.254757648298531,0.474191866476719,0.592739833095899,"WP_011807323.1"
"lcl|NC_008783.1_cds_WP_005766472.1_367",6864.1636149361,-0.183914586603131,0.245399024577907,0.344229524996951,0.462485246169374,"WP_005766472.1"
"lcl|NC_008783.1_cds_WP_005766474.1_368",459.625794686922,0.235432582641185,0.208240028444924,0.155146142203238,0.245458182257459,"WP_005766474.1"
"lcl|NC_008783.1_cds_WP_005766476.1_369",530.065949542875,-0.26804591779753,0.202921740814895,0.100928000384526,0.173584441880498,"WP_005766476.1"
"lcl|NC_008783.1_cds_WP_005766478.1_370",981.910084819379,0.442526342839647,0.158852643675547,0.00279498203100391,0.00840622768208029,"WP_005766478.1"
"lcl|NC_008783.1_cds_WP_005766480.1_371",2304.90614788045,-1.47587974948796,0.243786711130152,1.28685014856222e-10,2.49986463286268e-09,"WP_005766480.1"
"lcl|NC_008783.1_cds_WP_011807325.1_372",1850.92959705586,0.469859335597218,0.346740291312321,0.0860770043894943,0.151787574704689,"WP_011807325.1"
"lcl|NC_008783.1_cds_WP_005766483.1_373",120.207033134352,-0.449739735070117,0.305576543605496,0.0687152997495023,0.127549312145156,"WP_005766483.1"
"lcl|NC_008783.1_cds_WP_005766485.1_374",60.8677759896907,-0.333424963350764,0.263533603668019,0.114844119408023,0.191676452814798,"WP_005766485.1"
"lcl|NC_008783.1_cds_WP_005766487.1_375",176.361584400393,0.185317677143967,0.205433434683654,0.253601895043651,0.365436326213168,"WP_005766487.1"
"lcl|NC_008783.1_cds_WP_005766489.1_376",11.176558447571,-0.682258613320648,0.472079915243113,0.0501896864068743,0.0978203591976086,"WP_005766489.1"
"lcl|NC_008783.1_cds_WP_005766490.1_377",232.551997821308,-1.22502993616589,0.276690548376673,1.62765528536658e-06,1.141872841115e-05,"WP_005766490.1"
"lcl|NC_008783.1_cds_WP_005766492.1_378",1012.59867218672,-2.00733717274897,0.166127014938312,3.02684702914687e-35,3.58681372953904e-32,"WP_005766492.1"
"lcl|NC_008783.1_cds_WP_005766494.1_379",7517.07713392403,0.223863264407044,0.308678303382638,0.353719607569669,0.471493515151921,"WP_005766494.1"
"lcl|NC_008783.1_cds_WP_011807326.1_380",162.463931222919,0.028307505651861,0.320014259854613,0.910310294616841,0.940468787376597,"WP_011807326.1"
"lcl|NC_008783.1_cds_WP_005766502.1_381",145.88201423209,-0.400897481862027,0.313773472228276,0.107855356763547,0.18284491811846,"WP_005766502.1"
"lcl|NC_008783.1_cds_WP_005766504.1_382",6748.76675166748,-1.02494312547381,0.309461312264065,0.00023281320003729,0.000954614678353596,"WP_005766504.1"
"lcl|NC_008783.1_cds_WP_005766507.1_383",278.574573584442,-1.45381282131298,0.314980141465294,3.55537580128057e-07,2.98802859894856e-06,"WP_005766507.1"
"lcl|NC_008783.1_cds_WP_005766509.1_384",327.261206541524,-1.36800214964918,0.399949953485587,6.26177649705827e-05,0.000289851763633362,"WP_005766509.1"
"lcl|NC_008783.1_cds_WP_005766511.1_385",514.029719096371,-1.66818412639586,0.28817889234927,3.69855953428485e-10,6.44528389430522e-09,"WP_005766511.1"
"lcl|NC_008783.1_cds_WP_005766513.1_386",1369.77361585909,-1.35794584959054,0.344245564582833,9.00244952453965e-06,5.15357617709154e-05,"WP_005766513.1"
"lcl|NC_008783.1_cds_WP_005766517.1_387",21602.5718743084,0.879596056255349,0.123985002137805,5.37792332867448e-13,1.82081118413693e-11,"WP_005766517.1"
"lcl|NC_008783.1_cds_WP_225866730.1_388",414.505749275577,1.01811481362339,0.24821234773093,1.16740782793345e-05,6.43168289780077e-05,"WP_225866730.1"
"lcl|NC_008783.1_cds_BARBAKC583_RS07040_389",135.08385352147,0.304228017188132,0.282173574355655,0.173293868678122,0.268435600501405,"BARBAKC583_RS07040"
"lcl|NC_008783.1_cds_WP_011807327.1_390",378.070896029304,-0.258064162230111,0.224959603485081,0.150188451029243,0.238570126634923,"WP_011807327.1"
"lcl|NC_008783.1_cds_WP_011807328.1_391",11.7089416129196,1.59750668589474,0.728403096943856,0.000661525630253299,0.00234002349806018,"WP_011807328.1"
"lcl|NC_008783.1_cds_WP_005766524.1_392",2206.28113672912,1.7226959472123,0.283967563808588,5.9034699049985e-11,1.27192942498604e-09,"WP_005766524.1"
"lcl|NC_008783.1_cds_WP_005766527.1_393",237.226728723914,1.17644616788903,0.220365243871894,1.8836214381809e-08,2.18832490612193e-07,"WP_005766527.1"
"lcl|NC_008783.1_cds_WP_035453167.1_394",365.939008080218,0.467090900979354,0.396307750757059,0.121600784939445,0.19958023566931,"WP_035453167.1"
"lcl|NC_008783.1_cds_WP_005766532.1_395",2964.82252779431,1.18828348691371,0.384775625279268,0.000312757391290779,0.00124263728547952,"WP_005766532.1"
"lcl|NC_008783.1_cds_WP_005766536.1_396",2292.75337220604,1.20383660586316,0.232624497624452,4.24730922375167e-08,4.43208718457301e-07,"WP_005766536.1"
"lcl|NC_008783.1_cds_WP_005766538.1_397",432.404454302642,0.141607462541819,0.157494793980232,0.250183502587042,0.361105299105536,"WP_005766538.1"
"lcl|NC_008783.1_cds_WP_005766540.1_398",292.492508792853,0.0862679337239364,0.190334286325584,0.571979314609791,0.679834992790976,"WP_005766540.1"
"lcl|NC_008783.1_cds_WP_005766541.1_399",214.352210418296,-0.0457950118635307,0.177056346317249,0.749222339202677,0.82374379472293,"WP_005766541.1"
"lcl|NC_008783.1_cds_WP_005766544.1_400",858.480468996401,-0.181021986434968,0.191854668217415,0.231506493180496,0.339944478833814,"WP_005766544.1"
"lcl|NC_008783.1_cds_WP_005766546.1_401",413.899290189548,-0.227030326822467,0.163204545586521,0.0833717558419138,0.148341637646648,"WP_005766546.1"
"lcl|NC_008783.1_cds_WP_005766547.1_402",435.079837793598,-0.411058944460409,0.216040989025186,0.026315467484141,0.0566978708521947,"WP_005766547.1"
"lcl|NC_008783.1_cds_WP_005766549.1_403",145.829287239173,-0.846538478625395,0.224350649545857,6.51754267918342e-05,0.000300517045713321,"WP_005766549.1"
"lcl|NC_008783.1_cds_WP_005766551.1_404",249.798887653757,-0.61559554344915,0.232276199514136,0.00363346772856648,0.0105790153767845,"WP_005766551.1"
"lcl|NC_008783.1_cds_WP_005766554.1_405",497.994206556859,0.312564794742832,0.132806104425221,0.008325685048167,0.0215884831117678,"WP_005766554.1"
"lcl|NC_008783.1_cds_BARBAKC583_RS02305_406",127.782093708259,-0.128782032044199,0.357590754032273,0.638371176560347,0.734694134508873,"BARBAKC583_RS02305"
"lcl|NC_008783.1_cds_WP_005766558.1_407",1133.44339996026,0.0289603231036263,0.145237545827282,0.804901873954227,0.865525154841887,"WP_005766558.1"
"lcl|NC_008783.1_cds_WP_005766559.1_408",474.708861156202,-0.111936942464062,0.180400615095061,0.434251807205452,0.553355969948984,"WP_005766559.1"
"lcl|NC_008783.1_cds_WP_005766561.1_409",503.373270743781,0.826302611550129,0.132557671373357,2.09082915161125e-10,3.93275007088783e-09,"WP_005766561.1"
"lcl|NC_008783.1_cds_WP_005766563.1_410",1471.07162716924,-0.756461099282884,0.127795252764552,1.68748454360705e-09,2.56367844124917e-08,"WP_005766563.1"
"lcl|NC_008783.1_cds_WP_005766565.1_411",630.252184586759,-0.00584496614361522,0.20881736484041,0.972552322207122,0.979162703326627,"WP_005766565.1"
"lcl|NC_008783.1_cds_WP_005766567.1_412",195.286209233534,-0.408228051452587,0.285250141892412,0.077257888196613,0.139250913790365,"WP_005766567.1"
"lcl|NC_008783.1_cds_WP_005766569.1_413",267.950498372923,-0.134717408650223,0.205558152822586,0.409538116895065,0.526358642647128,"WP_005766569.1"
"lcl|NC_008783.1_cds_WP_005766571.1_414",1119.76796388789,0.00692951274202512,0.116248670166897,0.940968482317084,0.958768402016978,"WP_005766571.1"
"lcl|NC_008783.1_cds_WP_005766573.1_415",524.304564106611,-0.0108235397225164,0.104155912366756,0.896960909057698,0.934827332659078,"WP_005766573.1"
"lcl|NC_008783.1_cds_WP_005766575.1_416",47.873897657985,0.707308153068874,0.309376609514621,0.00813778607128895,0.0211940142735767,"WP_005766575.1"
"lcl|NC_008783.1_cds_WP_005766577.1_417",162.790357463962,0.304875103795174,0.239186867382731,0.112959278817579,0.189598789516757,"WP_005766577.1"
"lcl|NC_008783.1_cds_WP_005766578.1_418",1251.42143610645,0.918410801035605,0.209390882189364,4.21312559166355e-06,2.66132285801539e-05,"WP_005766578.1"
"lcl|NC_008783.1_cds_WP_005766580.1_419",493.153876372726,-0.404540478834091,0.31766018340256,0.10847909734383,0.183639614789197,"WP_005766580.1"
"lcl|NC_008783.1_cds_WP_005766582.1_420",346.691019342105,0.385917327429316,0.232046703806266,0.0461604544458189,0.0911668975304923,"WP_005766582.1"
"lcl|NC_008783.1_cds_WP_005766584.1_421",153.196056045263,-1.14207725967958,0.306402455234315,3.87239618938309e-05,0.000188310163644012,"WP_005766584.1"
"lcl|NC_008783.1_cds_WP_005766585.1_422",1347.94836039228,-0.384132827603818,0.234826458112102,0.0491708833024133,0.0963099119229087,"WP_005766585.1"
"lcl|NC_008783.1_cds_WP_005766587.1_423",178.289016450253,0.373697232781137,0.338679573214457,0.157058852282183,0.247493005258493,"WP_005766587.1"
"lcl|NC_008783.1_cds_WP_005766589.1_424",1175.40139886876,-0.0773289272427353,0.0998800855125823,0.318328963736571,0.434585048419167,"WP_005766589.1"
"lcl|NC_008783.1_cds_WP_005766591.1_425",1482.17621558232,0.121661840646814,0.169911384609896,0.363635228645408,0.480923823599117,"WP_005766591.1"
"lcl|NC_008783.1_cds_WP_005766592.1_426",1162.5862310641,0.0824613906698188,0.161843433044656,0.522096200195356,0.637161686129244,"WP_005766592.1"
"lcl|NC_008783.1_cds_WP_005766594.1_427",1806.61875758052,-0.143229082869835,0.200536761542326,0.367437488093592,0.484870181949784,"WP_005766594.1"
"lcl|NC_008783.1_cds_WP_005766596.1_428",369.772782487233,0.0738124671429225,0.1333289138749,0.482484625688878,0.600779357004255,"WP_005766596.1"
"lcl|NC_008783.1_cds_WP_005766597.1_429",227.845230201264,-0.69870089890137,0.256920987375885,0.00270692743904853,0.00818293116140947,"WP_005766597.1"
"lcl|NC_008783.1_cds_WP_005766599.1_430",88.101390680771,-0.694180442008611,0.216707656222451,0.000646130517019586,0.00229929328128592,"WP_005766599.1"
"lcl|NC_008783.1_cds_WP_005766601.1_431",281.006373703087,-0.314919360385064,0.193644301869479,0.0499478551831503,0.0975208142685201,"WP_005766601.1"
"lcl|NC_008783.1_cds_WP_005766603.1_432",5001.39218228036,0.219939541957875,0.202892255032394,0.171606110623581,0.266169163728983,"WP_005766603.1"
"lcl|NC_008783.1_cds_WP_005766604.1_433",894.592754383411,-0.804645340414956,0.251852660469322,0.000552052662561804,0.0019944585522431,"WP_005766604.1"
"lcl|NC_008783.1_cds_WP_011807331.1_434",529.055869787011,-0.327798199854486,0.166458424553211,0.0220550479454383,0.0489423816766749,"WP_011807331.1"
"lcl|NC_008783.1_cds_WP_005766607.1_435",698.041161554173,-0.561312058473875,0.224481266414165,0.00568182449420682,0.0155855602445256,"WP_005766607.1"
"lcl|NC_008783.1_cds_WP_005766608.1_436",257.107399263821,0.674135693225894,0.189485001146928,0.000198169958469515,0.00083569893518283,"WP_005766608.1"
"lcl|NC_008783.1_cds_WP_005766609.1_437",18.3076741270908,-0.0646477653538989,0.374434724162684,0.819883867680223,0.875281426307265,"WP_005766609.1"
"lcl|NC_008783.1_cds_WP_005766610.1_438",8.23213445378792,0.0603051425734074,0.486447718833753,0.855356583573022,0.905806569735506,"WP_005766610.1"
"lcl|NC_008783.1_cds_WP_011807332.1_439",2440.83690251559,-0.432009021121744,0.230378382084364,0.0279394654498245,0.0598684474623567,"WP_011807332.1"
"lcl|NC_008783.1_cds_WP_005766622.1_440",1837.37325482614,0.205761319709358,0.278453848396126,0.34875829818993,0.467482047798336,"WP_005766622.1"
"lcl|NC_008783.1_cds_WP_005766624.1_441",2703.86109754697,-0.66934422662439,0.144309228618514,2.08531470622682e-06,1.41205595821645e-05,"WP_005766624.1"
"lcl|NC_008783.1_cds_WP_005766626.1_442",268.45152669325,-0.447912731623358,0.213944525355574,0.016594483854466,0.039016792395917,"WP_005766626.1"
"lcl|NC_008783.1_cds_WP_005766628.1_443",403.90471155861,0.0869614473336478,0.221543655177688,0.625606707526436,0.724676391416253,"WP_005766628.1"
"lcl|NC_008783.1_cds_WP_005766630.1_444",179.909199244961,-0.0495395222931605,0.179648716840139,0.733109356592125,0.813421898465981,"WP_005766630.1"
"lcl|NC_008783.1_cds_BARBAKC583_RS06800_445",241.812761455033,0.693583923431635,0.320880858319752,0.0111706416571629,0.0275201878663993,"BARBAKC583_RS06800"
"lcl|NC_008783.1_cds_WP_005766632.1_446",2213.05341593727,1.0803818524821,0.200480047699905,1.82023093919366e-08,2.13561748806385e-07,"WP_005766632.1"
"lcl|NC_008783.1_cds_WP_005766634.1_447",202.258824642908,0.203228029095282,0.204533920117863,0.208989207170395,0.312692184970856,"WP_005766634.1"
"lcl|NC_008783.1_cds_WP_005766636.1_448",1300.76094150444,-0.0600922493397581,0.138110739525254,0.584435898218423,0.689797349988875,"WP_005766636.1"
"lcl|NC_008783.1_cds_WP_005766639.1_449",1876.87181396124,0.0155659786740059,0.186868086710559,0.918457781438564,0.943948370342323,"WP_005766639.1"
"lcl|NC_008783.1_cds_WP_005766641.1_450",325.68715140177,-0.0281118336649844,0.188401930534595,0.854314248466696,0.905511971764789,"WP_005766641.1"
"lcl|NC_008783.1_cds_WP_005766643.1_451",194.698236492148,-0.623993281703874,0.243295409754024,0.00451713566860583,0.0128057554241577,"WP_005766643.1"
"lcl|NC_008783.1_cds_WP_005766646.1_452",1394.61016430493,0.596387518069747,0.159038401839238,0.000107484844750674,0.00047703947951142,"WP_005766646.1"
"lcl|NC_008783.1_cds_WP_005766648.1_453",554.564765038775,0.834060221482294,0.172065444850836,5.54944433823313e-07,4.56673023667101e-06,"WP_005766648.1"
"lcl|NC_008783.1_cds_WP_005766651.1_454",1955.56422128714,0.0410501125020748,0.249446265809834,0.838346472761288,0.891777890684134,"WP_005766651.1"
"lcl|NC_008783.1_cds_WP_005766653.1_455",2626.98754286424,0.768416677164895,0.222553364833338,0.000247396004925877,0.00101091126150746,"WP_005766653.1"
"lcl|NC_008783.1_cds_WP_005766656.1_456",502.762310552104,0.499169014834615,0.230197519133937,0.0135617811090151,0.0327305715156474,"WP_005766656.1"
"lcl|NC_008783.1_cds_WP_005766659.1_457",1280.8322854564,0.291199095507867,0.208930767697164,0.0857378073723573,0.151640748860065,"WP_005766659.1"
"lcl|NC_008783.1_cds_WP_005766662.1_458",361.557595660913,-0.145852399650894,0.296466945845026,0.532640791007252,0.645377645545597,"WP_005766662.1"
"lcl|NC_008783.1_cds_WP_005766664.1_459",7181.3515628102,0.997814077586247,0.2868025882999,0.000139439527151411,0.000616551640576203,"WP_005766664.1"
"lcl|NC_008783.1_cds_WP_005766667.1_460",3186.71107552524,0.500039301741607,0.203474602423667,0.00661339507103908,0.0176391782541829,"WP_005766667.1"
"lcl|NC_008783.1_cds_WP_005766668.1_461",5048.21122827714,0.606238480184988,0.184234607097241,0.000545098011549293,0.00197535517946762,"WP_005766668.1"
"lcl|NC_008783.1_cds_WP_005766670.1_462",2167.75103942073,0.590149117148185,0.216043964519964,0.00298970314420149,0.00890150308009739,"WP_005766670.1"
"lcl|NC_008783.1_cds_WP_005766672.1_463",373.581020703979,0.406463271333989,0.177402907636586,0.0102683214402972,0.025739179590127,"WP_005766672.1"
"lcl|NC_008783.1_cds_WP_005766674.1_464",146.100880095327,-0.066595551269159,0.211457825525622,0.696597872315594,0.786909893893212,"WP_005766674.1"
"lcl|NC_008783.1_cds_WP_011807336.1_465",498.513396672161,-0.0404992356301572,0.177748912008275,0.77853501686279,0.845172717684223,"WP_011807336.1"
"lcl|NC_008783.1_cds_WP_005766680.1_466",1334.48986512043,-0.155684761197233,0.119738032229413,0.0979313680684644,0.169910206678082,"WP_005766680.1"
"lcl|NC_008783.1_cds_WP_005766681.1_467",1115.20810526141,0.138090331248226,0.13870734519563,0.20067471282119,0.304091476589655,"WP_005766681.1"
"lcl|NC_008783.1_cds_WP_005766683.1_468",433.039549365292,-0.0368656097943153,0.11352977815628,0.683557678840176,0.778113207901642,"WP_005766683.1"
"lcl|NC_008783.1_cds_BARBAKC583_RS02625_469",220.526543174944,-0.0702457766017858,0.181275874070597,0.62994325032559,0.728275855254462,"BARBAKC583_RS02625"
"lcl|NC_008783.1_cds_WP_005766685.1_470",2104.99538207867,0.18869260793014,0.149900678424389,0.111411391246758,0.187513144986789,"WP_005766685.1"
"lcl|NC_008783.1_cds_WP_005766687.1_471",1374.20551747875,-0.670740919342621,0.188369874932684,0.000196971269729604,0.000833610552248504,"WP_005766687.1"
"lcl|NC_008783.1_cds_WP_005766689.1_472",10620.0234307855,1.54354774549176,0.245916864751686,2.62322521955286e-11,6.21704377034028e-10,"WP_005766689.1"
"lcl|NC_008783.1_cds_WP_172952859.1_473",5393.81390529713,0.0610663888717394,0.137077471901337,0.57513673303842,0.681919719720025,"WP_172952859.1"
"lcl|NC_008783.1_cds_WP_005766693.1_474",1792.31722028094,0.351870363546547,0.342307501091866,0.185311607663487,0.284448516944601,"WP_005766693.1"
"lcl|NC_008783.1_cds_WP_005766695.1_475",2812.40362159808,0.372451434080274,0.164990890594185,0.0110839854922819,0.0273635891840709,"WP_005766695.1"
"lcl|NC_008783.1_cds_WP_005766696.1_476",2116.84935010147,0.147997660098213,0.114350453901795,0.0988493840750423,0.170504396111972,"WP_005766696.1"
"lcl|NC_008783.1_cds_WP_005766698.1_477",986.91362338848,1.18774926555454,0.212860682756957,4.72577886429207e-09,6.4844083837057e-08,"WP_005766698.1"
"lcl|NC_008783.1_cds_WP_011807338.1_478",463.698596721379,0.827201010928684,0.172248906398521,7.0431491301065e-07,5.63927818863257e-06,"WP_011807338.1"
"lcl|NC_008783.1_cds_WP_225866732.1_479",353.033313093891,-1.07612052289303,0.289247620826126,4.71831632819794e-05,0.000226364568781966,"WP_225866732.1"
"lcl|NC_008783.1_cds_WP_005766704.1_480",177.067287643101,0.172286858310372,0.213033495148449,0.306837476348796,0.422450285426467,"WP_005766704.1"
"lcl|NC_008783.1_cds_WP_005766706.1_481",1143.36084106486,0.394834528044883,0.274849465361707,0.0768855468161916,0.139250913790365,"WP_005766706.1"
"lcl|NC_008783.1_cds_WP_005766708.1_482",2035.3616431064,0.94768417461451,0.78414784926095,0.020163968603159,0.0460391190650162,"WP_005766708.1"
"lcl|NC_008783.1_cds_WP_005766710.1_483",960.42064414483,0.0987767705164489,0.221988205216396,0.579286288033638,0.684401048175336,"WP_005766710.1"
"lcl|NC_008783.1_cds_WP_005766712.1_484",2110.52337530965,-0.242346443704055,0.178519683492757,0.0913772694788881,0.160417873085159,"WP_005766712.1"
"lcl|NC_008783.1_cds_WP_005766713.1_485",823.850682943296,0.0834349628919449,0.160567285814183,0.513485930187896,0.629837843170415,"WP_005766713.1"
"lcl|NC_008783.1_cds_WP_005766715.1_486",1395.66865178715,-0.0578736829946249,0.109049140459374,0.499402267547225,0.615846078604041,"WP_005766715.1"
"lcl|NC_008783.1_cds_WP_005766717.1_487",1916.20851813388,0.214319892646617,0.258707937898081,0.294731036019096,0.410889738450151,"WP_005766717.1"
"lcl|NC_008783.1_cds_WP_005766718.1_488",1037.05727852672,0.0244202909848933,0.21870559730914,0.890627080394657,0.931307368077266,"WP_005766718.1"
"lcl|NC_008783.1_cds_WP_005766719.1_489",6959.83113264724,-0.3596136183819,0.226011704814801,0.0546412207846938,0.10511338738614,"WP_005766719.1"
"lcl|NC_008783.1_cds_WP_005766721.1_490",7989.58236315104,-0.125052785984498,0.155280347415707,0.30351639471515,0.419192223470225,"WP_005766721.1"
"lcl|NC_008783.1_cds_WP_005766723.1_491",210.844570184863,-0.078622185318703,0.207152360314984,0.637510954250281,0.734694134508873,"WP_005766723.1"
"lcl|NC_008783.1_cds_BARBAKC583_RS07180_492",214.290446120739,0.123774896809796,0.246591599905216,0.529601276420235,0.644330095028725,"BARBAKC583_RS07180"
"lcl|NC_008783.1_cds_WP_335617968.1_493",51.1376041963453,-0.0734617951943774,0.312236612839059,0.765044410882897,0.835974143614579,"WP_335617968.1"
"lcl|NC_008783.1_cds_WP_236822973.1_494",22.7676935651894,0.117376065107475,0.477016077072068,0.721024951723122,0.807879561192568,"WP_236822973.1"
"lcl|NC_008783.1_cds_WP_236822976.1_495",33.6506162034228,-0.0227700841505609,0.368056956009951,0.93529244586269,0.955729634838592,"WP_236822976.1"
"lcl|NC_008783.1_cds_WP_250645096.1_496",129.487793268469,-0.667609267747693,0.281916158477327,0.00706049801663094,0.0186447296063483,"WP_250645096.1"
"lcl|NC_008783.1_cds_BARBAKC583_RS07065_497",60.4061026495749,-0.563023738800464,0.271391732241379,0.0161381530621198,0.0380193069157294,"BARBAKC583_RS07065"
"lcl|NC_008783.1_cds_WP_225866733.1_498",199.238406756751,-1.81350926226806,0.179651214940094,2.25868705508163e-25,6.69136040067933e-23,"WP_225866733.1"
"lcl|NC_008783.1_cds_WP_005766734.1_499",1068.0608866749,-1.03956059439437,0.272690578045761,3.62042837199068e-05,0.00017874671183121,"WP_005766734.1"
"lcl|NC_008783.1_cds_BARBAKC583_RS02775_500",122.731033608907,1.0268065650602,0.384057371391488,0.00157896213136643,0.00505694628559247,"BARBAKC583_RS02775"
"lcl|NC_008783.1_cds_WP_005766739.1_501",1872.35781126539,0.019256647524286,0.164484964491509,0.885338764798777,0.928430474589868,"WP_005766739.1"
"lcl|NC_008783.1_cds_WP_005766741.1_502",550.58575699895,1.42900298939727,0.231237379421339,6.68161639059026e-11,1.41387775408026e-09,"WP_005766741.1"
"lcl|NC_008783.1_cds_WP_005766743.1_503",344.163335807057,1.16669061831638,0.327976310949817,6.84592673148096e-05,0.000314435006852904,"WP_005766743.1"
"lcl|NC_008783.1_cds_WP_005766745.1_504",482.227977941398,-0.0805211347136001,0.226168892667884,0.658452993867435,0.753153279664972,"WP_005766745.1"
"lcl|NC_008783.1_cds_WP_005766748.1_505",2432.36321305525,1.28865333576842,0.232909970948092,4.73097176713897e-09,6.4844083837057e-08,"WP_005766748.1"
"lcl|NC_008783.1_cds_WP_005766749.1_506",3089.18782207539,0.719941580775162,0.289277552748406,0.00482966291846093,0.0135619681478109,"WP_005766749.1"
"lcl|NC_008783.1_cds_WP_005766751.1_507",956.212928891335,0.0797671517834032,0.136790366429199,0.458961240558134,0.576743446512607,"WP_005766751.1"
"lcl|NC_008783.1_cds_WP_005766753.1_508",787.802502970685,1.10359393206211,0.211046713179787,4.1144613650284e-08,4.3743708610651e-07,"WP_005766753.1"
"lcl|NC_008783.1_cds_WP_005766755.1_509",268.121389248354,0.560260686786497,0.216833907211345,0.00457465834602557,0.0128776229605758,"WP_005766755.1"
"lcl|NC_008783.1_cds_BARBAKC583_RS02825_510",726.569546552772,0.181558621350105,0.173478892193017,0.183539619131361,0.282093967147423,"BARBAKC583_RS02825"
"lcl|NC_008783.1_cds_WP_005766757.1_511",5870.90424896653,-0.156561851921267,0.152937609239069,0.190391868252974,0.290448242386917,"WP_005766757.1"
"lcl|NC_008783.1_cds_WP_005766759.1_512",1329.07405285734,0.107815105288463,0.150432151124059,0.360805706418699,0.478291758853153,"WP_005766759.1"
"lcl|NC_008783.1_cds_WP_005766761.1_513",450.01876518141,0.046903945863195,0.166086830796762,0.726453645341313,0.809039543471011,"WP_005766761.1"
"lcl|NC_008783.1_cds_WP_005766762.1_514",658.93209819322,-0.0535078938202072,0.141341811556981,0.635678086888724,0.733474715640836,"WP_005766762.1"
"lcl|NC_008783.1_cds_WP_005766764.1_515",721.387969257289,-0.365839680478421,0.203627615000971,0.0338043719629363,0.0705249661550696,"WP_005766764.1"
"lcl|NC_008783.1_cds_WP_005766766.1_516",423.935804443505,-0.664059299739867,0.187184035289217,0.000208527056394256,0.000875367015478612,"WP_005766766.1"
"lcl|NC_008783.1_cds_WP_005766768.1_517",95.2166028251596,-0.409388388071056,0.236737685541132,0.0394359915997983,0.0800952964834369,"WP_005766768.1"
"lcl|NC_008783.1_cds_WP_005766770.1_518",105.625079895877,-0.194354994157767,0.229491246258943,0.284746323154498,0.39823437613936,"WP_005766770.1"
"lcl|NC_008783.1_cds_WP_005766771.1_519",191.84352588981,-0.167498900383971,0.2539807122904,0.405813162784588,0.523196822542925,"WP_005766771.1"
"lcl|NC_008783.1_cds_WP_005766773.1_520",523.34817260883,0.397924485594745,0.278784993207424,0.078340507783499,0.140231875715176,"WP_005766773.1"
"lcl|NC_008783.1_cds_WP_005766775.1_521",3408.05873607314,-0.580661174517186,0.249606718445715,0.00866780055819114,0.0223776550358529,"WP_005766775.1"
"lcl|NC_008783.1_cds_WP_005766777.1_522",1499.25329577178,0.462806473869736,0.147357934224574,0.000978480731921317,0.00331285619236217,"WP_005766777.1"
"lcl|NC_008783.1_cds_WP_005766778.1_523",524.156863522067,-0.124645374789121,0.186937929797525,0.400179659469044,0.518265460623845,"WP_005766778.1"
"lcl|NC_008783.1_cds_WP_005766779.1_524",232.283624030384,0.0440649781220242,0.19585700952494,0.78141734113974,0.846416406993229,"WP_005766779.1"
"lcl|NC_008783.1_cds_WP_005766781.1_525",510.071286457794,0.241441008920431,0.186943860273126,0.106890209342431,0.181468335344959,"WP_005766781.1"
"lcl|NC_008783.1_cds_WP_035453077.1_526",724.625255203132,-0.141992492839426,0.159153208793138,0.254109310379452,0.365436326213168,"WP_035453077.1"
"lcl|NC_008783.1_cds_WP_005766785.1_527",488.105556895819,-0.00806919569054471,0.139284004377665,0.94292602512876,0.959113596375606,"WP_005766785.1"
"lcl|NC_008783.1_cds_WP_005766787.1_528",729.609887507901,0.0128822202282313,0.14977911246481,0.915493180209915,0.941990598179783,"WP_005766787.1"
"lcl|NC_008783.1_cds_WP_005766789.1_529",943.284226900448,-0.620650459427328,0.193091212722407,0.000687604142493995,0.00241783652479342,"WP_005766789.1"
"lcl|NC_008783.1_cds_WP_005766791.1_530",1073.88001175924,0.0244651693198512,0.132261971957724,0.818352992953747,0.874434893282407,"WP_005766791.1"
"lcl|NC_008783.1_cds_WP_005766794.1_531",499.538057196064,0.597930471426876,0.338223188966111,0.0309435372205573,0.065187054060144,"WP_005766794.1"
"lcl|NC_008783.1_cds_WP_005766798.1_532",315.306471060806,0.65851044804957,0.297442127912771,0.0103920008716171,0.0258708425060215,"WP_005766798.1"
"lcl|NC_008783.1_cds_WP_005766800.1_533",22266.6707078448,2.36459681585754,0.410465952200559,5.84014257163291e-11,1.27192942498604e-09,"WP_005766800.1"
"lcl|NC_008783.1_cds_WP_005766814.1_534",448.804502298092,0.864447682829969,0.244486592695026,0.000153093473539143,0.000674408052579495,"WP_005766814.1"
"lcl|NC_008783.1_cds_WP_280641459.1_535",121.015350934253,-0.210867060704164,0.221434485082,0.229052299827452,0.337920021107238,"WP_280641459.1"
"lcl|NC_008783.1_cds_WP_005766818.1_536",133.995393836921,-0.991026334867565,0.187697863545743,4.1064986662568e-08,4.3743708610651e-07,"WP_005766818.1"
"lcl|NC_008783.1_cds_WP_035453156.1_537",286.447114010086,-1.29624761654252,0.224887079625222,1.21579430114095e-09,1.89567927217372e-08,"WP_035453156.1"
"lcl|NC_008783.1_cds_WP_005766821.1_538",136.192843292873,-2.07360987456067,0.335707298702424,1.0855663969219e-11,2.79651343554881e-10,"WP_005766821.1"
"lcl|NC_008783.1_cds_WP_005766822.1_539",87.4817513382195,-2.30537483098478,0.411346149336621,1.69239419774867e-10,3.23465665214867e-09,"WP_005766822.1"
"lcl|NC_008783.1_cds_WP_005766823.1_540",2730.63487737799,-0.318926998093583,0.205095065125552,0.0591741877746648,0.112374058514388,"WP_005766823.1"
"lcl|NC_008783.1_cds_WP_005766824.1_541",10746.4180298039,-0.496178815872702,0.249461236601426,0.0207930572907029,0.0469329007418724,"WP_005766824.1"
"lcl|NC_008783.1_cds_WP_005766825.1_542",316.613349509464,-0.0171622888817893,0.172628659886413,0.902652989347387,0.935003315014557,"WP_005766825.1"
"lcl|NC_008783.1_cds_WP_005766826.1_543",666.792011855694,0.165765565509512,0.187836588217409,0.262688931701621,0.37343307351304,"WP_005766826.1"
"lcl|NC_008783.1_cds_BARBAKC583_RS07075_544",64.8961140681139,-0.385444972790172,0.327505491068726,0.134333784471558,0.215991227406779,"BARBAKC583_RS07075"
"lcl|NC_008783.1_cds_WP_005766830.1_545",744.424541618772,0.82508934785121,0.224698586621426,0.000100216291891901,0.000449834492014782,"WP_005766830.1"
"lcl|NC_008783.1_cds_WP_005766832.1_546",569.774349818168,0.295999478809756,0.314946842314018,0.229272318118329,0.337920021107238,"WP_005766832.1"
"lcl|NC_008783.1_cds_WP_005766834.1_547",1864.13701289275,-0.656115591777161,0.129390060609427,2.42611576271367e-07,2.09850159037643e-06,"WP_005766834.1"
"lcl|NC_008783.1_cds_WP_005766835.1_548",213.526382510498,-0.100700058416503,0.179314448898819,0.480489671187157,0.599347642480823,"WP_005766835.1"
"lcl|NC_008783.1_cds_WP_005766837.1_549",325.786916315678,-0.135037638135359,0.168338023456886,0.307130426067955,0.422450285426467,"WP_005766837.1"
"lcl|NC_008783.1_cds_WP_005766840.1_550",209.076781300554,-0.376918185506917,0.201326867459494,0.0283042694679726,0.0602905705507422,"WP_005766840.1"
"lcl|NC_008783.1_cds_WP_005766842.1_551",172.694706445124,-0.00836490252766066,0.15281613594139,0.946208859301332,0.960803340421661,"WP_005766842.1"
"lcl|NC_008783.1_cds_WP_005766844.1_552",126.468849088758,0.0555274728209792,0.197685886331096,0.728476956019889,0.809039543471011,"WP_005766844.1"
"lcl|NC_008783.1_cds_WP_005766845.1_553",878.830545144274,0.0773955871813286,0.118067179209885,0.401074021835033,0.518856676718903,"WP_005766845.1"
"lcl|NC_008783.1_cds_WP_005766847.1_554",688.300624971606,-0.258363182691773,0.2141370737475,0.131230232951125,0.21215255940939,"WP_005766847.1"
"lcl|NC_008783.1_cds_WP_005766849.1_555",1667.59440409174,0.0724187230390102,0.0940340184268566,0.321562999555331,0.437990982152951,"WP_005766849.1"
"lcl|NC_008783.1_cds_WP_005766851.1_556",1575.82961614422,-0.0210952496018723,0.0918586869691702,0.773704182543621,0.84268332381819,"WP_005766851.1"
"lcl|NC_008783.1_cds_WP_005766852.1_557",669.236131375577,0.95287465732154,0.29473374777413,0.000358733416619481,0.00138468761789604,"WP_005766852.1"
"lcl|NC_008783.1_cds_WP_005766853.1_558",684.871319356279,0.758169599580259,0.226594909346149,0.000364054687617074,0.00140066495073452,"WP_005766853.1"
"lcl|NC_008783.1_cds_WP_005766855.1_559",1784.76169754374,-0.289915909508104,0.173272939051816,0.0441016668883348,0.0882778298356026,"WP_005766855.1"
"lcl|NC_008783.1_cds_WP_005766857.1_560",78.9547493103669,-0.560167899627055,0.296296958016724,0.0246961404223793,0.0537958205891901,"WP_005766857.1"
"lcl|NC_008783.1_cds_WP_005766859.1_561",140.844459670264,-0.14265771151715,0.286170187204651,0.528594878344466,0.64376662984398,"WP_005766859.1"
"lcl|NC_008783.1_cds_WP_005766860.1_562",3220.64634982301,0.465647586021198,0.321928934654051,0.0715240279104933,0.130998412788152,"WP_005766860.1"
"lcl|NC_008783.1_cds_WP_005766862.1_563",830.708136872761,0.189400705693885,0.200705223471074,0.232154303684335,0.340052966459749,"WP_005766862.1"
"lcl|NC_008783.1_cds_WP_011807347.1_564",56.6913295462108,0.332466791581697,0.586180842407175,0.349921161516561,0.467482047798336,"WP_011807347.1"
"lcl|NC_008783.1_cds_WP_005766865.1_565",125.004100670277,0.527522012528042,0.800895299787035,0.0943869531799086,0.164725389570238,"WP_005766865.1"
"lcl|NC_008783.1_cds_WP_005766867.1_566",351.748125067527,0.369947013706505,0.590875528915677,0.302168302110221,0.417817313886361,"WP_005766867.1"
"lcl|NC_008783.1_cds_WP_011807348.1_567",1062.43898654343,0.458440405103063,0.315293239132964,0.0708523562180885,0.130675873876621,"WP_011807348.1"
"lcl|NC_008783.1_cds_WP_005766870.1_568",876.973691105911,0.655957695873424,0.619126955648905,0.0874141741665254,0.153916487945517,"WP_005766870.1"
"lcl|NC_008783.1_cds_WP_005766872.1_569",726.233767497175,0.539083031807839,0.598936519246532,0.147664705261047,0.235191768460135,"WP_005766872.1"
"lcl|NC_008783.1_cds_WP_035453066.1_570",102.1006057243,0.00434589064712526,0.536278643169829,0.989811309739809,0.993163761254592,"WP_035453066.1"
"lcl|NC_008783.1_cds_WP_005766875.1_571",41.8800733729707,0.262168991331874,0.592030386903051,0.454993689870881,0.573582470741483,"WP_005766875.1"
"lcl|NC_008783.1_cds_WP_005766877.1_572",25.2596756002182,0.042174391102961,0.586073329281615,0.901849231682188,0.934988048594395,"WP_005766877.1"
"lcl|NC_008783.1_cds_WP_244426311.1_573",9.6058322480759,-0.21012294112799,0.828353620940648,0.18064695797977,0.278732610945349,"WP_244426311.1"
"lcl|NC_008783.1_cds_BARBAKC583_RS07080_574",6.44017654413571,0.0518856959660263,0.827041585133801,0.604105526089908,0.70528576198674,"BARBAKC583_RS07080"
"lcl|NC_008783.1_cds_WP_011807349.1_575",1164.50796724907,0.286382977803385,0.560493597251388,0.414749482602125,0.531902745544933,"WP_011807349.1"
"lcl|NC_008783.1_cds_WP_005766882.1_576",155.22520763716,0.0424829700436885,0.527553558633246,0.900375321484164,0.934879224231411,"WP_005766882.1"
"lcl|NC_008783.1_cds_WP_005766884.1_577",278.110798789898,0.329328895858097,0.601934863800422,0.354229819928332,0.471643074848397,"WP_005766884.1"
"lcl|NC_008783.1_cds_WP_005766885.1_578",378.672588673763,0.424699097951827,0.544296261464652,0.233683844158282,0.341449266741756,"WP_005766885.1"
"lcl|NC_008783.1_cds_WP_005766888.1_579",1114.44137025666,0.124586107454006,0.538851812753261,0.71582114087845,0.804482878262183,"WP_005766888.1"
"lcl|NC_008783.1_cds_WP_005766892.1_580",1220.13189362879,0.188728362022901,0.510388890799972,0.577764869914904,0.68389889421738,"WP_005766892.1"
"lcl|NC_008783.1_cds_WP_005766894.1_581",228.249609535694,0.263671714626606,0.599580676251043,0.452191045520107,0.571264806973696,"WP_005766894.1"
"lcl|NC_008783.1_cds_WP_005766896.1_582",180.227964511544,0.100348378871132,0.511977862793162,0.766133265793614,0.835974143614579,"WP_005766896.1"
"lcl|NC_008783.1_cds_WP_005766898.1_583",219.198539718978,0.107054506061348,0.481317965142639,0.745524394598978,0.821810611720734,"WP_005766898.1"
"lcl|NC_008783.1_cds_WP_005766900.1_584",105.723832273009,0.579268253228338,0.635394974516369,0.12492753427581,0.204191900850806,"WP_005766900.1"
"lcl|NC_008783.1_cds_WP_005766902.1_585",420.40758953393,0.502770576904525,0.619416781121907,0.174469766910843,0.269904273876434,"WP_005766902.1"
"lcl|NC_008783.1_cds_WP_005766905.1_586",158.285012418991,0.456373084604418,0.681747301368388,0.202441185504189,0.305985720436817,"WP_005766905.1"
"lcl|NC_008783.1_cds_WP_005766907.1_587",208.796548430678,0.285247956989779,0.516495533299343,0.406636517773868,0.523196822542925,"WP_005766907.1"
"lcl|NC_008783.1_cds_WP_005766909.1_588",273.655108098875,0.702613549477451,0.640162542184279,0.0710942042195409,0.130817751553037,"WP_005766909.1"
"lcl|NC_008783.1_cds_WP_005766912.1_589",96.4781330635828,0.768295898946285,0.645530265898295,0.0520947268432205,0.100869691681726,"WP_005766912.1"
"lcl|NC_008783.1_cds_WP_005766913.1_590",117.082712867319,0.797611870207576,0.68245790176124,0.0457673420266335,0.0908447241232172,"WP_005766913.1"
"lcl|NC_008783.1_cds_WP_005766915.1_591",172.399402601201,0.131175815782258,0.532281410384033,0.700911216595766,0.791028373015222,"WP_005766915.1"
"lcl|NC_008783.1_cds_WP_005766917.1_592",558.424166799401,1.06786533837991,0.60648147917645,0.00964846775274504,0.0243264559297934,"WP_005766917.1"
"lcl|NC_008783.1_cds_WP_005766919.1_593",293.767763227236,0.905124035637741,0.702473094079595,0.0273455740558412,0.0587038138698764,"WP_005766919.1"
"lcl|NC_008783.1_cds_WP_005766926.1_597",30.2649029247234,-0.353582027551505,0.878914054029769,NA,NA,"WP_005766926.1"
"lcl|NC_008783.1_cds_WP_011807351.1_599",29.6722817518806,-0.842662866748915,0.778306541791579,0.0321467529931348,0.0673037143054147,"WP_011807351.1"
"lcl|NC_008783.1_cds_WP_005766936.1_624",2468.35721129044,0.0675191186891733,0.145565683642668,0.559816156789969,0.671439418821977,"WP_005766936.1"
"lcl|NC_008783.1_cds_WP_005766938.1_625",840.519371702497,0.334866595248442,0.271094806028654,0.122571124978603,0.200617103728791,"WP_005766938.1"
"lcl|NC_008783.1_cds_WP_005766940.1_626",624.362566114729,0.0289741994426722,0.213542904450891,0.86730970692759,0.916008915070583,"WP_005766940.1"
"lcl|NC_008783.1_cds_WP_005766942.1_627",1108.21632545939,0.544212309483228,0.220457920962605,0.00625275305515729,0.0168016153522934,"WP_005766942.1"
"lcl|NC_008783.1_cds_WP_005766945.1_628",394.873681025852,0.504086148232091,0.26058898452849,0.023478303580974,0.0515218328582485,"WP_005766945.1"
"lcl|NC_008783.1_cds_WP_005766947.1_629",1671.50620091433,-0.0779344876162048,0.171635521976474,0.570396531867917,0.679834992790976,"WP_005766947.1"
"lcl|NC_008783.1_cds_WP_005766949.1_630",159.311083136469,0.123803617824724,0.209323214570491,0.458104543107178,0.576278008048839,"WP_005766949.1"
"lcl|NC_008783.1_cds_WP_005766951.1_631",784.400050621085,0.297331095637896,0.22832885785454,0.106079170691969,0.180349809569559,"WP_005766951.1"
"lcl|NC_008783.1_cds_WP_005766957.1_632",1453.15325379054,-0.0256553193724571,0.231475321690896,0.891225785147358,0.931307368077266,"WP_005766957.1"
"lcl|NC_008783.1_cds_WP_005766958.1_633",540.10350002398,-0.38902783614042,0.210875845854943,0.0302083604472168,0.0639230484463427,"WP_005766958.1"
"lcl|NC_008783.1_cds_WP_005766959.1_634",2246.67555767253,0.169438317918682,0.220192194989728,0.331483255050526,0.447899267086515,"WP_005766959.1"
"lcl|NC_008783.1_cds_WP_005766960.1_635",1486.70516615724,-0.0600970221344512,0.167900041469681,0.656284376088672,0.751398053782683,"WP_005766960.1"
"lcl|NC_008783.1_cds_WP_005766961.1_636",3716.31357338149,-0.0535504860344142,0.165427751208645,0.687763454510792,0.781399514472952,"WP_005766961.1"
"lcl|NC_008783.1_cds_WP_005766962.1_637",1134.10602952663,-0.156766655887346,0.15527394785282,0.196730429428799,0.299262591621472,"WP_005766962.1"
"lcl|NC_008783.1_cds_WP_005766965.1_638",527.029693832121,-0.467263835170435,0.149548562944858,0.00102770000039277,0.00344992776335816,"WP_005766965.1"
"lcl|NC_008783.1_cds_WP_005766967.1_639",313.447651429387,-0.666899810852542,0.234335952866533,0.00198570314524706,0.0061598382908842,"WP_005766967.1"
"lcl|NC_008783.1_cds_WP_005766971.1_640",2389.12959318671,-0.0700326125688397,0.140989224531925,0.530965394476501,0.645327171748362,"WP_005766971.1"
"lcl|NC_008783.1_cds_WP_005766976.1_641",1670.05661018873,0.221672246383872,0.14713697243457,0.0625838175705894,0.117904330399282,"WP_005766976.1"
"lcl|NC_008783.1_cds_WP_005766978.1_642",772.105004827074,-0.848419530406936,0.288543857999823,0.00111453214602915,0.0037098893063049,"WP_005766978.1"
"lcl|NC_008783.1_cds_WP_005766983.1_643",792.618145454457,-0.21799938238072,0.112947707877854,0.0215692428659781,0.0481347510285953,"WP_005766983.1"
"lcl|NC_008783.1_cds_WP_005766984.1_644",305.190154782596,0.304919027740359,0.227781645973598,0.0976443856547001,0.169794738770801,"WP_005766984.1"
"lcl|NC_008783.1_cds_WP_005766985.1_645",253.722655525999,-0.180958996299982,0.243621937143235,0.348663747177229,0.467482047798336,"WP_005766985.1"
"lcl|NC_008783.1_cds_WP_005766991.1_646",3420.05625138637,-0.0355161706804724,0.178870108182685,0.806611113280198,0.866576762680902,"WP_005766991.1"
"lcl|NC_008783.1_cds_BARBAKC583_RS03565_647",629.161180528155,0.035427604169183,0.373610588751673,0.900559888810216,0.934879224231411,"BARBAKC583_RS03565"
"lcl|NC_008783.1_cds_WP_005766993.1_648",648.200210899138,-0.15869296383826,0.220566189117726,0.3645154101922,0.481550458280666,"WP_005766993.1"
"lcl|NC_008783.1_cds_WP_005766996.1_649",1409.58451941952,0.521599770088839,0.237508915143144,0.0125074990690881,0.0303095836336798,"WP_005766996.1"
"lcl|NC_008783.1_cds_WP_005766997.1_650",6103.12682161865,0.247403673900739,0.186346725964529,0.0984197231030617,0.170258937046902,"WP_005766997.1"
"lcl|NC_008783.1_cds_WP_005766998.1_651",422.64176061612,-0.175909267891496,0.182155181695455,0.21989473744843,0.326126738268323,"WP_005766998.1"
"lcl|NC_008783.1_cds_WP_005767001.1_652",345.096800741637,-0.161516648577793,0.153375311653099,0.178403951893545,0.275630616680379,"WP_005767001.1"
"lcl|NC_008783.1_cds_WP_005767002.1_653",675.671747660675,0.0124452863005284,0.155284538547472,0.921314806400343,0.945245061112041,"WP_005767002.1"
"lcl|NC_008783.1_cds_WP_005767004.1_654",322.285301679367,-0.343252747361613,0.256753840917498,0.0977215289803259,0.169794738770801,"WP_005767004.1"
"lcl|NC_008783.1_cds_WP_005767012.1_655",838.752185408428,-0.518307609283928,0.251333487585829,0.017251986805148,0.0402433156773628,"WP_005767012.1"
"lcl|NC_008783.1_cds_WP_005767014.1_656",6090.38083738277,0.669631578832198,0.306962498080977,0.0110473428927076,0.0273300654026275,"WP_005767014.1"
"lcl|NC_008783.1_cds_WP_005767018.1_657",300.427473244987,-0.545003052958415,0.232905482648676,0.00864334489263422,0.022363239514785,"WP_005767018.1"
"lcl|NC_008783.1_cds_WP_005767019.1_658",675.648797562754,0.0919174364065328,0.170723839692137,0.49875382110451,0.615846078604041,"WP_005767019.1"
"lcl|NC_008783.1_cds_WP_005767020.1_659",648.92312806381,-1.02312003922696,0.169211034541116,4.41454514726509e-10,7.55156457220859e-09,"WP_005767020.1"
"lcl|NC_008783.1_cds_WP_005767022.1_660",8256.61995111326,-0.164251375093016,0.224472039644934,0.356279210080781,0.473481467463013,"WP_005767022.1"
"lcl|NC_008783.1_cds_WP_005767024.1_661",966.295860511795,-0.167647829432819,0.213457272101623,0.321239000145379,0.437990982152951,"WP_005767024.1"
"lcl|NC_008783.1_cds_WP_005767026.1_662",513.601299769799,-0.0224579122188549,0.263989355667067,0.91575794861022,0.941990598179783,"WP_005767026.1"
"lcl|NC_008783.1_cds_WP_005767028.1_663",244.436541744916,1.34746226087672,0.299757465287953,8.48385673079157e-07,6.52053697522978e-06,"WP_005767028.1"
"lcl|NC_008783.1_cds_WP_005767030.1_664",1401.58313213183,0.628538507215172,0.261505216791311,0.00679358977822124,0.0180502329309241,"WP_005767030.1"
"lcl|NC_008783.1_cds_WP_005767032.1_665",189.760277697133,-0.157478811923288,0.171756706286599,0.242766000216058,0.351684242366784,"WP_005767032.1"
"lcl|NC_008783.1_cds_WP_005767034.1_666",450.514414086302,-0.214914316133431,0.169423959932065,0.111069474159243,0.187222371093461,"WP_005767034.1"
"lcl|NC_008783.1_cds_WP_005767036.1_667",1300.92316624256,-0.503300834462472,0.132106043852773,9.35439753866517e-05,0.0004214814100121,"WP_005767036.1"
"lcl|NC_008783.1_cds_WP_005767038.1_668",1091.89080958498,-0.84186628185145,0.313952100023254,0.00234628911641153,0.00716585722409192,"WP_005767038.1"
"lcl|NC_008783.1_cds_WP_005767039.1_669",2514.48880881269,-0.0654892070172392,0.324362499456496,0.796437825634848,0.859543554988428,"WP_005767039.1"
"lcl|NC_008783.1_cds_WP_005767040.1_670",664.337081679796,-0.432101072784713,0.35556316355308,0.118785469446075,0.196593269963126,"WP_005767040.1"
"lcl|NC_008783.1_cds_WP_005767041.1_671",1059.60770451676,-0.483671666075672,0.185037363670382,0.00442587865420883,0.012607370685667,"WP_005767041.1"
"lcl|NC_008783.1_cds_WP_005767042.1_672",1123.82455145273,0.19578808407779,0.220007633778174,0.260739332678881,0.371365515894801,"WP_005767042.1"
"lcl|NC_008783.1_cds_WP_005767043.1_673",1374.58615463727,-0.00402678711420227,0.192514202523429,0.97950287555676,0.983653311470136,"WP_005767043.1"
"lcl|NC_008783.1_cds_WP_005767044.1_674",343.021969068786,-0.419100022941785,0.183390755598933,0.0104275471919661,0.0259049128353876,"WP_005767044.1"
"lcl|NC_008783.1_cds_WP_011807356.1_675",999.018332628987,-0.965496638216317,0.178493439850556,2.13870579682451e-08,2.43689073965101e-07,"WP_011807356.1"
"lcl|NC_008783.1_cds_WP_005767046.1_676",914.865161044222,0.233055489862075,0.26549135772781,0.266492088882463,0.377005265382984,"WP_005767046.1"
"lcl|NC_008783.1_cds_WP_005767047.1_677",356.413759995374,-0.194122663511053,0.235248259435495,0.297364187253222,0.413102651694101,"WP_005767047.1"
"lcl|NC_008783.1_cds_WP_005767048.1_678",529.583814779763,0.245573560368805,0.245015229817641,0.206184040465702,0.310061025319615,"WP_005767048.1"
"lcl|NC_008783.1_cds_BARBAKC583_RS06815_679",82.3702963567883,-0.604340521698911,0.54315464460149,0.0998275970632156,0.171941428081265,"BARBAKC583_RS06815"
"lcl|NC_008783.1_cds_BARBAKC583_RS07085_680",0.497273686691425,0.0610322458871363,0.801373022067675,0.733929069415868,0.813569641962398,"BARBAKC583_RS07085"
"lcl|NC_008783.1_cds_BARBAKC583_RS03770_681",0.659777076292342,0.0693768807216176,0.746651599219136,0.793293770512248,0.857335378330643,"BARBAKC583_RS03770"
"lcl|NC_008783.1_cds_WP_005767058.1_682",382.862219177969,-0.53871195900416,0.327332120870663,0.0433307502561657,0.087028710260265,"WP_005767058.1"
"lcl|NC_008783.1_cds_WP_005767060.1_683",305.690499483995,-0.729659920266283,0.381473692041474,0.0183260789656171,0.0424148507309692,"WP_005767060.1"
"lcl|NC_008783.1_cds_WP_005767062.1_684",806.355757247468,-0.826923574299821,0.18037335288322,2.03164669398733e-06,1.39161926726878e-05,"WP_005767062.1"
"lcl|NC_008783.1_cds_WP_005767064.1_685",538.325475624839,-1.22725714223634,0.219793183771884,4.17063552042716e-09,6.1014852984027e-08,"WP_005767064.1"
"lcl|NC_008783.1_cds_WP_005767066.1_686",1030.1590905289,-0.89481196687021,0.137185045507972,2.75858436155539e-11,6.40965189890812e-10,"WP_005767066.1"
"lcl|NC_008783.1_cds_WP_005767068.1_687",509.572827870146,-0.737812061555417,0.152024424243657,6.46661863674657e-07,5.21288645207121e-06,"WP_005767068.1"
"lcl|NC_008783.1_cds_WP_005767070.1_688",1017.08115869368,-0.681808830538694,0.134214157047679,2.21988425860922e-07,1.94856507144587e-06,"WP_005767070.1"
"lcl|NC_008783.1_cds_WP_005767072.1_689",1380.31426232787,-0.933762514334594,0.186307434718855,1.94041173857636e-07,1.7288630903857e-06,"WP_005767072.1"
"lcl|NC_008783.1_cds_WP_005767074.1_690",433.89863053068,-0.825700087163842,0.160098706934755,1.13599685857516e-07,1.06837799794568e-06,"WP_005767074.1"
"lcl|NC_008783.1_cds_WP_005767075.1_691",668.905274179094,-0.212903966450673,0.192042013058069,0.161737937953283,0.253517799569631,"WP_005767075.1"
"lcl|NC_008783.1_cds_WP_005767077.1_692",628.67199508255,-0.0621558593652657,0.131021442649276,0.549221777371451,0.663649802455661,"WP_005767077.1"
"lcl|NC_008783.1_cds_WP_005767079.1_693",165.090103957242,-0.042078863843618,0.181990575354791,0.775384958587088,0.842964381583211,"WP_005767079.1"
"lcl|NC_008783.1_cds_WP_005767081.1_694",1995.75147059199,-0.652671038311115,0.156980237584763,1.9048381152993e-05,0.00010032147407243,"WP_005767081.1"
"lcl|NC_008783.1_cds_WP_005767083.1_695",831.82148665861,-0.582572160992303,0.196494308316241,0.00154732101638826,0.0049690390363688,"WP_005767083.1"
"lcl|NC_008783.1_cds_WP_005767085.1_696",664.561873210091,-1.01264652968879,0.147071685384762,1.77527377374639e-12,5.43746963125111e-11,"WP_005767085.1"
"lcl|NC_008783.1_cds_WP_172952860.1_697",379.278375783783,-0.761272002060517,0.1787411079277,1.02331955496905e-05,5.74707901724323e-05,"WP_172952860.1"
"lcl|NC_008783.1_cds_WP_005767088.1_698",487.453700200051,-1.09508411078927,0.208012225754776,3.47189853775875e-08,3.77449519930653e-07,"WP_005767088.1"
"lcl|NC_008783.1_cds_WP_005767091.1_699",1221.50777737788,-0.47128309021159,0.26454981370207,0.0340573185859703,0.0709278075999557,"WP_005767091.1"
"lcl|NC_008783.1_cds_WP_005767093.1_700",391.250299838981,-0.987158838262879,0.261125844865277,4.65338801775172e-05,0.000225072032695338,"WP_005767093.1"
"lcl|NC_008783.1_cds_WP_005767095.1_701",174.23282319297,-0.912407394750948,0.245929688587957,7.23597941094113e-05,0.000331067011658889,"WP_005767095.1"
"lcl|NC_008783.1_cds_WP_005767097.1_702",27.7404375897303,-0.512083694968785,0.34300644688357,0.0617372731219695,0.116494695301805,"WP_005767097.1"
"lcl|NC_008783.1_cds_WP_005767099.1_703",988.578443881489,-0.27883299729019,0.268314319288183,0.189640554939818,0.289966525940238,"WP_005767099.1"
"lcl|NC_008783.1_cds_WP_080512677.1_704",32.385262636285,-0.390564425659925,0.456331783034643,0.233282798664873,0.341284094343055,"WP_080512677.1"
"lcl|NC_008783.1_cds_WP_196242563.1_705",4.89548281378074,0.0522098950994967,0.562514089849085,0.878851069180643,0.923261096612643,"WP_196242563.1"
"lcl|NC_008783.1_cds_WP_080774880.1_706",52.6135963282865,-0.168461690424839,0.406729741439286,0.575459679088629,0.681919719720025,"WP_080774880.1"
"lcl|NC_008783.1_cds_WP_005767101.1_707",5387.65214926223,-0.0499569734859752,0.156703781650509,0.69190705134151,0.783852634645975,"WP_005767101.1"
"lcl|NC_008783.1_cds_BARBAKC583_RS03910_708",3221.63124819587,-0.383625643345659,0.274966826248223,0.0846780097300773,0.149990196607088,"BARBAKC583_RS03910"
"lcl|NC_008783.1_cds_WP_005767105.1_709",599.470888061914,-0.262291960008483,0.252481681530143,0.190445809565093,0.290448242386917,"WP_005767105.1"
"lcl|NC_008783.1_cds_WP_005767107.1_710",3238.1845016821,-0.530525133397661,0.144938232347386,0.000161081888344363,0.000700465633743494,"WP_005767107.1"
"lcl|NC_008783.1_cds_WP_011807361.1_711",2677.12408014716,0.201760177925144,0.260552796464094,0.327475497710126,0.443495388327427,"WP_011807361.1"
"lcl|NC_008783.1_cds_WP_005767112.1_712",311.570935869781,-0.333419940394252,0.2500622250804,0.098696266392113,0.170488448505326,"WP_005767112.1"
"lcl|NC_008783.1_cds_WP_005767115.1_713",870.131775254101,0.023196832354676,0.121550382750861,0.812197481448463,0.871788057532997,"WP_005767115.1"
"lcl|NC_008783.1_cds_WP_005767117.1_714",463.53053947712,-0.0061897396450767,0.106683226617897,0.942427318387162,0.959113596375606,"WP_005767117.1"
"lcl|NC_008783.1_cds_WP_005767119.1_715",1279.68902586191,0.404283738385378,0.388397070948771,0.17030445276924,0.264952866285825,"WP_005767119.1"
"lcl|NC_008783.1_cds_WP_005767122.1_716",1609.98227099973,-0.339454407787814,0.260253928208545,0.10516551502344,0.179200394071063,"WP_005767122.1"
"lcl|NC_008783.1_cds_WP_005767124.1_717",649.942210444831,-0.831150644869768,0.193687443221027,7.7633395265507e-06,4.51451151485696e-05,"WP_005767124.1"
"lcl|NC_008783.1_cds_WP_005767126.1_718",785.249096266008,-0.78706416653852,0.22220547711486,0.000174011960168715,0.000747116568115678,"WP_005767126.1"
"lcl|NC_008783.1_cds_WP_005767128.1_719",595.101843751257,-0.80030292901528,0.225219783499648,0.000162933533831175,0.000704657801423147,"WP_005767128.1"
"lcl|NC_008783.1_cds_WP_005767130.1_720",353.026696627638,0.390773439843344,0.264918516556223,0.0707021196691188,0.130675873876621,"WP_005767130.1"
"lcl|NC_008783.1_cds_WP_005767132.1_721",725.652628411725,-0.807121880270792,0.183912062023697,5.25272373121178e-06,3.19203980589023e-05,"WP_005767132.1"
"lcl|NC_008783.1_cds_WP_011807364.1_722",556.481670392922,0.291540843599877,0.194974436585475,0.0675205605210693,0.126002935775539,"WP_011807364.1"
"lcl|NC_008783.1_cds_WP_005767144.1_723",339.426285825529,0.0790992729102437,0.33086313430432,0.759097001746644,0.832898099138679,"WP_005767144.1"
"lcl|NC_008783.1_cds_WP_005767146.1_724",366.327452406262,0.0398060467823996,0.174995042519276,0.778842706929259,0.845172717684223,"WP_005767146.1"
"lcl|NC_008783.1_cds_WP_005767147.1_725",1009.86707477051,-0.349370929905483,0.177387754497904,0.0222710461484633,0.0491456046292904,"WP_005767147.1"
"lcl|NC_008783.1_cds_WP_005767149.1_726",414.980314806899,-0.166810556729423,0.214540121024038,0.326230084447432,0.442314244931587,"WP_005767149.1"
"lcl|NC_008783.1_cds_WP_005767151.1_727",391.864826392992,-0.288387343437056,0.197659796031141,0.0734781621796571,0.13416274604452,"WP_005767151.1"
"lcl|NC_008783.1_cds_WP_005767158.1_728",1141.59257963212,-0.577639765720697,0.281191729948431,0.0166745797191229,0.0391274791428924,"WP_005767158.1"
"lcl|NC_008783.1_cds_WP_005767165.1_729",163.342234092878,-0.281534438398129,0.221752745032059,0.114090759462068,0.191227086227087,"WP_005767165.1"
"lcl|NC_008783.1_cds_WP_005767167.1_730",1989.28393152125,-0.0236220105300706,0.229377851795736,0.898935420655251,0.934879224231411,"WP_005767167.1"
"lcl|NC_008783.1_cds_WP_005767169.1_731",143.449792249642,0.05693735869537,0.201793441869745,0.727277105801457,0.809039543471011,"WP_005767169.1"
"lcl|NC_008783.1_cds_WP_011807366.1_732",422.511747634493,0.740589318694425,0.320103632165421,0.00721787317379152,0.0190070660243177,"WP_011807366.1"
"lcl|NC_008783.1_cds_BARBAKC583_RS07220_733",86.4642709941424,-0.797637818518248,0.447273155654442,0.0207105578753154,0.0468358990119251,"BARBAKC583_RS07220"
"lcl|NC_008783.1_cds_WP_005767173.1_734",864.233625197033,-0.325545721290637,0.137326133862252,0.0080707589709794,0.0210657475343845,"WP_005767173.1"
"lcl|NC_008783.1_cds_WP_005767175.1_735",185.64475308004,-0.972029946716996,0.170403121403715,3.90399467809618e-09,5.78279211692996e-08,"WP_005767175.1"
"lcl|NC_008783.1_cds_WP_005767176.1_736",138.63459877334,-0.862027549484584,0.356606364376544,0.00445159380220426,0.0126502126033862,"WP_005767176.1"
"lcl|NC_008783.1_cds_WP_005767179.1_737",334.106503475892,-0.568178034367879,0.182824536619337,0.00101690762131156,0.00343314966169286,"WP_005767179.1"
"lcl|NC_008783.1_cds_WP_005767181.1_738",180.97357190768,-0.41764198993724,0.292196550909818,0.0771137580049427,0.139250913790365,"WP_005767181.1"
"lcl|NC_008783.1_cds_WP_035453098.1_739",534.819160082168,0.0597045220333984,0.127355471446634,0.553744643512567,0.666180104124256,"WP_035453098.1"
"lcl|NC_008783.1_cds_WP_005767184.1_740",4640.78324982042,0.139771118731709,0.248589304572574,0.480215532424792,0.599347642480823,"WP_005767184.1"
"lcl|NC_008783.1_cds_WP_005767186.1_741",1283.67813227405,0.242588838491503,0.316309377535652,0.325364401061464,0.441961215090317,"WP_005767186.1"
"lcl|NC_008783.1_cds_WP_005767188.1_742",182.965623879978,0.407080737154122,0.348071870329232,0.133518456234548,0.215055101372647,"WP_005767188.1"
"lcl|NC_008783.1_cds_WP_005767190.1_743",1686.82190672875,-0.608367689160906,0.121344457324795,3.50885620208844e-07,2.969996142482e-06,"WP_005767190.1"
"lcl|NC_008783.1_cds_WP_005767192.1_744",1213.939869345,0.533648096866995,0.289840164290268,0.0283391120647792,0.0602905705507422,"WP_005767192.1"
"lcl|NC_008783.1_cds_WP_005767194.1_745",1063.60384870237,0.248752837202804,0.177402359617525,0.0824318149454327,0.146889775504267,"WP_005767194.1"
"lcl|NC_008783.1_cds_WP_005767196.1_746",193.736506267609,-0.288825405405684,0.198974595426736,0.074792785285238,0.136143549251931,"WP_005767196.1"
"lcl|NC_008783.1_cds_WP_005767198.1_747",728.893329371512,-1.02883418428264,0.414275427421561,0.00255451648261819,0.00778175329537932,"WP_005767198.1"
"lcl|NC_008783.1_cds_WP_005767200.1_748",226.951658672528,0.107774569988087,0.326478986719979,0.672324373351468,0.766799213110192,"WP_005767200.1"
"lcl|NC_008783.1_cds_WP_005767202.1_749",1093.56996724158,-0.791469812667428,0.237971034923548,0.00036719800861407,0.00140818653788891,"WP_005767202.1"
"lcl|NC_008783.1_cds_BARBAKC583_RS04135_750",596.201892906102,-0.555740904591282,0.275608662381878,0.0186071675772035,0.0428145506388082,"BARBAKC583_RS04135"
"lcl|NC_008783.1_cds_WP_225866720.1_751",44.1767598632628,0.560743731922541,0.576664820307314,0.130919079375739,0.21215255940939,"WP_225866720.1"
"lcl|NC_008783.1_cds_WP_005767215.1_752",62.470319186651,-0.29733074273886,0.32422240142665,0.239018132959606,0.347956372920311,"WP_005767215.1"
"lcl|NC_008783.1_cds_WP_005767217.1_753",1151.84070219362,-0.0581031872492801,0.215440549213646,0.73882422895887,0.816908868193493,"WP_005767217.1"
"lcl|NC_008783.1_cds_WP_011807367.1_754",268.097027791351,0.830631993182419,0.409994622462072,0.0117085484667854,0.0286665907709517,"WP_011807367.1"
"lcl|NC_008783.1_cds_WP_005767222.1_755",398.01190753048,-1.03140913812163,0.216313005341133,5.30097836984788e-07,4.42370378047165e-06,"WP_005767222.1"
"lcl|NC_008783.1_cds_WP_005767224.1_756",452.609247405455,-0.209519812922831,0.161275694080458,0.102751479494055,0.175954484393722,"WP_005767224.1"
"lcl|NC_008783.1_cds_WP_005767246.1_757",593.792662315464,-0.00735236836807931,0.141636185250196,0.948879651622586,0.961061404760478,"WP_005767246.1"
"lcl|NC_008783.1_cds_WP_005767248.1_758",920.667717535817,0.0999572473952704,0.114475079755641,0.259161830741941,0.370008155938796,"WP_005767248.1"
"lcl|NC_008783.1_cds_WP_005767250.1_759",1340.107668387,0.888165053924892,0.23228187258882,4.90761146314341e-05,0.000234496757412296,"WP_005767250.1"
"lcl|NC_008783.1_cds_WP_035453092.1_760",516.158333704043,-0.0508201061275532,0.254982904197791,0.804442146565562,0.865525154841887,"WP_035453092.1"
"lcl|NC_008783.1_cds_WP_005767254.1_761",956.157185612413,0.477764534912717,0.31974263620632,0.0638827659516321,0.120160440718546,"WP_005767254.1"
"lcl|NC_008783.1_cds_WP_005767256.1_762",960.798931419031,-0.0774041621651317,0.135304350340681,0.467677963292457,0.585833389536534,"WP_005767256.1"
"lcl|NC_008783.1_cds_WP_005767258.1_763",231.920576703422,0.0148654139856311,0.243382584046624,0.939813557267799,0.958415718900467,"WP_005767258.1"
"lcl|NC_008783.1_cds_WP_005767260.1_764",2190.13121149419,0.0697385233540852,0.198462829063317,0.663086226226357,0.757721483199839,"WP_005767260.1"
"lcl|NC_008783.1_cds_WP_005767262.1_765",123.349476796937,-0.244336476161915,0.203699155907807,0.132806398123973,0.214408149559821,"WP_005767262.1"
"lcl|NC_008783.1_cds_WP_005767264.1_766",571.816637031783,-0.489866194299213,0.169376489357325,0.00204168307619916,0.00631695677622979,"WP_005767264.1"
"lcl|NC_008783.1_cds_WP_005767266.1_767",2668.43930438264,-0.861429872272496,0.139056005439799,2.49171278866625e-10,4.54258408395309e-09,"WP_005767266.1"
"lcl|NC_008783.1_cds_WP_005767268.1_768",216.106562744018,-0.97362235776329,0.191677547598286,1.24692978556047e-07,1.14543550068927e-06,"WP_005767268.1"
"lcl|NC_008783.1_cds_WP_005767270.1_769",797.792356414828,-0.109342637202943,0.205532045383299,0.505701826976657,0.622281064348222,"WP_005767270.1"
"lcl|NC_008783.1_cds_WP_005767272.1_770",576.066926270065,-0.36669659700859,0.246406572613895,0.0691417249854192,0.128020225168315,"WP_005767272.1"
"lcl|NC_008783.1_cds_WP_005767273.1_771",635.41905863172,-0.0738201291552698,0.156313155248446,0.553462964014585,0.666180104124256,"WP_005767273.1"
"lcl|NC_008783.1_cds_WP_005767274.1_772",1466.73758255603,-0.0722715194894616,0.12164338059589,0.448606427637334,0.568126567307386,"WP_005767274.1"
"lcl|NC_008783.1_cds_WP_035453088.1_773",2065.65566363719,0.0685593531076655,0.17167732404656,0.618871812310045,0.719689006464576,"WP_035453088.1"
"lcl|NC_008783.1_cds_WP_005767276.1_774",726.292879030462,1.13617655425002,0.310720925350001,5.14474752486171e-05,0.000243861032678445,"WP_005767276.1"
"lcl|NC_008783.1_cds_WP_005767277.1_775",913.140049396465,0.434341956168822,0.358510408444336,0.119348100354696,0.197248952469058,"WP_005767277.1"
"lcl|NC_008783.1_cds_WP_005767278.1_776",1241.39015451563,0.363284577032106,0.182598851274839,0.02132139893108,0.0476714296855279,"WP_005767278.1"
"lcl|NC_008783.1_cds_WP_005767279.1_777",210.013699754312,0.755374995429577,0.376118589460366,0.0141997106254436,0.0341311502863096,"WP_005767279.1"
"lcl|NC_008783.1_cds_WP_005767280.1_778",1623.94861853943,-1.39801879076326,0.157111322020309,6.69550200029985e-20,9.91771233794415e-18,"WP_005767280.1"
"lcl|NC_008783.1_cds_WP_011807371.1_779",312.768733456292,-0.0770687377078186,0.179150922056707,0.591754790494772,0.697047143873067,"WP_011807371.1"
"lcl|NC_008783.1_cds_WP_005767292.1_780",951.371500517966,-0.610281750102542,0.269673632660745,0.00980957041643045,0.0246801293916562,"WP_005767292.1"
"lcl|NC_008783.1_cds_WP_005767294.1_781",941.860430253097,0.507239485770185,0.128903271244832,5.6973472313122e-05,0.000265801435791534,"WP_005767294.1"
"lcl|NC_008783.1_cds_WP_011807373.1_782",459.286051455532,0.463824776771567,0.207406756412827,0.0116826700094838,0.0286624512655038,"WP_011807373.1"
"lcl|NC_008783.1_cds_BARBAKC583_RS06960_783",50.0407872518356,-1.13338270865511,0.416071614310945,0.00104116582384801,0.00347878460086262,"BARBAKC583_RS06960"
"lcl|NC_008783.1_cds_BARBAKC583_RS07225_784",4.16922190605498,-0.156220825368877,0.576084453586515,0.651129084143949,0.747662756502499,"BARBAKC583_RS07225"
"lcl|NC_008783.1_cds_WP_005767302.1_785",0.80711904013145,-0.104065208722822,0.711777241112875,0.72753393489453,0.809039543471011,"WP_005767302.1"
"lcl|NC_008783.1_cds_WP_005767305.1_786",130.053361698932,0.10897072261949,0.230450689381142,0.554983366388569,0.666993193884842,"WP_005767305.1"
"lcl|NC_008783.1_cds_WP_005767307.1_787",1292.35022846211,-1.06299422748936,0.494843421746511,0.00497167362142888,0.013894889720267,"WP_005767307.1"
"lcl|NC_008783.1_cds_WP_005767309.1_788",809.991288422419,-0.344548885512853,0.173189388966008,0.0211802875435548,0.0475353044301372,"WP_005767309.1"
"lcl|NC_008783.1_cds_WP_005767311.1_789",124.201301618788,-0.268768795841701,0.183179693121994,0.0713896341869821,0.13095466952256,"WP_005767311.1"
"lcl|NC_008783.1_cds_WP_005767313.1_790",65.3494175381788,-0.602643205643761,0.510225857382747,0.0919745136758643,0.161227512878549,"WP_005767313.1"
"lcl|NC_008783.1_cds_WP_005767315.1_791",523.000174082111,-0.925847217173143,0.267619474130256,0.000176305164219223,0.000754229673645412,"WP_005767315.1"
"lcl|NC_008783.1_cds_WP_005767317.1_792",188.261405798637,-0.981616353489223,0.442685619084011,0.00536893449059097,0.0148302735928911,"WP_005767317.1"
"lcl|NC_008783.1_cds_WP_005767319.1_793",654.548375861482,-0.336858983291081,0.271771696230725,0.121357300310408,0.199456866668284,"WP_005767319.1"
"lcl|NC_008783.1_cds_WP_005767321.1_794",211.726659510876,-0.877820257761171,0.285662458686496,0.000703148700111443,0.00245068002832959,"WP_005767321.1"
"lcl|NC_008783.1_cds_WP_005767322.1_795",174.249664772799,0.196235924257834,0.211150290957294,0.239903554213375,0.348816824224355,"WP_005767322.1"
"lcl|NC_008783.1_cds_WP_005767325.1_796",796.846407079318,-0.494038672713223,0.152784844938189,0.000720726777470752,0.00250457839091742,"WP_005767325.1"
"lcl|NC_008783.1_cds_WP_005767328.1_797",892.490986106745,0.138123945228359,0.16263412652639,0.278370851132888,0.391768953197711,"WP_005767328.1"
"lcl|NC_008783.1_cds_WP_005767330.1_798",3336.35723015768,-0.0140657635473793,0.173744378741781,0.920694092703265,0.945245061112041,"WP_005767330.1"
"lcl|NC_008783.1_cds_WP_005767333.1_799",2007.82676211545,-0.588669980688599,0.284755321386718,0.0159871109405405,0.037813825278524,"WP_005767333.1"
"lcl|NC_008783.1_cds_WP_005767335.1_800",515.104057308031,0.609887427140166,0.242178875018933,0.0051783379706536,0.0143707974127038,"WP_005767335.1"
"lcl|NC_008783.1_cds_WP_005767337.1_801",456.247448792703,0.590894020457717,0.235446325531201,0.00540055334299543,0.0148829202591851,"WP_005767337.1"
"lcl|NC_008783.1_cds_WP_005767354.1_802",503.820546922772,1.38949547988087,0.259049379138719,9.22462000292045e-09,1.15064996878534e-07,"WP_005767354.1"
"lcl|NC_008783.1_cds_BARBAKC583_RS07105_803",2.11917657030087,0.334146939944509,0.706198416124636,0.31314394628397,0.428493737120674,"BARBAKC583_RS07105"
"lcl|NC_008783.1_cds_WP_414945892.1_804",11.0502557952431,-0.125469944153859,0.501777789378156,0.708484624124688,0.797297511479349,"WP_414945892.1"
"lcl|NC_008783.1_cds_WP_414945891.1_805",2.76916235837742,-0.214815458269158,0.67213428618925,0.516335021577775,0.632083678274445,"WP_414945891.1"
"lcl|NC_008783.1_cds_WP_005767360.1_806",1001.05382720421,-0.843195819940728,0.218573850768588,4.70867232384286e-05,0.000226364568781966,"WP_005767360.1"
"lcl|NC_008783.1_cds_WP_005767366.1_807",2547.41815064985,0.194708831647426,0.163042863330873,0.130792375426721,0.21215255940939,"WP_005767366.1"
"lcl|NC_008783.1_cds_WP_005767368.1_808",1067.89883647089,0.805571455823125,0.199112218592704,2.354343067636e-05,0.000119738048718827,"WP_005767368.1"
"lcl|NC_008783.1_cds_WP_005767371.1_809",257.637558678895,0.00666805138723186,0.120817937864459,0.945397073819727,0.96080234346173,"WP_005767371.1"
"lcl|NC_008783.1_cds_WP_005767374.1_810",129.744890826953,-0.260766974157067,0.234693223406892,0.16281212195807,0.254864418124588,"WP_005767374.1"
"lcl|NC_008783.1_cds_BARBAKC583_RS04450_811",188.555821884942,-0.0100629883056312,0.149658523166428,0.933903447792326,0.955678398647587,"BARBAKC583_RS04450"
"lcl|NC_008783.1_cds_WP_005767377.1_812",5.22238413825755,-0.119381956931785,0.592530777815382,0.728111249645652,0.809039543471011,"WP_005767377.1"
"lcl|NC_008783.1_cds_WP_005767379.1_813",785.677740376754,-0.0195195168788874,0.108676836914999,0.82265448255147,0.877448750516195,"WP_005767379.1"
"lcl|NC_008783.1_cds_WP_005767382.1_814",1976.69442161978,-0.35697793264047,0.159401400002701,0.0115135629599185,0.0283061661981398,"WP_005767382.1"
"lcl|NC_008783.1_cds_WP_005767384.1_815",2463.85291002835,-0.515753555191472,0.104573298784678,5.99314271371897e-07,4.86429733955958e-06,"WP_005767384.1"
"lcl|NC_008783.1_cds_WP_005767386.1_816",181.248305661847,0.584195188693808,0.344019478041265,0.0366010086963679,0.0755613158627107,"WP_005767386.1"
"lcl|NC_008783.1_cds_WP_005767388.1_817",1036.8823373008,1.38649609300325,0.285091863991776,1.2889822157501e-07,1.17495686589528e-06,"WP_005767388.1"
"lcl|NC_008783.1_cds_WP_005767390.1_818",7308.24819841811,0.368699614515963,0.191861174774662,0.0251258861303724,0.0545314561620719,"WP_005767390.1"
"lcl|NC_008783.1_cds_WP_005767392.1_819",90.0082899423485,-0.750781633554938,0.415957239227487,0.0219990958120116,0.0489098096383373,"WP_005767392.1"
"lcl|NC_008783.1_cds_WP_005767394.1_820",331.246919537255,0.368108110568868,0.227211373259187,0.0510772103027353,0.0993866899979331,"WP_005767394.1"
"lcl|NC_008783.1_cds_WP_005767396.1_821",8.75246016593365,0.0909727526005665,0.414634723478545,0.764993277252918,0.835974143614579,"WP_005767396.1"
"lcl|NC_008783.1_cds_WP_005767398.1_822",1175.58512367598,-0.517436192653251,0.214749283726877,0.00740169806855888,0.0194048942726599,"WP_005767398.1"
"lcl|NC_008783.1_cds_WP_005767400.1_823",247.125288040629,0.773517364925777,0.374611591390695,0.0121083748220384,0.0294628832938715,"WP_005767400.1"
"lcl|NC_008783.1_cds_WP_005767402.1_824",2383.25577648508,1.0051256440296,0.384234479403378,0.00193981218437557,0.00606511197489458,"WP_005767402.1"
"lcl|NC_008783.1_cds_WP_005767404.1_825",496.207024145305,0.176411246697798,0.375354534100918,0.534702236634242,0.647213636784041,"WP_005767404.1"
"lcl|NC_008783.1_cds_WP_005767406.1_826",827.227090161512,-0.308637420772793,0.319713667058056,0.216452861573134,0.322231961010256,"WP_005767406.1"
"lcl|NC_008783.1_cds_WP_005767408.1_827",305.155274762349,-0.182776339314441,0.154673736167245,0.133570088278707,0.215055101372647,"WP_005767408.1"
"lcl|NC_008783.1_cds_WP_005767411.1_828",463.600398317917,-0.326345656411512,0.140292779396247,0.00905343268036284,0.0230778697310605,"WP_005767411.1"
"lcl|NC_008783.1_cds_WP_035453042.1_829",1547.53307234608,-0.132587824810245,0.129786499963213,0.188270847027255,0.288244126262658,"WP_035453042.1"
"lcl|NC_008783.1_cds_WP_005767415.1_830",410.328123443485,-0.517965854389082,0.190807722367993,0.00331602298372389,0.00974723444840481,"WP_005767415.1"
"lcl|NC_008783.1_cds_WP_005767417.1_831",2241.2042147263,-0.295694954915862,0.269272518333143,0.166690289334273,0.260299600572799,"WP_005767417.1"
"lcl|NC_008783.1_cds_WP_005767421.1_832",467.733269319351,-0.0868741906492035,0.166759662945776,0.51290554458152,0.629837843170415,"WP_005767421.1"
"lcl|NC_008783.1_cds_WP_011807385.1_833",438.871865516752,-0.0552920878289881,0.160378586576395,0.668015233916321,0.76261854739002,"WP_011807385.1"
"lcl|NC_008783.1_cds_WP_005767425.1_834",704.857545847827,0.0575287264850163,0.143873734515426,0.616534125266238,0.718380470442961,"WP_005767425.1"
"lcl|NC_008783.1_cds_WP_005767427.1_835",202.255329905117,0.212198071462471,0.20037486048544,0.181106288951629,0.279077961518441,"WP_005767427.1"
"lcl|NC_008783.1_cds_WP_005767428.1_836",453.611743584449,-0.0357697601493763,0.150553632423163,0.768396239577048,0.837672073503958,"WP_005767428.1"
"lcl|NC_008783.1_cds_WP_005767430.1_837",579.004025227984,0.342094433934043,0.150077412629572,0.010321646286842,0.0258041157171051,"WP_005767430.1"
"lcl|NC_008783.1_cds_WP_172952867.1_838",330.873719353785,0.558258723363452,0.202887278260585,0.00291129463204867,0.008711828633782,"WP_172952867.1"
"lcl|NC_008783.1_cds_WP_005767434.1_839",684.883260687226,0.804583902050283,0.190843588922144,1.13987698350968e-05,6.31193563298587e-05,"WP_005767434.1"
"lcl|NC_008783.1_cds_WP_005767435.1_840",428.073840931864,-0.0429620466191128,0.151182936126672,0.724124751054843,0.809039543471011,"WP_005767435.1"
"lcl|NC_008783.1_cds_WP_005767436.1_841",386.312211791446,0.553342841313514,0.223903072403784,0.00616427964797678,0.0166015258701193,"WP_005767436.1"
"lcl|NC_008783.1_cds_WP_005767438.1_842",301.471850698454,-0.228493115859545,0.169409726998965,0.0924574168202877,0.16183462176077,"WP_005767438.1"
"lcl|NC_008783.1_cds_WP_005767440.1_843",254.459136231159,-0.201022438290821,0.195345618536937,0.192931052832852,0.293860279700423,"WP_005767440.1"
"lcl|NC_008783.1_cds_WP_005767442.1_844",59.773290176673,-0.416521971446299,0.295846692665397,0.0808383937404075,0.144484911888964,"WP_005767442.1"
"lcl|NC_008783.1_cds_WP_005767445.1_845",369.668800983237,0.557391743165849,0.164514341637407,0.0004132946825455,0.00154985505954562,"WP_005767445.1"
"lcl|NC_008783.1_cds_WP_005767447.1_846",84.2680646889118,0.714050741756333,0.241680546489071,0.00135350209502472,0.00440631863352826,"WP_005767447.1"
"lcl|NC_008783.1_cds_WP_005767450.1_847",912.162281453673,-0.8003840723229,0.25627113765622,0.000699235927235313,0.00244423178104379,"WP_005767450.1"
"lcl|NC_008783.1_cds_WP_005767452.1_848",161.066520010805,-0.206784995935227,0.208572914701312,0.210220969702763,0.314138523452427,"WP_005767452.1"
"lcl|NC_008783.1_cds_WP_005767454.1_849",425.684978363792,0.0544000184671278,0.171167600368549,0.693476646650529,0.78477948193012,"WP_005767454.1"
"lcl|NC_008783.1_cds_WP_005767457.1_850",1193.56851138999,-1.636645956832,0.255688863326027,9.04251102432194e-12,2.38119456973811e-10,"WP_005767457.1"
"lcl|NC_008783.1_cds_WP_005767459.1_851",8.59134491474034,-0.316159347413062,0.612366004365102,0.371703290098909,0.4877833873391,"WP_005767459.1"
"lcl|NC_008783.1_cds_WP_005767461.1_852",3163.45666393519,0.25656062691512,0.227477993174513,0.156807544432115,0.247426018844282,"WP_005767461.1"
"lcl|NC_008783.1_cds_WP_005767462.1_853",3089.40244138143,-0.109074842667104,0.11063061157852,0.202305040160902,0.305985720436817,"WP_005767462.1"
"lcl|NC_008783.1_cds_WP_035453153.1_854",2575.06183727636,0.0496809855297644,0.0910239724711192,0.487337209863707,0.605340244956491,"WP_035453153.1"
"lcl|NC_008783.1_cds_WP_005767464.1_855",412.163977387976,0.0665835808918342,0.198927052935888,0.678398632972512,0.772983057761949,"WP_005767464.1"
"lcl|NC_008783.1_cds_WP_005767465.1_856",248.158958491475,-0.277094603073916,0.177536431664549,0.0573328953674794,0.109398794618225,"WP_005767465.1"
"lcl|NC_008783.1_cds_WP_005767466.1_857",57.5140631228246,1.31198496203943,0.35688401081601,2.9351604673024e-05,0.000147379879396328,"WP_005767466.1"
"lcl|NC_008783.1_cds_WP_035453032.1_858",108.271803138138,0.775655540659967,0.231199668455345,0.00034247256131323,0.0013349670564348,"WP_035453032.1"
"lcl|NC_008783.1_cds_WP_005767468.1_859",3103.33063820365,0.341693243508085,0.212238375855566,0.0522513234749812,0.101007860224882,"WP_005767468.1"
"lcl|NC_008783.1_cds_WP_005767469.1_860",861.547676339781,0.315018467400514,0.200991358153092,0.0574228272173297,0.109398794618225,"WP_005767469.1"
"lcl|NC_008783.1_cds_WP_005767473.1_861",4130.05961960641,0.131496860006239,0.133413765884289,0.204452459911828,0.308632057319128,"WP_005767473.1"
"lcl|NC_008783.1_cds_WP_005767476.1_862",2524.89103749193,-1.4597857264729,0.341166908907916,1.62849375652687e-06,1.141872841115e-05,"WP_005767476.1"
"lcl|NC_008783.1_cds_WP_005767479.1_863",2534.03898859686,0.366907659116838,0.211302596731538,0.0389532340215551,0.0793119971057436,"WP_005767479.1"
"lcl|NC_008783.1_cds_WP_005767481.1_864",1171.38056825958,0.365953354374318,0.1826440492819,0.0206223622996029,0.0467598683355972,"WP_005767481.1"
"lcl|NC_008783.1_cds_WP_005767483.1_865",4790.60262333385,1.04761364677486,0.328902258049053,0.000334184882749748,0.0013069606800609,"WP_005767483.1"
"lcl|NC_008783.1_cds_WP_005767485.1_866",380.18841115688,-0.197978474934591,0.160943114885171,0.120294548661139,0.198260139309387,"WP_005767485.1"
"lcl|NC_008783.1_cds_WP_005767487.1_867",560.847119435862,0.680237612026765,0.160504176224858,1.2881510039914e-05,7.00210522811838e-05,"WP_005767487.1"
"lcl|NC_008783.1_cds_WP_005767489.1_868",3618.42811821252,1.27484869218592,0.301106380927798,3.37351740732823e-06,2.18449078015517e-05,"WP_005767489.1"
"lcl|NC_008783.1_cds_WP_080512680.1_869",15.2716305754636,-0.224643350457564,0.42141648959243,0.466272357846655,0.584690734442631,"WP_080512680.1"
"lcl|NC_008783.1_cds_WP_005767491.1_870",833.665742092263,0.143872299896312,0.28120857928741,0.518297125475988,0.633177416174274,"WP_005767491.1"
"lcl|NC_008783.1_cds_WP_005767493.1_871",14352.2525386322,2.37539757677164,0.407132914060075,3.68429219860253e-11,8.39593510643078e-10,"WP_005767493.1"
"lcl|NC_008783.1_cds_WP_005767496.1_872",620.401877638531,-0.0138888587527821,0.137217353487125,0.900343836718043,0.934879224231411,"WP_005767496.1"
"lcl|NC_008783.1_cds_WP_005767499.1_873",480.209390785751,1.00372959813713,0.2527457276755,2.08409064149121e-05,0.000107375974355091,"WP_005767499.1"
"lcl|NC_008783.1_cds_WP_005767501.1_874",398.967963726175,0.249866245569339,0.258299475990182,0.22168022811212,0.328363837891077,"WP_005767501.1"
"lcl|NC_008783.1_cds_WP_005767503.1_875",1216.9018859159,-0.79740026548799,0.242937116235339,0.000420243257587301,0.00156109172489327,"WP_005767503.1"
"lcl|NC_008783.1_cds_WP_005767509.1_876",1147.71333727365,0.590357471334256,0.405721568220749,0.0594126349306575,0.112646355828527,"WP_005767509.1"
"lcl|NC_008783.1_cds_WP_005767511.1_877",439.890493897899,0.11520590958344,0.142164030084094,0.298656407218194,0.414411993622435,"WP_005767511.1"
"lcl|NC_008783.1_cds_WP_005767513.1_878",165.493730541844,-0.471596394745586,0.23927056663013,0.0219905705620433,0.0489098096383373,"WP_005767513.1"
"lcl|NC_008783.1_cds_WP_005767516.1_879",180.692528180481,0.0257861090868657,0.205592572007368,0.877360344780848,0.923261096612643,"WP_005767516.1"
"lcl|NC_008783.1_cds_WP_005767518.1_880",1100.20171923001,-0.0304365684769158,0.116596753498939,0.744154375496782,0.821064185254829,"WP_005767518.1"
"lcl|NC_008783.1_cds_WP_005767521.1_881",1323.79906357867,0.578289644565422,0.211098392881554,0.00295895280803053,0.00883213873429767,"WP_005767521.1"
"lcl|NC_008783.1_cds_WP_005767523.1_882",85.7090732514312,-0.137351373836514,0.236461061469045,0.466114616558182,0.584690734442631,"WP_005767523.1"
"lcl|NC_008783.1_cds_WP_005767525.1_883",1053.88342855755,-0.391051305585858,0.279642338926389,0.0837794568783857,0.148801780918483,"WP_005767525.1"
"lcl|NC_008783.1_cds_WP_005767527.1_884",2296.82986356716,-0.311796812297483,0.248293007316779,0.117786168284454,0.195728240482007,"WP_005767527.1"
"lcl|NC_008783.1_cds_WP_005767530.1_885",219.569529646525,0.0412293812899633,0.160850701524749,0.750947339192496,0.824719737667384,"WP_005767530.1"
"lcl|NC_008783.1_cds_WP_005767534.1_886",176.247819614729,-0.09290310595614,0.25540266305326,0.649811287995132,0.746873303854735,"WP_005767534.1"
"lcl|NC_008783.1_cds_WP_005767536.1_887",674.647073380772,0.261247289026546,0.199703085034719,0.10372531348591,0.177365795787594,"WP_005767536.1"
"lcl|NC_008783.1_cds_WP_005767538.1_888",440.641647391482,-0.116704633075876,0.165186803729599,0.369726530454726,0.487348096316852,"WP_005767538.1"
"lcl|NC_008783.1_cds_WP_005767539.1_889",144.013640956009,-0.961901834391682,0.192636989200546,2.00467481416312e-07,1.77279078715172e-06,"WP_005767539.1"
"lcl|NC_008783.1_cds_WP_005767541.1_890",496.100936878109,-1.06470941441721,0.173305610528746,2.18023871893237e-10,4.03684825302322e-09,"WP_005767541.1"
"lcl|NC_008783.1_cds_BARBAKC583_RS04875_891",410.828192728795,-0.839496385264251,0.11598628190777,2.04782028779086e-13,8.08889013677391e-12,"BARBAKC583_RS04875"
"lcl|NC_008783.1_cds_WP_011807393.1_892",188.361918358624,0.0422119556314269,0.186466946074978,0.780049447984013,0.845707772974433,"WP_011807393.1"
"lcl|NC_008783.1_cds_WP_172952861.1_893",1069.94420728656,0.261995315993536,0.321632534313728,0.295358755808843,0.411280993693864,"WP_172952861.1"
"lcl|NC_008783.1_cds_WP_005767548.1_894",177.467846508219,0.0434814040934978,0.17768564072458,0.762463178669038,0.835817638041452,"WP_005767548.1"
"lcl|NC_008783.1_cds_WP_011807395.1_895",1698.39890443917,0.114845256856549,0.292929504713352,0.620321321098032,0.720667417158007,"WP_011807395.1"
"lcl|NC_008783.1_cds_WP_005767552.1_896",1187.01571970309,0.0367275352916896,0.126237033893385,0.716227372630045,0.804482878262183,"WP_005767552.1"
"lcl|NC_008783.1_cds_WP_005767554.1_897",171.257021674747,-0.865186000248982,0.265347002078684,0.000395929501403995,0.00149896632320682,"WP_005767554.1"
"lcl|NC_008783.1_cds_WP_005767556.1_898",624.29569671678,-0.589301660706921,0.351195139621606,0.0379304916469427,0.0778988433303763,"WP_005767556.1"
"lcl|NC_008783.1_cds_WP_005767557.1_899",1421.85891941122,0.338355996761059,0.212153343425792,0.0541031109139514,0.104247457614687,"WP_005767557.1"
"lcl|NC_008783.1_cds_WP_005767559.1_900",750.960532157884,0.567640679592977,0.171409445021238,0.000529224770872524,0.00192371580823295,"WP_005767559.1"
"lcl|NC_008783.1_cds_WP_011807396.1_901",550.169309628064,-0.399520628950703,0.240733909062686,0.0464083627337828,0.0915040097163604,"WP_011807396.1"
"lcl|NC_008783.1_cds_BARBAKC583_RS04955_902",335.688138753015,-0.461660151122547,0.27285123518904,0.041939593223476,0.0846651072739678,"BARBAKC583_RS04955"
"lcl|NC_008783.1_cds_WP_005767565.1_903",599.011008740083,-0.673454210527258,0.163271258211087,2.12466730637529e-05,0.000108946049853392,"WP_005767565.1"
"lcl|NC_008783.1_cds_WP_005767566.1_904",560.703312477952,-0.586882972162571,0.133941926435148,7.77181729139932e-06,4.51451151485696e-05,"WP_005767566.1"
"lcl|NC_008783.1_cds_WP_005767569.1_905",167.646586815406,-1.01447563355471,0.357703507530952,0.00104216753865505,0.00347878460086262,"WP_005767569.1"
"lcl|NC_008783.1_cds_WP_005767571.1_906",210.607020732266,-0.894161284581674,0.254591220415337,0.00015662641293933,0.00068723374542193,"WP_005767571.1"
"lcl|NC_008783.1_cds_WP_005767573.1_907",453.639310318629,-0.488107717637688,0.236246171185508,0.0174263217196124,0.0405701203099031,"WP_005767573.1"
"lcl|NC_008783.1_cds_WP_005767576.1_908",468.445062916528,-0.294548009109025,0.225619113514074,0.105251877024017,0.179200394071063,"WP_005767576.1"
"lcl|NC_008783.1_cds_WP_005767578.1_909",2866.84450071488,0.351023864461366,0.204930886031321,0.0410943412130076,0.0831003316338124,"WP_005767578.1"
"lcl|NC_008783.1_cds_BARBAKC583_RS05005_910",2233.1714605437,-1.09211183484399,0.240442663415902,1.35503191862964e-06,9.91180755293906e-06,"BARBAKC583_RS05005"
"lcl|NC_008783.1_cds_WP_035453010.1_911",371.242839404002,0.612745901392341,0.25879861437872,0.00756653685768794,0.0197932586674618,"WP_035453010.1"
"lcl|NC_008783.1_cds_WP_005767582.1_912",269.226070315515,0.441415492003289,0.175480179227458,0.00579623531098849,0.0158261263675607,"WP_005767582.1"
"lcl|NC_008783.1_cds_WP_005767584.1_913",102.214161335589,1.40547157337935,0.410240238091767,5.48607088884121e-05,0.000259003745150472,"WP_005767584.1"
"lcl|NC_008783.1_cds_WP_005767586.1_914",534.402561141422,-0.349594469930536,0.201170381890046,0.0387398887789105,0.0790133704010482,"WP_005767586.1"
"lcl|NC_008783.1_cds_WP_005767588.1_915",831.315071217274,0.806290032811943,0.190345122355639,1.04086454691452e-05,5.81804003817786e-05,"WP_005767588.1"
"lcl|NC_008783.1_cds_WP_005767590.1_916",422.505759121322,0.527925681363183,0.252224786286278,0.0159266388146011,0.0377461339906047,"WP_005767590.1"
"lcl|NC_008783.1_cds_WP_005767593.1_917",393.398940857621,0.0295957884777068,0.157367008743368,0.816257892152112,0.873771998374212,"WP_005767593.1"
"lcl|NC_008783.1_cds_WP_011807398.1_918",73602.1597687119,-2.02702318356372,0.295709539411138,1.4078927846641e-13,5.95840339223916e-12,"WP_011807398.1"
"lcl|NC_008783.1_cds_WP_005767595.1_919",357.937213767234,-0.23450580044329,0.187370519223228,0.117057027978145,0.194821036733289,"WP_005767595.1"
"lcl|NC_008783.1_cds_WP_005767598.1_920",67.5179621043823,-1.26133273149856,0.231131775280448,7.79981972062976e-09,9.93847996660889e-08,"WP_005767598.1"
"lcl|NC_008783.1_cds_WP_005767599.1_921",609.651726564737,-0.02594159510579,0.270756664683405,0.904950607247695,0.936564602260715,"WP_005767599.1"
"lcl|NC_008783.1_cds_WP_005767601.1_922",242.239913170315,-0.0352354016426434,0.162967729242108,0.789325965354783,0.854202072096272,"WP_005767601.1"
"lcl|NC_008783.1_cds_WP_005767603.1_923",580.936616628027,-0.0660160293287883,0.0918950100234875,0.35640967846161,0.473481467463013,"WP_005767603.1"
"lcl|NC_008783.1_cds_WP_005767604.1_924",25.2394787313383,1.29116521221377,0.464977141266195,0.000570146725585502,0.00204734506005703,"WP_005767604.1"
"lcl|NC_008783.1_cds_WP_005767606.1_925",249.705236463672,0.79111302628344,0.408250339085639,0.0153728945379996,0.0367275807006644,"WP_005767606.1"
"lcl|NC_008783.1_cds_WP_005767608.1_926",1282.36801222697,0.266902209507485,0.306943687542225,0.266607942945941,0.377005265382984,"WP_005767608.1"
"lcl|NC_008783.1_cds_WP_005767609.1_927",448.844526246977,1.19723689239631,0.224781621369925,1.90967834358797e-08,2.1970571234483e-07,"WP_005767609.1"
"lcl|NC_008783.1_cds_WP_005767611.1_928",354.715208931339,1.9101836915954,0.199748490444522,3.37139971474647e-23,7.99021732394914e-21,"WP_005767611.1"
"lcl|NC_008783.1_cds_WP_005767613.1_929",801.392339856256,0.168536937700357,0.188468806876351,0.25642443133575,0.367872822194751,"WP_005767613.1"
"lcl|NC_008783.1_cds_WP_005767615.1_930",291.057250962264,0.438922424978984,0.246859233006682,0.0349044519175155,0.0723107963675802,"WP_005767615.1"
"lcl|NC_008783.1_cds_WP_011807401.1_931",269.600954130127,0.359262773268499,0.325262410009942,0.158716998751692,0.249773762975771,"WP_011807401.1"
"lcl|NC_008783.1_cds_BARBAKC583_RS06975_932",16.2005406222615,0.259201590899978,0.515626015096859,0.449227505119848,0.568126567307386,"BARBAKC583_RS06975"
"lcl|NC_008783.1_cds_WP_005767620.1_933",247.183914665394,0.668834078702045,0.737399347217578,0.0750160026780056,0.136340434315087,"WP_005767620.1"
"lcl|NC_008783.1_cds_BARBAKC583_RS07115_934",51.8100299797546,1.2160101184704,0.514546186307773,0.00197625099546835,0.00614660742685039,"BARBAKC583_RS07115"
"lcl|NC_008783.1_cds_BARBAKC583_RS05130_935",53.224996206139,1.14765901489876,0.472796369842259,0.00210393251392827,0.00649260424220052,"BARBAKC583_RS05130"
"lcl|NC_008783.1_cds_WP_005767624.1_936",85.3297279619982,-0.247371760224231,0.276919640490416,0.257359019293945,0.367877488375543,"WP_005767624.1"
"lcl|NC_008783.1_cds_WP_005767625.1_937",23.2337869220549,0.123314927593432,0.360753639822654,0.654929311100851,0.75057179270262,"WP_005767625.1"
"lcl|NC_008783.1_cds_WP_172952862.1_938",21.4531325993165,0.555116705517755,0.522711441195431,0.121773185181737,0.199586755795792,"WP_172952862.1"
"lcl|NC_008783.1_cds_WP_005767633.1_939",21.6694968953353,0.0908116071015456,0.414388372382287,0.765311492741153,0.835974143614579,"WP_005767633.1"
"lcl|NC_008783.1_cds_WP_005767636.1_940",126.483891674114,0.616345213268148,0.337621543883936,0.0266258923262139,0.0572625815001151,"WP_005767636.1"
"lcl|NC_008783.1_cds_WP_005767638.1_941",65.40607978666,1.73699483244954,0.416533893843979,1.12085931788137e-06,8.35357416156869e-06,"WP_005767638.1"
"lcl|NC_008783.1_cds_WP_005767639.1_942",81.7216865093633,0.833905043982437,0.473012193516114,0.0197145480785469,0.0450998831526604,"WP_005767639.1"
"lcl|NC_008783.1_cds_WP_225866722.1_943",7.54586143706901,0.548571609380706,0.618403554742976,0.14281125083462,0.228382364695039,"WP_225866722.1"
"lcl|NC_008783.1_cds_WP_236822979.1_944",21.5422934847447,0.174151413596327,0.491848672695186,0.602111273135413,0.70519822688031,"WP_236822979.1"
"lcl|NC_008783.1_cds_BARBAKC583_RS05190_945",27.7081999997748,0.269069828040555,0.42297741210449,0.384912325021724,0.502203643617259,"BARBAKC583_RS05190"
"lcl|NC_008783.1_cds_WP_005767646.1_946",1.21312315854739,-0.0422810068763719,0.672519310066047,0.894735585883742,0.933328934218516,"WP_005767646.1"
"lcl|NC_008783.1_cds_BARBAKC583_RS05215_947",144.013051942188,0.306535708457965,0.329902697613642,0.232013428548074,0.340052966459749,"BARBAKC583_RS05215"
"lcl|NC_008783.1_cds_WP_005767654.1_948",328.890032198298,0.163286111423757,0.229876394530239,0.3708027008926,0.487681687633442,"WP_005767654.1"
"lcl|NC_008783.1_cds_WP_005767656.1_949",60.3955008862807,0.0641542952047339,0.542109233931557,0.850937641397953,0.902740470059601,"WP_005767656.1"
"lcl|NC_008783.1_cds_WP_225866723.1_950",800.433995594073,0.32537232618337,0.656969458701392,0.349530605227639,0.467482047798336,"WP_225866723.1"
"lcl|NC_008783.1_cds_WP_005767662.1_951",1767.97587131687,-0.181162498839871,0.30921773213625,0.454403235282084,0.57344817232084,"WP_005767662.1"
"lcl|NC_008783.1_cds_WP_005767664.1_952",3737.47473933685,-0.811494036835128,0.315943326071819,0.00335742125254526,0.00982356588707688,"WP_005767664.1"
"lcl|NC_008783.1_cds_WP_005767666.1_953",1108.81551879059,-1.89942009081912,0.30456619629014,1.22642766362531e-11,3.09216336467232e-10,"WP_005767666.1"
"lcl|NC_008783.1_cds_WP_005767668.1_954",1050.57799144699,0.917858292022199,0.358557124787872,0.0027555934288243,0.00830885041515724,"WP_005767668.1"
"lcl|NC_008783.1_cds_WP_005767671.1_955",961.891490627457,0.560168185054539,0.156397717628401,0.00020905389483582,0.000875367015478612,"WP_005767671.1"
"lcl|NC_008783.1_cds_WP_005767674.1_956",416.379340544908,0.223338641445583,0.193167656968634,0.145577378711449,0.232179264835891,"WP_005767674.1"
"lcl|NC_008783.1_cds_WP_005767675.1_957",213.921750903145,1.01251039484164,0.238442245938665,6.33407717920175e-06,3.7908492208859e-05,"WP_005767675.1"
"lcl|NC_008783.1_cds_WP_005767676.1_958",2943.79903869885,0.16565057599492,0.20576036430923,0.308727040196417,0.422938199575439,"WP_005767676.1"
"lcl|NC_008783.1_cds_WP_005767677.1_959",511.938711730539,0.290297147722395,0.226813815098018,0.111558453346571,0.187513144986789,"WP_005767677.1"
"lcl|NC_008783.1_cds_WP_005767678.1_960",1467.44388790213,0.256264230725311,0.192244456533533,0.0976164760789391,0.169794738770801,"WP_005767678.1"
"lcl|NC_008783.1_cds_WP_005767679.1_961",1358.50484388911,1.61527726994717,0.229443907652953,1.21915986087416e-13,5.42211289408027e-12,"WP_005767679.1"
"lcl|NC_008783.1_cds_WP_005767680.1_962",96.9557099937514,2.14305966726354,0.315178820046844,1.49331092864022e-13,6.10197741530573e-12,"WP_005767680.1"
"lcl|NC_008783.1_cds_BARBAKC583_RS05335_963",20.5375600946276,-0.193911970547766,0.425598525356523,0.531571480122672,0.645377645545597,"BARBAKC583_RS05335"
"lcl|NC_008783.1_cds_WP_005767682.1_964",5.64973923471029,-0.995590525345952,0.766417158023282,0.016895473971966,0.0395674637485765,"WP_005767682.1"
"lcl|NC_008783.1_cds_WP_005767683.1_965",1386.7025537268,0.613217249492346,0.212613069938637,0.00189837157179419,0.00595124421316431,"WP_005767683.1"
"lcl|NC_008783.1_cds_WP_005767694.1_966",958.041615108161,-0.86010874066575,0.135857526727123,1.04446050253109e-10,2.0628094924989e-09,"WP_005767694.1"
"lcl|NC_008783.1_cds_WP_005767696.1_967",337.855091592719,-1.42250707017399,0.16303417094609,2.93343506988366e-19,3.86235617534682e-17,"WP_005767696.1"
"lcl|NC_008783.1_cds_WP_005767698.1_968",85.9019218479599,-1.47490691178015,0.3141865209679,2.29389052917967e-07,1.99872079196905e-06,"WP_005767698.1"
"lcl|NC_008783.1_cds_WP_005767700.1_969",206.802094987957,0.60530247965892,0.253626768253936,0.00727657700878233,0.0191191657547828,"WP_005767700.1"
"lcl|NC_008783.1_cds_WP_005767702.1_970",468.590668591169,0.00280357697848978,0.128515368539278,0.978447620431202,0.983426997634414,"WP_005767702.1"
"lcl|NC_008783.1_cds_WP_005767704.1_971",501.379896293169,1.18313067465228,0.280558686554312,4.66430295101149e-06,2.893821464371e-05,"WP_005767704.1"
"lcl|NC_008783.1_cds_WP_005767706.1_972",10074.4079367043,0.280387610326524,0.144642300924951,0.0229086553760394,0.0503650401124428,"WP_005767706.1"
"lcl|NC_008783.1_cds_WP_011807408.1_973",8565.28795579945,1.47150800648203,0.342594373044409,1.46357620187414e-06,1.0575230483054e-05,"WP_011807408.1"
"lcl|NC_008783.1_cds_WP_005767710.1_974",2976.81004258884,1.0571713855497,0.296277018392324,8.74791146429678e-05,0.000397175290620371,"WP_005767710.1"
"lcl|NC_008783.1_cds_WP_005767713.1_975",313.424634391932,-1.2148507001134,0.284316963916906,3.35206174083912e-06,2.18252371587602e-05,"WP_005767713.1"
"lcl|NC_008783.1_cds_WP_005767715.1_976",215.853570608695,-1.17753761443789,0.212794942697634,6.31816386611838e-09,8.31891575705587e-08,"WP_005767715.1"
"lcl|NC_008783.1_cds_WP_005767717.1_977",209.329934727428,-0.409745135091274,0.265677010580254,0.0603467938687376,0.114234745582195,"WP_005767717.1"
"lcl|NC_008783.1_cds_WP_005767719.1_978",75.0719172913721,-2.06428924376523,0.374792652762306,5.85457523769674e-10,9.77136853052202e-09,"WP_005767719.1"
"lcl|NC_008783.1_cds_WP_005767721.1_979",1618.09184660915,-1.30495614262332,0.251811534866957,3.11393242820844e-08,3.44860740881028e-07,"WP_005767721.1"
"lcl|NC_008783.1_cds_WP_005767722.1_980",116.512929718514,-1.00717516783286,0.326996044116615,0.000514386678709318,0.00187553296698628,"WP_005767722.1"
"lcl|NC_008783.1_cds_WP_005767724.1_981",317.567311008153,-0.87700092409755,0.266241860736001,0.000345815961521671,0.00134358004722354,"WP_005767724.1"
"lcl|NC_008783.1_cds_WP_005767726.1_982",3074.93269101364,-0.8710411391677,0.284688486083086,0.000742936588841061,0.00256670512471329,"WP_005767726.1"
"lcl|NC_008783.1_cds_WP_005767728.1_983",2421.48941715244,-1.37758514327924,0.277969292169306,8.28328921831611e-08,8.04565387188901e-07,"WP_005767728.1"
"lcl|NC_008783.1_cds_WP_005767730.1_984",6222.9505157647,-0.67415127113139,0.273526083998702,0.00549219799535871,0.0151003587575408,"WP_005767730.1"
"lcl|NC_008783.1_cds_WP_005767732.1_985",1709.44238572499,0.25559910915685,0.23440337036498,0.170374754523037,0.264952866285825,"WP_005767732.1"
"lcl|NC_008783.1_cds_WP_005767738.1_986",69.7124310639601,-0.356751258425074,0.304726649206437,0.139041355770832,0.223257461501945,"WP_005767738.1"
"lcl|NC_008783.1_cds_WP_005767740.1_987",1056.90862848759,-0.621033709735956,0.266807346537892,0.00827528602207233,0.0215048551231485,"WP_005767740.1"
"lcl|NC_008783.1_cds_WP_005767742.1_988",416.326694209441,-0.624257752010435,0.336874222873328,0.0247972342683406,0.0539169222164836,"WP_005767742.1"
"lcl|NC_008783.1_cds_WP_005767744.1_989",1195.0456029765,-0.97516443133819,0.234208746411467,9.92082664473409e-06,5.62496630335402e-05,"WP_005767744.1"
"lcl|NC_008783.1_cds_WP_005767746.1_990",685.389895917115,-0.932758076318603,0.2935875551514,0.000449924648635293,0.00165577859823858,"WP_005767746.1"
"lcl|NC_008783.1_cds_WP_005767748.1_991",2194.57127619422,-0.823426213424677,0.337372394913841,0.00454347254105088,0.0128496777115639,"WP_005767748.1"
"lcl|NC_008783.1_cds_WP_051007750.1_992",2013.63928267785,-1.03505321345445,0.326068768437519,0.000356988266469507,0.00138245456132799,"WP_051007750.1"
"lcl|NC_008783.1_cds_WP_052467648.1_993",301.729174119266,-1.53805948492238,0.319050166302628,1.02918509146199e-07,9.75667466705967e-07,"WP_052467648.1"
"lcl|NC_008783.1_cds_WP_005767753.1_994",1933.73574748414,-1.10540740927344,0.247069159057989,1.79926522984172e-06,1.24685923822365e-05,"WP_005767753.1"
"lcl|NC_008783.1_cds_WP_011807413.1_995",6706.51569961523,0.694065951942335,0.133523777100583,1.1629293691732e-07,1.0850955137561e-06,"WP_011807413.1"
"lcl|NC_008783.1_cds_WP_005767757.1_996",103.652805619443,-0.418679230061085,0.203062700250442,0.0180084164235904,0.0417612005126314,"WP_005767757.1"
"lcl|NC_008783.1_cds_WP_005767758.1_997",160.827884601115,-1.26313069084614,0.431002336423161,0.000404018714197073,0.00151987992483661,"WP_005767758.1"
"lcl|NC_008783.1_cds_WP_005767760.1_998",133.85360157063,-1.46570996805679,0.371111781669687,6.42002144154559e-06,3.82297759207614e-05,"WP_005767760.1"
"lcl|NC_008783.1_cds_WP_005767762.1_999",369.437467282014,-1.37101792835654,0.354801399156715,1.19642450276353e-05,6.53347021094373e-05,"WP_005767762.1"
"lcl|NC_008783.1_cds_WP_011807415.1_1000",788.699133271931,-1.15802605888565,0.381363006372188,0.000398383857438168,0.00150345500338927,"WP_011807415.1"
"lcl|NC_008783.1_cds_WP_005767766.1_1001",871.287433680685,-1.36766018173877,0.289005851393994,2.5962331709941e-07,2.22937413596233e-06,"WP_005767766.1"
"lcl|NC_008783.1_cds_WP_005767768.1_1002",204.075276251625,-1.8809273736289,0.398203037931835,5.91470113421694e-08,5.88984944877905e-07,"WP_005767768.1"
"lcl|NC_008783.1_cds_WP_005767770.1_1003",1721.19151705523,-1.34438304418579,0.321716678317933,3.52015387533803e-06,2.26705562080194e-05,"WP_005767770.1"
"lcl|NC_008783.1_cds_WP_005767773.1_1004",677.986320889628,-1.14082089084741,0.342905257327858,0.000164566126889916,0.000709130401325638,"WP_005767773.1"
"lcl|NC_008783.1_cds_WP_005767776.1_1005",459.873337268766,-1.20652508092766,0.238960608444436,8.18466648265148e-08,8.03292109424309e-07,"WP_005767776.1"
"lcl|NC_008783.1_cds_WP_005767779.1_1006",801.324231194865,-1.29727809644997,0.263259918625802,1.19496565937663e-07,1.10627680184477e-06,"WP_005767779.1"
"lcl|NC_008783.1_cds_WP_005767781.1_1007",990.187258520831,-1.6615261638418,0.211071016715644,1.98478271953261e-16,1.46997970165384e-14,"WP_005767781.1"
"lcl|NC_008783.1_cds_WP_005767784.1_1008",1372.70529921551,-1.31041401080922,0.284108788834853,5.43067292436319e-07,4.50024294781145e-06,"WP_005767784.1"
"lcl|NC_008783.1_cds_WP_005767788.1_1009",2515.4671286829,-0.589898482035109,0.227384751991268,0.00433268162379998,0.0124015162420362,"WP_005767788.1"
"lcl|NC_008783.1_cds_WP_005767791.1_1010",568.023116555574,-2.15142314737319,0.335598855682714,1.96304689422711e-12,5.81552642414782e-11,"WP_005767791.1"
"lcl|NC_008783.1_cds_WP_005767793.1_1011",422.829137603399,-2.12359607279771,0.352365650734105,2.38241072219444e-11,5.88157647041753e-10,"WP_005767793.1"
"lcl|NC_008783.1_cds_WP_011807418.1_1012",496.005181216043,-2.28308825754863,0.30179401927426,3.93128086422109e-16,2.74033401417764e-14,"WP_011807418.1"
"lcl|NC_008783.1_cds_WP_011807419.1_1013",120.280381944667,-1.71631303005852,0.414116032509413,1.33169590754018e-06,9.80161273562179e-06,"WP_011807419.1"
"lcl|NC_008783.1_cds_WP_005767802.1_1014",404.296192690204,-2.41857200238985,0.389755183827068,3.44686416627959e-12,9.96227813912515e-11,"WP_005767802.1"
"lcl|NC_008783.1_cds_WP_005767804.1_1015",279.484256417682,-1.60454437460448,0.233497098387525,4.12379492663547e-13,1.43726382001854e-11,"WP_005767804.1"
"lcl|NC_008783.1_cds_WP_005767806.1_1016",199.301284670256,-1.33151127767867,0.309687031305346,2.1546720862847e-06,1.45073092173146e-05,"WP_005767806.1"
"lcl|NC_008783.1_cds_WP_005767808.1_1017",367.307519537771,-1.55003119642541,0.367438106876117,1.6178056695465e-06,1.141872841115e-05,"WP_005767808.1"
"lcl|NC_008783.1_cds_WP_005767810.1_1018",663.975584024885,-0.884893987140656,0.216483845812602,1.68039225421141e-05,8.96966135693927e-05,"WP_005767810.1"
"lcl|NC_008783.1_cds_WP_005767811.1_1019",910.776702900604,-0.770726092682994,0.227907062792464,0.00031521245528082,0.00124508919835924,"WP_005767811.1"
"lcl|NC_008783.1_cds_WP_005767813.1_1020",49.2633606930263,0.162279062712237,0.270636263709573,0.449139225300235,0.568126567307386,"WP_005767813.1"
"lcl|NC_008783.1_cds_WP_005767815.1_1021",88.710026902192,-0.703427354449189,0.281697238367194,0.0048482003300286,0.0135818378039808,"WP_005767815.1"
"lcl|NC_008783.1_cds_WP_005767817.1_1022",602.541731100282,-1.27386466019646,0.237154237402693,1.21472907343458e-08,1.48397314641235e-07,"WP_005767817.1"
"lcl|NC_008783.1_cds_WP_005767821.1_1023",706.929834657325,0.72700973293217,0.302177444754101,0.0058853225263885,0.0159590553633189,"WP_005767821.1"
"lcl|NC_008783.1_cds_WP_005767823.1_1024",94.287925395323,-0.536374057116074,0.349671561831324,0.0550276425443742,0.1056851805755,"WP_005767823.1"
"lcl|NC_008783.1_cds_WP_005767824.1_1025",234.428041165139,0.442308488230175,0.217873519452586,0.0193418345370973,0.0444187479194967,"WP_005767824.1"
"lcl|NC_008783.1_cds_WP_005767826.1_1026",377.79450590075,0.377843325464453,0.165108032557154,0.0102739510093924,0.025739179590127,"WP_005767826.1"
"lcl|NC_008783.1_cds_WP_005767829.1_1027",293.113356983692,-0.614173423331033,0.28368518909768,0.012350259385015,0.0299898716623826,"WP_005767829.1"
"lcl|NC_008783.1_cds_WP_005767831.1_1028",458.56563044276,0.556437289113112,0.29614521893763,0.02545046511932,0.0551349198654372,"WP_005767831.1"
"lcl|NC_008783.1_cds_WP_005767835.1_1029",50.009084804625,2.56703279236138,0.366606008339792,1.14918482360682e-14,5.92080006945254e-13,"WP_005767835.1"
"lcl|NC_008783.1_cds_WP_005767837.1_1030",383.255657191661,0.261184460835724,0.208419103461367,0.11793245882207,0.195728240482007,"WP_005767837.1"
"lcl|NC_008783.1_cds_WP_005767840.1_1031",110470.019432319,2.10745661340073,0.292554967634354,9.40066329696434e-15,5.0635390940467e-13,"WP_005767840.1"
"lcl|NC_008783.1_cds_WP_005767842.1_1032",18333.8501034988,2.21414046858748,0.354810898303747,4.89879644128018e-12,1.38216042450405e-10,"WP_005767842.1"
"lcl|NC_008783.1_cds_WP_005767844.1_1033",3471.27861403339,0.107486241308197,0.199242631264301,0.499432980201252,0.615846078604041,"WP_005767844.1"
"lcl|NC_008783.1_cds_WP_005767846.1_1034",770.275249817829,-0.440291810689228,0.13602568173485,0.000725150604188691,0.00251258323381169,"WP_005767846.1"
"lcl|NC_008783.1_cds_WP_005767848.1_1035",16226.6843339292,-0.62305029561794,0.215687391797482,0.00185349383322226,0.00582596868002223,"WP_005767848.1"
"lcl|NC_008783.1_cds_WP_005767850.1_1036",744.531763963883,-0.40584979553734,0.111628402459724,0.000185786309358085,0.000789092389209069,"WP_005767850.1"
"lcl|NC_008783.1_cds_WP_005767852.1_1038",52.2636164916838,0,0.826959631950024,1,1,"WP_005767852.1"
"lcl|NC_008783.1_cds_WP_005767854.1_1039",681.644087825581,-0.194552347227757,0.379875998439406,0.497381332992725,0.615846078604041,"WP_005767854.1"
"lcl|NC_008783.1_cds_BARBAKC583_RS07000_1041",1.3071667504357,-0.0652634138940175,0.704737572992336,0.828569664291841,0.882963176426108,"BARBAKC583_RS07000"
"lcl|NC_008783.1_cds_BARBAKC583_RS05780_1042",76.2435064000707,0.36518974374767,0.76825161710821,0.219131242718969,0.325401657421026,"BARBAKC583_RS05780"
"lcl|NC_008783.1_cds_WP_035453368.1_1043",17.9871981472707,-0.51832625025532,0.753278378397708,0.129936827294201,0.211214184284812,"WP_035453368.1"
"lcl|NC_008783.1_cds_BARBAKC583_RS07135_1044",52.2366348326041,0.0337402662240734,0.253234397946785,0.868750325532055,0.916713388918509,"BARBAKC583_RS07135"
"lcl|NC_008783.1_cds_WP_005767864.1_1045",107.959253232363,0.499530596156845,0.302249383476904,0.0444405398163989,0.0888061377444059,"WP_005767864.1"
"lcl|NC_008783.1_cds_WP_005767865.1_1046",213.414901262179,0.303419021877875,0.307566450175673,0.208560805999606,0.312445708103075,"WP_005767865.1"
"lcl|NC_008783.1_cds_WP_005767866.1_1047",1946.13762235792,0.30375019492709,0.166600063695039,0.0309707269500937,0.065187054060144,"WP_005767866.1"
"lcl|NC_008783.1_cds_WP_005767867.1_1048",118.902766489619,-0.425482198078699,0.299186934013343,0.0779051794656098,0.139875208585981,"WP_005767867.1"
"lcl|NC_008783.1_cds_WP_005767868.1_1049",113.082844745647,-0.573574626416738,0.217786724207391,0.00396148707359745,0.011449663859056,"WP_005767868.1"
"lcl|NC_008783.1_cds_WP_005767869.1_1050",345.462584084799,-0.0948687080668957,0.174263006840601,0.494096441474861,0.613093490207027,"WP_005767869.1"
"lcl|NC_008783.1_cds_WP_005767870.1_1051",1049.29788508246,0.577030634363659,0.17885290252361,0.000693288978039855,0.0024306137247847,"WP_005767870.1"
"lcl|NC_008783.1_cds_BARBAKC583_RS05845_1052",167.469973795725,0.116854708220202,0.258151392308205,0.570657667186591,0.679834992790976,"BARBAKC583_RS05845"
"lcl|NC_008783.1_cds_WP_005767874.1_1053",447.851516304985,0.687045072628198,0.114205298109601,1.05303373244455e-09,1.66379329726239e-08,"WP_005767874.1"
"lcl|NC_008783.1_cds_WP_005767876.1_1054",4688.91716898714,0.633023056288064,0.437109603523801,0.0555594337614131,0.106533865707564,"WP_005767876.1"
"lcl|NC_008783.1_cds_WP_005767877.1_1055",232.901449371165,0.302776995585092,0.26875289094896,0.156551829844474,0.247351891154269,"WP_005767877.1"
"lcl|NC_008783.1_cds_WP_005767879.1_1056",122.476724475662,-1.22319715990194,0.223023834215229,7.40101494474577e-09,9.54402062485638e-08,"WP_005767879.1"
"lcl|NC_008783.1_cds_WP_005767881.1_1057",488.513013801796,-0.64916692882045,0.206001453146995,0.000811726169381615,0.00278810292961511,"WP_005767881.1"
"lcl|NC_008783.1_cds_WP_005767883.1_1058",479.154679678849,-0.555842493067306,0.199628659063508,0.00266237627659199,0.0080895279173372,"WP_005767883.1"
"lcl|NC_008783.1_cds_WP_005767885.1_1059",269.564032160166,-1.35928120203707,0.316873780335459,2.07958255058142e-06,1.41205595821645e-05,"WP_005767885.1"
"lcl|NC_008783.1_cds_BARBAKC583_RS05885_1060",1378.207161004,0.417985824672406,0.297263894928512,0.081070263200124,0.14468111730745,"BARBAKC583_RS05885"
"lcl|NC_008783.1_cds_WP_005767886.1_1061",1359.02542082808,1.16267587947059,0.129565249584315,6.22608833086375e-20,9.91771233794415e-18,"WP_005767886.1"
"lcl|NC_008783.1_cds_WP_005767888.1_1062",87.658242023158,-0.647036626244055,0.336697267500569,0.020637477754867,0.0467598683355972,"WP_005767888.1"
"lcl|NC_008783.1_cds_WP_005767890.1_1063",893.662120140613,-0.64410708132884,0.262473714164993,0.00586967040427674,0.0159531179565778,"WP_005767890.1"
"lcl|NC_008783.1_cds_WP_005767892.1_1064",82.5333032721628,0.601817214592908,0.24504353241162,0.00613035617297776,0.0165477723575823,"WP_005767892.1"
"lcl|NC_008783.1_cds_WP_005767894.1_1065",3116.30280232258,-1.08059955148343,0.244400993536227,2.44151992525777e-06,1.6253938828261e-05,"WP_005767894.1"
"lcl|NC_008783.1_cds_WP_005767896.1_1066",6215.78817328413,1.6003516073818,0.209356882408599,1.40965930827437e-15,8.79182252792173e-14,"WP_005767896.1"
"lcl|NC_008783.1_cds_WP_005767899.1_1067",72700.9960020905,-1.67406340555919,0.351145483208663,8.93410367242964e-08,8.60724622099929e-07,"WP_005767899.1"
"lcl|NC_008783.1_cds_WP_005767902.1_1068",6745.65112194403,0.558646814002955,0.374036456856468,0.0579586052862332,0.11024229095375,"WP_005767902.1"
"lcl|NC_008783.1_cds_WP_005767905.1_1069",29.4124371444504,0.223684585483304,0.337370255111674,0.39111270235351,0.508189202071173,"WP_005767905.1"
"lcl|NC_008783.1_cds_WP_005767908.1_1070",1471.98014430185,-0.68502256744986,0.375793137233092,0.0240385624030311,0.052653782712739,"WP_005767908.1"
"lcl|NC_008783.1_cds_WP_172952870.1_1071",622.120582844987,-1.10445170783166,0.185465246279642,6.35506878995001e-10,1.04593840501261e-08,"WP_172952870.1"
"lcl|NC_008783.1_cds_WP_005767914.1_1072",2163.1565682179,-0.86064415912611,0.134839276808451,7.451690098239e-11,1.54916715200232e-09,"WP_005767914.1"
"lcl|NC_008783.1_cds_WP_005767917.1_1073",87.2160481533788,-0.363122546211538,0.252505815791894,0.077505028942715,0.139367920025975,"WP_005767917.1"
"lcl|NC_008783.1_cds_WP_005767919.1_1074",742.752730649547,-0.413386157868168,0.253143958840454,0.0490997196385541,0.0963099119229087,"WP_005767919.1"
"lcl|NC_008783.1_cds_WP_011807428.1_1075",333.521492681449,-1.34664479324832,0.258705115758633,2.45494769937256e-08,2.77058383214903e-07,"WP_011807428.1"
"lcl|NC_008783.1_cds_WP_005767923.1_1076",380.036998588628,0.465175873942482,0.142098861472225,0.000640727108665974,0.0022869326017144,"WP_005767923.1"
"lcl|NC_008783.1_cds_WP_005767925.1_1077",515.425689574231,0.138876806175437,0.148372951434819,0.230010301018537,0.338579827548614,"WP_005767925.1"
"lcl|NC_008783.1_cds_WP_005767927.1_1078",564.921699030215,-0.979332376046571,0.219693250049013,2.64168185130936e-06,1.73910721877866e-05,"WP_005767927.1"
"lcl|NC_008783.1_cds_WP_011807429.1_1079",1637.41613715767,0.252715568048335,0.197461101465321,0.110476728657416,0.186488494955895,"WP_011807429.1"
"lcl|NC_008783.1_cds_WP_005767934.1_1080",1512.84022086306,0.108292461500406,0.154230962639488,0.3714577492011,0.4877833873391,"WP_005767934.1"
"lcl|NC_008783.1_cds_WP_005767936.1_1081",767.362979121773,-0.091585548707776,0.113405464665234,0.297339230585475,0.413102651694101,"WP_005767936.1"
"lcl|NC_008783.1_cds_WP_005767938.1_1082",142.890058213888,0.808269537835799,0.197238917138685,1.88061785947764e-05,9.94880430125449e-05,"WP_005767938.1"
"lcl|NC_008783.1_cds_BARBAKC583_RS06000_1083",35.3058195346402,0.211540382556008,0.306187151768051,0.377517781706932,0.494318863340016,"BARBAKC583_RS06000"
"lcl|NC_008783.1_cds_BARBAKC583_RS07250_1084",131.822194149142,0.659685340245438,0.43156489692904,0.0453899596470272,0.0902468157411532,"BARBAKC583_RS07250"
"lcl|NC_008783.1_cds_BARBAKC583_RS06010_1085",154.041324344369,-0.00893583968521786,0.199098854076065,0.956024287339851,0.964981925466545,"BARBAKC583_RS06010"
"lcl|NC_008783.1_cds_WP_005767943.1_1086",499.149326807158,0.979275947555704,0.309252453371922,0.000418496616926312,0.00155949211024427,"WP_005767943.1"
"lcl|NC_008783.1_cds_WP_005767945.1_1087",255.087720686243,0.751420569485747,0.221458798022771,0.000313543078783441,0.00124263728547952,"WP_005767945.1"
"lcl|NC_008783.1_cds_WP_035453357.1_1088",1018.40882178276,-0.288951158371604,0.216382609473242,0.0981652887115516,0.170067057197644,"WP_035453357.1"
"lcl|NC_008783.1_cds_WP_005767949.1_1089",3000.62467383284,1.27532809178531,0.380059927933451,0.000102702141937634,0.00045925297432489,"WP_005767949.1"
"lcl|NC_008783.1_cds_WP_005767951.1_1090",166.766367721539,-0.113807947701583,0.287425340398975,0.617522663026664,0.718825496745184,"WP_005767951.1"
"lcl|NC_008783.1_cds_WP_005767953.1_1091",1033.95223915949,0.385117685655915,0.335934437366957,0.142809898545369,0.228382364695039,"WP_005767953.1"
"lcl|NC_008783.1_cds_WP_005767955.1_1092",74.0857131670031,-0.120219496360371,0.348865985463414,0.654720226463,0.75057179270262,"WP_005767955.1"
"lcl|NC_008783.1_cds_WP_005767957.1_1093",1650.41740304353,-0.513759936615616,0.121966698341047,1.78424571487303e-05,9.48130570459437e-05,"WP_005767957.1"
"lcl|NC_008783.1_cds_WP_011807432.1_1094",2233.09920380999,0.920864768074223,0.210030256489168,4.22218309963623e-06,2.66132285801539e-05,"WP_011807432.1"
"lcl|NC_008783.1_cds_WP_005767962.1_1095",3521.92786515112,1.04053743778097,0.428015995608024,0.0028133720572086,0.00844011617162581,"WP_005767962.1"
"lcl|NC_008783.1_cds_WP_005767965.1_1096",1664.14983018947,0.0907125754648851,0.138913108180066,0.405174618338438,0.523196822542925,"WP_005767965.1"
"lcl|NC_008783.1_cds_WP_005767968.1_1097",506.758243964809,0.295817831962927,0.206214355346648,0.0780350867386063,0.139896486815807,"WP_005767968.1"
"lcl|NC_008783.1_cds_WP_005767971.1_1098",1883.31515960111,1.19282756190323,0.269805712014846,1.82754925046303e-06,1.25909643127831e-05,"WP_005767971.1"
"lcl|NC_008783.1_cds_WP_011807433.1_1099",725.995508598026,0.187479037849685,0.243572430651069,0.331231857364787,0.447899267086515,"WP_011807433.1"
"lcl|NC_008783.1_cds_WP_005767976.1_1100",211.873707403593,-0.291295610070655,0.195091772959295,0.0678595441842954,0.126436414871682,"WP_005767976.1"
"lcl|NC_008783.1_cds_WP_011807434.1_1101",629.81392685861,0.847150647504767,0.257599879669463,0.000374105700105554,0.00142545097950187,"WP_011807434.1"
"lcl|NC_008783.1_cds_WP_005767980.1_1102",1603.08230040227,0.360162979568536,0.201092890741145,0.034226078550468,0.0711542159338677,"WP_005767980.1"
"lcl|NC_008783.1_cds_WP_005767982.1_1103",323.473946441681,-0.0876643863953156,0.189272905581744,0.563345768756818,0.674307814118009,"WP_005767982.1"
"lcl|NC_008783.1_cds_WP_005767983.1_1104",3332.21886802775,-1.03536245696872,0.221489553012755,8.29265690664463e-07,6.42274407475418e-06,"WP_005767983.1"
"lcl|NC_008783.1_cds_WP_005767985.1_1105",119.633163943245,0.0257545431932877,0.186934350908655,0.8654039536811,0.914811494301608,"WP_005767985.1"
"lcl|NC_008783.1_cds_WP_005767988.1_1106",287.564124683948,-0.520720244742153,0.208170864979741,0.00583855625456866,0.0159050325555491,"WP_005767988.1"
"lcl|NC_008783.1_cds_WP_005767991.1_1107",1294.89137170995,0.93118068765996,0.1760195123066,4.44850176113545e-08,4.58389094517001e-07,"WP_005767991.1"
"lcl|NC_008783.1_cds_WP_005767993.1_1108",3442.65479177487,0.0491616874453751,0.187860516567995,0.746511594934734,0.822134052042435,"WP_005767993.1"
"lcl|NC_008783.1_cds_WP_005767995.1_1109",448.134797159537,0.58075222484619,0.171815768497539,0.000415185166848533,0.00155203287922874,"WP_005767995.1"
"lcl|NC_008783.1_cds_WP_005767996.1_1110",1698.19194233461,-0.347507769405371,0.21192330508192,0.0487641529246648,0.095830051767376,"WP_005767996.1"
"lcl|NC_008783.1_cds_WP_005767998.1_1111",608.171598858793,0.0640368081206542,0.124405423954626,0.513968940376195,0.629837843170415,"WP_005767998.1"
"lcl|NC_008783.1_cds_WP_011807436.1_1112",764.890833809706,0.20288960556474,0.216099640859845,0.235401228059204,0.343535043411523,"WP_011807436.1"
"lcl|NC_008783.1_cds_WP_005768003.1_1113",97.0589824886398,-1.00579821539488,0.27008432261841,5.53524770427875e-05,0.0002602210265452,"WP_005768003.1"
"lcl|NC_008783.1_cds_WP_011807437.1_1114",417.048697361527,-1.30175217023935,0.318604382416791,5.90485032905565e-06,3.57002430608721e-05,"WP_011807437.1"
"lcl|NC_008783.1_cds_WP_005768006.1_1115",902.869151617288,-0.522742644335675,0.213204486832494,0.00662399520937669,0.0176391782541829,"WP_005768006.1"
"lcl|NC_008783.1_cds_WP_005768008.1_1116",122.590137513915,0.497745202919278,0.253709767712619,0.0221272801699277,0.0490108915913351,"WP_005768008.1"
"lcl|NC_008783.1_cds_WP_044051781.1_1117",353.420993023264,0.322017625973659,0.182453834679897,0.0360014356742632,0.0744532308446805,"WP_044051781.1"
"lcl|NC_008783.1_cds_WP_005768012.1_1118",2740.58688417904,1.36093566128159,0.304635810455144,9.28210580837729e-07,7.00592062606821e-06,"WP_005768012.1"
"lcl|NC_008783.1_cds_WP_005768014.1_1119",7189.42603040695,1.93997040765233,0.235739372469012,4.97057042001287e-18,5.3546599524684e-16,"WP_005768014.1"
"lcl|NC_008783.1_cds_WP_005768015.1_1120",1636.95454809716,1.88349620909754,0.277562690240817,3.39953291498104e-13,1.24759216543111e-11,"WP_005768015.1"
"lcl|NC_008783.1_cds_WP_005768019.1_1121",165.567799729477,-0.504295738576897,0.279978329470391,0.031813104322207,0.0667230595076377,"WP_005768019.1"
"lcl|NC_008783.1_cds_WP_005768021.1_1122",294.791477858954,-0.0100098545192438,0.152637545647381,0.935566562373643,0.955729634838592,"WP_005768021.1"
"lcl|NC_008783.1_cds_WP_005768023.1_1123",1828.73292037491,-0.0178138174478324,0.203661672268893,0.914362419624054,0.941990598179783,"WP_005768023.1"
"lcl|NC_008783.1_cds_WP_005768025.1_1124",1883.50043304267,0.293784131338611,0.184197789732398,0.0533222420102927,0.102910190199018,"WP_005768025.1"
"lcl|NC_008783.1_cds_WP_005768027.1_1125",298.504108672083,-0.000601977058063786,0.159688136513581,0.996297692159935,0.998826366505519,"WP_005768027.1"
"lcl|NC_008783.1_cds_WP_005768028.1_1126",337.042355047468,-0.523992798102969,0.192812503351989,0.00327658552030019,0.00968267790911651,"WP_005768028.1"
"lcl|NC_008783.1_cds_WP_005768031.1_1127",2228.69996850998,0.548650350161193,0.155608752299136,0.0002581779599597,0.00103708773746524,"WP_005768031.1"
"lcl|NC_008783.1_cds_WP_011807439.1_1128",5594.99943366942,-0.828791787262279,0.284064389594649,0.00123814240421542,0.00406426246259079,"WP_011807439.1"
"lcl|NC_008783.1_cds_WP_005768036.1_1129",3918.4915870115,-0.160561039414334,0.260097750886957,0.436617203204929,0.55573725649607,"WP_005768036.1"
"lcl|NC_008783.1_cds_WP_005768038.1_1130",4665.65585166822,-0.436995648723089,0.123163404158262,0.000254135275134306,0.00102432075181685,"WP_005768038.1"
"lcl|NC_008783.1_cds_WP_005768040.1_1131",658.062880045302,1.13967578644623,0.409301278093216,0.000868402946346976,0.00297415459948314,"WP_005768040.1"
"lcl|NC_008783.1_cds_WP_005768042.1_1132",234.992419232177,0.295347861675993,0.296726129524364,0.205947456586434,0.310061025319615,"WP_005768042.1"
"lcl|NC_008783.1_cds_WP_011807442.1_1133",415.548697612969,0.237063761431346,0.162525023431242,0.0713273076501488,0.13095466952256,"WP_011807442.1"
"lcl|NC_008783.1_cds_WP_005768047.1_1134",78.7561994111379,0.0614398768286222,0.226641522178016,0.73721309128605,0.816446273994364,"WP_005768047.1"
"lcl|NC_008783.1_cds_WP_005768049.1_1135",146.853576446599,-0.00454080004422049,0.175201480895781,0.974589665489803,0.980380945335668,"WP_005768049.1"
"lcl|NC_008783.1_cds_WP_005768052.1_1136",243.127187231681,-0.215649430876441,0.27360827572443,0.317838456123086,0.434415882936398,"WP_005768052.1"
"lcl|NC_008783.1_cds_WP_005768054.1_1137",680.967822061251,-0.483315313055296,0.217247035841348,0.0119271710683007,0.0291416447751264,"WP_005768054.1"
"lcl|NC_008783.1_cds_WP_005768057.1_1138",372.935806372107,-0.863445608356628,0.171190472088928,1.91415635722394e-07,1.71839036614422e-06,"WP_005768057.1"
"lcl|NC_008783.1_cds_WP_005768059.1_1139",783.459484372819,0.111303392883503,0.19870511083979,0.482651432800043,0.600779357004255,"WP_005768059.1"
"lcl|NC_008783.1_cds_WP_172952863.1_1140",550.854742805234,-0.412275162542967,0.153362474745944,0.00365349381447673,0.0105957289629878,"WP_172952863.1"
"lcl|NC_008783.1_cds_WP_005768063.1_1141",1043.33375121765,-0.168825740984043,0.161302798879196,0.182024350043651,0.280128382859385,"WP_005768063.1"
"lcl|NC_008783.1_cds_WP_005768066.1_1142",218.879188875137,-0.615949653461216,0.299004162484583,0.0157491617148656,0.0374003138920154,"WP_005768066.1"
"lcl|NC_008783.1_cds_WP_005768069.1_1143",1136.76664389214,-0.654107540139817,0.318171234893352,0.015113833958749,0.0361816025073082,"WP_005768069.1"
"lcl|NC_008783.1_cds_BARBAKC583_RS06315_1144",2373.22192067862,0.177241332564546,0.12619698145826,0.0770963566718153,0.139250913790365,"BARBAKC583_RS06315"
"lcl|NC_008783.1_cds_WP_005768075.1_1145",1500.37348054248,-0.110437589000003,0.113057038596335,0.206568991248958,0.310205550052896,"WP_005768075.1"
"lcl|NC_008783.1_cds_WP_005768077.1_1146",771.102245264264,-0.606103459774758,0.335886099624708,0.0282695242206995,0.0602905705507422,"WP_005768077.1"
"lcl|NC_008783.1_cds_WP_005768078.1_1147",346.648238629401,-0.47620980621811,0.166669871553595,0.00226872092504871,0.00694685864646697,"WP_005768078.1"
"lcl|NC_008783.1_cds_WP_005768080.1_1148",196.182976678801,-0.698035392622302,0.283182846971275,0.0053045955322575,0.0146867890320681,"WP_005768080.1"
"lcl|NC_008783.1_cds_WP_005768082.1_1149",3140.82444803255,-0.901816684189428,0.314530640887934,0.00123582805389736,0.00406426246259079,"WP_005768082.1"
"lcl|NC_008783.1_cds_WP_035453288.1_1150",1212.4656590123,-1.0237009783808,0.247677843962222,1.00740565312795e-05,5.68464618550773e-05,"WP_035453288.1"
"lcl|NC_008783.1_cds_WP_005768086.1_1151",632.155890219553,-0.559697636694955,0.13455094795223,2.13295219966135e-05,0.000108946049853392,"WP_005768086.1"
"lcl|NC_008783.1_cds_WP_005768088.1_1152",145.940314180145,-0.626401682885967,0.273749700447503,0.00905587293244148,0.0230778697310605,"WP_005768088.1"
"lcl|NC_008783.1_cds_WP_005768090.1_1153",95.3000697779263,-1.08329531463176,0.207054703863807,4.26378007629809e-08,4.43208718457301e-07,"WP_005768090.1"
"lcl|NC_008783.1_cds_WP_005768092.1_1154",263.914466700413,-1.66711651678671,0.237557607401303,1.23541812776512e-13,5.42211289408027e-12,"WP_005768092.1"
"lcl|NC_008783.1_cds_WP_005768094.1_1155",990.861591869923,-0.960492087206203,0.268025896725239,0.000104301232931646,0.000464650229413538,"WP_005768094.1"
"lcl|NC_008783.1_cds_WP_005768096.1_1156",1122.19260651639,0.336053597283488,0.171393907034802,0.0226179701971581,0.0498183916052645,"WP_005768096.1"
"lcl|NC_008783.1_cds_WP_005768098.1_1157",381.553496295722,-0.04157795450744,0.218872313124749,0.814721858023923,0.872916276454203,"WP_005768098.1"
"lcl|NC_008783.1_cds_WP_005768100.1_1158",747.942588855903,-0.00986450792017653,0.273026390293324,0.964069731265538,0.97144781594359,"WP_005768100.1"
"lcl|NC_008783.1_cds_WP_005768101.1_1159",219.50353391752,0.0558032232404781,0.300427225627111,0.814610213408647,0.872916276454203,"WP_005768101.1"
"lcl|NC_008783.1_cds_WP_005768102.1_1160",224.3891955788,-0.0403635173166262,0.196587464092277,0.800225165766955,0.862060746758038,"WP_005768102.1"
"lcl|NC_008783.1_cds_WP_035453351.1_1161",188.050517602831,-0.958251368901287,0.345242117816377,0.00141204162610221,0.00457177411729813,"WP_035453351.1"
"lcl|NC_008783.1_cds_WP_005768104.1_1162",601.888071296727,0.0527919615379975,0.127499737853459,0.602322488551681,0.70519822688031,"WP_005768104.1"
"lcl|NC_008783.1_cds_WP_005768105.1_1163",1682.347081316,0.605075250738183,0.172147267971983,0.000253107779339788,0.00102366115535034,"WP_005768105.1"
"lcl|NC_008783.1_cds_WP_005768106.1_1164",556.715461873664,0.0230056001230211,0.195285098086813,0.884817035316097,0.928430474589868,"WP_005768106.1"
"lcl|NC_008783.1_cds_WP_005768107.1_1165",162.331685797627,0.0442765837044305,0.270531347061435,0.838246671618158,0.891777890684134,"WP_005768107.1"
"lcl|NC_008783.1_cds_WP_005768108.1_1166",474.177500008255,-0.149623749028509,0.180454631126465,0.292223185371993,0.407873350607552,"WP_005768108.1"
"lcl|NC_008783.1_cds_WP_005768109.1_1167",1247.85169474474,-0.0547896783798015,0.121613722071545,0.569286636524595,0.679834992790976,"WP_005768109.1"
"lcl|NC_008783.1_cds_WP_005768110.1_1168",1351.6073923916,-0.411579083479345,0.175498873095434,0.0089703313012523,0.0229695050622998,"WP_005768110.1"
"lcl|NC_008783.1_cds_WP_005768111.1_1169",268.174171942734,0.164660120100289,0.185659683196213,0.260097895501292,0.370897721021698,"WP_005768111.1"
"lcl|NC_008783.1_cds_WP_005768112.1_1170",677.235343122924,0.393870833203049,0.224440692333664,0.0372738637720461,0.076816571425869,"WP_005768112.1"
"lcl|NC_008783.1_cds_WP_005768114.1_1171",1911.95658148295,0.986090370320859,0.251237677365687,2.62596758042629e-05,0.00013298169157287,"WP_005768114.1"
"lcl|NC_008783.1_cds_WP_005768116.1_1172",28996.8936932262,1.75322296120748,0.33650944576426,7.4097037762598e-09,9.54402062485638e-08,"WP_005768116.1"
"lcl|NC_008783.1_cds_WP_011807449.1_1173",1065.18271638007,0.658227869606583,0.240026150894512,0.00268709883544137,0.00814376501278267,"WP_011807449.1"
"lcl|NC_008783.1_cds_WP_005768120.1_1174",1007.72687889073,2.22314205062355,0.28093638891728,3.03010523611182e-17,2.76205746522501e-15,"WP_005768120.1"
"lcl|NC_008783.1_cds_WP_011807451.1_1175",1107.22579775516,0.642917832944617,0.13948400856306,2.49502280458843e-06,1.65173297398731e-05,"WP_011807451.1"
"lcl|NC_008783.1_cds_WP_005768122.1_1176",3145.47530206392,1.62033083328395,0.330431625409011,5.34415496724978e-08,5.41266977452222e-07,"WP_005768122.1"
"lcl|NC_008783.1_cds_BARBAKC583_RS06490_1177",788.820186301274,0.0198129960660054,0.144041287500178,0.864943830628499,0.914811494301608,"BARBAKC583_RS06490"
"lcl|NC_008783.1_cds_WP_005768124.1_1178",292.587071045021,0.519283852042353,0.263269681328842,0.0212608519608471,0.0476259160181546,"WP_005768124.1"
"lcl|NC_008783.1_cds_WP_005768125.1_1179",203.025762788084,-0.27706784373925,0.272188685072352,0.198312997883054,0.301283208322333,"WP_005768125.1"
"lcl|NC_008783.1_cds_WP_005768126.1_1180",959.723822898826,0.37081955163714,0.166693968292491,0.0120231791164058,0.0293157762406191,"WP_005768126.1"
"lcl|NC_008783.1_cds_WP_005768127.1_1181",286.791410130232,0.314777646868396,0.173925750632074,0.0322042140704567,0.067305103480584,"WP_005768127.1"
"lcl|NC_008783.1_cds_WP_005768128.1_1182",1122.00590357878,0.115319969785462,0.133434079563415,0.265959725289206,0.376988366588169,"WP_005768128.1"
"lcl|NC_008783.1_cds_WP_005768129.1_1183",4168.36298570764,0.0880070518452938,0.202241072354245,0.588002972970789,0.69331693827899,"WP_005768129.1"
"lcl|NC_008783.1_cds_WP_005768130.1_1184",1644.79284216422,-0.950702750675883,0.127713980663747,3.47734479560402e-14,1.71693899282948e-12,"WP_005768130.1"
"lcl|NC_008783.1_cds_WP_005768131.1_1185",3024.92147109787,-0.916827645979865,0.162439428942578,6.27109280103239e-09,8.31891575705587e-08,"WP_005768131.1"
"lcl|NC_008783.1_cds_WP_005768133.1_1186",2716.28101624242,0.0971400561979627,0.214102854708737,0.571830705965328,0.679834992790976,"WP_005768133.1"
"lcl|NC_008783.1_cds_WP_005768147.1_1187",752.936332488135,-1.74233944708091,0.254705483628028,3.47430729613726e-13,1.24759216543111e-11,"WP_005768147.1"
"lcl|NC_008783.1_cds_WP_005768149.1_1188",2805.68229179404,-0.0587664729931462,0.124125090513653,0.549401228868358,0.663649802455661,"WP_005768149.1"
"lcl|NC_008783.1_cds_WP_005768151.1_1189",345.318811455033,-0.370750364669955,0.221699401529749,0.0452468924037505,0.0901135588209149,"WP_005768151.1"
"lcl|NC_008783.1_cds_WP_005768153.1_1190",286.539386669395,-0.899965316914209,0.220382806222357,1.65399747742547e-05,8.86871950565242e-05,"WP_005768153.1"
"lcl|NC_008783.1_cds_WP_080512682.1_1191",473.958702028202,-0.0138828905008059,0.149242798829244,0.908610422432032,0.939531719530504,"WP_080512682.1"
"lcl|NC_008783.1_cds_WP_005768156.1_1192",100.782067066833,-1.07029609341967,0.347100244018473,0.00043509272242569,0.00160618341456213,"WP_005768156.1"
"lcl|NC_008783.1_cds_WP_005768157.1_1193",1187.47575622416,0.263841512629862,0.181968624528868,0.0741994841644465,0.135271367284414,"WP_005768157.1"
"lcl|NC_008783.1_cds_WP_005768158.1_1194",812.576846608465,0.404969243888122,0.338100245537419,0.126536356517532,0.206536614976964,"WP_005768158.1"
"lcl|NC_008783.1_cds_WP_005768160.1_1195",1942.52555582758,-0.201854700373834,0.199244776707572,0.200036161508215,0.303511973607214,"WP_005768160.1"
"lcl|NC_008783.1_cds_WP_005768163.1_1196",956.058696250371,0.466681724393701,0.201283674772941,0.00952449650302941,0.0241165135813886,"WP_005768163.1"
"lcl|NC_008783.1_cds_WP_005768164.1_1197",310.092563034978,-0.0490881449363691,0.211425175254858,0.774439034555974,0.842709142285426,"WP_005768164.1"
"lcl|NC_008783.1_cds_WP_005768165.1_1198",433.287017471849,-0.472991067910422,0.193849061111741,0.00699513167154599,0.0185441410084609,"WP_005768165.1"
"lcl|NC_008783.1_cds_WP_005768166.1_1199",425.151420224517,-0.466749823113309,0.131427571831361,0.000249074455840708,0.00101405960649968,"WP_005768166.1"
"lcl|NC_008783.1_cds_WP_005768168.1_1200",331.225731246111,0.449117411053467,0.305195528853786,0.068779755663084,0.127549312145156,"WP_005768168.1"
"lcl|NC_008783.1_cds_WP_005768170.1_1201",455.318059476964,-1.29576496867502,0.286342475968987,8.52897241485751e-07,6.52053697522978e-06,"WP_005768170.1"
"lcl|NC_008783.1_cds_WP_005768172.1_1202",1287.63301515749,-0.934801954967846,0.241332912909259,3.63527067943642e-05,0.00017874671183121,"WP_005768172.1"
"lcl|NC_008783.1_cds_WP_005768174.1_1203",1167.93736955928,-1.04501579376165,0.205194140877104,9.81842350198168e-08,9.38292891116798e-07,"WP_005768174.1"
"lcl|NC_008783.1_cds_WP_005768178.1_1204",751.789745405547,-0.9313517290319,0.237966142318362,3.11543360722234e-05,0.000155117177502457,"WP_005768178.1"
"lcl|NC_008783.1_cds_WP_005768181.1_1205",564.259115802785,-0.183244732472452,0.28199654212777,0.410247262452843,0.526698814741732,"WP_005768181.1"
"lcl|NC_008783.1_cds_WP_035453280.1_1206",944.953941265471,0.107707511293825,0.25301526697788,0.594578468943351,0.698983616763761,"WP_035453280.1"
"lcl|NC_008783.1_cds_WP_005768183.1_1207",854.227456829425,0.0589994890563648,0.218991993073214,0.739009541521877,0.816908868193493,"WP_005768183.1"
"lcl|NC_008783.1_cds_WP_005768184.1_1208",330.931411071158,-0.334659753032994,0.392985543306029,0.257242520691445,0.367877488375543,"WP_005768184.1"
"lcl|NC_008783.1_cds_WP_005768187.1_1209",212.97911543013,-0.347206193027316,0.221183029285583,0.0574091210706461,0.109398794618225,"WP_005768187.1"
"lcl|NC_008783.1_cds_WP_005768189.1_1210",438.74469812277,0.0381550250713593,0.148225851596487,0.749363553342885,0.82374379472293,"WP_005768189.1"
"lcl|NC_008783.1_cds_WP_005768191.1_1211",1031.90317127508,0.913887682578546,0.155517053359008,1.59772254654595e-09,2.45883275020382e-08,"WP_005768191.1"
"lcl|NC_008783.1_cds_WP_005768193.1_1212",854.721146596259,0.769811608518939,0.278736577351888,0.00215109021512205,0.00662088806472631,"WP_005768193.1"
"lcl|NC_008783.1_cds_WP_011807453.1_1213",223.633599253686,0.523311047683318,0.305418358258534,0.0380282139758854,0.0779644179263395,"WP_011807453.1"
"lcl|NC_008783.1_cds_WP_104408433.1_1214",503.679784799883,0.506544139811718,0.219430650878338,0.00959344761114237,0.0242393079300719,"WP_104408433.1"
"lcl|NC_008783.1_cds_WP_005768203.1_1215",390.751746971768,0.539780984104592,0.20190528461742,0.00365709126233082,0.0105957289629878,"WP_005768203.1"
"lcl|NC_008783.1_cds_WP_005768206.1_1216",115.836259928987,-0.337460855284107,0.304647852435929,0.160231925619203,0.25148984352153,"WP_005768206.1"
