"","baseMean","log2FoldChange","lfcSE","pvalue","padj","wp"
"lcl|NC_008783.1_cds_WP_005765660.1_1",48612.3625389815,0.141161499806232,0.195071385936335,0.307542382591922,0.575897913208422,"WP_005765660.1"
"lcl|NC_008783.1_cds_WP_005765663.1_2",770.027575552566,-0.0624072677584169,0.232756253129762,0.657839153737194,0.83197304737351,"WP_005765663.1"
"lcl|NC_008783.1_cds_WP_005765665.1_3",1607.3398625991,-0.128139169826142,0.141807526425505,0.276149570928914,0.551823841391512,"WP_005765665.1"
"lcl|NC_008783.1_cds_WP_005765667.1_4",182.623814413753,0.125038040497222,0.183948023258951,0.354013839238811,0.609677031295916,"WP_005765667.1"
"lcl|NC_008783.1_cds_WP_005765670.1_5",136.643738575877,-0.0558757439709198,0.220720366930996,0.690055878607288,0.848681011719345,"WP_005765670.1"
"lcl|NC_008783.1_cds_WP_005765671.1_6",152.796838576968,-0.0608473156347443,0.21411215351956,0.663009246905952,0.83439663475697,"WP_005765671.1"
"lcl|NC_008783.1_cds_WP_005765673.1_7",194.578458938015,-0.0251764356683111,0.234989453235878,0.857157369669977,0.9349934601937,"WP_005765673.1"
"lcl|NC_008783.1_cds_WP_011807237.1_8",345.3817602843,-0.00539694160539701,0.207413347797485,0.968832070275179,0.989322349764096,"WP_011807237.1"
"lcl|NC_008783.1_cds_WP_011807238.1_9",5076.10933426869,-0.187946773687208,0.232611135829221,0.203453098698858,0.475517706074306,"WP_011807238.1"
"lcl|NC_008783.1_cds_WP_005765686.1_10",1362.10489037,-0.0261070141388098,0.216982889131689,0.851280976597016,0.9349934601937,"WP_005765686.1"
"lcl|NC_008783.1_cds_WP_005765688.1_11",863.819730660319,0.170089820660662,0.164709884564843,0.185916049779584,0.454792588793898,"WP_005765688.1"
"lcl|NC_008783.1_cds_WP_005765690.1_12",405.004348045157,0.087774753730043,0.199151483134587,0.524622545130038,0.745895487789965,"WP_005765690.1"
"lcl|NC_008783.1_cds_WP_005765692.1_13",1411.80214808402,0.0832300249853992,0.128149005898331,0.449427137871169,0.689432562419636,"WP_005765692.1"
"lcl|NC_008783.1_cds_WP_005765693.1_14",947.081233930469,0.0694529938352739,0.12198312793877,0.513462359897796,0.739267827700103,"WP_005765693.1"
"lcl|NC_008783.1_cds_WP_005765696.1_15",383.176030658155,-0.527545544068182,0.250081894145113,0.00218713101110835,0.0256490818575434,"WP_005765696.1"
"lcl|NC_008783.1_cds_WP_005765698.1_16",1115.10237223667,0.287799592287716,0.267287773023422,0.0726775543836117,0.277458677607589,"WP_005765698.1"
"lcl|NC_008783.1_cds_WP_005765700.1_17",1345.32647745362,0.165011212357363,0.217708332235935,0.252179484978119,0.53082008082781,"WP_005765700.1"
"lcl|NC_008783.1_cds_WP_005765702.1_18",1590.40554063957,0.197584715324619,0.202285179490791,0.163787112343571,0.428281165384878,"WP_005765702.1"
"lcl|NC_008783.1_cds_WP_005765704.1_19",758.661340948145,0.246540257429852,0.181454663397515,0.0704411499768176,0.276375978603728,"WP_005765704.1"
"lcl|NC_008783.1_cds_WP_005765706.1_20",1700.89125954757,-0.0103106941096405,0.133598272973392,0.927416229477026,0.965364355112997,"WP_005765706.1"
"lcl|NC_008783.1_cds_WP_005765708.1_21",430.153508046785,-0.0483223581400133,0.165172470930252,0.705586652974087,0.852430909576394,"WP_005765708.1"
"lcl|NC_008783.1_cds_WP_005765710.1_22",2468.59584327679,0.0742360752673429,0.152457452765481,0.54533931471152,0.762444624262271,"WP_005765710.1"
"lcl|NC_008783.1_cds_WP_005765712.1_23",4146.40731518368,0.189349855990607,0.227414458421429,0.197832344645021,0.467786867887717,"WP_005765712.1"
"lcl|NC_008783.1_cds_WP_005765714.1_24",3522.98331979645,0.18101412136793,0.185539460138501,0.184727859897525,0.45342292883938,"WP_005765714.1"
"lcl|NC_008783.1_cds_WP_005765715.1_25",6980.29733797275,0.391186830523824,0.235077123825683,0.014245427669437,0.0913753675371072,"WP_005765715.1"
"lcl|NC_008783.1_cds_WP_005765716.1_26",4160.01748175386,0.557372031411843,0.342086744805081,0.00512891497940669,0.0476373623287294,"WP_005765716.1"
"lcl|NC_008783.1_cds_WP_005765717.1_27",2795.54793069793,0.732590916852738,0.321844230825329,0.000531160838711277,0.0094873497499045,"WP_005765717.1"
"lcl|NC_008783.1_cds_WP_005765729.1_28",2177.41775898003,-0.0336535813909434,0.18767412448161,0.802693780591161,0.910975053046274,"WP_005765729.1"
"lcl|NC_008783.1_cds_WP_005765731.1_29",663.412759157941,-0.0340479700046899,0.204687096450652,0.8050591319309,0.910987965079702,"WP_005765731.1"
"lcl|NC_008783.1_cds_WP_005765733.1_30",1029.26015696678,0.226892292579018,0.258820003138407,0.14060111434333,0.399114654651848,"WP_005765733.1"
"lcl|NC_008783.1_cds_WP_005765735.1_31",65.1158072226447,0.0285132781271339,0.266220604456448,0.835436235962026,0.926692729170515,"WP_005765735.1"
"lcl|NC_008783.1_cds_WP_011807240.1_32",352.760806327897,0.134736621817268,0.279524430166437,0.350735032400432,0.606860465897021,"WP_011807240.1"
"lcl|NC_008783.1_cds_WP_005765739.1_33",93.0183746372837,0.0139767515155626,0.251691894408993,0.919808154777073,0.962837072377118,"WP_005765739.1"
"lcl|NC_008783.1_cds_WP_005765740.1_34",30.0333508750162,0.119500698813805,0.30415548611714,0.386196420083679,0.641450706319243,"WP_005765740.1"
"lcl|NC_008783.1_cds_WP_005765741.1_35",114.378319432977,0.189416149057166,0.31793805731425,0.199436208312302,0.469269383611342,"WP_005765741.1"
"lcl|NC_008783.1_cds_WP_005765743.1_36",1550.04547439379,0.683952139723327,0.309220985814687,0.000770072934235277,0.0119207290219621,"WP_005765743.1"
"lcl|NC_008783.1_cds_WP_005765745.1_37",322.532714056704,-0.208120294289937,0.221226692329739,0.156415456777349,0.424347199631964,"WP_005765745.1"
"lcl|NC_008783.1_cds_WP_005765747.1_38",253.416845859175,-0.381446453103267,0.193964495743078,0.00818765100826458,0.0669426959196843,"WP_005765747.1"
"lcl|NC_008783.1_cds_WP_005765749.1_39",2840.16844083255,-0.101773160814355,0.261985260952748,0.475105154534222,0.715430719084607,"WP_005765749.1"
"lcl|NC_008783.1_cds_WP_005765751.1_40",1582.95241938391,-0.105376314416788,0.162779915145254,0.407770984887944,0.659362275006828,"WP_005765751.1"
"lcl|NC_008783.1_cds_WP_005765753.1_41",290.805308278583,-0.131431734299168,0.189973520662672,0.336528971038839,0.599456212015542,"WP_005765753.1"
"lcl|NC_008783.1_cds_WP_005765755.1_42",879.979387901756,-0.217664624890126,0.171699364276038,0.0990965755483939,0.33348151945416,"WP_005765755.1"
"lcl|NC_008783.1_cds_WP_005765757.1_43",1706.28356109232,0.00629340277682769,0.166107456855741,0.960832883338713,0.986319166716398,"WP_005765757.1"
"lcl|NC_008783.1_cds_WP_035453345.1_44",1326.16441393711,-0.0717643163915621,0.21610166635339,0.608605142658957,0.807532080716628,"WP_035453345.1"
"lcl|NC_008783.1_cds_WP_005765763.1_45",357.688656259129,0.123225161301966,0.259076480245111,0.39389010657082,0.646756954482418,"WP_005765763.1"
"lcl|NC_008783.1_cds_WP_005765764.1_46",283.026535523445,0.138052706501867,0.269931961106965,0.342770590181389,0.599464074273992,"WP_005765764.1"
"lcl|NC_008783.1_cds_WP_005765766.1_47",323.004967265374,-0.0015714996540603,0.237111144759272,0.991019324873589,0.998802647133342,"WP_005765766.1"
"lcl|NC_008783.1_cds_WP_005765768.1_48",351.773799387864,0.209743777964225,0.233675272780174,0.160026177501563,0.424926863080414,"WP_005765768.1"
"lcl|NC_008783.1_cds_WP_005765769.1_49",83.2604610161654,-0.137827287503548,0.218029942332815,0.334875628244956,0.599456212015542,"WP_005765769.1"
"lcl|NC_008783.1_cds_WP_005765771.1_50",291.640426168146,-0.0994769135614611,0.212006037818222,0.478967858641612,0.718451787962418,"WP_005765771.1"
"lcl|NC_008783.1_cds_WP_005765773.1_51",581.18656420075,-0.0684075491275671,0.158900276966759,0.585768018377475,0.792630150741548,"WP_005765773.1"
"lcl|NC_008783.1_cds_WP_005765774.1_52",53.4102645432584,-0.137914206804978,0.240968670350859,0.342845947732929,0.599464074273992,"WP_005765774.1"
"lcl|NC_008783.1_cds_WP_005765777.1_53",655.431715539202,0.00402378531927846,0.209812158136361,0.976807507959282,0.992190303360216,"WP_005765777.1"
"lcl|NC_008783.1_cds_WP_005765779.1_54",893.83687925201,-0.168644525748165,0.14784527022256,0.162816364869087,0.426703836598218,"WP_005765779.1"
"lcl|NC_008783.1_cds_WP_005765781.1_55",143.555241790719,0.13036237060128,0.235347532353877,0.36702798559025,0.623893837877424,"WP_005765781.1"
"lcl|NC_008783.1_cds_WP_005765783.1_56",389.687283717201,0.0716369921595164,0.162751755252633,0.572971460015686,0.786311897255569,"WP_005765783.1"
"lcl|NC_008783.1_cds_WP_414945798.1_57",28.9455884123338,0.154564101628622,0.286967307201263,0.290364460257642,0.558292094849968,"WP_414945798.1"
"lcl|NC_008783.1_cds_WP_005765787.1_58",76.257288225651,-0.298341562815873,0.310937300889681,0.0714637045336867,0.276974416665687,"WP_005765787.1"
"lcl|NC_008783.1_cds_WP_005765789.1_59",224.716611008019,-0.0629063864754103,0.229001870324414,0.655054218076326,0.83197304737351,"WP_005765789.1"
"lcl|NC_008783.1_cds_WP_005765791.1_60",1353.59748549611,0.0621901966649265,0.144396136975176,0.600949568038486,0.802879687563501,"WP_005765791.1"
"lcl|NC_008783.1_cds_WP_005765792.1_61",568.218017963964,0.389171008827403,0.209588203945402,0.00981440602151321,0.0739904246167327,"WP_005765792.1"
"lcl|NC_008783.1_cds_WP_005765794.1_62",402.562084211998,-0.298618245898716,0.145648613407675,0.0128566909654585,0.0878036365346899,"WP_005765794.1"
"lcl|NC_008783.1_cds_WP_005765796.1_63",28647.0565786377,-0.0787006729331016,0.164780952753794,0.538371748066507,0.757496287659132,"WP_005765796.1"
"lcl|NC_008783.1_cds_WP_005765797.1_64",275.48949292128,-0.16100591935245,0.164923764042827,0.210559343380754,0.483121339259002,"WP_005765797.1"
"lcl|NC_008783.1_cds_WP_005765799.1_65",936.929095148004,0.408128671605952,0.341085863736887,0.0247478940087671,0.132188700036612,"WP_005765799.1"
"lcl|NC_008783.1_cds_WP_005765801.1_66",458.67260593593,0.056240387654297,0.250940879612879,0.688357417466248,0.847489885130768,"WP_005765801.1"
"lcl|NC_008783.1_cds_WP_005765802.1_67",86.4402348111366,-0.477128022615589,0.359913048719764,0.0131010874696567,0.0881950975787602,"WP_005765802.1"
"lcl|NC_008783.1_cds_WP_011807246.1_68",2870.28831614729,1.0831128503061,0.36566963139336,2.31824251649794e-05,0.000762679388202802,"WP_011807246.1"
"lcl|NC_008783.1_cds_WP_005765806.1_69",578.095233361143,1.52994509742122,0.208035639207874,6.18733579339102e-16,3.59174842806349e-13,"WP_005765806.1"
"lcl|NC_008783.1_cds_WP_005765808.1_70",933.89215613447,0.442038357027259,0.262520718756762,0.00962886918899124,0.0735468232132818,"WP_005765808.1"
"lcl|NC_008783.1_cds_WP_005765810.1_71",1109.39733991801,0.115728804714458,0.186068497572208,0.392576343879204,0.646397267938478,"WP_005765810.1"
"lcl|NC_008783.1_cds_WP_005765812.1_72",221.844732872939,-0.35297918687282,0.317178573729756,0.0411695665194281,0.188924374423146,"WP_005765812.1"
"lcl|NC_008783.1_cds_WP_005765814.1_73",619.209403605466,0.0929732387502564,0.182068120054704,0.487316739485744,0.721651447121108,"WP_005765814.1"
"lcl|NC_008783.1_cds_WP_005765816.1_74",338.741176724164,-0.143765728959277,0.228056342900356,0.320069177144694,0.584277224316021,"WP_005765816.1"
"lcl|NC_008783.1_cds_WP_005765818.1_75",333.386521873226,0.148854884990128,0.232314481025975,0.305828129550735,0.574541194835603,"WP_005765818.1"
"lcl|NC_008783.1_cds_WP_005765820.1_76",1019.53864365649,-0.777613838547049,0.325499419007321,0.000332977320969342,0.00655231643466791,"WP_005765820.1"
"lcl|NC_008783.1_cds_WP_005765822.1_77",2335.2673109881,-0.255605260017842,0.26005906035841,0.102600961165409,0.340342045465828,"WP_005765822.1"
"lcl|NC_008783.1_cds_WP_005765824.1_78",1205.49403622413,-0.202700155841484,0.196789336745293,0.149103285503887,0.415129291294996,"WP_005765824.1"
"lcl|NC_008783.1_cds_WP_005765825.1_79",72.1077106566198,-0.145392619604435,0.233261605241191,0.316846402885279,0.582977295958493,"WP_005765825.1"
"lcl|NC_008783.1_cds_WP_005765827.1_80",911.302333616456,0.280587277120713,0.180620767080676,0.0398994595497534,0.184554870666389,"WP_005765827.1"
"lcl|NC_008783.1_cds_WP_005765829.1_81",7755.68665352973,0.257311412409804,0.219247353796482,0.0835431193790709,0.302160628034584,"WP_005765829.1"
"lcl|NC_008783.1_cds_WP_011807247.1_82",107.889156106634,0.239428918338281,0.23837961920724,0.115130039456087,0.361876646804591,"WP_011807247.1"
"lcl|NC_008783.1_cds_WP_005765833.1_83",64.2185819322269,0.989257732996447,0.351079602609688,4.93948479112939e-05,0.00154993022770303,"WP_005765833.1"
"lcl|NC_008783.1_cds_WP_011807248.1_84",567.03803677706,0.185997682056115,0.28366821199297,0.216678280631293,0.489423120258621,"WP_011807248.1"
"lcl|NC_008783.1_cds_WP_005765837.1_85",569.638784664614,-0.373371367538594,0.305829304672872,0.0318838544219183,0.160247424172498,"WP_005765837.1"
"lcl|NC_008783.1_cds_WP_005765839.1_86",215.295067031856,-0.280537997613437,0.2586718360374,0.0765620271046372,0.284899081629756,"WP_005765839.1"
"lcl|NC_008783.1_cds_WP_005765841.1_87",2013.40045751324,-0.191106351603265,0.230706688811343,0.195644121671274,0.464504755133637,"WP_005765841.1"
"lcl|NC_008783.1_cds_WP_005765843.1_88",930.146117572838,-0.0399292074990581,0.223372285799935,0.775333977546851,0.896925728580651,"WP_005765843.1"
"lcl|NC_008783.1_cds_WP_044051782.1_89",888.577979558824,0.325534712539576,0.199675122072138,0.0247299110557203,0.132188700036612,"WP_044051782.1"
"lcl|NC_008783.1_cds_WP_005765846.1_90",2097.73411169482,-0.110581502481275,0.21456786775099,0.433800651547782,0.677780798535591,"WP_005765846.1"
"lcl|NC_008783.1_cds_WP_005765847.1_91",450.135730389928,0.0301793592958645,0.190188547596119,0.823422986405005,0.922774215459662,"WP_005765847.1"
"lcl|NC_008783.1_cds_WP_005765848.1_92",173.446727001215,0.16804969397932,0.248247946716439,0.256527847134425,0.53183719736262,"WP_005765848.1"
"lcl|NC_008783.1_cds_WP_005765849.1_93",2574.99841635217,0.430468432320266,0.230205732632878,0.00710490875289277,0.0596921562838384,"WP_005765849.1"
"lcl|NC_008783.1_cds_WP_005765850.1_94",1085.58676964898,0.165874076405861,0.188050845146472,0.225824624504378,0.505168379671642,"WP_005765850.1"
"lcl|NC_008783.1_cds_WP_005765851.1_95",64.3767112861438,-0.68774194366147,0.272625447992192,0.000330991054667356,0.00655231643466791,"WP_005765851.1"
"lcl|NC_008783.1_cds_WP_005765852.1_96",477.642089616242,-0.127210088955538,0.163217287079012,0.318876093258648,0.584193231100233,"WP_005765852.1"
"lcl|NC_008783.1_cds_WP_005765853.1_97",542.755664316108,0.0593324402040472,0.2099688061491,0.6697157028117,0.836964403621511,"WP_005765853.1"
"lcl|NC_008783.1_cds_WP_005765854.1_98",3383.33354078659,-0.109635342224299,0.158382456594203,0.382322767169679,0.638671557818701,"WP_005765854.1"
"lcl|NC_008783.1_cds_WP_005765855.1_99",146.206001528219,0.313510831823939,0.249405860253139,0.0486347636646198,0.212274288024901,"WP_005765855.1"
"lcl|NC_008783.1_cds_WP_005765856.1_100",1969.90727145846,-0.0225844324331671,0.158425007329272,0.856857981419304,0.9349934601937,"WP_005765856.1"
"lcl|NC_008783.1_cds_WP_005765857.1_101",138.986515489259,0.160450437117794,0.240118329027652,0.274693249695641,0.550809780477788,"WP_005765857.1"
"lcl|NC_008783.1_cds_WP_005765858.1_102",1093.06418210564,0.140814751282393,0.208595922719973,0.319288553607465,0.584193231100233,"WP_005765858.1"
"lcl|NC_008783.1_cds_WP_011807252.1_103",259.631509350917,0.0540690339076817,0.202258048499568,0.694910309426137,0.850148439666749,"WP_011807252.1"
"lcl|NC_008783.1_cds_WP_005765864.1_104",57.6055118468469,0.150978250105673,0.272832468539775,0.303694650949058,0.573316243498953,"WP_005765864.1"
"lcl|NC_008783.1_cds_WP_005765868.1_105",927.705425825787,0.156202219395729,0.23495203440313,0.285001808250008,0.556538158262585,"WP_005765868.1"
"lcl|NC_008783.1_cds_WP_005765870.1_106",3967.8585184642,0.107495734153449,0.231730269201237,0.452057689786174,0.691880874600339,"WP_005765870.1"
"lcl|NC_008783.1_cds_WP_005765871.1_107",952.970159739839,0.059696029433271,0.213928357999156,0.66889456552367,0.836838998462264,"WP_005765871.1"
"lcl|NC_008783.1_cds_WP_005765873.1_108",3532.12737220807,0.146178534277989,0.254217620712007,0.31860183253993,0.584193231100233,"WP_005765873.1"
"lcl|NC_008783.1_cds_WP_005765875.1_109",262.775750614079,0.2581250662259,0.249805381739772,0.0963611962500226,0.328080201895238,"WP_005765875.1"
"lcl|NC_008783.1_cds_WP_011807254.1_110",213.140093877957,0.250942443767995,0.290349952520803,0.113842508246956,0.359586903614803,"WP_011807254.1"
"lcl|NC_008783.1_cds_WP_005765879.1_111",537.447968547313,-0.0219832913627279,0.213056789066476,0.874203222738687,0.940778369949323,"WP_005765879.1"
"lcl|NC_008783.1_cds_WP_005765881.1_112",701.041710526548,0.0610916517727676,0.147452070585253,0.611852750104293,0.807934995363984,"WP_005765881.1"
"lcl|NC_008783.1_cds_WP_005765883.1_113",347.11573321911,-0.0557206196994428,0.168256790043544,0.665939345147356,0.836000292305067,"WP_005765883.1"
"lcl|NC_008783.1_cds_WP_005765885.1_114",127.093952649789,0.26549844028262,0.242002244370205,0.0853596484136887,0.305872073482385,"WP_005765885.1"
"lcl|NC_008783.1_cds_WP_005765887.1_115",647.565453041288,-0.0991069805979543,0.216882096527551,0.482621697922597,0.719741262827485,"WP_005765887.1"
"lcl|NC_008783.1_cds_WP_005765889.1_116",4939.82858685093,0.551163750435124,0.245388028585923,0.0013477698685744,0.0181948932257545,"WP_005765889.1"
"lcl|NC_008783.1_cds_WP_005765891.1_117",223.939708887748,-0.330814160506832,0.181627173377897,0.016428650470345,0.101455655298247,"WP_005765891.1"
"lcl|NC_008783.1_cds_WP_005765893.1_118",3993.81482440363,-0.225266513086304,0.156318782502651,0.0720196032900451,0.276974416665687,"WP_005765893.1"
"lcl|NC_008783.1_cds_WP_011807258.1_119",445.775608722998,0.715320239015516,0.430108437889759,0.00184459496062757,0.0230276854762216,"WP_011807258.1"
"lcl|NC_008783.1_cds_WP_462677150.1_120",413.233877307809,0.170731072415704,0.247042373348522,0.249405153020162,0.53082008082781,"WP_462677150.1"
"lcl|NC_008783.1_cds_WP_005765897.1_121",110.960786186146,-0.0288802352129932,0.216571229202277,0.83569964465248,0.926692729170515,"WP_005765897.1"
"lcl|NC_008783.1_cds_WP_005765899.1_122",3419.9047922572,0.489250954969444,0.220603920871257,0.00209654296198088,0.025093674008864,"WP_005765899.1"
"lcl|NC_008783.1_cds_WP_035453254.1_123",966.782960675703,0.7551703201087,0.271944522640389,0.000123186528978654,0.00297957416967118,"WP_035453254.1"
"lcl|NC_008783.1_cds_WP_005765903.1_124",183.256538984832,-0.111896210227823,0.262051745322674,0.435164729467169,0.677780798535591,"WP_005765903.1"
"lcl|NC_008783.1_cds_WP_005765907.1_125",106.098490363794,-0.0380386039910243,0.215058307208639,0.78473099518914,0.900269451990704,"WP_005765907.1"
"lcl|NC_008783.1_cds_WP_005765909.1_126",413.485267498536,-0.155208160755808,0.243710053762476,0.290409108836033,0.558292094849968,"WP_005765909.1"
"lcl|NC_008783.1_cds_WP_005765911.1_127",569.181291970239,-0.306876440140681,0.220107360197136,0.0422614908516213,0.190916696026196,"WP_005765911.1"
"lcl|NC_008783.1_cds_WP_011807262.1_128",2467.45082948672,-0.0629077671142262,0.170366361322412,0.628042983733947,0.81696636743498,"WP_011807262.1"
"lcl|NC_008783.1_cds_WP_005765915.1_129",1346.67510658251,0.0321717361292791,0.189106188356163,0.811660252500346,0.913988727858042,"WP_005765915.1"
"lcl|NC_008783.1_cds_WP_005765917.1_130",492.848217905526,0.726898350741223,0.322158843907093,0.000571508003645894,0.0100533453368619,"WP_005765917.1"
"lcl|NC_008783.1_cds_WP_005765918.1_131",570.28316496665,0.44866289173515,0.309198953762824,0.0137612281275398,0.0902643268704728,"WP_005765918.1"
"lcl|NC_008783.1_cds_WP_005765923.1_132",2520.18600200358,0.316733146038355,0.125887446600801,0.00347077753248439,0.0359783278144141,"WP_005765923.1"
"lcl|NC_008783.1_cds_WP_005765925.1_133",780.829982663921,0.00879473067166365,0.178794375377163,0.946985241740641,0.977288769476342,"WP_005765925.1"
"lcl|NC_008783.1_cds_WP_005765927.1_134",318.313509721532,0.688404566512192,0.284576872877887,0.000440643040917271,0.00812042175404686,"WP_005765927.1"
"lcl|NC_008783.1_cds_WP_005765929.1_135",1494.54821703029,0.542868857741764,0.217778251828822,0.000713196508686383,0.0116622696702097,"WP_005765929.1"
"lcl|NC_008783.1_cds_WP_005765932.1_136",111.726767187684,0.0114588775627749,0.18979629498796,0.932391498730378,0.967528662347727,"WP_005765932.1"
"lcl|NC_008783.1_cds_WP_005765934.1_137",658.766350802028,0.0534935413068742,0.225637739478961,0.703111873158373,0.852430909576394,"WP_005765934.1"
"lcl|NC_008783.1_cds_WP_005765936.1_138",204.924124890828,0.179365267181058,0.207675511382212,0.208517981475257,0.481553593922645,"WP_005765936.1"
"lcl|NC_008783.1_cds_WP_005765938.1_139",787.19230477701,0.0498469555978983,0.231988404857485,0.722680991703621,0.86142980633255,"WP_005765938.1"
"lcl|NC_008783.1_cds_WP_005765942.1_140",461.971687710363,-0.195600215080835,0.181372658427429,0.148375262418041,0.414095383815735,"WP_005765942.1"
"lcl|NC_008783.1_cds_WP_005765945.1_141",463.419689561919,0.223910889446622,0.209971279137147,0.122229199445353,0.377415161053337,"WP_005765945.1"
"lcl|NC_008783.1_cds_WP_005765953.1_142",1314.19820535452,-0.194555396458698,0.377165913210807,0.136780072651461,0.394048794909047,"WP_005765953.1"
"lcl|NC_008783.1_cds_WP_005765954.1_143",567.100318710367,-0.149184918252665,0.349364265281015,0.246085535144023,0.528105926621461,"WP_005765954.1"
"lcl|NC_008783.1_cds_WP_005765956.1_144",335.04796868509,0.00704072118846095,0.14586154534272,0.953049510151439,0.980931277735656,"WP_005765956.1"
"lcl|NC_008783.1_cds_WP_005765958.1_145",150.106869925673,0.155964936921409,0.232953655730503,0.284963574543971,0.556538158262585,"WP_005765958.1"
"lcl|NC_008783.1_cds_WP_005765960.1_146",412.195394210556,-0.0878687382056061,0.180308977813761,0.509682218586839,0.737180696343199,"WP_005765960.1"
"lcl|NC_008783.1_cds_WP_005765962.1_147",641.83358318596,-0.0338517385781679,0.174437812139716,0.796136354492072,0.908562408558718,"WP_005765962.1"
"lcl|NC_008783.1_cds_WP_005765964.1_148",780.73168510448,0.588379062278422,0.338837313270592,0.00353798534379604,0.0360315875802386,"WP_005765964.1"
"lcl|NC_008783.1_cds_WP_005765971.1_149",1296.73762002152,0.333250836395261,0.212169279380083,0.0259366817204352,0.136255599445363,"WP_005765971.1"
"lcl|NC_008783.1_cds_WP_005765972.1_150",596.590507497932,0.407673441458625,0.283828126628921,0.0187518887734073,0.111723721471692,"WP_005765972.1"
"lcl|NC_008783.1_cds_WP_080512684.1_151",492.932234728672,-0.0207678700955156,0.159841623111192,0.868854567890522,0.939145847283091,"WP_080512684.1"
"lcl|NC_008783.1_cds_WP_005765977.1_152",11270.2657800656,0.0413589601024476,0.186243525744914,0.758283699098162,0.888362638398553,"WP_005765977.1"
"lcl|NC_008783.1_cds_WP_005765980.1_153",562.97296759186,0.375106187215641,0.172894273427493,0.00535386254931109,0.0485612064042982,"WP_005765980.1"
"lcl|NC_008783.1_cds_WP_005765983.1_154",2326.74756001645,-0.297274693394526,0.174168543020482,0.0266225568339943,0.13922877695616,"WP_005765983.1"
"lcl|NC_008783.1_cds_WP_005765984.1_155",329.446413162417,-0.269626493591055,0.190559255248925,0.0544013272102881,0.23051073317936,"WP_005765984.1"
"lcl|NC_008783.1_cds_WP_005765991.1_156",607.850140133673,0.455883524067638,0.257443103533664,0.00738297445852464,0.0612259524739079,"WP_005765991.1"
"lcl|NC_008783.1_cds_WP_005766000.1_157",8640.94806743137,-0.0480758399651617,0.234099926107415,0.732093562901234,0.867716513168917,"WP_005766000.1"
"lcl|NC_008783.1_cds_WP_005766002.1_158",63.237738757492,0.146674320085387,0.291915614622324,0.310047298920995,0.578721726764108,"WP_005766002.1"
"lcl|NC_008783.1_cds_WP_005766004.1_159",172.552289608028,0.0576741001368503,0.178752642331058,0.663348918071217,0.83439663475697,"WP_005766004.1"
"lcl|NC_008783.1_cds_BARBAKC583_RS06735_160",1.05499494879594,0,0.380212069058849,1,NA,"BARBAKC583_RS06735"
"lcl|NC_008783.1_cds_WP_005766008.1_161",72.3391583393759,0.0790504751685544,0.24250489130038,0.576994503084013,0.788363666842987,"WP_005766008.1"
"lcl|NC_008783.1_cds_WP_005766010.1_162",406.856983544592,0.295011334572763,0.291072186049996,0.0718096569946715,0.276974416665687,"WP_005766010.1"
"lcl|NC_008783.1_cds_WP_005766021.1_163",161.576370968853,0.294883058383764,0.307028879328355,0.0737439334943325,0.279793159434379,"WP_005766021.1"
"lcl|NC_008783.1_cds_WP_005766023.1_164",1.66824840444602,-0.0013144027855545,0.351715077545099,0.988811099648592,NA,"WP_005766023.1"
"lcl|NC_008783.1_cds_WP_005766025.1_165",68.147559375977,-0.169365611467197,0.240357050395318,0.250978227147383,0.53082008082781,"WP_005766025.1"
"lcl|NC_008783.1_cds_WP_005766027.1_166",236.637870138888,0.140123435032951,0.24958140073088,0.337024566006249,0.599456212015542,"WP_005766027.1"
"lcl|NC_008783.1_cds_WP_005766029.1_167",1.51602124923799,-0.0501706074023383,0.383860696165793,0.422574676185792,NA,"WP_005766029.1"
"lcl|NC_008783.1_cds_WP_005766030.1_168",0.518848834200158,0,0.38527951931271,1,NA,"WP_005766030.1"
"lcl|NC_008783.1_cds_WP_005766031.1_169",61.1281864431462,0.14937770635607,0.287213839067853,0.304429255483874,0.57377007405321,"WP_005766031.1"
"lcl|NC_008783.1_cds_WP_005766033.1_170",63.333487917864,0.0776989979417049,0.298955396031319,0.559702580313089,0.774510960361736,"WP_005766033.1"
"lcl|NC_008783.1_cds_WP_005766034.1_171",470.976116776968,0.337827225660297,0.208200068975788,0.0228408431100756,0.127027748455424,"WP_005766034.1"
"lcl|NC_008783.1_cds_WP_005766036.1_172",238.626897011134,-0.0840837880042924,0.211849613136392,0.548101242075965,0.763448296774145,"WP_005766036.1"
"lcl|NC_008783.1_cds_WP_005766037.1_173",372.663167107582,0.0801029900891412,0.223484536487614,0.570266832242488,0.783526381341454,"WP_005766037.1"
"lcl|NC_008783.1_cds_WP_005766038.1_174",202.538359062661,0.165080470788257,0.228327514262182,0.257585981438394,0.532492808714701,"WP_005766038.1"
"lcl|NC_008783.1_cds_WP_005766039.1_175",46.8927471096321,0.228112895002979,0.340638493268799,0.132072414539825,0.387212306264488,"WP_005766039.1"
"lcl|NC_008783.1_cds_WP_005766040.1_176",691.700728761388,0.322198765349434,0.196628285968369,0.0249869817957102,0.13246523225945,"WP_005766040.1"
"lcl|NC_008783.1_cds_WP_005766045.1_177",1128.29379723855,0.0745869627125769,0.228671160960776,0.597417817098246,0.80038413545888,"WP_005766045.1"
"lcl|NC_008783.1_cds_WP_005766051.1_178",144.281094798144,-0.0096884499704712,0.227661958875102,0.944688902382273,0.975786312869946,"WP_005766051.1"
"lcl|NC_008783.1_cds_WP_005766053.1_179",256.630990236959,0.115927677605286,0.192315577950274,0.397582248766517,0.648304762384728,"WP_005766053.1"
"lcl|NC_008783.1_cds_WP_005766055.1_180",44.5805888992118,0.290665281909082,0.283780397365739,0.0740098544172724,0.279887429897242,"WP_005766055.1"
"lcl|NC_008783.1_cds_WP_005766061.1_181",4965.11446393129,2.88399727522577,0.336293925369966,4.5981735245966e-21,5.33847946205666e-18,"WP_005766061.1"
"lcl|NC_008783.1_cds_WP_005766062.1_182",2.24472775669326,0.18808491204734,0.446227971657243,0.0363010724180159,NA,"WP_005766062.1"
"lcl|NC_008783.1_cds_BARBAKC583_RS07205_183",0.551091382352394,0.0354394598692314,0.381638625382139,0.555708521953222,NA,"BARBAKC583_RS07205"
"lcl|NC_008783.1_cds_WP_005766064.1_184",57.0194054123828,0.448849785859969,0.40741538208922,0.0176207901628772,0.107108572665448,"WP_005766064.1"
"lcl|NC_008783.1_cds_BARBAKC583_RS06765_185",12.1541685460431,0.0465041184929666,0.277135843968979,0.732439434027165,0.867716513168917,"BARBAKC583_RS06765"
"lcl|NC_008783.1_cds_WP_011807288.1_186",61.6834780730709,1.0604994674106,0.323462255806875,1.0714088108471e-05,0.000401259880449511,"WP_011807288.1"
"lcl|NC_008783.1_cds_BARBAKC583_RS07210_187",0,0,0.395882584693211,NA,NA,"BARBAKC583_RS07210"
"lcl|NC_008783.1_cds_WP_172952858.1_188",1576.2692776373,0.251107322254185,0.278398199257845,0.112148356605891,0.357401719546735,"WP_172952858.1"
"lcl|NC_008783.1_cds_WP_011807291.1_189",5675.01350807708,0.314579162623179,0.214699097864142,0.0356755585215787,0.17186441262885,"WP_011807291.1"
"lcl|NC_008783.1_cds_WP_035453325.1_190",677.611880362497,-0.0290310130800102,0.256849318923068,0.834088288329819,0.926676079187483,"WP_035453325.1"
"lcl|NC_008783.1_cds_WP_011807293.1_191",1938.9297818135,-0.00862786972192818,0.24627372722938,0.950584555840962,0.980075353911278,"WP_011807293.1"
"lcl|NC_008783.1_cds_WP_005766082.1_192",379.107054632055,-0.136478964650675,0.240969990976537,0.347565518134375,0.603174239991046,"WP_005766082.1"
"lcl|NC_008783.1_cds_WP_005766084.1_193",2727.51218788251,0.0258886192204115,0.235564815121406,0.853168788460124,0.9349934601937,"WP_005766084.1"
"lcl|NC_008783.1_cds_BARBAKC583_RS07005_194",62.2624726440061,0.10594438326972,0.309013422724787,0.430071884787648,0.677780798535591,"BARBAKC583_RS07005"
"lcl|NC_008783.1_cds_WP_005766089.1_195",464.771255806472,0.0347320348971078,0.24105751985353,0.803994833662538,0.910987965079702,"WP_005766089.1"
"lcl|NC_008783.1_cds_WP_005766090.1_196",157.375894034706,-0.134278180618353,0.306983644973832,0.336498973253265,0.599456212015542,"WP_005766090.1"
"lcl|NC_008783.1_cds_WP_005766092.1_197",912.533158196988,-0.0490350737478853,0.196571456770939,0.719935877483944,0.860920847088038,"WP_005766092.1"
"lcl|NC_008783.1_cds_WP_005766093.1_198",0.422924347880222,0,0.387548703708328,1,NA,"WP_005766093.1"
"lcl|NC_008783.1_cds_WP_005766094.1_199",0.328964786056538,0.00682314225911903,0.390931028592713,0.82995488510182,NA,"WP_005766094.1"
"lcl|NC_008783.1_cds_WP_005766095.1_200",553.051375678877,0.278869417341086,0.209333008729904,0.0573841447856007,0.238792086365887,"WP_005766095.1"
"lcl|NC_008783.1_cds_WP_005766096.1_201",55.4003575784653,-0.0352979951273896,0.237461510382423,0.801017531485208,0.91085343198269,"WP_005766096.1"
"lcl|NC_008783.1_cds_WP_005766097.1_202",638.122305914444,-0.087496902905801,0.267848062609178,0.534057261800813,0.755225920768262,"WP_005766097.1"
"lcl|NC_008783.1_cds_WP_005766098.1_203",42.5089725335987,0.24781759854049,0.346754388842535,0.109141128443292,0.351980139229618,"WP_005766098.1"
"lcl|NC_008783.1_cds_WP_005766099.1_204",4.91639911049341,-0.111251759806343,0.366375680590016,0.294504549345448,0.563577646130979,"WP_005766099.1"
"lcl|NC_008783.1_cds_WP_005766101.1_205",170.40390548354,-0.160766753420383,0.204827972101223,0.255199682436496,0.53082008082781,"WP_005766101.1"
"lcl|NC_008783.1_cds_WP_005766108.1_206",3526.17364757566,0.160898432617944,0.204667755499418,0.254701972595884,0.53082008082781,"WP_005766108.1"
"lcl|NC_008783.1_cds_WP_005766110.1_207",362.963642169589,-0.143621149060125,0.214120006288821,0.313615342092419,0.58071357602759,"WP_005766110.1"
"lcl|NC_008783.1_cds_WP_035453319.1_208",290.158102703187,-0.730269844195383,0.286609567971318,0.000261732061025056,0.00539483433923071,"WP_035453319.1"
"lcl|NC_008783.1_cds_WP_005766115.1_209",47.6395230296947,0.258635884434773,0.345597454964519,0.0998474755099065,0.334560453085326,"WP_005766115.1"
"lcl|NC_008783.1_cds_WP_005766118.1_210",31.1385097318515,0.0535870708457668,0.250793639550035,0.702109178524877,0.852430909576394,"WP_005766118.1"
"lcl|NC_008783.1_cds_WP_005766130.1_211",351.56880316787,0.0979773112973241,0.202111296267707,0.4802200975212,0.718966790885158,"WP_005766130.1"
"lcl|NC_008783.1_cds_WP_005766132.1_212",2736.08399560271,-0.20034936465002,0.240849546471608,0.18094853316221,0.449507907624257,"WP_005766132.1"
"lcl|NC_008783.1_cds_BARBAKC583_RS01255_213",0,0,0.395882584693211,NA,NA,"BARBAKC583_RS01255"
"lcl|NC_008783.1_cds_WP_005766136.1_214",3.26148184107496,0.149353996856987,0.439396975426389,0.0290520193833272,0.149908420017969,"WP_005766136.1"
"lcl|NC_008783.1_cds_WP_005766138.1_215",65.4113791230496,-0.191690621019467,0.216382940789284,0.186349135584545,0.454792588793898,"WP_005766138.1"
"lcl|NC_008783.1_cds_WP_005766141.1_216",20.0997855188895,-0.170390086753366,0.286362853352975,0.25080359963568,0.53082008082781,"WP_005766141.1"
"lcl|NC_008783.1_cds_WP_005766146.1_217",178.047777761507,-0.0263502257726727,0.180409813035201,0.842681373207561,0.932286644658565,"WP_005766146.1"
"lcl|NC_008783.1_cds_WP_225866728.1_218",2.66354363928202,0.0644610933519652,0.348788414448683,0.539401824968722,NA,"WP_225866728.1"
"lcl|NC_008783.1_cds_WP_005766149.1_219",120.01662326151,0.272626847629851,0.21233294325048,0.0644028705399237,0.256947535040727,"WP_005766149.1"
"lcl|NC_008783.1_cds_WP_005766151.1_220",213.879648640342,0.548117301080822,0.384256500902694,0.00714660613561889,0.0596921562838384,"WP_005766151.1"
"lcl|NC_008783.1_cds_WP_005766153.1_221",327.065699816036,1.17821613246112,0.297926605989549,7.826257963391e-07,4.67267736813947e-05,"WP_005766153.1"
"lcl|NC_008783.1_cds_WP_005766155.1_222",792.373935785344,0.438270396481454,0.308253222018626,0.0154341981322938,0.0978105955333999,"WP_005766155.1"
"lcl|NC_008783.1_cds_WP_005766157.1_223",3025.43362033156,0.240490813183464,0.31200851482039,0.125850428046955,0.379748495505213,"WP_005766157.1"
"lcl|NC_008783.1_cds_WP_005766159.1_224",796.76682433723,-0.100324742865179,0.226703356428406,0.480549724140295,0.718966790885158,"WP_005766159.1"
"lcl|NC_008783.1_cds_WP_225866729.1_225",93.258220182162,0.20041204086983,0.240580441146331,0.180719524700393,0.449507907624257,"WP_225866729.1"
"lcl|NC_008783.1_cds_WP_011807302.1_226",7.06090801737777,0.124598902462447,0.331961876045985,0.33659014160295,0.599456212015542,"WP_011807302.1"
"lcl|NC_008783.1_cds_WP_005766168.1_227",149.922791908016,-0.0653233384888799,0.219891574923395,0.641548496386345,0.822116781793098,"WP_005766168.1"
"lcl|NC_008783.1_cds_WP_005766170.1_228",214.309786002601,0.124761491782357,0.203490520515199,0.372253285482277,0.628177419251342,"WP_005766170.1"
"lcl|NC_008783.1_cds_WP_146075923.1_229",23.2359868791924,-0.562892743044862,0.379327868804133,0.00607917644820237,0.0538772813462821,"WP_146075923.1"
"lcl|NC_008783.1_cds_WP_005766179.1_230",784.748779405968,-0.0737263843936324,0.184444951455765,0.582941095948837,0.791572646077894,"WP_005766179.1"
"lcl|NC_008783.1_cds_WP_005766181.1_231",636.660530309056,-0.216559419592551,0.157697261338663,0.0852190918877263,0.305872073482385,"WP_005766181.1"
"lcl|NC_008783.1_cds_WP_005766182.1_232",33600.6974739134,0.157830278105985,0.288298587568734,0.281317671596639,0.556538158262585,"WP_005766182.1"
"lcl|NC_008783.1_cds_WP_005766184.1_233",745.406930948323,-0.0106336262791599,0.227654570771684,0.939305296609401,0.972806261425715,"WP_005766184.1"
"lcl|NC_008783.1_cds_WP_005766186.1_234",1185.76372106934,-0.115737542300202,0.188633602624071,0.395015604163885,0.646756954482418,"WP_005766186.1"
"lcl|NC_008783.1_cds_WP_005766188.1_235",1794.63673915407,0.114751686051568,0.122610300500043,0.281875315586528,0.556538158262585,"WP_005766188.1"
"lcl|NC_008783.1_cds_WP_005766189.1_236",419.400426758081,-0.167076738791231,0.206114107785592,0.238729370009815,0.519035203335946,"WP_005766189.1"
"lcl|NC_008783.1_cds_WP_005766192.1_237",711.700159446852,0.0374511636762428,0.161999522334486,0.767480074049821,0.892662249212565,"WP_005766192.1"
"lcl|NC_008783.1_cds_WP_005766194.1_238",2756.21534239403,0.0110866832749433,0.152351092688548,0.927947132046601,0.965364355112997,"WP_005766194.1"
"lcl|NC_008783.1_cds_WP_005766195.1_239",1471.49946460342,-0.235763833694724,0.194985225849328,0.0941588756311985,0.324387105661191,"WP_005766195.1"
"lcl|NC_008783.1_cds_WP_005766197.1_240",402.56726852291,0.111966037319553,0.166304006361322,0.384413438964417,0.639404015240241,"WP_005766197.1"
"lcl|NC_008783.1_cds_WP_005766199.1_241",407.547289838101,-0.151381497380464,0.188546422482299,0.26842052560181,0.548256853589995,"WP_005766199.1"
"lcl|NC_008783.1_cds_WP_005766201.1_242",4.44571347930345,-0.0426159774577821,0.340128089757345,0.69162523522794,0.848812788688836,"WP_005766201.1"
"lcl|NC_008783.1_cds_WP_005766203.1_243",400.32764431917,-0.0501302281110862,0.136783698653775,0.662734137197211,0.83439663475697,"WP_005766203.1"
"lcl|NC_008783.1_cds_WP_005766204.1_244",1614.92430431418,0.145371593579487,0.17482544016067,0.271601572189018,0.549849964967701,"WP_005766204.1"
"lcl|NC_008783.1_cds_WP_005766206.1_245",521.823676522248,-0.0877879135506269,0.202747687967816,0.526624328541719,0.747446021316547,"WP_005766206.1"
"lcl|NC_008783.1_cds_WP_005766207.1_246",650.257639765123,0.00566255724756471,0.171919746254144,0.965297864016233,0.989322349764096,"WP_005766207.1"
"lcl|NC_008783.1_cds_WP_005766209.1_247",831.734104382018,-0.00222204055897254,0.202242827731272,0.98709670031432,0.998802647133342,"WP_005766209.1"
"lcl|NC_008783.1_cds_WP_005766211.1_248",978.112182583994,0.0848923819523948,0.178231470487968,0.522043964151465,0.744586047149693,"WP_005766211.1"
"lcl|NC_008783.1_cds_WP_005766213.1_249",1192.49003125137,0.301660647382862,0.230068849576161,0.0496002665002913,0.215677563321491,"WP_005766213.1"
"lcl|NC_008783.1_cds_WP_005766215.1_250",353.593948200917,0.256112751055046,0.242484969499936,0.0958767275919501,0.32803896177896,"WP_005766215.1"
"lcl|NC_008783.1_cds_WP_005766217.1_251",545.367959272308,-0.0872973689492381,0.225778569974927,0.537480683893186,0.757496287659132,"WP_005766217.1"
"lcl|NC_008783.1_cds_WP_005766219.1_252",18.2188406757449,-0.123919503320884,0.284217303913518,0.384407243297989,0.639404015240241,"WP_005766219.1"
"lcl|NC_008783.1_cds_WP_005766221.1_253",1633.14033774845,-0.23513306948968,0.258699846586463,0.128468476167844,0.38441211554347,"WP_005766221.1"
"lcl|NC_008783.1_cds_WP_005766222.1_254",29.0011384199445,-0.0910146141940413,0.265846233158653,0.519304629606162,0.741590006116549,"WP_005766222.1"
"lcl|NC_008783.1_cds_WP_005766225.1_255",417.095003181461,-0.208345922168938,0.216852076938178,0.153321738232333,0.420819238978104,"WP_005766225.1"
"lcl|NC_008783.1_cds_WP_005766227.1_256",264.641470677901,-0.190812392279458,0.176338494416937,0.152685864993614,0.420819238978104,"WP_005766227.1"
"lcl|NC_008783.1_cds_WP_005766230.1_257",263.741910873088,-0.182076760117613,0.163506519518271,0.155473285870031,0.424347199631964,"WP_005766230.1"
"lcl|NC_008783.1_cds_WP_005766233.1_258",738.619068802016,0.00335713486656125,0.134097404461356,0.976395603435886,0.992190303360216,"WP_005766233.1"
"lcl|NC_008783.1_cds_WP_005766235.1_259",179.33107856993,-0.101624439769369,0.171787820356031,0.436675312062551,0.677780798535591,"WP_005766235.1"
"lcl|NC_008783.1_cds_WP_005766238.1_260",94.7111903707944,-0.115179343760295,0.193785906183831,0.40183276545529,0.654316747115837,"WP_005766238.1"
"lcl|NC_008783.1_cds_WP_005766240.1_261",64.6431526942375,-0.0499811441623033,0.218992512687621,0.720770941748125,0.860920847088038,"WP_005766240.1"
"lcl|NC_008783.1_cds_WP_005766242.1_262",618.712941824945,-0.201686806733882,0.228041075581153,0.172486399049711,0.441125524609555,"WP_005766242.1"
"lcl|NC_008783.1_cds_WP_005766244.1_263",1889.82113070384,0.165530836056085,0.217094223387836,0.25039813857941,0.53082008082781,"WP_005766244.1"
"lcl|NC_008783.1_cds_WP_005766249.1_264",160.835370570514,0.0516012893813274,0.195271249868022,0.705483483347173,0.852430909576394,"WP_005766249.1"
"lcl|NC_008783.1_cds_WP_005766252.1_265",8096.24968665662,-0.0491075617658247,0.218076762051594,0.725272670565255,0.863632380026934,"WP_005766252.1"
"lcl|NC_008783.1_cds_WP_005766255.1_266",413.531495284909,-0.0258795041043541,0.149497552755583,0.831073610530523,0.925799885072078,"WP_005766255.1"
"lcl|NC_008783.1_cds_WP_005766258.1_267",251.923147301205,-0.0168533567916231,0.148963843164415,0.889281016843964,0.945269938355541,"WP_005766258.1"
"lcl|NC_008783.1_cds_WP_005766260.1_268",343.828389847773,0.340656957600189,0.299090167905557,0.0446609806400871,0.199428455858235,"WP_005766260.1"
"lcl|NC_008783.1_cds_WP_005766262.1_269",934.914870814683,0.230895913788534,0.235636219126787,0.126059493106042,0.379748495505213,"WP_005766262.1"
"lcl|NC_008783.1_cds_WP_005766264.1_270",1264.1123253472,0.111345326280782,0.255740013542407,0.438187086135876,0.679219234984983,"WP_005766264.1"
"lcl|NC_008783.1_cds_WP_005766266.1_271",2170.67570806327,0.161473409438179,0.144056055020196,0.174393405078703,0.441125524609555,"WP_005766266.1"
"lcl|NC_008783.1_cds_WP_005766267.1_272",913.40852877002,0.102417826868843,0.146320651652351,0.393071895921245,0.646397267938478,"WP_005766267.1"
"lcl|NC_008783.1_cds_WP_005766269.1_273",853.941629160886,-0.000453826637808596,0.149712799252501,0.997017384077703,0.998802647133342,"WP_005766269.1"
"lcl|NC_008783.1_cds_WP_005766272.1_274",586.826095308454,-0.325935759017014,0.146194497909957,0.00680849886148987,0.0581225527808069,"WP_005766272.1"
"lcl|NC_008783.1_cds_WP_005766273.1_275",1017.99535887193,-0.347084454872248,0.234691230409974,0.0272863351447989,0.142060247099155,"WP_005766273.1"
"lcl|NC_008783.1_cds_WP_005766275.1_276",1106.52226987774,-0.0777623494055488,0.214475808010135,0.57897560884386,0.788956199375261,"WP_005766275.1"
"lcl|NC_008783.1_cds_BARBAKC583_RS01630_277",338.104041203521,0.263083424888494,0.210772437234667,0.0727133277843416,0.277458677607589,"BARBAKC583_RS01630"
"lcl|NC_008783.1_cds_WP_005766280.1_278",1128.36947183825,0.553588527253415,0.244275397382299,0.0012607049968552,0.0172197470746929,"WP_005766280.1"
"lcl|NC_008783.1_cds_WP_005766282.1_279",919.325574634567,-0.0839271586642474,0.139019968702394,0.46996025734204,0.710447732778787,"WP_005766282.1"
"lcl|NC_008783.1_cds_WP_005766284.1_280",520.875036519743,0.0548688479086062,0.164019775784035,0.666947535676995,0.836000292305067,"WP_005766284.1"
"lcl|NC_008783.1_cds_WP_005766286.1_281",539.091383384849,0.0469727688105748,0.173577445587159,0.719549732314794,0.860920847088038,"WP_005766286.1"
"lcl|NC_008783.1_cds_WP_005766289.1_282",322.61487870584,-0.0215540158066634,0.211106127631145,0.876456779157144,0.940778369949323,"WP_005766289.1"
"lcl|NC_008783.1_cds_WP_005766292.1_283",774.373536892275,-0.0946835142948551,0.185963862797938,0.483006597507803,0.719741262827485,"WP_005766292.1"
"lcl|NC_008783.1_cds_WP_005766295.1_284",321.98065341448,-0.0370386001557204,0.166505214237393,0.772917914102891,0.89646123703642,"WP_005766295.1"
"lcl|NC_008783.1_cds_WP_005766297.1_285",508.089784229588,-0.283348536708175,0.186717553576586,0.0415391054572124,0.189869690692219,"WP_005766297.1"
"lcl|NC_008783.1_cds_WP_005766299.1_286",6813.40180341055,-0.25132170527473,0.179083968325334,0.0635056861258705,0.255121458796317,"WP_005766299.1"
"lcl|NC_008783.1_cds_WP_005766301.1_287",1137.82339936516,-0.151036329353702,0.230548714321313,0.298563581046843,0.568249700976041,"WP_005766301.1"
"lcl|NC_008783.1_cds_WP_005766303.1_288",434.184357461165,0.012318060643688,0.194671034217986,0.927880694716208,0.965364355112997,"WP_005766303.1"
"lcl|NC_008783.1_cds_WP_005766305.1_289",2302.07410708575,-0.266003919278563,0.214083863578444,0.0716304500370921,0.276974416665687,"WP_005766305.1"
"lcl|NC_008783.1_cds_WP_005766307.1_290",39.7811140649424,0.2226039295095,0.279192896608556,0.15088957367729,0.418097362862373,"WP_005766307.1"
"lcl|NC_008783.1_cds_WP_005766309.1_291",124.081299588423,0.183220698760812,0.242792682123223,0.218123719851164,0.491731337373208,"WP_005766309.1"
"lcl|NC_008783.1_cds_WP_011807312.1_292",1408.04876393769,0.0400481570995448,0.192463437148904,0.768104726066626,0.892662249212565,"WP_011807312.1"
"lcl|NC_008783.1_cds_WP_005766313.1_293",959.829461507242,-0.108002517536076,0.206617308588579,0.440147228409304,0.680440655370442,"WP_005766313.1"
"lcl|NC_008783.1_cds_WP_005766315.1_294",179.627111353498,-0.244973916920517,0.175762837803002,0.0675351080986184,0.267604984650157,"WP_005766315.1"
"lcl|NC_008783.1_cds_WP_005766317.1_295",535.910620676343,-0.183544075992186,0.16765653318241,0.157777504645081,0.424347199631964,"WP_005766317.1"
"lcl|NC_008783.1_cds_WP_005766321.1_296",210.108714820754,-0.0442685934270128,0.189301410124206,0.743266153926025,0.876073101226512,"WP_005766321.1"
"lcl|NC_008783.1_cds_WP_005766323.1_297",5106.27635709261,0.0159364014243382,0.139725787615992,0.891189556039767,0.945269938355541,"WP_005766323.1"
"lcl|NC_008783.1_cds_WP_005766325.1_298",9405.05813218665,-0.411127988976202,0.269792652105491,0.0159043742758111,0.0998106947795497,"WP_005766325.1"
"lcl|NC_008783.1_cds_WP_005766326.1_299",552.66992275227,-0.185126782949739,0.146660851189881,0.123762384006276,0.379748495505213,"WP_005766326.1"
"lcl|NC_008783.1_cds_WP_005766328.1_300",90.814927902148,-0.0584016436940675,0.18370962038049,0.66271805659306,0.83439663475697,"WP_005766328.1"
"lcl|NC_008783.1_cds_WP_005766340.1_301",1578.39422886862,0.182915519293864,0.176444019764487,0.170147499403502,0.439226766380653,"WP_005766340.1"
"lcl|NC_008783.1_cds_WP_035453132.1_302",337.459456513211,-0.253543355874108,0.228114565412192,0.0924243045581919,0.320661480515074,"WP_035453132.1"
"lcl|NC_008783.1_cds_WP_005766344.1_303",75.4912557161234,0.138022752169336,0.219870150498326,0.335155298019872,0.599456212015542,"WP_005766344.1"
"lcl|NC_008783.1_cds_WP_005766346.1_304",873.236568897664,-0.745892610060263,0.288102570017541,0.000220176980030249,0.00473380507065034,"WP_005766346.1"
"lcl|NC_008783.1_cds_WP_005766349.1_305",906.549991174347,0.0865312799342524,0.179856461704323,0.515667965614535,0.73965776569249,"WP_005766349.1"
"lcl|NC_008783.1_cds_WP_005766353.1_306",218.260442513391,0.0480746088702176,0.163234554435824,0.705415242154759,0.852430909576394,"WP_005766353.1"
"lcl|NC_008783.1_cds_WP_005766355.1_307",727.943118795411,1.22191777546966,0.302034231043,4.69490048933259e-07,3.02821081561952e-05,"WP_005766355.1"
"lcl|NC_008783.1_cds_WP_005766357.1_308",1440.82866609399,-0.0353897494667019,0.20801851015157,0.798220203901716,0.908562408558718,"WP_005766357.1"
"lcl|NC_008783.1_cds_WP_005766358.1_309",767.580071799559,0.115915089504983,0.176485714084486,0.381368610150815,0.637995614387747,"WP_005766358.1"
"lcl|NC_008783.1_cds_WP_005766360.1_310",438.054410031015,0.0964861565388482,0.14493165994669,0.418328976221241,0.668060442080963,"WP_005766360.1"
"lcl|NC_008783.1_cds_WP_005766361.1_311",960.760704982192,-0.430978850079095,0.182152752369153,0.00211846638911689,0.0250973416098439,"WP_005766361.1"
"lcl|NC_008783.1_cds_WP_005766363.1_312",1446.45808918948,-0.0320335400750153,0.188839849236866,0.812368992572236,0.913988727858042,"WP_005766363.1"
"lcl|NC_008783.1_cds_WP_005766366.1_313",2441.64281299313,-0.0156052731518854,0.191990604157299,0.908352222435331,0.953523445069999,"WP_005766366.1"
"lcl|NC_008783.1_cds_WP_005766367.1_314",935.831057097918,0.124660460688133,0.197421758164585,0.368041514956111,0.624702045122873,"WP_005766367.1"
"lcl|NC_008783.1_cds_WP_005766369.1_315",601.153225711659,0.0221634533741452,0.118804213306511,0.831704806313675,0.925799885072078,"WP_005766369.1"
"lcl|NC_008783.1_cds_WP_005766371.1_316",1360.42005172991,-0.438325069628988,0.199729391351187,0.00313717939960279,0.0331115025721713,"WP_005766371.1"
"lcl|NC_008783.1_cds_WP_005766373.1_317",985.664081524998,-0.0187150435146619,0.15521424811626,0.87989690578365,0.941530237433011,"WP_005766373.1"
"lcl|NC_008783.1_cds_WP_005766374.1_318",734.248945226059,-0.160063260025764,0.15947387635892,0.20492090994202,0.476779912710792,"WP_005766374.1"
"lcl|NC_008783.1_cds_WP_005766376.1_319",675.194914134737,-0.0966934228995806,0.139545635263108,0.406318053683773,0.659362275006828,"WP_005766376.1"
"lcl|NC_008783.1_cds_WP_005766378.1_320",310.161981092823,-0.0161768135229289,0.137087539616769,0.888226034844702,0.945215789601007,"WP_005766378.1"
"lcl|NC_008783.1_cds_WP_005766380.1_321",1074.81551227477,0.240453899088402,0.158325501227164,0.056874903078175,0.238510923478481,"WP_005766380.1"
"lcl|NC_008783.1_cds_WP_005766382.1_322",71.6225011980546,0.0574331548267368,0.20675178112881,0.678641475958773,0.843578965297789,"WP_005766382.1"
"lcl|NC_008783.1_cds_WP_005766384.1_323",73.5533550789028,0.130910621710752,0.228204842186595,0.362973319048357,0.618813543928256,"WP_005766384.1"
"lcl|NC_008783.1_cds_WP_005766386.1_324",498.067991396045,0.0195635757587575,0.215427996647467,0.888111528343883,0.945215789601007,"WP_005766386.1"
"lcl|NC_008783.1_cds_WP_005766387.1_325",209.577268993137,-0.067996613428341,0.188880437113318,0.61535938540314,0.807934995363984,"WP_005766387.1"
"lcl|NC_008783.1_cds_WP_005766389.1_326",287.653950168495,-0.052449410552261,0.13429946298859,0.644230619819862,0.823865818105051,"WP_005766389.1"
"lcl|NC_008783.1_cds_WP_005766393.1_327",179.698130171292,-0.0358045132866334,0.193033693436288,0.79220194763866,0.907047792118821,"WP_005766393.1"
"lcl|NC_008783.1_cds_WP_005766396.1_328",1353.94885032894,0.0915204098038928,0.16769998677088,0.478357725030854,0.718451787962418,"WP_005766396.1"
"lcl|NC_008783.1_cds_WP_005766398.1_329",535.310195956161,0.0631197730546238,0.141919967313903,0.591618950092434,0.797757957093282,"WP_005766398.1"
"lcl|NC_008783.1_cds_WP_005766401.1_330",839.335703185732,0.120216596482778,0.204989139919463,0.390464716409207,0.644849979731279,"WP_005766401.1"
"lcl|NC_008783.1_cds_WP_005766402.1_331",1178.45698621712,0.545100986020908,0.298921028229534,0.00382038584062128,0.0382367927669078,"WP_005766402.1"
"lcl|NC_008783.1_cds_WP_005766404.1_332",622.554929707096,1.05226930633303,0.234677544461072,1.43906453904343e-07,1.19339566416388e-05,"WP_005766404.1"
"lcl|NC_008783.1_cds_WP_005766405.1_333",343.443695514153,0.972444018890057,0.206724795505535,5.93627415943927e-08,6.26546754464454e-06,"WP_005766405.1"
"lcl|NC_008783.1_cds_WP_005766407.1_334",503.318703116895,0.560738686028107,0.176539404205439,7.16033875548806e-05,0.0019793222131242,"WP_005766407.1"
"lcl|NC_008783.1_cds_WP_005766408.1_335",567.930453845673,-0.105021230780899,0.268291122585974,0.460388896390869,0.701458672847505,"WP_005766408.1"
"lcl|NC_008783.1_cds_WP_005766409.1_336",1267.43417055717,0.125853497278462,0.172956498551685,0.33788901395986,0.599456212015542,"WP_005766409.1"
"lcl|NC_008783.1_cds_WP_005766410.1_337",106.341612938969,-0.149827600363852,0.223664138185035,0.299241121968688,0.568607107374216,"WP_005766410.1"
"lcl|NC_008783.1_cds_WP_005766412.1_338",229.024503855283,-0.173209083878902,0.181725244149251,0.199671899658917,0.469269383611342,"WP_005766412.1"
"lcl|NC_008783.1_cds_WP_005766414.1_339",1058.85846243217,0.263124344528638,0.164346542480892,0.0418064760073968,0.190342426057207,"WP_005766414.1"
"lcl|NC_008783.1_cds_WP_005766417.1_340",612.682951284953,-0.0957984300058278,0.194051355007047,0.484489427647203,0.719741262827485,"WP_005766417.1"
"lcl|NC_008783.1_cds_WP_005766421.1_341",388.683015793514,0.251043544374769,0.257554387994258,0.107261436494997,0.349542126262489,"WP_005766421.1"
"lcl|NC_008783.1_cds_WP_005766424.1_342",375.54981860043,-0.0611022898535177,0.159958693786038,0.627526476735671,0.81696636743498,"WP_005766424.1"
"lcl|NC_008783.1_cds_WP_005766426.1_343",93.4377367539807,-0.241793014259663,0.28538229816531,0.124554008509074,0.379748495505213,"WP_005766426.1"
"lcl|NC_008783.1_cds_WP_005766429.1_344",289.960531233218,-0.0589086959511341,0.207874841052295,0.67128794358565,0.837547925107543,"WP_005766429.1"
"lcl|NC_008783.1_cds_BARBAKC583_RS06785_345",79.6869385465558,0.0495428611988582,0.205873666732074,0.720268116196416,0.860920847088038,"BARBAKC583_RS06785"
"lcl|NC_008783.1_cds_WP_005766431.1_346",1152.87620366373,-0.132747501441647,0.16617069697456,0.302894009705732,0.572736067212305,"WP_005766431.1"
"lcl|NC_008783.1_cds_WP_005766433.1_347",1250.06623751465,0.190120856464241,0.186870408098938,0.165530982027624,0.430900157251281,"WP_005766433.1"
"lcl|NC_008783.1_cds_WP_005766436.1_348",1089.65794303524,-0.138295858934549,0.185814231653159,0.308174295757055,0.576151944241451,"WP_005766436.1"
"lcl|NC_008783.1_cds_WP_005766438.1_349",498.521522771774,0.595319120765865,0.246865948669028,0.00068170558489905,0.0113065740581114,"WP_005766438.1"
"lcl|NC_008783.1_cds_WP_005766441.1_350",118.660397781761,-0.118252243674213,0.190650270978367,0.386873643344021,0.641657571317726,"WP_005766441.1"
"lcl|NC_008783.1_cds_WP_005766443.1_351",235.972108445444,-0.167126646014037,0.256864742993873,0.260383650081293,0.536002513731171,"WP_005766443.1"
"lcl|NC_008783.1_cds_WP_005766444.1_352",1704.2282421882,-0.0573530477860867,0.151289156334118,0.638781444680566,0.822116781793098,"WP_005766444.1"
"lcl|NC_008783.1_cds_WP_005766446.1_353",1709.87823735025,0.338826844558648,0.209438066266129,0.0228671829691504,0.127027748455424,"WP_005766446.1"
"lcl|NC_008783.1_cds_WP_005766448.1_354",1787.28865245486,0.239408771165637,0.27254434880125,0.125853924266435,0.379748495505213,"WP_005766448.1"
"lcl|NC_008783.1_cds_WP_005766450.1_355",633.084456784727,-0.15212349046992,0.203590871808481,0.279686413200743,0.556538158262585,"WP_005766450.1"
"lcl|NC_008783.1_cds_WP_005766451.1_356",106.230636691385,0.962734790805588,0.308522817197211,2.36489732776063e-05,0.000762679388202802,"WP_005766451.1"
"lcl|NC_008783.1_cds_WP_005766453.1_357",143.657427804507,0.0431504874222957,0.180950277263446,0.745632642680055,0.877971093459984,"WP_005766453.1"
"lcl|NC_008783.1_cds_WP_005766455.1_358",160.618816512095,0.230077176280043,0.205880097394756,0.110075689607916,0.354010735830445,"WP_005766455.1"
"lcl|NC_008783.1_cds_WP_005766457.1_359",257.348100315021,-0.135928119354435,0.166874176677062,0.292596604811456,0.561495302786943,"WP_005766457.1"
"lcl|NC_008783.1_cds_WP_035453124.1_360",707.932634138925,0.212530935850513,0.215584937617413,0.14494396206871,0.407457481747634,"WP_035453124.1"
"lcl|NC_008783.1_cds_WP_005766461.1_361",757.957006299603,1.08392781944636,0.203638601864553,2.63806647226622e-09,3.40310574922342e-07,"WP_005766461.1"
"lcl|NC_008783.1_cds_WP_005766462.1_362",628.356169910483,0.0705368208895275,0.216524678353531,0.614770062683576,0.807934995363984,"WP_005766462.1"
"lcl|NC_008783.1_cds_WP_005766464.1_363",221.372670497021,-0.0666896980888131,0.146965265259672,0.578916537816023,0.788956199375261,"WP_005766464.1"
"lcl|NC_008783.1_cds_WP_011807322.1_364",190.265663218061,-0.245464232958075,0.199151681032298,0.0848937119796724,0.305872073482385,"WP_011807322.1"
"lcl|NC_008783.1_cds_WP_005766468.1_365",184.718816424897,0.323609717663624,0.19308647020349,0.0230693320567701,0.127540450085286,"WP_005766468.1"
"lcl|NC_008783.1_cds_WP_011807323.1_366",28.4897167986599,0.169822502504137,0.250809916099161,0.252547711879116,0.53082008082781,"WP_011807323.1"
"lcl|NC_008783.1_cds_WP_005766472.1_367",2965.09284277527,0.162894030417652,0.21001342987481,0.253029232279105,0.53082008082781,"WP_005766472.1"
"lcl|NC_008783.1_cds_WP_005766474.1_368",331.853383297321,0.11369320808391,0.19257184759943,0.406795126875593,0.659362275006828,"WP_005766474.1"
"lcl|NC_008783.1_cds_WP_005766476.1_369",267.415860329718,0.0304388883992908,0.176262189291931,0.81705549488268,0.918297608478986,"WP_005766476.1"
"lcl|NC_008783.1_cds_WP_005766478.1_370",1050.17491240915,-0.415802970084971,0.193574926016803,0.00414535469877626,0.0411346735493952,"WP_005766478.1"
"lcl|NC_008783.1_cds_WP_005766480.1_371",3383.98936126053,-0.413260727457049,0.242391176991255,0.0112573537347602,0.0806777017657814,"WP_005766480.1"
"lcl|NC_008783.1_cds_WP_011807325.1_372",2488.88430795572,-0.139132694781917,0.266593670682541,0.339907161354737,0.599456212015542,"WP_011807325.1"
"lcl|NC_008783.1_cds_WP_005766483.1_373",97.7292994254158,-0.191065364434159,0.1982392683135,0.174110051732027,0.441125524609555,"WP_005766483.1"
"lcl|NC_008783.1_cds_WP_005766485.1_374",74.9255555629234,0.0662359327818575,0.19717866789523,0.629109520052662,0.81696636743498,"WP_005766485.1"
"lcl|NC_008783.1_cds_WP_005766487.1_375",159.1517768327,0.977353939388951,0.2388492412383,8.04940115097238e-07,4.67267736813947e-05,"WP_005766487.1"
"lcl|NC_008783.1_cds_WP_005766489.1_376",14.9143501755562,-0.0799830632034344,0.271994110252443,0.566416574659695,0.780082613499295,"WP_005766489.1"
"lcl|NC_008783.1_cds_WP_005766490.1_377",297.078623113594,-0.233391444970485,0.234350855677,0.12180037564015,0.377093962981905,"WP_005766490.1"
"lcl|NC_008783.1_cds_WP_005766492.1_378",1236.52721768976,-0.340101127083201,0.179248040111603,0.0130569746333871,0.0881950975787602,"WP_005766492.1"
"lcl|NC_008783.1_cds_WP_005766494.1_379",9788.57167071739,0.708205905706073,0.378351497137145,0.00142268336920543,0.0189854642718104,"WP_005766494.1"
"lcl|NC_008783.1_cds_WP_011807326.1_380",117.460245731484,0.162874941139147,0.282783181825945,0.269940705926225,0.549826595754996,"WP_011807326.1"
"lcl|NC_008783.1_cds_WP_005766502.1_381",107.701492978416,-0.132393311434756,0.242630591611247,0.36155091015353,0.617295009835658,"WP_005766502.1"
"lcl|NC_008783.1_cds_WP_005766504.1_382",6333.95848812995,0.109297677353591,0.207174277529383,0.435141711002743,0.677780798535591,"WP_005766504.1"
"lcl|NC_008783.1_cds_WP_005766507.1_383",365.181398837272,-0.385436447707202,0.26156368852931,0.0207498531568596,0.119260294629277,"WP_005766507.1"
"lcl|NC_008783.1_cds_WP_005766509.1_384",411.790815571306,-0.171412078055578,0.208387779485827,0.228968389963683,0.510234742318304,"WP_005766509.1"
"lcl|NC_008783.1_cds_WP_005766511.1_385",639.420169355616,-0.405384209843849,0.246706031163366,0.0133901618182916,0.0886188658592254,"WP_005766511.1"
"lcl|NC_008783.1_cds_WP_005766513.1_386",1792.69757243587,-0.135271191229601,0.212228702037105,0.340307927262579,0.599456212015542,"WP_005766513.1"
"lcl|NC_008783.1_cds_WP_005766517.1_387",30006.2139728214,0.300859895358286,0.157712767041339,0.0172914823275418,0.105660057801453,"WP_005766517.1"
"lcl|NC_008783.1_cds_WP_225866730.1_388",408.463649282178,0.112501353914575,0.162970379570425,0.37727166189098,0.63245176611207,"WP_225866730.1"
"lcl|NC_008783.1_cds_BARBAKC583_RS07040_389",123.678230510495,-0.0916651990701902,0.219124256755249,0.516040301645924,0.73965776569249,"BARBAKC583_RS07040"
"lcl|NC_008783.1_cds_WP_011807327.1_390",424.53096852334,-0.0693478970317757,0.183175320921668,0.604443636706885,0.804769566762263,"WP_011807327.1"
"lcl|NC_008783.1_cds_WP_011807328.1_391",4.79389876564688,0.363217471683868,0.481436343752961,0.0185021576871667,0.111463045057088,"WP_011807328.1"
"lcl|NC_008783.1_cds_WP_005766524.1_392",1629.66484839709,0.250957828863001,0.239151549039594,0.100599532082679,0.335620852724109,"WP_005766524.1"
"lcl|NC_008783.1_cds_WP_005766527.1_393",214.310700007099,0.128272202653774,0.192162870916712,0.350088180150127,0.606645339036264,"WP_005766527.1"
"lcl|NC_008783.1_cds_WP_035453167.1_394",442.302432230786,-0.00469644098342979,0.235073696568315,0.973174322100635,0.990232592426676,"WP_035453167.1"
"lcl|NC_008783.1_cds_WP_005766532.1_395",1882.16103522247,0.00156603692586499,0.25487166130884,0.990972196466366,0.998802647133342,"WP_005766532.1"
"lcl|NC_008783.1_cds_WP_005766536.1_396",1320.35105147659,0.425046771175462,0.254123600930065,0.0110433891213232,0.0797288606651371,"WP_005766536.1"
"lcl|NC_008783.1_cds_WP_005766538.1_397",286.162976147547,0.20611744763747,0.184311645046061,0.131227172072633,0.386840528239152,"WP_005766538.1"
"lcl|NC_008783.1_cds_WP_005766540.1_398",265.969841510374,0.108241354844737,0.199327301380022,0.43445626210555,0.677780798535591,"WP_005766540.1"
"lcl|NC_008783.1_cds_WP_005766541.1_399",208.977500728503,-0.295682197929908,0.215014166692895,0.04737686473713,0.209142737489764,"WP_005766541.1"
"lcl|NC_008783.1_cds_WP_005766544.1_400",1220.00869027841,-0.0314958953359465,0.176787646907302,0.811051060176441,0.913988727858042,"WP_005766544.1"
"lcl|NC_008783.1_cds_WP_005766546.1_401",239.493214341102,0.0245564173630083,0.155785793894604,0.843153296202837,0.932286644658565,"WP_005766546.1"
"lcl|NC_008783.1_cds_WP_005766547.1_402",363.401304762755,-0.0600552450843366,0.163459498213209,0.637120004537681,0.822116781793098,"WP_005766547.1"
"lcl|NC_008783.1_cds_WP_005766549.1_403",106.930857409512,-0.115953943920281,0.207890285732189,0.408844154021206,0.6601781124042,"WP_005766549.1"
"lcl|NC_008783.1_cds_WP_005766551.1_404",210.059561059988,-0.0968457339032708,0.202470327187213,0.485428422400029,0.719773178041423,"WP_005766551.1"
"lcl|NC_008783.1_cds_WP_005766554.1_405",483.786452378745,0.0604618647093321,0.141206164711949,0.606190890894354,0.805810518996652,"WP_005766554.1"
"lcl|NC_008783.1_cds_BARBAKC583_RS02305_406",156.314487430341,-0.230317532924831,0.317958372566532,0.137346285033512,0.394601644283883,"BARBAKC583_RS02305"
"lcl|NC_008783.1_cds_WP_005766558.1_407",1425.00372360622,-0.557429454949614,0.221586081397331,0.000615385804709307,0.0105068076362869,"WP_005766558.1"
"lcl|NC_008783.1_cds_WP_005766559.1_408",481.254757808964,0.0217758310934693,0.180959699107914,0.86985259405046,0.939145847283091,"WP_005766559.1"
"lcl|NC_008783.1_cds_WP_005766561.1_409",447.997405487618,0.125828505260466,0.148443701884211,0.298438076771394,0.568249700976041,"WP_005766561.1"
"lcl|NC_008783.1_cds_WP_005766563.1_410",1433.48553422034,-0.11620041099804,0.136416245280933,0.311279775944904,0.579159967743644,"WP_005766563.1"
"lcl|NC_008783.1_cds_WP_005766565.1_411",816.353493167037,0.9912690070815,0.318975601034795,2.23785661803543e-05,0.000762679388202802,"WP_005766565.1"
"lcl|NC_008783.1_cds_WP_005766567.1_412",157.670616990359,0.558001831576417,0.326916145402275,0.00446104453516929,0.0431606058777629,"WP_005766567.1"
"lcl|NC_008783.1_cds_WP_005766569.1_413",301.143555887712,-0.221487856661966,0.210080787773252,0.126154531529884,0.379748495505213,"WP_005766569.1"
"lcl|NC_008783.1_cds_WP_005766571.1_414",1175.66064819902,0.0338861567131043,0.144432784207373,0.775636030572759,0.896925728580651,"WP_005766571.1"
"lcl|NC_008783.1_cds_WP_005766573.1_415",877.316763802382,-0.291033118928572,0.146064572810341,0.0155014208252761,0.0978105955333999,"WP_005766573.1"
"lcl|NC_008783.1_cds_WP_005766575.1_416",60.1636070802265,0.0265401207066598,0.197769204409132,0.846118554082346,0.934459355761115,"WP_005766575.1"
"lcl|NC_008783.1_cds_WP_005766577.1_417",134.977152326928,0.162606815455399,0.20783292816464,0.252272172011094,0.53082008082781,"WP_005766577.1"
"lcl|NC_008783.1_cds_WP_005766578.1_418",1164.04045712888,0.0713823838368535,0.184584264301701,0.59500122868522,0.79943113450592,"WP_005766578.1"
"lcl|NC_008783.1_cds_WP_005766580.1_419",769.831317805192,0.206537185879661,0.253888687977997,0.173456943157918,0.441125524609555,"WP_005766580.1"
"lcl|NC_008783.1_cds_WP_005766582.1_420",403.392407926324,0.492554245356105,0.198361849011879,0.000996892558921516,0.0141145397671693,"WP_005766582.1"
"lcl|NC_008783.1_cds_WP_005766584.1_421",220.614430515873,-0.0603940568152479,0.220847463202733,0.66675094733437,0.836000292305067,"WP_005766584.1"
"lcl|NC_008783.1_cds_WP_005766585.1_422",986.958763722906,0.305857966881089,0.246083633372496,0.0525435600250951,0.223838663688879,"WP_005766585.1"
"lcl|NC_008783.1_cds_WP_005766587.1_423",223.585658761461,-0.0179854393405087,0.22533178438671,0.89752037111381,0.949882544086721,"WP_005766587.1"
"lcl|NC_008783.1_cds_WP_005766589.1_424",1234.79160752633,-0.088266605953812,0.131956826836156,0.431694895507498,0.677780798535591,"WP_005766589.1"
"lcl|NC_008783.1_cds_WP_005766591.1_425",1728.7825640124,-0.132395186547659,0.177569826382862,0.319519984279628,0.584193231100233,"WP_005766591.1"
"lcl|NC_008783.1_cds_WP_005766592.1_426",1311.99321797977,-0.0273957035315506,0.151277308150414,0.822514395901019,0.922646583228099,"WP_005766592.1"
"lcl|NC_008783.1_cds_WP_005766594.1_427",1461.73227452839,0.440510746489098,0.252066713156187,0.00857538176087554,0.0682339917688008,"WP_005766594.1"
"lcl|NC_008783.1_cds_WP_005766596.1_428",298.095315635426,-0.131483203227071,0.146533957508383,0.273559329692832,0.549849964967701,"WP_005766596.1"
"lcl|NC_008783.1_cds_WP_005766597.1_429",210.521916666588,-0.743025685115297,0.314332921189894,0.000408274738361489,0.00764527372964013,"WP_005766597.1"
"lcl|NC_008783.1_cds_WP_005766599.1_430",99.5927356395724,-0.412255704102229,0.236950185182529,0.0105806265200327,0.0777475151250506,"WP_005766599.1"
"lcl|NC_008783.1_cds_WP_005766601.1_431",362.096153762883,-0.125357396233032,0.173799000941859,0.34086860160443,0.599456212015542,"WP_005766601.1"
"lcl|NC_008783.1_cds_WP_005766603.1_432",5395.86147774822,-0.410441939890131,0.23805406138953,0.0110562847261732,0.0797288606651371,"WP_005766603.1"
"lcl|NC_008783.1_cds_WP_005766604.1_433",1069.04951440726,-0.214785891565479,0.186820258049445,0.118572381273044,0.369068457528162,"WP_005766604.1"
"lcl|NC_008783.1_cds_WP_011807331.1_434",661.990463743078,-0.216292553931061,0.162750416430507,0.0914128825857415,0.320635518676876,"WP_011807331.1"
"lcl|NC_008783.1_cds_WP_005766607.1_435",831.399332511074,-0.153310564091217,0.194010076537952,0.267879718190475,0.548256853589995,"WP_005766607.1"
"lcl|NC_008783.1_cds_WP_005766608.1_436",157.592932628625,0.138945395417157,0.172836496238506,0.290446533410319,0.558292094849968,"WP_005766608.1"
"lcl|NC_008783.1_cds_WP_005766609.1_437",9.98327570716351,0.0545158177718166,0.296048615373368,0.678614168057798,0.843578965297789,"WP_005766609.1"
"lcl|NC_008783.1_cds_WP_005766610.1_438",7.50362828194285,0.0847236893576527,0.318178061123979,0.505464006962979,0.736315824446698,"WP_005766610.1"
"lcl|NC_008783.1_cds_WP_011807332.1_439",1037.77277187269,-0.189945376432448,0.183768596654392,0.162711673584334,0.426703836598218,"WP_011807332.1"
"lcl|NC_008783.1_cds_WP_005766622.1_440",937.945713406791,-0.464881791305474,0.331394953775939,0.0131419051517016,0.0881950975787602,"WP_005766622.1"
"lcl|NC_008783.1_cds_WP_005766624.1_441",3900.6351400662,-0.662613667011683,0.185150056240473,1.01801394778534e-05,0.000393971397792928,"WP_005766624.1"
"lcl|NC_008783.1_cds_WP_005766626.1_442",341.120969594208,-0.0414362619545167,0.184174357208368,0.756924809190831,0.888362638398553,"WP_005766626.1"
"lcl|NC_008783.1_cds_WP_005766628.1_443",455.277540282683,-0.0708743234605087,0.206607290205855,0.609844992735156,0.807934995363984,"WP_005766628.1"
"lcl|NC_008783.1_cds_WP_005766630.1_444",211.335887730605,-0.169446272217744,0.194019573052212,0.222136233580657,0.498888996459897,"WP_005766630.1"
"lcl|NC_008783.1_cds_BARBAKC583_RS06800_445",247.04724279619,0.184827693355566,0.250082023319314,0.21664097216831,0.489423120258621,"BARBAKC583_RS06800"
"lcl|NC_008783.1_cds_WP_005766632.1_446",2203.93374553727,0.16298948483208,0.19932816274711,0.244458202596271,0.52656024715078,"WP_005766632.1"
"lcl|NC_008783.1_cds_WP_005766634.1_447",169.967846139315,0.0744559671647803,0.185762806959345,0.580234871659662,0.78974523563525,"WP_005766634.1"
"lcl|NC_008783.1_cds_WP_005766636.1_448",942.00308369766,0.28857434867126,0.140885398117763,0.0139336435441447,0.0908817986222021,"WP_005766636.1"
"lcl|NC_008783.1_cds_WP_005766639.1_449",1665.789078281,0.106554579096072,0.174189720449283,0.417887679489151,0.668060442080963,"WP_005766639.1"
"lcl|NC_008783.1_cds_WP_005766641.1_450",149.249024561532,0.170422864377651,0.223246003078207,0.240925174442991,0.522534800068429,"WP_005766641.1"
"lcl|NC_008783.1_cds_WP_005766643.1_451",192.297159942051,-0.065435241005871,0.196161623166945,0.63272023349172,0.818026938846198,"WP_005766643.1"
"lcl|NC_008783.1_cds_WP_005766646.1_452",1653.28958496392,0.428455307068306,0.1821796962731,0.00224186415550863,0.0260280428454552,"WP_005766646.1"
"lcl|NC_008783.1_cds_WP_005766648.1_453",331.702517211364,0.241303603473102,0.186233308403126,0.0802888907278962,0.294054896325197,"WP_005766648.1"
"lcl|NC_008783.1_cds_WP_005766651.1_454",2698.04936550193,-0.176839861585863,0.238988673122019,0.231836582650146,0.512478089619298,"WP_005766651.1"
"lcl|NC_008783.1_cds_WP_005766653.1_455",2335.49413718364,0.1569403096662,0.214738983993048,0.273108962369295,0.549849964967701,"WP_005766653.1"
"lcl|NC_008783.1_cds_WP_005766656.1_456",560.51452118412,0.175007337681894,0.203467484334611,0.216012648435747,0.489423120258621,"WP_005766656.1"
"lcl|NC_008783.1_cds_WP_005766659.1_457",893.805507175224,0.03621197096944,0.187174831147388,0.787883129647536,0.902993399329506,"WP_005766659.1"
"lcl|NC_008783.1_cds_WP_005766662.1_458",349.019409024652,-0.0818062230904531,0.250947389037997,0.56360563408065,0.777367727170413,"WP_005766662.1"
"lcl|NC_008783.1_cds_WP_005766664.1_459",4949.31521089058,0.0625876082236361,0.195950439229061,0.647382987819753,0.825946866877729,"WP_005766664.1"
"lcl|NC_008783.1_cds_WP_005766667.1_460",2822.53963351001,0.13194149199347,0.170624465810871,0.312160507381107,0.579869358511145,"WP_005766667.1"
"lcl|NC_008783.1_cds_WP_005766668.1_461",3251.88161479319,0.163545487146531,0.171625570962005,0.21284946004001,0.486453195091439,"WP_005766668.1"
"lcl|NC_008783.1_cds_WP_005766670.1_462",1090.48609608031,0.535099398136749,0.251806373038398,0.00201423397786857,0.0246160594558464,"WP_005766670.1"
"lcl|NC_008783.1_cds_WP_005766672.1_463",380.097750664596,0.52632263391498,0.215728799359807,0.000913773228443931,0.013401725787389,"WP_005766672.1"
"lcl|NC_008783.1_cds_WP_005766674.1_464",147.917225105627,-0.0580478363460754,0.171197015955366,0.655465839751113,0.83197304737351,"WP_005766674.1"
"lcl|NC_008783.1_cds_WP_011807336.1_465",558.415726590015,0.0733345082932032,0.194117039532357,0.591429576616586,0.797757957093282,"WP_011807336.1"
"lcl|NC_008783.1_cds_WP_005766680.1_466",886.135512507026,-0.203271387088955,0.147659448587986,0.092525061130534,0.320661480515074,"WP_005766680.1"
"lcl|NC_008783.1_cds_WP_005766681.1_467",1156.1819668428,-0.0123389793909088,0.139608111585969,0.915602137406034,0.959398990549103,"WP_005766681.1"
"lcl|NC_008783.1_cds_WP_005766683.1_468",400.346687571148,0.0165126220904135,0.14653310139618,0.890470069889738,0.945269938355541,"WP_005766683.1"
"lcl|NC_008783.1_cds_BARBAKC583_RS02625_469",198.904582926661,-0.0237555706175339,0.188176309978693,0.86006086832924,0.9349934601937,"BARBAKC583_RS02625"
"lcl|NC_008783.1_cds_WP_005766685.1_470",1580.48134607275,0.0115115819128887,0.142215705100143,0.922137031961961,0.963637348431896,"WP_005766685.1"
"lcl|NC_008783.1_cds_WP_005766687.1_471",1394.54411586654,-0.124929191426361,0.155621498735836,0.315111562416919,0.582479097303737,"WP_005766687.1"
"lcl|NC_008783.1_cds_WP_005766689.1_472",7026.89613474829,0.876526489914566,0.234960197945484,3.70140411348374e-06,0.000159160376879801,"WP_005766689.1"
"lcl|NC_008783.1_cds_WP_172952859.1_473",5078.57004068653,-0.168682834408793,0.154791020695153,0.174398463217731,0.441125524609555,"WP_172952859.1"
"lcl|NC_008783.1_cds_WP_005766693.1_474",2368.33250587384,-0.134802627769362,0.258627267199246,0.354463390288323,0.609677031295916,"WP_005766693.1"
"lcl|NC_008783.1_cds_WP_005766695.1_475",2632.0316952116,0.13655358649269,0.155311071363158,0.271866782500536,0.549849964967701,"WP_005766695.1"
"lcl|NC_008783.1_cds_WP_005766696.1_476",1840.22680585315,-0.114566123169439,0.134461935968656,0.31352732762842,0.58071357602759,"WP_005766696.1"
"lcl|NC_008783.1_cds_WP_005766698.1_477",946.437061183988,0.204560509197045,0.179616704490422,0.129302475820837,0.385749631368208,"WP_005766698.1"
"lcl|NC_008783.1_cds_WP_011807338.1_478",386.553987483772,0.322424460453746,0.196441846757349,0.0248209617639805,0.132188700036612,"WP_011807338.1"
"lcl|NC_008783.1_cds_WP_225866732.1_479",320.298741699925,-0.166969866225416,0.233030206687408,0.254567022140741,0.53082008082781,"WP_225866732.1"
"lcl|NC_008783.1_cds_WP_005766704.1_480",176.915815185905,0.183759378091377,0.198464018157498,0.190677390216121,0.460808304758895,"WP_005766704.1"
"lcl|NC_008783.1_cds_WP_005766706.1_481",1503.03057955421,-0.20341709688712,0.233625263686732,0.171866460690976,0.441125524609555,"WP_005766706.1"
"lcl|NC_008783.1_cds_WP_005766708.1_482",68.549333778384,0.136190045019554,0.389794916907434,0.170242932705679,0.439226766380653,"WP_005766708.1"
"lcl|NC_008783.1_cds_WP_005766710.1_483",608.390264856121,-0.129464072321315,0.206529996569023,0.357116982460457,0.611523328372552,"WP_005766710.1"
"lcl|NC_008783.1_cds_WP_005766712.1_484",1500.89006018937,-0.0397358760721694,0.177156513953864,0.763209454213292,0.889730170602124,"WP_005766712.1"
"lcl|NC_008783.1_cds_WP_005766713.1_485",661.803828273694,0.376208621268742,0.212217300544394,0.0128503194948112,0.0878036365346899,"WP_005766713.1"
"lcl|NC_008783.1_cds_WP_005766715.1_486",1121.52755952539,0.123973639492362,0.146598383574005,0.301960876054362,0.572736067212305,"WP_005766715.1"
"lcl|NC_008783.1_cds_WP_005766717.1_487",1710.98717584024,0.635406763127087,0.336840406339933,0.0020402503206782,0.024674277315702,"WP_005766717.1"
"lcl|NC_008783.1_cds_WP_005766718.1_488",1186.48043857806,0.566595314453636,0.298800902732589,0.00289609856243483,0.0314240227195031,"WP_005766718.1"
"lcl|NC_008783.1_cds_WP_005766719.1_489",5041.2896131875,0.343481467509984,0.230267851934661,0.0274548927786087,0.142299689803414,"WP_005766719.1"
"lcl|NC_008783.1_cds_WP_005766721.1_490",7974.42135771087,0.359576456120341,0.18107603474044,0.00926788317603246,0.0720222326473081,"WP_005766721.1"
"lcl|NC_008783.1_cds_WP_005766723.1_491",194.922772479029,0.147819071870921,0.20913408160484,0.297056092850337,0.567240335196121,"WP_005766723.1"
"lcl|NC_008783.1_cds_BARBAKC583_RS07180_492",127.859785370602,-0.060934204332848,0.196970999855175,0.656509031929183,0.83197304737351,"BARBAKC583_RS07180"
"lcl|NC_008783.1_cds_WP_335617968.1_493",50.7891386461183,-0.410003468075282,0.320766903698295,0.0226808786211364,0.127027748455424,"WP_335617968.1"
"lcl|NC_008783.1_cds_WP_236822973.1_494",18.7425653988865,0.118212823243545,0.304810347962212,0.390024784707653,0.644849979731279,"WP_236822973.1"
"lcl|NC_008783.1_cds_WP_236822976.1_495",26.337938215128,-0.0311592024304474,0.255524241859405,0.822390463728675,0.922646583228099,"WP_236822976.1"
"lcl|NC_008783.1_cds_WP_250645096.1_496",24.9671873415927,-0.0533239322980948,0.24832789130413,0.703798904851666,0.852430909576394,"WP_250645096.1"
"lcl|NC_008783.1_cds_BARBAKC583_RS07065_497",64.1699976858009,0.00329206671722569,0.214630459031397,0.981090617792072,0.994800181010128,"BARBAKC583_RS07065"
"lcl|NC_008783.1_cds_WP_225866733.1_498",279.973453985991,-0.576808176242457,0.209032823645867,0.000264862667817528,0.00539483433923071,"WP_225866733.1"
"lcl|NC_008783.1_cds_WP_005766734.1_499",1294.50082410136,-0.134392232406803,0.20512540453877,0.338701838979769,0.599456212015542,"WP_005766734.1"
"lcl|NC_008783.1_cds_BARBAKC583_RS02775_500",148.893189019833,-0.226222522493548,0.269082997009606,0.143969135155742,0.405699431834505,"BARBAKC583_RS02775"
"lcl|NC_008783.1_cds_WP_005766739.1_501",1556.98766642688,-0.204690017407621,0.190740968869133,0.139969083229266,0.398424868367625,"WP_005766739.1"
"lcl|NC_008783.1_cds_WP_005766741.1_502",501.545538864032,0.145264734340163,0.190083543025857,0.289326198847333,0.558292094849968,"WP_005766741.1"
"lcl|NC_008783.1_cds_WP_005766743.1_503",463.409541004701,-0.0906340688055247,0.238312064663001,0.524253523552136,0.745895487789965,"WP_005766743.1"
"lcl|NC_008783.1_cds_WP_005766745.1_504",411.146875305695,-0.0524587502253605,0.197844915564763,0.701894084763293,0.852430909576394,"WP_005766745.1"
"lcl|NC_008783.1_cds_WP_005766748.1_505",3150.52977635476,0.759919571149138,0.273012168518444,0.000118942287275773,0.00293812756440792,"WP_005766748.1"
"lcl|NC_008783.1_cds_WP_005766749.1_506",1411.96977127267,0.549145966121538,0.27251246381843,0.00243303267764289,0.0277180854223144,"WP_005766749.1"
"lcl|NC_008783.1_cds_WP_005766751.1_507",593.507325462324,-0.0136258537418414,0.141004771823364,0.907411517851173,0.953523445069999,"WP_005766751.1"
"lcl|NC_008783.1_cds_WP_005766753.1_508",592.83765106337,0.310162074284506,0.217358133850748,0.0391975339459813,0.184308987865847,"WP_005766753.1"
"lcl|NC_008783.1_cds_WP_005766755.1_509",281.51009522731,0.203737172376821,0.191824045970753,0.142747719980117,0.40323626008982,"WP_005766755.1"
"lcl|NC_008783.1_cds_BARBAKC583_RS02825_510",285.207071490545,0.497761586447465,0.216109797242305,0.00158567213269146,0.0202303884181845,"BARBAKC583_RS02825"
"lcl|NC_008783.1_cds_WP_005766757.1_511",5255.11823966541,0.284356585242976,0.183352516185222,0.0389513641729023,0.184308987865847,"WP_005766757.1"
"lcl|NC_008783.1_cds_WP_005766759.1_512",844.227382540933,0.304751396914273,0.193737436257875,0.0320960557520155,0.160618623827974,"WP_005766759.1"
"lcl|NC_008783.1_cds_WP_005766761.1_513",247.659875446743,0.278991298082313,0.210492850841674,0.0578867332637197,0.238979283686545,"WP_005766761.1"
"lcl|NC_008783.1_cds_WP_005766762.1_514",323.596946215158,0.225643022811719,0.184940647394656,0.099993520431187,0.334560453085326,"WP_005766762.1"
"lcl|NC_008783.1_cds_WP_005766764.1_515",325.577278980419,-0.0925762194773251,0.191550302857385,0.497247143519418,0.733013634869853,"WP_005766764.1"
"lcl|NC_008783.1_cds_WP_005766766.1_516",389.547107788613,0.0237373436716552,0.167243823184738,0.853539571003524,0.9349934601937,"WP_005766766.1"
"lcl|NC_008783.1_cds_WP_005766768.1_517",88.3222939266429,0.0332609420781239,0.187514380570896,0.804891058473747,0.910987965079702,"WP_005766768.1"
"lcl|NC_008783.1_cds_WP_005766770.1_518",109.592164086694,0.160261330554316,0.201917710302488,0.254330205036026,0.53082008082781,"WP_005766770.1"
"lcl|NC_008783.1_cds_WP_005766771.1_519",238.154650336534,0.218962111797408,0.237934816212823,0.145892673131659,0.40892469490358,"WP_005766771.1"
"lcl|NC_008783.1_cds_WP_005766773.1_520",458.154695586164,0.189134690826467,0.241245318002976,0.204377063493672,0.476469419108742,"WP_005766773.1"
"lcl|NC_008783.1_cds_WP_005766775.1_521",4753.62629837868,-0.241825176746627,0.203166454980662,0.0921686761013903,0.320661480515074,"WP_005766775.1"
"lcl|NC_008783.1_cds_WP_005766777.1_522",1888.8455632199,-0.130385774768926,0.151015431087547,0.28622518047734,0.557562809621128,"WP_005766777.1"
"lcl|NC_008783.1_cds_WP_005766778.1_523",530.659597275321,-0.108891848794817,0.181549904680645,0.416182401462532,0.668060442080963,"WP_005766778.1"
"lcl|NC_008783.1_cds_WP_005766779.1_524",122.732664197857,0.258759640730677,0.209323236028442,0.076362105375451,0.284899081629756,"WP_005766779.1"
"lcl|NC_008783.1_cds_WP_005766781.1_525",607.987358167947,0.0567366254844229,0.165535196427869,0.657779383237152,0.83197304737351,"WP_005766781.1"
"lcl|NC_008783.1_cds_WP_035453077.1_526",526.839873595234,0.291098544203918,0.175392812491213,0.030479252860878,0.15452581908943,"WP_035453077.1"
"lcl|NC_008783.1_cds_WP_005766785.1_527",572.762925105453,-0.214534106309542,0.16662042248454,0.0984111655401488,0.332137683698002,"WP_005766785.1"
"lcl|NC_008783.1_cds_WP_005766787.1_528",654.758610964022,-0.220605676844178,0.179416747125283,0.102370914888143,0.340342045465828,"WP_005766787.1"
"lcl|NC_008783.1_cds_WP_005766789.1_529",863.929828629429,-0.292752656433748,0.160352614972991,0.0218069756764717,0.123501945172603,"WP_005766789.1"
"lcl|NC_008783.1_cds_WP_005766791.1_530",1440.88099115638,-0.093661079484319,0.162505042414735,0.461214246601439,0.701795203544261,"WP_005766791.1"
"lcl|NC_008783.1_cds_WP_005766794.1_531",735.39361251512,-0.116706979110189,0.229214112794431,0.415216034841561,0.667681186220294,"WP_005766794.1"
"lcl|NC_008783.1_cds_WP_005766798.1_532",377.351085679804,-0.0657235936857909,0.223430802444491,0.640182452920332,0.822116781793098,"WP_005766798.1"
"lcl|NC_008783.1_cds_WP_005766800.1_533",16246.1502852315,0.79739598709408,0.298708069778313,0.00014649535902468,0.00338358468495845,"WP_005766800.1"
"lcl|NC_008783.1_cds_WP_005766814.1_534",179.673204290128,0.0129468272147563,0.188823051695063,0.923515924762853,0.964210421447548,"WP_005766814.1"
"lcl|NC_008783.1_cds_WP_280641459.1_535",156.336795729493,0.146416130015939,0.187506478454859,0.282985000670365,0.556538158262585,"WP_280641459.1"
"lcl|NC_008783.1_cds_WP_005766818.1_536",182.220626663265,-0.102218830839498,0.15617743826919,0.411647564204429,0.663781697279642,"WP_005766818.1"
"lcl|NC_008783.1_cds_WP_035453156.1_537",338.833926474208,-0.286738622722913,0.180012791610838,0.0355509630361139,0.17186441262885,"WP_035453156.1"
"lcl|NC_008783.1_cds_WP_005766821.1_538",178.555150181691,-0.282046552743546,0.277322735801047,0.0800365852542186,0.294054896325197,"WP_005766821.1"
"lcl|NC_008783.1_cds_WP_005766822.1_539",94.206580858111,-0.40199635718321,0.320537380393645,0.0247121731576293,0.132188700036612,"WP_005766822.1"
"lcl|NC_008783.1_cds_WP_005766823.1_540",3672.89225978381,-0.112524639354937,0.188240848179533,0.407689614317803,0.659362275006828,"WP_005766823.1"
"lcl|NC_008783.1_cds_WP_005766824.1_541",13733.7829907393,-0.373257361884065,0.261508023919665,0.0243855962917955,0.132188700036612,"WP_005766824.1"
"lcl|NC_008783.1_cds_WP_005766825.1_542",342.586103595464,-0.0733147649105091,0.174942181658354,0.57702483873679,0.788363666842987,"WP_005766825.1"
"lcl|NC_008783.1_cds_WP_005766826.1_543",429.504848835093,-0.00681417109837376,0.17262249251501,0.958319588720945,0.985077765188124,"WP_005766826.1"
"lcl|NC_008783.1_cds_BARBAKC583_RS07075_544",46.2152862061902,-0.0391913030081979,0.23756319029817,0.779762665173741,0.898119498280469,"BARBAKC583_RS07075"
"lcl|NC_008783.1_cds_WP_005766830.1_545",879.379583812292,0.152811055366125,0.152948135546786,0.215070610844435,0.488643794893128,"WP_005766830.1"
"lcl|NC_008783.1_cds_WP_005766832.1_546",702.478683410757,-0.141189598342552,0.246677303177855,0.333283082524777,0.599456212015542,"WP_005766832.1"
"lcl|NC_008783.1_cds_WP_005766834.1_547",2432.00281641604,-0.317150508955305,0.158858923287427,0.0125805284963197,0.0874610394265103,"WP_005766834.1"
"lcl|NC_008783.1_cds_WP_005766835.1_548",151.30787740233,0.11419432333746,0.182359136464198,0.394997413719278,0.646756954482418,"WP_005766835.1"
"lcl|NC_008783.1_cds_WP_005766837.1_549",345.59225419923,-0.0517967296230078,0.15131858427707,0.671625424870907,0.837547925107543,"WP_005766837.1"
"lcl|NC_008783.1_cds_WP_005766840.1_550",166.455322398887,0.0145552297688312,0.160483255587255,0.908054968828857,0.953523445069999,"WP_005766840.1"
"lcl|NC_008783.1_cds_WP_005766842.1_551",170.722405078284,0.0463626622522422,0.167557769618865,0.718816820020382,0.860920847088038,"WP_005766842.1"
"lcl|NC_008783.1_cds_WP_005766844.1_552",99.3430156751681,-0.00700372094913172,0.19178353772698,0.958775085842015,0.985077765188124,"WP_005766844.1"
"lcl|NC_008783.1_cds_WP_005766845.1_553",1090.56314328428,-0.15950209141871,0.148120646931981,0.187244493922035,0.454792588793898,"WP_005766845.1"
"lcl|NC_008783.1_cds_WP_005766847.1_554",803.647437062363,-0.147046942345763,0.196203532009353,0.289359295353996,0.558292094849968,"WP_005766847.1"
"lcl|NC_008783.1_cds_WP_005766849.1_555",1609.06675475538,-0.00119905498834663,0.12118475482767,0.990958327184869,0.998802647133342,"WP_005766849.1"
"lcl|NC_008783.1_cds_WP_005766851.1_556",1011.18528161674,0.158995036136915,0.120129546568298,0.129935538388629,0.385818823706388,"WP_005766851.1"
"lcl|NC_008783.1_cds_WP_005766852.1_557",587.569042987927,-0.0248769671040779,0.220807726864708,0.858468084483266,0.9349934601937,"WP_005766852.1"
"lcl|NC_008783.1_cds_WP_005766853.1_558",559.862315999247,-0.0378628727105904,0.199880159239889,0.782622584265646,0.900269451990704,"WP_005766853.1"
"lcl|NC_008783.1_cds_WP_005766855.1_559",1859.93225572653,0.110187323619179,0.169948031271735,0.396943112281206,0.648172930180704,"WP_005766855.1"
"lcl|NC_008783.1_cds_WP_005766857.1_560",115.520928123852,-0.181581687911365,0.226017975363568,0.214790687278358,0.488643794893128,"WP_005766857.1"
"lcl|NC_008783.1_cds_WP_005766859.1_561",188.296401704616,-0.211585524449106,0.257657677242279,0.165366160365499,0.430900157251281,"WP_005766859.1"
"lcl|NC_008783.1_cds_WP_005766860.1_562",3551.85135700462,-0.267897396859502,0.283329534741747,0.0945679594256946,0.324832547021395,"WP_005766860.1"
"lcl|NC_008783.1_cds_WP_005766862.1_563",824.347248840265,-0.0495965015603666,0.181074962225503,0.709421932142047,0.856173454487439,"WP_005766862.1"
"lcl|NC_008783.1_cds_WP_011807347.1_564",8.65473755457434,0.0205053289173192,0.327414889473864,0.857192226285021,0.9349934601937,"WP_011807347.1"
"lcl|NC_008783.1_cds_WP_005766865.1_565",6.29422886250283,0.0847709758210802,0.362414867023132,0.395518895506044,0.646756954482418,"WP_005766865.1"
"lcl|NC_008783.1_cds_WP_005766867.1_566",9.17967302198949,0.249659008301781,0.40416735391187,0.0728896612147413,0.277458677607589,"WP_005766867.1"
"lcl|NC_008783.1_cds_WP_011807348.1_567",418.602221211401,0.274762549646842,0.178169723720559,0.0425078900869579,0.19128550539131,"WP_011807348.1"
"lcl|NC_008783.1_cds_WP_005766870.1_568",44.9595334874933,0.313973311405116,0.382689338040054,0.0551317086397912,0.232756049930173,"WP_005766870.1"
"lcl|NC_008783.1_cds_WP_005766872.1_569",43.3597134697112,0.753864878207653,0.558070838707782,0.00147484605093078,0.0194579121037572,"WP_005766872.1"
"lcl|NC_008783.1_cds_WP_035453066.1_570",13.6506525090312,0.0674152922238054,0.318037223695946,0.588079597692137,0.794831679767836,"WP_035453066.1"
"lcl|NC_008783.1_cds_WP_005766875.1_571",7.92666065950952,0.0172500942645382,0.312323106703232,0.88780804732113,0.945215789601007,"WP_005766875.1"
"lcl|NC_008783.1_cds_WP_005766877.1_572",8.09703256503263,0.0196179455152711,0.327980254247668,0.862812454724571,0.935319226363365,"WP_005766877.1"
"lcl|NC_008783.1_cds_WP_244426311.1_573",13.6022251401312,0,0.390024997657134,1,1,"WP_244426311.1"
"lcl|NC_008783.1_cds_BARBAKC583_RS07080_574",0.132511729552254,0.0171046540460767,0.392582293125795,0.559153750658418,NA,"BARBAKC583_RS07080"
"lcl|NC_008783.1_cds_WP_011807349.1_575",107.725813406712,0.0907336141828985,0.287923167721671,0.509910302443519,0.737180696343199,"WP_011807349.1"
"lcl|NC_008783.1_cds_WP_005766882.1_576",23.8639818928907,-0.076142708858148,0.317307771678234,0.546169313178255,0.762444624262271,"WP_005766882.1"
"lcl|NC_008783.1_cds_WP_005766884.1_577",17.3641444869809,0.320537884298612,0.485970975275488,0.0193434237937104,0.113422803154029,"WP_005766884.1"
"lcl|NC_008783.1_cds_WP_005766885.1_578",10.1616297135823,0.207165184148488,0.367897585850311,0.13506363575776,0.39237173273394,"WP_005766885.1"
"lcl|NC_008783.1_cds_WP_005766888.1_579",59.8802428059942,0.65042249407009,0.536856621867399,0.0029769797800769,0.0317089314189842,"WP_005766888.1"
"lcl|NC_008783.1_cds_WP_005766892.1_580",95.2184419351997,1.18347069275079,0.358841647766179,6.06184349296464e-06,0.00024268276880455,"WP_005766892.1"
"lcl|NC_008783.1_cds_WP_005766894.1_581",10.5838029087366,0.36592663513411,0.499650350187681,0.014819874358347,0.0945377699452793,"WP_005766894.1"
"lcl|NC_008783.1_cds_WP_005766896.1_582",18.6301251248958,0.225009728166502,0.376413020894517,0.110815323511656,0.355404946400642,"WP_005766896.1"
"lcl|NC_008783.1_cds_WP_005766898.1_583",18.2651835816641,0.439896623360355,0.499111171309833,0.0115260939454821,0.0820969022742617,"WP_005766898.1"
"lcl|NC_008783.1_cds_WP_005766900.1_584",5.03348418358565,0.0763259481171309,0.349218792054885,0.478376070508172,0.718451787962418,"WP_005766900.1"
"lcl|NC_008783.1_cds_WP_005766902.1_585",16.2556889077357,0.426804261600865,0.525925392290652,0.00941602838451604,0.0723974102941928,"WP_005766902.1"
"lcl|NC_008783.1_cds_WP_005766905.1_586",4.63151907700371,0.130672010877256,0.391817953985917,0.169130095776564,0.438303663385248,"WP_005766905.1"
"lcl|NC_008783.1_cds_WP_005766907.1_587",8.23264347996429,0.221265474998789,0.401801066886156,0.0877625404928082,0.311597276795567,"WP_005766907.1"
"lcl|NC_008783.1_cds_WP_005766909.1_588",22.916114050389,0.792069622318184,0.697957391748513,0.000790342908126983,0.0120735278465188,"WP_005766909.1"
"lcl|NC_008783.1_cds_WP_005766912.1_589",16.0271996025353,0.637994712383234,0.637635033720621,0.00193826405458522,0.0239396230571643,"WP_005766912.1"
"lcl|NC_008783.1_cds_WP_005766913.1_590",3.30742322764292,0.181615091774031,0.423569723670721,0.0686929648046099,0.271267116116163,"WP_005766913.1"
"lcl|NC_008783.1_cds_WP_005766915.1_591",7.68725027745915,0.203335069777178,0.377813146804739,0.127764261816592,0.383292785449775,"WP_005766915.1"
"lcl|NC_008783.1_cds_WP_005766917.1_592",20.2847487759856,0.272876038208404,0.383549637521303,0.0745742758798079,0.281106280183302,"WP_005766917.1"
"lcl|NC_008783.1_cds_WP_005766919.1_593",12.5896358801144,0.318406372365947,0.433138103836985,0.0374150255373281,0.178760677567234,"WP_005766919.1"
"lcl|NC_008783.1_cds_WP_005766926.1_597",0.454516641814005,0,0.391775655392142,1,NA,"WP_005766926.1"
"lcl|NC_008783.1_cds_WP_011807351.1_599",7.79106080324177,-0.000258304936521225,0.340789812216513,0.998009535294331,0.998869888341998,"WP_011807351.1"
"lcl|NC_008783.1_cds_WP_005766936.1_624",1166.31840166922,0.260919111154087,0.173109666879094,0.0500037721581811,0.216620818938986,"WP_005766936.1"
"lcl|NC_008783.1_cds_WP_005766938.1_625",657.109721241284,0.332328347406316,0.254700696099798,0.0395288010151558,0.184308987865847,"WP_005766938.1"
"lcl|NC_008783.1_cds_WP_005766940.1_626",640.174356681212,0.487472244745927,0.225293555360119,0.0024351806314178,0.0277180854223144,"WP_005766940.1"
"lcl|NC_008783.1_cds_WP_005766942.1_627",1074.94880880057,0.828232098786685,0.250207586719591,1.81816206712801e-05,0.00065965192497988,"WP_005766942.1"
"lcl|NC_008783.1_cds_WP_005766945.1_628",316.06277711893,0.711670362017997,0.293852359936276,0.00039787020476225,0.00757257881522906,"WP_005766945.1"
"lcl|NC_008783.1_cds_WP_005766947.1_629",850.303116390688,0.258853233406215,0.211704468952916,0.0776522190391036,0.287115370396176,"WP_005766947.1"
"lcl|NC_008783.1_cds_WP_005766949.1_630",148.166462551116,0.213374906719914,0.199063590969396,0.131520726431235,0.386840528239152,"WP_005766949.1"
"lcl|NC_008783.1_cds_WP_005766951.1_631",551.137397736946,0.419432027650696,0.23495002764364,0.00917658667520615,0.0719866022291509,"WP_005766951.1"
"lcl|NC_008783.1_cds_WP_005766957.1_632",1499.86674829015,0.476384701932765,0.231892104470389,0.00342566108049165,0.0358305631932505,"WP_005766957.1"
"lcl|NC_008783.1_cds_WP_005766958.1_633",401.496417767814,0.0593136745533492,0.175774085835943,0.65219884916695,0.831177677149099,"WP_005766958.1"
"lcl|NC_008783.1_cds_WP_005766959.1_634",2139.3191478223,0.165651307151132,0.220893577387927,0.252277422369113,0.53082008082781,"WP_005766959.1"
"lcl|NC_008783.1_cds_WP_005766960.1_635",491.14636760335,0.7290659610816,0.263008652814012,0.000136290101211485,0.0032292409695211,"WP_005766960.1"
"lcl|NC_008783.1_cds_WP_005766961.1_636",2924.43877529486,0.647674742216971,0.254230342898285,0.000363012266570536,0.00702428735813988,"WP_005766961.1"
"lcl|NC_008783.1_cds_WP_005766962.1_637",1003.8574814261,0.386706536487852,0.200618035397167,0.00858067424482767,0.0682339917688008,"WP_005766962.1"
"lcl|NC_008783.1_cds_WP_005766965.1_638",537.439487737208,0.0291532099668442,0.150272415355052,0.810641895507913,0.913988727858042,"WP_005766965.1"
"lcl|NC_008783.1_cds_WP_005766967.1_639",304.682882360286,-0.169999458954787,0.207506145787069,0.232003915751225,0.512478089619298,"WP_005766967.1"
"lcl|NC_008783.1_cds_WP_005766971.1_640",3042.13763269709,-0.337901122811095,0.198541946421162,0.019696650044584,0.114913621616895,"WP_005766971.1"
"lcl|NC_008783.1_cds_WP_005766976.1_641",1201.04938973404,0.134922883227678,0.121827382424215,0.203559259189432,0.475517706074306,"WP_005766976.1"
"lcl|NC_008783.1_cds_WP_005766978.1_642",799.989032552048,-0.170986907452682,0.247301978209787,0.248824252827554,0.53082008082781,"WP_005766978.1"
"lcl|NC_008783.1_cds_WP_005766983.1_643",600.341251478594,-0.0496645043386711,0.13145785645901,0.657381644687319,0.83197304737351,"WP_005766983.1"
"lcl|NC_008783.1_cds_WP_005766984.1_644",316.827332907474,0.0612342084558202,0.179348347703606,0.644478688279468,0.823865818105051,"WP_005766984.1"
"lcl|NC_008783.1_cds_WP_005766985.1_645",324.586798598312,-0.15817497595793,0.21971716795639,0.272462926581243,0.549849964967701,"WP_005766985.1"
"lcl|NC_008783.1_cds_WP_005766991.1_646",4882.21084098796,-0.0657341333741563,0.193523134191201,0.629788887902074,0.81696636743498,"WP_005766991.1"
"lcl|NC_008783.1_cds_BARBAKC583_RS03565_647",944.072061090419,-0.320943487505071,0.352711995164919,0.0569057069797926,0.238510923478481,"BARBAKC583_RS03565"
"lcl|NC_008783.1_cds_WP_005766993.1_648",715.617284743885,0.0719150632858071,0.20222974730941,0.602786989215263,0.803485297909208,"WP_005766993.1"
"lcl|NC_008783.1_cds_WP_005766996.1_649",421.899014515708,-0.111315970812331,0.200251221991447,0.422443799659284,0.669109483498538,"WP_005766996.1"
"lcl|NC_008783.1_cds_WP_005766997.1_650",5136.9531862223,-0.0488966734422589,0.182727434791841,0.714261696476556,0.859334538455214,"WP_005766997.1"
"lcl|NC_008783.1_cds_WP_005766998.1_651",259.885956019721,-0.0519711878185785,0.181801242607318,0.69666589303132,0.850503787391549,"WP_005766998.1"
"lcl|NC_008783.1_cds_WP_005767001.1_652",465.429777418219,0.0289746156119795,0.151220843607034,0.812434424762704,0.913988727858042,"WP_005767001.1"
"lcl|NC_008783.1_cds_WP_005767002.1_653",809.929249676906,-0.000651126630655814,0.171581579036752,0.996004965557258,0.998802647133342,"WP_005767002.1"
"lcl|NC_008783.1_cds_WP_005767004.1_654",285.818824879578,-0.0377687383576143,0.204951487820918,0.784385142891141,0.900269451990704,"WP_005767004.1"
"lcl|NC_008783.1_cds_WP_005767012.1_655",1168.02763692972,-0.151088639493554,0.20055721328509,0.280427849982355,0.556538158262585,"WP_005767012.1"
"lcl|NC_008783.1_cds_WP_005767014.1_656",8798.13913697862,-0.119567888312515,0.239079849081323,0.406590208581337,0.659362275006828,"WP_005767014.1"
"lcl|NC_008783.1_cds_WP_005767018.1_657",281.994042943008,-0.0543467380227612,0.178188264135116,0.681231740178567,0.84408756707291,"WP_005767018.1"
"lcl|NC_008783.1_cds_WP_005767019.1_658",545.463923917523,0.246482002616273,0.188717158863971,0.0761271229542356,0.284899081629756,"WP_005767019.1"
"lcl|NC_008783.1_cds_WP_005767020.1_659",802.747515427591,-0.218776446456771,0.154574850719288,0.0784969924993364,0.289317486640411,"WP_005767020.1"
"lcl|NC_008783.1_cds_WP_005767022.1_660",11219.2199189702,-0.400140952550355,0.273682795021404,0.0190146985138758,0.112381233687706,"WP_005767022.1"
"lcl|NC_008783.1_cds_WP_005767024.1_661",1392.4886871345,-0.105982327339296,0.199794117507268,0.444240501906165,0.685052549381834,"WP_005767024.1"
"lcl|NC_008783.1_cds_WP_005767026.1_662",639.24691844434,-0.139208106613701,0.247999775411145,0.339780979053745,0.599456212015542,"WP_005767026.1"
"lcl|NC_008783.1_cds_WP_005767028.1_663",135.008835489966,0.0257359845624769,0.224665959078457,0.853852398031313,0.9349934601937,"WP_005767028.1"
"lcl|NC_008783.1_cds_WP_005767030.1_664",1101.80939589008,-0.135597943700785,0.206590273546585,0.335550424754298,0.599456212015542,"WP_005767030.1"
"lcl|NC_008783.1_cds_WP_005767032.1_665",254.875276210806,0.0935734482807914,0.160603947297702,0.458907602411221,0.700120534033413,"WP_005767032.1"
"lcl|NC_008783.1_cds_WP_005767034.1_666",329.577887178632,0.0190665789789772,0.156567425326505,0.878219117675234,0.940778369949323,"WP_005767034.1"
"lcl|NC_008783.1_cds_WP_005767036.1_667",1508.07536790345,-0.0757039020985345,0.132437464510701,0.501117806471061,0.733013634869853,"WP_005767036.1"
"lcl|NC_008783.1_cds_WP_005767038.1_668",1385.41700372819,-0.1623380197807,0.247095226701478,0.271335728079231,0.549849964967701,"WP_005767038.1"
"lcl|NC_008783.1_cds_WP_005767039.1_669",3354.89980221925,-0.200684247278346,0.294632201803806,0.186872085317708,0.454792588793898,"WP_005767039.1"
"lcl|NC_008783.1_cds_WP_005767040.1_670",763.044768505412,-0.133531795882652,0.261652015679318,0.358430228602128,0.612868181748263,"WP_005767040.1"
"lcl|NC_008783.1_cds_WP_005767041.1_671",1205.51163795429,-0.186810014574694,0.173411348438374,0.15781508175859,0.424347199631964,"WP_005767041.1"
"lcl|NC_008783.1_cds_WP_005767042.1_672",1588.4993027443,-0.225576736096008,0.220477217012176,0.126255744414309,0.379748495505213,"WP_005767042.1"
"lcl|NC_008783.1_cds_WP_005767043.1_673",1880.21917819269,-0.384042671705995,0.237487239090994,0.016368893475249,0.101455655298247,"WP_005767043.1"
"lcl|NC_008783.1_cds_WP_005767044.1_674",485.319690101354,-0.145810614889311,0.164404711076373,0.255580038917094,0.53082008082781,"WP_005767044.1"
"lcl|NC_008783.1_cds_WP_011807356.1_675",1478.34762067595,-0.189505679706725,0.161129575990671,0.13628249175973,0.393819671716581,"WP_011807356.1"
"lcl|NC_008783.1_cds_WP_005767046.1_676",908.185990525059,0.0685594846227305,0.212756618800867,0.623532205578332,0.814309213359329,"WP_005767046.1"
"lcl|NC_008783.1_cds_WP_005767047.1_677",338.798667778828,0.0815640805682013,0.208625760042476,0.55865744527593,0.774315271276604,"WP_005767047.1"
"lcl|NC_008783.1_cds_WP_005767048.1_678",594.069636320384,-0.208553782935291,0.233024843008354,0.161897496379492,0.426703836598218,"WP_005767048.1"
"lcl|NC_008783.1_cds_BARBAKC583_RS06815_679",36.4907549211323,-0.15045093313941,0.344650785020416,0.250839909001872,0.53082008082781,"BARBAKC583_RS06815"
"lcl|NC_008783.1_cds_BARBAKC583_RS07085_680",0.240252213890593,-0.0113856342338834,0.388217236866518,0.776456211300345,NA,"BARBAKC583_RS07085"
"lcl|NC_008783.1_cds_BARBAKC583_RS03770_681",0.756833106017897,0.0140278844559183,0.369461131760807,0.849139339978828,NA,"BARBAKC583_RS03770"
"lcl|NC_008783.1_cds_WP_005767058.1_682",269.790303893032,-0.0569938075516005,0.232845892529687,0.68544856757287,0.844804444747455,"WP_005767058.1"
"lcl|NC_008783.1_cds_WP_005767060.1_683",475.577209621338,0.0335104745934802,0.17323838551042,0.797567561340083,0.908562408558718,"WP_005767060.1"
"lcl|NC_008783.1_cds_WP_005767062.1_684",945.97150512916,0.19789845585391,0.168808094568163,0.129579979529372,0.385749631368208,"WP_005767062.1"
"lcl|NC_008783.1_cds_WP_005767064.1_685",575.666257963465,-0.154497634859946,0.188041050728566,0.258404541405419,0.532873308297853,"WP_005767064.1"
"lcl|NC_008783.1_cds_WP_005767066.1_686",1198.54319552594,0.0148042968858398,0.143352642617346,0.900451511145416,0.950385640399844,"WP_005767066.1"
"lcl|NC_008783.1_cds_WP_005767068.1_687",497.78160648895,-0.000445256892016784,0.150469582890873,0.99708205687127,0.998802647133342,"WP_005767068.1"
"lcl|NC_008783.1_cds_WP_005767070.1_688",991.72026237646,-0.0447016080165744,0.134716401094536,0.694481964819284,0.850148439666749,"WP_005767070.1"
"lcl|NC_008783.1_cds_WP_005767072.1_689",1436.16179908708,0.000727594437076344,0.144789719503372,0.995123968263855,0.998802647133342,"WP_005767072.1"
"lcl|NC_008783.1_cds_WP_005767074.1_690",486.991101237147,0.0148621712649827,0.158983650741492,0.905677303285133,0.953523445069999,"WP_005767074.1"
"lcl|NC_008783.1_cds_WP_005767075.1_691",556.199551217668,0.130385050028219,0.165564351570793,0.31060333023026,0.578828999032635,"WP_005767075.1"
"lcl|NC_008783.1_cds_WP_005767077.1_692",743.427039824139,0.0499419534643734,0.152935065422829,0.684500761342713,0.844804444747455,"WP_005767077.1"
"lcl|NC_008783.1_cds_WP_005767079.1_693",256.172089506944,0.0196593321987343,0.16455692846661,0.87755368099735,0.940778369949323,"WP_005767079.1"
"lcl|NC_008783.1_cds_WP_005767081.1_694",2297.20173194186,0.0406748579599643,0.148069306027461,0.736040487577887,0.869879761367592,"WP_005767081.1"
"lcl|NC_008783.1_cds_WP_005767083.1_695",1151.04356926929,0.0818439167431615,0.166878743018958,0.524889417333679,0.745895487789965,"WP_005767083.1"
"lcl|NC_008783.1_cds_WP_005767085.1_696",845.437700539515,-0.0266473061491537,0.151910942040143,0.827681232194716,0.923638210113329,"WP_005767085.1"
"lcl|NC_008783.1_cds_WP_172952860.1_697",346.154406322391,-0.534440413004799,0.229261926004591,0.00117859343116704,0.0164861081154812,"WP_172952860.1"
"lcl|NC_008783.1_cds_WP_005767088.1_698",455.098799244257,-0.208948481594616,0.184198128356652,0.126059026964264,0.379748495505213,"WP_005767088.1"
"lcl|NC_008783.1_cds_WP_005767091.1_699",1294.77249253042,-0.291309701119284,0.2425137476596,0.061956009179273,0.252389216340828,"WP_005767091.1"
"lcl|NC_008783.1_cds_WP_005767093.1_700",394.0536923236,-0.242103579308421,0.230730665103783,0.107981037833612,0.349542126262489,"WP_005767093.1"
"lcl|NC_008783.1_cds_WP_005767095.1_701",170.419970534708,-0.222163955895,0.231536909594578,0.137651736378099,0.394601644283883,"WP_005767095.1"
"lcl|NC_008783.1_cds_WP_005767097.1_702",24.9245536880473,0.0488076288331498,0.250445216613412,0.727220859812852,0.864179547843113,"WP_005767097.1"
"lcl|NC_008783.1_cds_WP_005767099.1_703",939.175134368905,-0.149948897922184,0.232685798944175,0.302639517392847,0.572736067212305,"WP_005767099.1"
"lcl|NC_008783.1_cds_WP_080512677.1_704",42.8712297821928,-0.0178550572952664,0.274770307324386,0.895008085526114,0.948087944612973,"WP_080512677.1"
"lcl|NC_008783.1_cds_WP_196242563.1_705",5.24367912404848,0.0414065828203128,0.33345907400288,0.71160810721433,0.857920054492043,"WP_196242563.1"
"lcl|NC_008783.1_cds_WP_080774880.1_706",59.9883715905611,-0.0214805526502892,0.271343859426517,0.874598392618496,0.940778369949323,"WP_080774880.1"
"lcl|NC_008783.1_cds_WP_005767101.1_707",6203.54526489727,-0.212233476266348,0.176158299263945,0.112361436377742,0.357401719546735,"WP_005767101.1"
"lcl|NC_008783.1_cds_BARBAKC583_RS03910_708",3981.50956949742,-0.560329682209416,0.32552573399289,0.00428389420252078,0.0418883906518952,"BARBAKC583_RS03910"
"lcl|NC_008783.1_cds_WP_005767105.1_709",828.54476703392,-0.075519748063666,0.196539184738563,0.581955858032827,0.791160130182801,"WP_005767105.1"
"lcl|NC_008783.1_cds_WP_005767107.1_710",3567.58312851354,-0.231462693552522,0.153266394476412,0.0614524273607606,0.251219254105081,"WP_005767107.1"
"lcl|NC_008783.1_cds_WP_011807361.1_711",2268.833193484,-0.186424844511156,0.236751928232193,0.208631746548743,0.481553593922645,"WP_011807361.1"
"lcl|NC_008783.1_cds_WP_005767112.1_712",247.250534745013,-0.0832937798791358,0.204780434442577,0.548714443722883,0.763448296774145,"WP_005767112.1"
"lcl|NC_008783.1_cds_WP_005767115.1_713",1109.24877955294,-0.116120271060925,0.159657952933114,0.357019856453129,0.611523328372552,"WP_005767115.1"
"lcl|NC_008783.1_cds_WP_005767117.1_714",530.088363217123,0.300943042695284,0.142541356891236,0.0109741196256744,0.0797288606651371,"WP_005767117.1"
"lcl|NC_008783.1_cds_WP_005767119.1_715",1318.22246831935,-0.132747313249229,0.280706812562355,0.356661938608781,0.611523328372552,"WP_005767119.1"
"lcl|NC_008783.1_cds_WP_005767122.1_716",2047.95753724896,-0.279273806991891,0.258389506403335,0.0776251956733731,0.287115370396176,"WP_005767122.1"
"lcl|NC_008783.1_cds_WP_005767124.1_717",770.109617624131,-0.400262223026912,0.212378607986585,0.00852650214405376,0.0682339917688008,"WP_005767124.1"
"lcl|NC_008783.1_cds_WP_005767126.1_718",1042.69145155794,-0.179029554835331,0.208038514999352,0.209600825193337,0.482830472320366,"WP_005767126.1"
"lcl|NC_008783.1_cds_WP_005767128.1_719",685.83743365416,-0.184570547933088,0.196373303842517,0.186963988673144,0.454792588793898,"WP_005767128.1"
"lcl|NC_008783.1_cds_WP_005767130.1_720",412.847264805025,-0.167445708138918,0.216779850096084,0.245052674079277,0.526863249270445,"WP_005767130.1"
"lcl|NC_008783.1_cds_WP_005767132.1_721",848.320258964489,-0.342044773456442,0.166045265402848,0.00897882408864542,0.0709143861695057,"WP_005767132.1"
"lcl|NC_008783.1_cds_WP_011807364.1_722",718.039132325564,-0.0274043294808449,0.173158561088031,0.83379571713631,0.926676079187483,"WP_011807364.1"
"lcl|NC_008783.1_cds_WP_005767144.1_723",342.946518443806,0.0657778057453334,0.236642975882717,0.641078022153661,0.822116781793098,"WP_005767144.1"
"lcl|NC_008783.1_cds_WP_005767146.1_724",462.931412669713,0.270667873505651,0.179687553053693,0.0465734378045137,0.206380768286414,"WP_005767146.1"
"lcl|NC_008783.1_cds_WP_005767147.1_725",1238.98410695997,0.188000760945937,0.172809119062964,0.154504788910854,0.42306617906958,"WP_005767147.1"
"lcl|NC_008783.1_cds_WP_005767149.1_726",422.756798775615,-0.0576429297280135,0.184822901788847,0.66750410935986,0.836000292305067,"WP_005767149.1"
"lcl|NC_008783.1_cds_WP_005767151.1_727",428.472370531262,-0.108118413458284,0.179157463146615,0.416890666887779,0.668060442080963,"WP_005767151.1"
"lcl|NC_008783.1_cds_WP_005767158.1_728",1144.43498346614,-0.00380698972356184,0.21623441090659,0.978155118596153,0.992690640463404,"WP_005767158.1"
"lcl|NC_008783.1_cds_WP_005767165.1_729",181.348924130165,-0.019887208213635,0.180816459075416,0.881011527086136,0.941854864592085,"WP_005767165.1"
"lcl|NC_008783.1_cds_WP_005767167.1_730",2069.99764141425,0.356104529296791,0.274627431580044,0.0333335085968734,0.164821130930931,"WP_005767167.1"
"lcl|NC_008783.1_cds_WP_005767169.1_731",177.093469564568,-0.0166697146894864,0.191220849573164,0.902016160937552,0.951172354994094,"WP_005767169.1"
"lcl|NC_008783.1_cds_WP_011807366.1_732",512.841980078945,-0.17683185360766,0.238650824231406,0.231733805788576,0.512478089619298,"WP_011807366.1"
"lcl|NC_008783.1_cds_BARBAKC583_RS07220_733",131.527797120479,-0.72029611444052,0.436263852314913,0.00180900848419157,0.0228289005450697,"BARBAKC583_RS07220"
"lcl|NC_008783.1_cds_WP_005767173.1_734",795.657255615548,-0.297214333511258,0.154069427302654,0.0169836190055827,0.104327945320008,"WP_005767173.1"
"lcl|NC_008783.1_cds_WP_005767175.1_735",200.854883816374,-0.448680745553113,0.200198498921857,0.00258959466006179,0.0289088403878052,"WP_005767175.1"
"lcl|NC_008783.1_cds_WP_005767176.1_736",137.365613269342,-0.304456154652923,0.310958001716786,0.0671741416624694,0.267086227637421,"WP_005767176.1"
"lcl|NC_008783.1_cds_WP_005767179.1_737",407.89655437278,-0.104269854419864,0.163758686720772,0.414115471738031,0.666835038402016,"WP_005767179.1"
"lcl|NC_008783.1_cds_WP_005767181.1_738",203.119305775427,-0.0246622593369604,0.20406944916475,0.85793028426335,0.9349934601937,"WP_005767181.1"
"lcl|NC_008783.1_cds_WP_035453098.1_739",433.491867196248,-0.107393694717126,0.148232278234984,0.374242806691289,0.629778281269748,"WP_035453098.1"
"lcl|NC_008783.1_cds_WP_005767184.1_740",5249.27667177816,-0.140775731572097,0.221438849005985,0.326809920264009,0.591099789043422,"WP_005767184.1"
"lcl|NC_008783.1_cds_WP_005767186.1_741",1364.34642147941,-0.352512745474289,0.325235329413599,0.0420437333746699,0.190674900187468,"WP_005767186.1"
"lcl|NC_008783.1_cds_WP_005767188.1_742",186.966234753474,0.183516049777169,0.164066059355025,0.153037157418139,0.420819238978104,"WP_005767188.1"
"lcl|NC_008783.1_cds_WP_005767190.1_743",1762.46568806973,-0.421272638636317,0.162389074774746,0.00120763590258357,0.0166912533678514,"WP_005767190.1"
"lcl|NC_008783.1_cds_WP_005767192.1_744",1548.5305551376,-0.183527477952949,0.230689378436169,0.212564843656685,0.486453195091439,"WP_005767192.1"
"lcl|NC_008783.1_cds_WP_005767194.1_745",1326.37048768037,-0.0641504140175864,0.160021924749394,0.610565818848703,0.807934995363984,"WP_005767194.1"
"lcl|NC_008783.1_cds_WP_005767196.1_746",193.162605953059,-0.106969398696826,0.177317150232665,0.419753885074018,0.668496928080843,"WP_005767196.1"
"lcl|NC_008783.1_cds_WP_005767198.1_747",871.083845760605,-0.812846833469652,0.200608354372754,1.1171218677564e-06,5.89535676575082e-05,"WP_005767198.1"
"lcl|NC_008783.1_cds_WP_005767200.1_748",136.104457238151,-0.00468070299265952,0.259261378211331,0.972916366225502,0.990232592426676,"WP_005767200.1"
"lcl|NC_008783.1_cds_WP_005767202.1_749",1134.45431191424,0.0129735962793685,0.203767303201929,0.92491096293447,0.964799306349434,"WP_005767202.1"
"lcl|NC_008783.1_cds_BARBAKC583_RS04135_750",632.758339410762,-0.392475958621789,0.194218691289845,0.00666658075642547,0.057332594505259,"BARBAKC583_RS04135"
"lcl|NC_008783.1_cds_WP_225866720.1_751",14.0135060468637,0.0347067449542319,0.260111663317107,0.801965507925356,0.910975053046274,"WP_225866720.1"
"lcl|NC_008783.1_cds_WP_005767215.1_752",91.0646041832672,0.03927235348749,0.224298629484325,0.778984717455597,0.89811445577552,"WP_005767215.1"
"lcl|NC_008783.1_cds_WP_005767217.1_753",926.347756985765,-0.394856025307116,0.277276901331483,0.0209428022730496,0.11939758779491,"WP_005767217.1"
"lcl|NC_008783.1_cds_WP_011807367.1_754",330.086032743202,0.0656828658512391,0.263023059609847,0.638032152439441,0.822116781793098,"WP_011807367.1"
"lcl|NC_008783.1_cds_WP_005767222.1_755",473.373079445986,-0.597085870010004,0.25190715847213,0.000758120954435278,0.0119207290219621,"WP_005767222.1"
"lcl|NC_008783.1_cds_WP_005767224.1_756",349.800957216339,-0.032441041092013,0.161596225558213,0.797594224103957,0.908562408558718,"WP_005767224.1"
"lcl|NC_008783.1_cds_WP_005767246.1_757",448.684309733055,-0.119832422885478,0.180113232819316,0.369912619839092,0.625315264585246,"WP_005767246.1"
"lcl|NC_008783.1_cds_WP_005767248.1_758",662.536515976379,-0.0607356066985313,0.138861598810063,0.600748844769672,0.802879687563501,"WP_005767248.1"
"lcl|NC_008783.1_cds_WP_005767250.1_759",1526.15143344482,0.055134243709216,0.192623052822185,0.685242127577167,0.844804444747455,"WP_005767250.1"
"lcl|NC_008783.1_cds_WP_035453092.1_760",721.407070175746,-0.558710283823055,0.342901349423241,0.00508675486084563,0.0476267934954982,"WP_035453092.1"
"lcl|NC_008783.1_cds_WP_005767254.1_761",1334.40291574425,-0.201579544064602,0.257457287874395,0.183683754036327,0.452774603898462,"WP_005767254.1"
"lcl|NC_008783.1_cds_WP_005767256.1_762",1261.68933376825,-0.0350807659205281,0.157791130863909,0.778926188395244,0.89811445577552,"WP_005767256.1"
"lcl|NC_008783.1_cds_WP_005767258.1_763",303.311104654682,-0.338076464467905,0.283211306149769,0.0432468764576878,0.193859550453187,"WP_005767258.1"
"lcl|NC_008783.1_cds_WP_005767260.1_764",2893.20592918846,-0.41814443529127,0.267625953570875,0.0141746697264765,0.0913753675371072,"WP_005767260.1"
"lcl|NC_008783.1_cds_WP_005767262.1_765",91.8976040696189,-0.132521485598492,0.180179001719902,0.322176936955749,0.58720160723018,"WP_005767262.1"
"lcl|NC_008783.1_cds_WP_005767264.1_766",729.12815642355,-0.596513825446218,0.20798053833483,0.000169441118205097,0.00378309881223304,"WP_005767264.1"
"lcl|NC_008783.1_cds_WP_005767266.1_767",3351.04721036083,-0.18443477996817,0.151965616733586,0.133501269805015,0.390415552250937,"WP_005767266.1"
"lcl|NC_008783.1_cds_WP_005767268.1_768",308.246657304822,-0.596887658816847,0.200065607830795,0.000115485906256048,0.00293812756440792,"WP_005767268.1"
"lcl|NC_008783.1_cds_WP_005767270.1_769",1088.89040394698,-0.485355756861872,0.243648909717341,0.00375111901900261,0.0378699928788002,"WP_005767270.1"
"lcl|NC_008783.1_cds_WP_005767272.1_770",579.820711031356,-0.103532989529963,0.174989175456802,0.432037418945565,0.677780798535591,"WP_005767272.1"
"lcl|NC_008783.1_cds_WP_005767273.1_771",515.456131518769,0.209095101121718,0.18267799125502,0.124311531612207,0.379748495505213,"WP_005767273.1"
"lcl|NC_008783.1_cds_WP_005767274.1_772",1347.36338087682,0.1232651623812,0.139599350671361,0.289993228673298,0.558292094849968,"WP_005767274.1"
"lcl|NC_008783.1_cds_WP_035453088.1_773",1997.41992029414,-0.207201824009048,0.191870847695277,0.13636133335923,0.393819671716581,"WP_035453088.1"
"lcl|NC_008783.1_cds_WP_005767276.1_774",1121.56110644774,-0.054955920962814,0.231260433472069,0.695915296217428,0.850481746219404,"WP_005767276.1"
"lcl|NC_008783.1_cds_WP_005767277.1_775",1014.2030589182,-0.191014694989087,0.261612439232045,0.205635609383953,0.47748588498954,"WP_005767277.1"
"lcl|NC_008783.1_cds_WP_005767278.1_776",1069.74702905292,-0.0802512087982161,0.176543134876468,0.543293604176354,0.762444624262271,"WP_005767278.1"
"lcl|NC_008783.1_cds_WP_005767279.1_777",99.3165572530817,0.157657793005216,0.238624874526866,0.282053650635027,0.556538158262585,"WP_005767279.1"
"lcl|NC_008783.1_cds_WP_005767280.1_778",2069.52825543547,-0.905385382704812,0.148528885013862,3.32566275329443e-11,5.51584922367834e-09,"WP_005767280.1"
"lcl|NC_008783.1_cds_WP_011807371.1_779",333.852255787636,0.165416966558846,0.193687986201471,0.232659375962557,0.512556993344457,"WP_011807371.1"
"lcl|NC_008783.1_cds_WP_005767292.1_780",1142.06643220985,0.28019639825789,0.198072973914207,0.0502350277974985,0.216813632984743,"WP_005767292.1"
"lcl|NC_008783.1_cds_WP_005767294.1_781",1242.04027910374,0.428343890577538,0.160597336417236,0.000923460863902777,0.013401725787389,"WP_005767294.1"
"lcl|NC_008783.1_cds_WP_011807373.1_782",267.412820385718,0.199680868400049,0.157104318821227,0.111422692010405,0.356368444694436,"WP_011807373.1"
"lcl|NC_008783.1_cds_BARBAKC583_RS06960_783",13.3666400305654,-0.0659460928458827,0.300658006530054,0.615316210950672,0.807934995363984,"BARBAKC583_RS06960"
"lcl|NC_008783.1_cds_BARBAKC583_RS07225_784",5.1431217781068,-0.0804020932669434,0.326902718258889,0.511137347593691,0.737180696343199,"BARBAKC583_RS07225"
"lcl|NC_008783.1_cds_WP_005767302.1_785",1.34091913733716,-0.0112884271125638,0.360187030890769,0.894433322929534,NA,"WP_005767302.1"
"lcl|NC_008783.1_cds_WP_005767305.1_786",125.636855657184,-0.00973535953429268,0.19208609566959,0.942749273046112,0.974649960825055,"WP_005767305.1"
"lcl|NC_008783.1_cds_WP_005767307.1_787",1451.32684044394,-0.312083996442136,0.338805104672917,0.062672101595424,0.253527212377308,"WP_005767307.1"
"lcl|NC_008783.1_cds_WP_005767309.1_788",737.487206944768,-0.293810566002534,0.179187305994183,0.0309750345574062,0.156356587483255,"WP_005767309.1"
"lcl|NC_008783.1_cds_WP_005767311.1_789",132.998661225687,-0.216686256424716,0.185213296185966,0.113977588742677,0.359586903614803,"WP_005767311.1"
"lcl|NC_008783.1_cds_WP_005767313.1_790",101.901131767488,-0.0212547553408568,0.266581655352046,0.876692911075603,0.940778369949323,"WP_005767313.1"
"lcl|NC_008783.1_cds_WP_005767315.1_791",590.828222957839,0.376042192719875,0.271085978076002,0.0253694257003689,0.133881378355129,"WP_005767315.1"
"lcl|NC_008783.1_cds_WP_005767317.1_792",198.684565146918,-0.0239076867024955,0.211318023801502,0.863136605470738,0.935319226363365,"WP_005767317.1"
"lcl|NC_008783.1_cds_WP_005767319.1_793",723.320486787366,0.0854213577131532,0.222945079390251,0.545402245780978,0.762444624262271,"WP_005767319.1"
"lcl|NC_008783.1_cds_WP_005767321.1_794",225.835923277472,0.0993563732164274,0.227107883526784,0.484757310374129,0.719741262827485,"WP_005767321.1"
"lcl|NC_008783.1_cds_WP_005767322.1_795",182.80273737223,-0.0950316028506485,0.175736272058123,0.471304226690646,0.711552935224759,"WP_005767322.1"
"lcl|NC_008783.1_cds_WP_005767325.1_796",734.789801489748,-0.145192220883307,0.15028346331835,0.233864421694953,0.514235972704244,"WP_005767325.1"
"lcl|NC_008783.1_cds_WP_005767328.1_797",655.227462109874,0.0575629473278394,0.147193761337306,0.632198470080404,0.818026938846198,"WP_005767328.1"
"lcl|NC_008783.1_cds_WP_005767330.1_798",4625.43368847363,0.0427040652196788,0.195591715420341,0.754382859421203,0.887374366553209,"WP_005767330.1"
"lcl|NC_008783.1_cds_WP_005767333.1_799",2546.43338629842,0.00849888485829302,0.220883847783035,0.951373750093032,0.980075353911278,"WP_005767333.1"
"lcl|NC_008783.1_cds_WP_005767335.1_800",576.034091010382,-0.159981542474755,0.202011479345413,0.255206517568323,0.53082008082781,"WP_005767335.1"
"lcl|NC_008783.1_cds_WP_005767337.1_801",597.611382151797,-0.0469048724816592,0.194123316705355,0.730643204416253,0.86735865064138,"WP_005767337.1"
"lcl|NC_008783.1_cds_WP_005767354.1_802",106.705991441266,0.84676953657027,0.30654747562714,9.56529321747953e-05,0.00252393305124858,"WP_005767354.1"
"lcl|NC_008783.1_cds_BARBAKC583_RS07105_803",1.18766453583852,0.0444253488395554,0.368340422228691,0.584067350408742,NA,"BARBAKC583_RS07105"
"lcl|NC_008783.1_cds_WP_414945892.1_804",2.99692607840254,-0.0212885526322881,0.334065957091976,0.845861520490905,NA,"WP_414945892.1"
"lcl|NC_008783.1_cds_WP_414945891.1_805",0.879798003147076,-0.0448406164432324,0.371751305629517,0.56106474051188,NA,"WP_414945891.1"
"lcl|NC_008783.1_cds_WP_005767360.1_806",647.445675477188,-0.183035322444843,0.196811957266934,0.190911967776941,0.460808304758895,"WP_005767360.1"
"lcl|NC_008783.1_cds_WP_005767366.1_807",3089.00398500727,0.252912020811236,0.151673426203034,0.0398556330163076,0.184554870666389,"WP_005767366.1"
"lcl|NC_008783.1_cds_WP_005767368.1_808",969.374494801669,0.0335039314970412,0.174031932567932,0.797989746519811,0.908562408558718,"WP_005767368.1"
"lcl|NC_008783.1_cds_WP_005767371.1_809",303.911391200374,-0.286457881625893,0.158075465280001,0.0235041678539414,0.129328620276901,"WP_005767371.1"
"lcl|NC_008783.1_cds_WP_005767374.1_810",137.134862753141,0.0261700740376398,0.194594056438998,0.84757169491868,0.934502125166749,"WP_005767374.1"
"lcl|NC_008783.1_cds_BARBAKC583_RS04450_811",165.991455675847,0.048840690617621,0.179164865377939,0.712515862641972,0.858123357393495,"BARBAKC583_RS04450"
"lcl|NC_008783.1_cds_WP_005767377.1_812",5.03334186349698,0.0134286254800335,0.336988442569534,0.900011829545421,0.950385640399844,"WP_005767377.1"
"lcl|NC_008783.1_cds_WP_005767379.1_813",553.629935126489,-0.078537745689934,0.144582664365634,0.509324270816516,0.737180696343199,"WP_005767379.1"
"lcl|NC_008783.1_cds_WP_005767382.1_814",1766.14705612113,-0.192821566420567,0.138367443868714,0.0960665348878953,0.32803896177896,"WP_005767382.1"
"lcl|NC_008783.1_cds_WP_005767384.1_815",1828.1893601718,-0.40959230044028,0.150062146624403,0.000888616167905269,0.0132267098838207,"WP_005767384.1"
"lcl|NC_008783.1_cds_WP_005767386.1_816",178.908741106941,-0.0246418706133621,0.228097757462343,0.860097343227279,0.9349934601937,"WP_005767386.1"
"lcl|NC_008783.1_cds_WP_005767388.1_817",1018.68135540289,0.0961669599239032,0.227846966820185,0.498607451815554,0.733013634869853,"WP_005767388.1"
"lcl|NC_008783.1_cds_WP_005767390.1_818",8810.56833690207,0.180260232639499,0.173650037593338,0.172916338246012,0.441125524609555,"WP_005767390.1"
"lcl|NC_008783.1_cds_WP_005767392.1_819",114.469698126589,-0.0816882145094557,0.253590505598417,0.56377573322781,0.777367727170413,"WP_005767392.1"
"lcl|NC_008783.1_cds_WP_005767394.1_820",513.938563530331,0.17917709991469,0.189367415067712,0.193038295907757,0.463220173380131,"WP_005767394.1"
"lcl|NC_008783.1_cds_WP_005767396.1_821",15.7032587401699,-0.0470666938317496,0.260557660803716,0.734628703624723,0.869422961170544,"WP_005767396.1"
"lcl|NC_008783.1_cds_WP_005767398.1_822",1315.89915294206,-0.449241685711,0.220738777119389,0.00429346984287298,0.0418883906518952,"WP_005767398.1"
"lcl|NC_008783.1_cds_WP_005767400.1_823",323.43773842673,-0.104805943499979,0.250539292822937,0.464384893675659,0.703852299683343,"WP_005767400.1"
"lcl|NC_008783.1_cds_WP_005767402.1_824",3833.33339462848,-0.0400802411936104,0.250815338303422,0.773954027450003,0.896767091686082,"WP_005767402.1"
"lcl|NC_008783.1_cds_WP_005767404.1_825",708.827548212566,-0.144797781778254,0.290024777265213,0.316235635124661,0.582777099015447,"WP_005767404.1"
"lcl|NC_008783.1_cds_WP_005767406.1_826",957.758320047342,-0.473694511116221,0.356618776124306,0.0134062973203744,0.0886188658592254,"WP_005767406.1"
"lcl|NC_008783.1_cds_WP_005767408.1_827",251.239281876484,-0.101148033013629,0.142753383384407,0.391830105377161,0.646185727759778,"WP_005767408.1"
"lcl|NC_008783.1_cds_WP_005767411.1_828",289.998197015333,-0.238369070395617,0.16260973827141,0.0630917660169604,0.254338681755872,"WP_005767411.1"
"lcl|NC_008783.1_cds_WP_035453042.1_829",1320.48237601593,0.0425598920781416,0.144334992287658,0.720275947717345,0.860920847088038,"WP_035453042.1"
"lcl|NC_008783.1_cds_WP_005767415.1_830",430.314659350941,-0.142336986691332,0.147037222769677,0.236981941746018,0.518146957376887,"WP_005767415.1"
"lcl|NC_008783.1_cds_WP_005767417.1_831",1632.51525912314,0.728316526481381,0.311188306308391,0.00046039649863901,0.0083518802331233,"WP_005767417.1"
"lcl|NC_008783.1_cds_WP_005767421.1_832",259.949224314998,0.327660992437634,0.217443460355033,0.0301696485075102,0.153627025952717,"WP_005767421.1"
"lcl|NC_008783.1_cds_WP_011807385.1_833",341.566405486471,0.328596445060876,0.191615986344929,0.0206292607120086,0.11915707306787,"WP_011807385.1"
"lcl|NC_008783.1_cds_WP_005767425.1_834",522.708787057012,0.162904690739223,0.166458978973031,0.207501230154485,0.480856144130453,"WP_005767425.1"
"lcl|NC_008783.1_cds_WP_005767427.1_835",100.055079667398,0.236962898398941,0.209992226692118,0.103124600522684,0.341104447882724,"WP_005767427.1"
"lcl|NC_008783.1_cds_WP_005767428.1_836",319.84572181564,0.0774581646945265,0.158624177419582,0.536926068978358,0.757496287659132,"WP_005767428.1"
"lcl|NC_008783.1_cds_WP_005767430.1_837",327.258276096861,0.331418276259942,0.156446242822299,0.00851879088556744,0.0682339917688008,"WP_005767430.1"
"lcl|NC_008783.1_cds_WP_172952867.1_838",381.258272849587,0.390407336736678,0.222293693628396,0.0119689484783124,0.0842178738383071,"WP_172952867.1"
"lcl|NC_008783.1_cds_WP_005767434.1_839",593.372039277834,-0.0621840872229735,0.182160364173208,0.641393219071637,0.822116781793098,"WP_005767434.1"
"lcl|NC_008783.1_cds_WP_005767435.1_840",451.791672767679,-0.010900552780473,0.167766200184346,0.932527625466931,0.967528662347727,"WP_005767435.1"
"lcl|NC_008783.1_cds_WP_005767436.1_841",372.875716152878,0.145021964800748,0.179296510209099,0.278303107744442,0.555171663387109,"WP_005767436.1"
"lcl|NC_008783.1_cds_WP_005767438.1_842",175.974452362221,0.0163758667334017,0.171194964249988,0.899702854027476,0.950385640399844,"WP_005767438.1"
"lcl|NC_008783.1_cds_WP_005767440.1_843",229.062524386698,0.151113457926489,0.191428846968726,0.272138541371026,0.549849964967701,"WP_005767440.1"
"lcl|NC_008783.1_cds_WP_005767442.1_844",75.5637524182749,-0.111981536113883,0.223013507707338,0.431662659058648,0.677780798535591,"WP_005767442.1"
"lcl|NC_008783.1_cds_WP_005767445.1_845",187.121177191356,0.235251052662167,0.177803607486757,0.0806627716968067,0.294495213647776,"WP_005767445.1"
"lcl|NC_008783.1_cds_WP_005767447.1_846",116.642242481633,-0.0645894867336694,0.188065294545739,0.632560688239949,0.818026938846198,"WP_005767447.1"
"lcl|NC_008783.1_cds_WP_005767450.1_847",581.69300500767,0.093883844348898,0.209990724630594,0.502565765164861,0.733013634869853,"WP_005767450.1"
"lcl|NC_008783.1_cds_WP_005767452.1_848",211.785130938942,-0.265758707745566,0.200459248479693,0.0640136962882715,0.256275522036839,"WP_005767452.1"
"lcl|NC_008783.1_cds_WP_005767454.1_849",380.406276119971,0.301548590006724,0.20582539031946,0.0394165335755396,0.184308987865847,"WP_005767454.1"
"lcl|NC_008783.1_cds_WP_005767457.1_850",1614.25329809712,-0.78739869068277,0.285394465357194,0.000117092859531202,0.00293812756440792,"WP_005767457.1"
"lcl|NC_008783.1_cds_WP_005767459.1_851",3.06381290789903,-0.118168733051159,0.36365296047382,0.285219814096674,0.556538158262585,"WP_005767459.1"
"lcl|NC_008783.1_cds_WP_005767461.1_852",4896.54996250868,-0.676651743586595,0.30164847852989,0.000735730536095365,0.0118636548945378,"WP_005767461.1"
"lcl|NC_008783.1_cds_WP_005767462.1_853",3228.84831335993,-0.156788201912445,0.141169287106449,0.181567143448614,0.449507907624257,"WP_005767462.1"
"lcl|NC_008783.1_cds_WP_035453153.1_854",2134.44352226261,-0.329891006654259,0.144419601246614,0.00575817879954818,0.0518236091959336,"WP_035453153.1"
"lcl|NC_008783.1_cds_WP_005767464.1_855",507.088179237546,0.132080721971077,0.202191819781086,0.344682822433045,0.601769559165061,"WP_005767464.1"
"lcl|NC_008783.1_cds_WP_005767465.1_856",321.733395714046,-0.126516734284939,0.165688455666617,0.325239836541431,0.59000539097594,"WP_005767465.1"
"lcl|NC_008783.1_cds_WP_005767466.1_857",61.5795667713716,-0.0891509944349193,0.22775561661892,0.529513909878394,0.750629608508932,"WP_005767466.1"
"lcl|NC_008783.1_cds_WP_035453032.1_858",116.697071361818,-0.0988128163767326,0.198731344305301,0.474383043243934,0.715271056111957,"WP_035453032.1"
"lcl|NC_008783.1_cds_WP_005767468.1_859",3987.91930808467,-0.182450991735425,0.199157691991642,0.194329843560256,0.463946278901097,"WP_005767468.1"
"lcl|NC_008783.1_cds_WP_005767469.1_860",975.989280038825,0.183279292742885,0.170009104200203,0.161413884978201,0.426703836598218,"WP_005767469.1"
"lcl|NC_008783.1_cds_WP_005767473.1_861",4872.15819198569,-0.063645914673504,0.146470249106681,0.595614066621551,0.79943113450592,"WP_005767473.1"
"lcl|NC_008783.1_cds_WP_005767476.1_862",3961.95481665366,-0.922576983817944,0.40340341539177,0.000219714404547217,0.00473380507065034,"WP_005767476.1"
"lcl|NC_008783.1_cds_WP_005767479.1_863",3281.98522050766,0.0243247729750717,0.175647786391505,0.853101607950789,0.9349934601937,"WP_005767479.1"
"lcl|NC_008783.1_cds_WP_005767481.1_864",1153.85010447229,0.0833426614293671,0.164816799613675,0.514816699848389,0.73965776569249,"WP_005767481.1"
"lcl|NC_008783.1_cds_WP_005767483.1_865",3336.4447317006,-0.0930231560816323,0.247340382199946,0.513857999099038,0.739267827700103,"WP_005767483.1"
"lcl|NC_008783.1_cds_WP_005767485.1_866",423.208056193207,-0.195696079458903,0.15753162800297,0.119258157608033,0.370210483911569,"WP_005767485.1"
"lcl|NC_008783.1_cds_WP_005767487.1_867",441.795734794383,0.767955412161014,0.198510917765215,2.50779565649152e-06,0.000111982721430256,"WP_005767487.1"
"lcl|NC_008783.1_cds_WP_005767489.1_868",1688.79273831019,1.03699349693716,0.334943294008013,1.96447875878103e-05,0.000691139345134781,"WP_005767489.1"
"lcl|NC_008783.1_cds_WP_080512680.1_869",7.350695256709,-0.038689453268637,0.291595047648468,0.768984050142796,0.892790482215786,"WP_080512680.1"
"lcl|NC_008783.1_cds_WP_005767491.1_870",1031.73538183773,-0.317360010341837,0.296645182155754,0.0571772129797001,0.238786849890043,"WP_005767491.1"
"lcl|NC_008783.1_cds_WP_005767493.1_871",23588.3843301274,0.256591773731019,0.301387291547183,0.108084085554034,0.349542126262489,"WP_005767493.1"
"lcl|NC_008783.1_cds_WP_005767496.1_872",646.820409233997,-0.127703008204081,0.140679500291122,0.27535498370925,0.551184717390412,"WP_005767496.1"
"lcl|NC_008783.1_cds_WP_005767499.1_873",580.601691583253,-0.0876853625269298,0.21430005455662,0.532371252530485,0.753759785594992,"WP_005767499.1"
"lcl|NC_008783.1_cds_WP_005767501.1_874",473.310896643908,-0.375571388678441,0.266190175950742,0.0245795816424847,0.132188700036612,"WP_005767501.1"
"lcl|NC_008783.1_cds_WP_005767503.1_875",1171.18114026465,-0.355875651249648,0.255941812281893,0.0293194127976565,0.150618753354333,"WP_005767503.1"
"lcl|NC_008783.1_cds_WP_005767509.1_876",1555.37051636875,-0.260019353612944,0.318191731365066,0.103960569868928,0.34289267505064,"WP_005767509.1"
"lcl|NC_008783.1_cds_WP_005767511.1_877",577.643847105289,-0.173706411643617,0.158268506298766,0.167395388097752,0.434778625461945,"WP_005767511.1"
"lcl|NC_008783.1_cds_WP_005767513.1_878",179.820945226181,-0.434845713108032,0.261953778040712,0.0105794039225661,0.0777475151250506,"WP_005767513.1"
"lcl|NC_008783.1_cds_WP_005767516.1_879",248.768994921352,-0.413230744198983,0.250343776037869,0.0124960125601302,0.0873968107368142,"WP_005767516.1"
"lcl|NC_008783.1_cds_WP_005767518.1_880",1580.91794390794,0.0518444502544012,0.144146669772568,0.662458499484877,0.83439663475697,"WP_005767518.1"
"lcl|NC_008783.1_cds_WP_005767521.1_881",1512.96974417277,0.407693747099346,0.229528196778238,0.0101525534263518,0.0755584264615028,"WP_005767521.1"
"lcl|NC_008783.1_cds_WP_005767523.1_882",63.9236784572303,0.00473749613182505,0.212033091296258,0.972742742798544,0.990232592426676,"WP_005767523.1"
"lcl|NC_008783.1_cds_WP_005767525.1_883",1339.66262476202,-0.102554036545269,0.216840255705501,0.467919936178611,0.708285587879227,"WP_005767525.1"
"lcl|NC_008783.1_cds_WP_005767527.1_884",2712.32914419371,-0.437475626720925,0.283277629029187,0.0128027809802711,0.0878036365346899,"WP_005767527.1"
"lcl|NC_008783.1_cds_WP_005767530.1_885",184.56625069291,0.0876043877324027,0.171023652931324,0.501234819018419,0.733013634869853,"WP_005767530.1"
"lcl|NC_008783.1_cds_WP_005767534.1_886",197.853751459589,-0.309438404947513,0.272792286074733,0.0577388351212596,0.238979283686545,"WP_005767534.1"
"lcl|NC_008783.1_cds_WP_005767536.1_887",729.731343768939,-0.0921647880310581,0.175833736210927,0.484786966004387,0.719741262827485,"WP_005767536.1"
"lcl|NC_008783.1_cds_WP_005767538.1_888",535.045954783734,0.102394801923924,0.174369137263877,0.436346890884922,0.677780798535591,"WP_005767538.1"
"lcl|NC_008783.1_cds_WP_005767539.1_889",143.012966876492,-0.164496041627961,0.190589341858955,0.232182149129846,0.512478089619298,"WP_005767539.1"
"lcl|NC_008783.1_cds_WP_005767541.1_890",515.495085362027,-0.313796697111668,0.186221264482005,0.0244484372730888,0.132188700036612,"WP_005767541.1"
"lcl|NC_008783.1_cds_BARBAKC583_RS04875_891",537.640912136289,-0.715853926241351,0.16014289754589,1.96497517944267e-07,1.42583511458309e-05,"BARBAKC583_RS04875"
"lcl|NC_008783.1_cds_WP_011807393.1_892",177.383933783902,-0.372868209168538,0.23502252981131,0.0187649661386564,0.111723721471692,"WP_011807393.1"
"lcl|NC_008783.1_cds_WP_172952861.1_893",1705.99406207353,-0.209197563328581,0.270221515892163,0.171960298506839,0.441125524609555,"WP_172952861.1"
"lcl|NC_008783.1_cds_WP_005767548.1_894",124.305434359842,0.0879379508506909,0.190306150665426,0.51785866915841,0.740435855779451,"WP_005767548.1"
"lcl|NC_008783.1_cds_WP_011807395.1_895",2362.834027625,-0.220985247940261,0.269891813368723,0.152224438073083,0.420791839530594,"WP_011807395.1"
"lcl|NC_008783.1_cds_WP_005767552.1_896",1179.4987301291,-0.0379267417385481,0.161198706650392,0.764049078458499,0.889730170602124,"WP_005767552.1"
"lcl|NC_008783.1_cds_WP_005767554.1_897",246.960212629862,-0.423358768809271,0.269238948636507,0.0134340399579877,0.0886188658592254,"WP_005767554.1"
"lcl|NC_008783.1_cds_WP_005767556.1_898",541.06175568918,-0.057869472423827,0.246745837733676,0.680513725102106,0.84408756707291,"WP_005767556.1"
"lcl|NC_008783.1_cds_WP_005767557.1_899",1584.90972605379,0.179897341645347,0.192756598355711,0.194609679435688,0.463946278901097,"WP_005767557.1"
"lcl|NC_008783.1_cds_WP_005767559.1_900",748.434266210164,0.0281911846696171,0.170889590127057,0.828134674568064,0.923638210113329,"WP_005767559.1"
"lcl|NC_008783.1_cds_WP_011807396.1_901",557.651353596606,0.0414687317510091,0.185164698689409,0.757188687248733,0.888362638398553,"WP_011807396.1"
"lcl|NC_008783.1_cds_BARBAKC583_RS04955_902",439.675672569425,-0.544950072583848,0.277416599095318,0.00280468669017408,0.0307192570499256,"BARBAKC583_RS04955"
"lcl|NC_008783.1_cds_WP_005767565.1_903",523.100830523737,-0.263560650009526,0.163318695264789,0.0407282000759331,0.18764063606412,"WP_005767565.1"
"lcl|NC_008783.1_cds_WP_005767566.1_904",665.189286552049,-0.146257396168759,0.136142986255999,0.201932036656746,0.473622413249459,"WP_005767566.1"
"lcl|NC_008783.1_cds_WP_005767569.1_905",155.987873635452,-0.0733106318752417,0.206455757761879,0.597702881518388,0.80038413545888,"WP_005767569.1"
"lcl|NC_008783.1_cds_WP_005767571.1_906",189.927576919766,0.00150333190946978,0.194667651468761,0.991185194131818,0.998802647133342,"WP_005767571.1"
"lcl|NC_008783.1_cds_WP_005767573.1_907",446.725431113584,0.0254012145802633,0.190605803741155,0.851089533747068,0.9349934601937,"WP_005767573.1"
"lcl|NC_008783.1_cds_WP_005767576.1_908",480.6036200522,-0.0109133942406668,0.161357807382271,0.931179078260993,0.967528662347727,"WP_005767576.1"
"lcl|NC_008783.1_cds_WP_005767578.1_909",2457.68003639829,-0.188085293951171,0.197377889281547,0.179901039431055,0.449507907624257,"WP_005767578.1"
"lcl|NC_008783.1_cds_BARBAKC583_RS05005_910",2184.91561616501,-0.0451415751071459,0.193036166774275,0.739941613711284,0.873040867397155,"BARBAKC583_RS05005"
"lcl|NC_008783.1_cds_WP_035453010.1_911",245.474537561301,0.0254059945970838,0.205919355698423,0.853975672407012,0.9349934601937,"WP_035453010.1"
"lcl|NC_008783.1_cds_WP_005767582.1_912",193.745184181782,0.276333827633296,0.193218670307797,0.050491933871568,0.217115315647743,"WP_005767582.1"
"lcl|NC_008783.1_cds_WP_005767584.1_913",130.830350080081,-0.115916768397254,0.252426561367177,0.421028502868857,0.668692328085832,"WP_005767584.1"
"lcl|NC_008783.1_cds_WP_005767586.1_914",548.072349586505,0.0873690178051935,0.170891637296254,0.502227265235386,0.733013634869853,"WP_005767586.1"
"lcl|NC_008783.1_cds_WP_005767588.1_915",718.431603905971,-0.0213141367518132,0.174308535608251,0.870698848018339,0.939145847283091,"WP_005767588.1"
"lcl|NC_008783.1_cds_WP_005767590.1_916",471.107209617704,0.225052458504916,0.228163209692959,0.131330886503746,0.386840528239152,"WP_005767590.1"
"lcl|NC_008783.1_cds_WP_005767593.1_917",385.993210986396,0.0998496698476032,0.171496767444075,0.444310568203722,0.685052549381834,"WP_005767593.1"
"lcl|NC_008783.1_cds_WP_011807398.1_918",73530.967605492,-0.197211967946877,0.230828709562974,0.182866355146746,0.451718804947599,"WP_011807398.1"
"lcl|NC_008783.1_cds_WP_005767595.1_919",226.520076141181,-0.131954033582271,0.179964304819311,0.323970921435053,0.588623223452419,"WP_005767595.1"
"lcl|NC_008783.1_cds_WP_005767598.1_920",81.0705097841406,-0.28097231416997,0.22346742540573,0.0625810311148233,0.253527212377308,"WP_005767598.1"
"lcl|NC_008783.1_cds_WP_005767599.1_921",573.014606266263,-0.362733916983278,0.305835859929859,0.0358586935953536,0.172032823405808,"WP_005767599.1"
"lcl|NC_008783.1_cds_WP_005767601.1_922",124.702076587013,-0.0149244453541516,0.187798207494031,0.911726541442061,0.95620100687826,"WP_005767601.1"
"lcl|NC_008783.1_cds_WP_005767603.1_923",572.22682429369,-0.114288184414828,0.122936760232763,0.284746829652097,0.556538158262585,"WP_005767603.1"
"lcl|NC_008783.1_cds_WP_005767604.1_924",36.8621387133282,0.474473992409014,0.386319436956667,0.014222621120321,0.0913753675371072,"WP_005767604.1"
"lcl|NC_008783.1_cds_WP_005767606.1_925",289.423934429496,0.603408111287656,0.402387341484113,0.00454500144656978,0.0432520219628484,"WP_005767606.1"
"lcl|NC_008783.1_cds_WP_005767608.1_926",1332.94834383072,0.564266054426323,0.375456199995479,0.00589164055624169,0.0526168821984354,"WP_005767608.1"
"lcl|NC_008783.1_cds_WP_005767609.1_927",388.004748217307,0.534054195896915,0.185572690562953,0.000230070048007223,0.00485656955884339,"WP_005767609.1"
"lcl|NC_008783.1_cds_WP_005767611.1_928",411.929338605997,1.49339680852619,0.209068422832483,4.03020143263881e-15,1.55968795443122e-12,"WP_005767611.1"
"lcl|NC_008783.1_cds_WP_005767613.1_929",841.706974975785,-0.0994801255337536,0.171258829667808,0.445693841724381,0.686273939313005,"WP_005767613.1"
"lcl|NC_008783.1_cds_WP_005767615.1_930",328.22305252901,0.022230831814557,0.166255739563321,0.862360057442487,0.935319226363365,"WP_005767615.1"
"lcl|NC_008783.1_cds_WP_011807401.1_931",285.978150980039,-0.0821481335928502,0.240126568423927,0.562628999858363,0.777367727170413,"WP_011807401.1"
"lcl|NC_008783.1_cds_BARBAKC583_RS06975_932",10.6863993761654,0.0945052193828587,0.335380561860614,0.434462691720228,0.677780798535591,"BARBAKC583_RS06975"
"lcl|NC_008783.1_cds_WP_005767620.1_933",4.99990907232705,0.0880453139717322,0.372224607332063,0.340208240050726,0.599456212015542,"WP_005767620.1"
"lcl|NC_008783.1_cds_BARBAKC583_RS07115_934",29.183627491725,0.0566037501110476,0.274120520984164,0.680141031375845,0.84408756707291,"BARBAKC583_RS07115"
"lcl|NC_008783.1_cds_BARBAKC583_RS05130_935",62.0128412636669,0.0570752538107314,0.257743627395848,0.682830030356494,0.844804444747455,"BARBAKC583_RS05130"
"lcl|NC_008783.1_cds_WP_005767624.1_936",55.2898329304619,-0.0649718703367272,0.234606690231961,0.645042229679148,0.823865818105051,"WP_005767624.1"
"lcl|NC_008783.1_cds_WP_005767625.1_937",14.7742399958973,-0.0759421665543678,0.287824492383699,0.576708584693849,0.788363666842987,"WP_005767625.1"
"lcl|NC_008783.1_cds_WP_172952862.1_938",11.8648255030841,0.0516589238024283,0.284898729599851,0.701030856547103,0.852430909576394,"WP_172952862.1"
"lcl|NC_008783.1_cds_WP_005767633.1_939",8.6837061724566,-0.0714859947274849,0.303189210990021,0.58539481710153,0.792630150741548,"WP_005767633.1"
"lcl|NC_008783.1_cds_WP_005767636.1_940",151.31580123014,-0.0855036980555916,0.229819070070508,0.546385811702162,0.762444624262271,"WP_005767636.1"
"lcl|NC_008783.1_cds_WP_005767638.1_941",76.5890282094498,0.660382829397415,0.423888379080025,0.00292921404155862,0.0314890509467552,"WP_005767638.1"
"lcl|NC_008783.1_cds_WP_005767639.1_942",85.4925643833252,0.330099726769251,0.349210708306938,0.0526338976632765,0.223838663688879,"WP_005767639.1"
"lcl|NC_008783.1_cds_WP_225866722.1_943",12.0752203917355,0.0767575120378182,0.320825644050647,0.538104994255227,0.757496287659132,"WP_225866722.1"
"lcl|NC_008783.1_cds_WP_236822979.1_944",35.1006771196781,-0.0283367214256987,0.293368204097648,0.828171728447868,0.923638210113329,"WP_236822979.1"
"lcl|NC_008783.1_cds_BARBAKC583_RS05190_945",31.300980001237,-0.098848608490393,0.273455063570207,0.483504833487438,0.719741262827485,"BARBAKC583_RS05190"
"lcl|NC_008783.1_cds_WP_005767646.1_946",1.44492127922262,0.0352892035865781,0.361914422244315,0.682697690799366,NA,"WP_005767646.1"
"lcl|NC_008783.1_cds_BARBAKC583_RS05215_947",128.617803263132,-0.105000501915752,0.252780622983599,0.463447752469932,0.703350118454367,"BARBAKC583_RS05215"
"lcl|NC_008783.1_cds_WP_005767654.1_948",220.802727164107,-0.135848035446088,0.218079495299531,0.341590360348053,0.599456212015542,"WP_005767654.1"
"lcl|NC_008783.1_cds_WP_005767656.1_949",4.52561163743332,0.0606188847797353,0.342744768582473,0.577182701823031,0.788363666842987,"WP_005767656.1"
"lcl|NC_008783.1_cds_WP_225866723.1_950",1.59588044837105,0.0364639029726119,0.382532012398437,0.536875181546701,NA,"WP_225866723.1"
"lcl|NC_008783.1_cds_WP_005767662.1_951",2544.14053893998,-0.724178421626329,0.411654633213967,0.00155279960324416,0.0200311148818497,"WP_005767662.1"
"lcl|NC_008783.1_cds_WP_005767664.1_952",4956.48681402724,-0.609992299164929,0.32944295652886,0.00250956638185594,0.0282874424207257,"WP_005767664.1"
"lcl|NC_008783.1_cds_WP_005767666.1_953",1640.20892808196,-1.17794577438862,0.309881522718774,1.32892099338324e-06,6.70816205790407e-05,"WP_005767666.1"
"lcl|NC_008783.1_cds_WP_005767668.1_954",555.425136621386,1.26352946181651,0.200020455342769,5.28394008198778e-12,1.02244240586464e-09,"WP_005767668.1"
"lcl|NC_008783.1_cds_WP_005767671.1_955",781.892223659487,-0.0348630914503283,0.163630847489631,0.784161907404354,0.900269451990704,"WP_005767671.1"
"lcl|NC_008783.1_cds_WP_005767674.1_956",454.303617908255,-0.132603620656781,0.168889403432627,0.307345549998491,0.575897913208422,"WP_005767674.1"
"lcl|NC_008783.1_cds_WP_005767675.1_957",239.790938085198,0.227787866900383,0.197104532735058,0.106964079623822,0.349542126262489,"WP_005767675.1"
"lcl|NC_008783.1_cds_WP_005767676.1_958",3087.36962534551,0.310606605934269,0.206500935777868,0.0345091036138834,0.167974808483691,"WP_005767676.1"
"lcl|NC_008783.1_cds_WP_005767677.1_959",565.55235725642,0.07289361851657,0.194966687177463,0.594135577865811,0.799375491683411,"WP_005767677.1"
"lcl|NC_008783.1_cds_WP_005767678.1_960",1285.31462281838,0.178419613706062,0.186251447315565,0.191679195758585,0.461700303476591,"WP_005767678.1"
"lcl|NC_008783.1_cds_WP_005767679.1_961",1421.13260272181,0.369256201739173,0.24011294807651,0.0209794211112503,0.11939758779491,"WP_005767679.1"
"lcl|NC_008783.1_cds_WP_005767680.1_962",147.329762197839,0.38716513240929,0.271319272006466,0.0220435375176735,0.124235665330189,"WP_005767680.1"
"lcl|NC_008783.1_cds_BARBAKC583_RS05335_963",14.143175773486,-0.244360389623876,0.335279550465688,0.116520427398367,0.364636701373326,"BARBAKC583_RS05335"
"lcl|NC_008783.1_cds_WP_005767682.1_964",3.30533881888843,-0.150620537542725,0.388038421770344,0.160300668350885,0.424926863080414,"WP_005767682.1"
"lcl|NC_008783.1_cds_WP_005767683.1_965",1670.25474599084,0.0766823883141697,0.185593054049691,0.56891947711772,0.782601318641792,"WP_005767683.1"
"lcl|NC_008783.1_cds_WP_005767694.1_966",1311.61318037013,-0.357017958104862,0.159308672339895,0.00517526023059634,0.0476863264104948,"WP_005767694.1"
"lcl|NC_008783.1_cds_WP_005767696.1_967",362.848718746594,-0.588792549669354,0.182720636003911,5.24213310149906e-05,0.00160160961337905,"WP_005767696.1"
"lcl|NC_008783.1_cds_WP_005767698.1_968",119.337073562155,-0.0852711255174393,0.221413717392216,0.54570601035111,0.762444624262271,"WP_005767698.1"
"lcl|NC_008783.1_cds_WP_005767700.1_969",138.764003177749,-0.169746292040092,0.220617968325896,0.241239149730127,0.522534800068429,"WP_005767700.1"
"lcl|NC_008783.1_cds_WP_005767702.1_970",449.446602876259,-0.00050807082049892,0.15863193192105,0.996764132997678,0.998802647133342,"WP_005767702.1"
"lcl|NC_008783.1_cds_WP_005767704.1_971",501.779667522449,0.284421246881074,0.219879524691972,0.0580466477171453,0.238979283686545,"WP_005767704.1"
"lcl|NC_008783.1_cds_WP_005767706.1_972",4035.94295839514,0.311202452638302,0.141161460184565,0.00811802381102493,0.0668441535078011,"WP_005767706.1"
"lcl|NC_008783.1_cds_WP_011807408.1_973",1750.18882619339,-0.077212364399253,0.247168818918781,0.585359237674945,0.792630150741548,"WP_011807408.1"
"lcl|NC_008783.1_cds_WP_005767710.1_974",3575.08503232423,0.063241748262906,0.232839449882751,0.653637740281725,0.83197304737351,"WP_005767710.1"
"lcl|NC_008783.1_cds_WP_005767713.1_975",411.073548646526,-0.0935051187938001,0.219395818130616,0.507950488855929,0.737180696343199,"WP_005767713.1"
"lcl|NC_008783.1_cds_WP_005767715.1_976",240.731653015666,-0.545761049344273,0.224955795652984,0.000848961094452389,0.0128005692293406,"WP_005767715.1"
"lcl|NC_008783.1_cds_WP_005767717.1_977",270.455559947203,-0.126355889583133,0.182296625102203,0.347248205850328,0.603174239991046,"WP_005767717.1"
"lcl|NC_008783.1_cds_WP_005767719.1_978",92.75839741242,-0.150620206503064,0.262050700422465,0.305647153416723,0.574541194835603,"WP_005767719.1"
"lcl|NC_008783.1_cds_WP_005767721.1_979",1366.82838958672,0.101667243377723,0.182289813589901,0.448170177505694,0.689172948455776,"WP_005767721.1"
"lcl|NC_008783.1_cds_WP_005767722.1_980",135.013184815075,0.176917436785457,0.25136609912154,0.235228735047065,0.515284078093666,"WP_005767722.1"
"lcl|NC_008783.1_cds_WP_005767724.1_981",203.856993515295,0.203429065535425,0.210434965884479,0.158321644432188,0.424506764863212,"WP_005767724.1"
"lcl|NC_008783.1_cds_WP_005767726.1_982",2523.95649345571,0.347429112002662,0.263452716206779,0.0345787934776934,0.167974808483691,"WP_005767726.1"
"lcl|NC_008783.1_cds_WP_005767728.1_983",2169.65159935497,0.315704733961241,0.25206697466363,0.0480909610880994,0.210692852163333,"WP_005767728.1"
"lcl|NC_008783.1_cds_WP_005767730.1_984",6501.66701329215,0.126760247399426,0.183371235183912,0.346908834478525,0.603174239991046,"WP_005767730.1"
"lcl|NC_008783.1_cds_WP_005767732.1_985",1938.35206374089,1.16165359821405,0.255569203295115,8.40966937377875e-08,7.51048164842856e-06,"WP_005767732.1"
"lcl|NC_008783.1_cds_WP_005767738.1_986",69.793066731894,0.124933407109773,0.212876058536133,0.377509968919608,0.63245176611207,"WP_005767738.1"
"lcl|NC_008783.1_cds_WP_005767740.1_987",420.347870687961,-0.00975005694227568,0.170871777095935,0.940128014917874,0.972806261425715,"WP_005767740.1"
"lcl|NC_008783.1_cds_WP_005767742.1_988",292.550943606619,0.187775188922392,0.202164710308779,0.184637356262424,0.45342292883938,"WP_005767742.1"
"lcl|NC_008783.1_cds_WP_005767744.1_989",784.807688198239,-0.08459516841305,0.166400486787409,0.510526810531736,0.737180696343199,"WP_005767744.1"
"lcl|NC_008783.1_cds_WP_005767746.1_990",532.156695196068,0.0755211290649607,0.168332148116605,0.558894226812915,0.774315271276604,"WP_005767746.1"
"lcl|NC_008783.1_cds_WP_005767748.1_991",1870.04134971062,0.622620828087794,0.267954962522536,0.000761877799485792,0.0119207290219621,"WP_005767748.1"
"lcl|NC_008783.1_cds_WP_051007750.1_992",1632.08889352928,-0.182280282516013,0.249128697088397,0.222158149155699,0.498888996459897,"WP_051007750.1"
"lcl|NC_008783.1_cds_WP_052467648.1_993",239.611688481658,-0.105170627540489,0.241815635767014,0.46285739588794,0.703350118454367,"WP_052467648.1"
"lcl|NC_008783.1_cds_WP_005767753.1_994",1971.70661933439,-0.225369337342368,0.237150828692341,0.135184059512124,0.39237173273394,"WP_005767753.1"
"lcl|NC_008783.1_cds_WP_011807413.1_995",2809.25162500941,0.730119805186764,0.163414974920864,1.94338211985307e-07,1.42583511458309e-05,"WP_011807413.1"
"lcl|NC_008783.1_cds_WP_005767757.1_996",96.8432147116182,-0.185769185272649,0.19310754950861,0.181238607764011,0.449507907624257,"WP_005767757.1"
"lcl|NC_008783.1_cds_WP_005767758.1_997",145.729479458758,0.186797684273511,0.28802376912975,0.214452307939125,0.488643794893128,"WP_005767758.1"
"lcl|NC_008783.1_cds_WP_005767760.1_998",141.964585949376,0.113208526102465,0.239605597721961,0.430789300102363,0.677780798535591,"WP_005767760.1"
"lcl|NC_008783.1_cds_WP_005767762.1_999",361.691151328798,0.0538691923271349,0.219769802758632,0.700383692645695,0.852430909576394,"WP_005767762.1"
"lcl|NC_008783.1_cds_WP_011807415.1_1000",582.08809672922,0.199440378402514,0.231972673534309,0.178907682046526,0.449252233420822,"WP_011807415.1"
"lcl|NC_008783.1_cds_WP_005767766.1_1001",596.280748855099,0.160349125655048,0.214685995857959,0.263281186463265,0.541007889351947,"WP_005767766.1"
"lcl|NC_008783.1_cds_WP_005767768.1_1002",159.687073404352,0.141351865319904,0.275732593504175,0.331333464995023,0.598028178451918,"WP_005767768.1"
"lcl|NC_008783.1_cds_WP_005767770.1_1003",1974.55983045344,0.499844993232235,0.302951227475074,0.00705998664090677,0.0596921562838384,"WP_005767770.1"
"lcl|NC_008783.1_cds_WP_005767773.1_1004",487.382903215122,0.205903280742756,0.214999682212321,0.156691816830065,0.424347199631964,"WP_005767773.1"
"lcl|NC_008783.1_cds_WP_005767776.1_1005",400.878461313396,0.435945838627021,0.253127870089029,0.00930519801644807,0.0720222326473081,"WP_005767776.1"
"lcl|NC_008783.1_cds_WP_005767779.1_1006",517.322350033419,0.194417862258757,0.218050262520522,0.18158415906613,0.449507907624257,"WP_005767779.1"
"lcl|NC_008783.1_cds_WP_005767781.1_1007",761.499790094033,0.160013882895221,0.178136869047277,0.231048404627259,0.512478089619298,"WP_005767781.1"
"lcl|NC_008783.1_cds_WP_005767784.1_1008",747.380366221792,0.241327200066266,0.241654227014989,0.113954621024763,0.359586903614803,"WP_005767784.1"
"lcl|NC_008783.1_cds_WP_005767788.1_1009",1005.57404396483,0.235964002801358,0.189254025510908,0.0894094573543509,0.316476768257321,"WP_005767788.1"
"lcl|NC_008783.1_cds_WP_005767791.1_1010",625.066132850591,0.042749728930537,0.230333829748882,0.760476942823948,0.889432526181644,"WP_005767791.1"
"lcl|NC_008783.1_cds_WP_005767793.1_1011",407.539331549313,-0.113842965409099,0.214817827891844,0.420893152729975,0.668692328085832,"WP_005767793.1"
"lcl|NC_008783.1_cds_WP_011807418.1_1012",599.295598489743,-0.0675936129253706,0.189702253526788,0.617955448650489,0.807934995363984,"WP_011807418.1"
"lcl|NC_008783.1_cds_WP_011807419.1_1013",176.800547284834,0.300286203897522,0.320471150326524,0.0704627817973329,0.276375978603728,"WP_011807419.1"
"lcl|NC_008783.1_cds_WP_005767802.1_1014",464.231681233764,0.0363421810627502,0.241249957214246,0.795158473539071,0.908562408558718,"WP_005767802.1"
"lcl|NC_008783.1_cds_WP_005767804.1_1015",286.31172642971,-0.189042474910848,0.196556523215703,0.177058518612646,0.446880304585396,"WP_005767804.1"
"lcl|NC_008783.1_cds_WP_005767806.1_1016",253.690486981263,-0.0939405624972907,0.203144264429602,0.49877047268047,0.733013634869853,"WP_005767806.1"
"lcl|NC_008783.1_cds_WP_005767808.1_1017",225.774780513773,-0.123221026921857,0.21174668604808,0.383234340382959,0.63927452469054,"WP_005767808.1"
"lcl|NC_008783.1_cds_WP_005767810.1_1018",416.936094182008,0.152872041328454,0.191854070662067,0.267157328889498,0.548002930813971,"WP_005767810.1"
"lcl|NC_008783.1_cds_WP_005767811.1_1019",677.868137155286,0.00927401197526639,0.142718170978966,0.937371214002088,0.971685695943236,"WP_005767811.1"
"lcl|NC_008783.1_cds_WP_005767813.1_1020",34.7207610340256,0.0240201669114688,0.229996098808732,0.863619475160661,0.935319226363365,"WP_005767813.1"
"lcl|NC_008783.1_cds_WP_005767815.1_1021",80.91915487353,-0.0679781558500783,0.220695654885159,0.628427248151987,0.81696636743498,"WP_005767815.1"
"lcl|NC_008783.1_cds_WP_005767817.1_1022",467.396129374086,0.07119744328178,0.182260386495346,0.594195563585516,0.799375491683411,"WP_005767817.1"
"lcl|NC_008783.1_cds_WP_005767821.1_1023",567.834371669544,-0.132889984682,0.209919330916607,0.347152563689687,0.603174239991046,"WP_005767821.1"
"lcl|NC_008783.1_cds_WP_005767823.1_1024",152.550615131741,-0.291973027467667,0.279175141473843,0.072046747487543,0.276974416665687,"WP_005767823.1"
"lcl|NC_008783.1_cds_WP_005767824.1_1025",153.107654015496,0.226608939182483,0.206010742376586,0.115326752211627,0.361876646804591,"WP_005767824.1"
"lcl|NC_008783.1_cds_WP_005767826.1_1026",277.708351833374,0.312680807852885,0.172110781786173,0.0190689948634608,0.112381233687706,"WP_005767826.1"
"lcl|NC_008783.1_cds_WP_005767829.1_1027",293.716766916078,-0.0209557894371235,0.199098006703121,0.878383938867412,0.940778369949323,"WP_005767829.1"
"lcl|NC_008783.1_cds_WP_005767831.1_1028",584.4136296361,0.458546473929588,0.305638302354223,0.0119315498901967,0.0842178738383071,"WP_005767831.1"
"lcl|NC_008783.1_cds_WP_005767835.1_1029",40.6319586045399,0.368146555998291,0.281307539272146,0.0299673935126903,0.153269356247725,"WP_005767835.1"
"lcl|NC_008783.1_cds_WP_005767837.1_1030",543.925143163758,0.178528979248403,0.192096959662732,0.197282815501775,0.467439487341961,"WP_005767837.1"
"lcl|NC_008783.1_cds_WP_005767840.1_1031",86627.6465519098,1.8671703449241,0.364116887731514,5.36938774109725e-11,7.79232395926738e-09,"WP_005767840.1"
"lcl|NC_008783.1_cds_WP_005767842.1_1032",8716.8359788042,1.43943102713432,0.371971837593936,2.5847052601724e-07,1.76520165121186e-05,"WP_005767842.1"
"lcl|NC_008783.1_cds_WP_005767844.1_1033",4827.51787820343,0.26158121707643,0.224247930331555,0.0815051712239223,0.296637942918413,"WP_005767844.1"
"lcl|NC_008783.1_cds_WP_005767846.1_1034",847.952758788925,-0.462249802270251,0.14028485590148,9.07549738492038e-05,0.0024503842939285,"WP_005767846.1"
"lcl|NC_008783.1_cds_WP_005767848.1_1035",25929.9072400222,-0.0454293374540045,0.170358331433418,0.726231358061819,0.863887916710832,"WP_005767848.1"
"lcl|NC_008783.1_cds_WP_005767850.1_1036",833.038621274473,-0.229494398499219,0.125965907763116,0.0344748549578962,0.167974808483691,"WP_005767850.1"
"lcl|NC_008783.1_cds_WP_005767852.1_1038",0.255118291509546,0,0.391775655392142,1,NA,"WP_005767852.1"
"lcl|NC_008783.1_cds_WP_005767854.1_1039",826.930549190942,-0.207076874148731,0.307876606837042,0.173223783906234,0.441125524609555,"WP_005767854.1"
"lcl|NC_008783.1_cds_BARBAKC583_RS07000_1041",1.20182890681445,-0.00442485971365352,0.363189278899508,0.956545043075197,NA,"BARBAKC583_RS07000"
"lcl|NC_008783.1_cds_BARBAKC583_RS05780_1042",0.558396487292031,-0.0361051988060859,0.381214681288174,0.554307963834822,NA,"BARBAKC583_RS05780"
"lcl|NC_008783.1_cds_WP_035453368.1_1043",1.32286859298074,-0.0145211096519285,0.370978534651214,0.839512503682369,NA,"WP_035453368.1"
"lcl|NC_008783.1_cds_BARBAKC583_RS07135_1044",29.1975145441777,-0.0570207568180034,0.227409171671968,0.6849568495832,0.844804444747455,"BARBAKC583_RS07135"
"lcl|NC_008783.1_cds_WP_005767864.1_1045",74.3240323238471,-0.169575750001842,0.201376326409362,0.228300972107364,0.509725824262788,"WP_005767864.1"
"lcl|NC_008783.1_cds_WP_005767865.1_1046",242.964714542383,-0.188624737189698,0.259279658293669,0.210304907503023,0.483121339259002,"WP_005767865.1"
"lcl|NC_008783.1_cds_WP_005767866.1_1047",2017.43487243145,0.0269738854938813,0.152226931013681,0.825801848911865,0.923638210113329,"WP_005767866.1"
"lcl|NC_008783.1_cds_WP_005767867.1_1048",118.167541153502,0.129760529486902,0.239408751295408,0.370018593255869,0.625315264585246,"WP_005767867.1"
"lcl|NC_008783.1_cds_WP_005767868.1_1049",132.682193552844,-0.00577834825229077,0.186925408925919,0.965705698447304,0.989322349764096,"WP_005767868.1"
"lcl|NC_008783.1_cds_WP_005767869.1_1050",210.893357830142,-0.125209816933886,0.183987822697342,0.353406164264764,0.60966501740177,"WP_005767869.1"
"lcl|NC_008783.1_cds_WP_005767870.1_1051",1000.30648395903,0.0977094058954016,0.158253402699203,0.435799386032667,0.677780798535591,"WP_005767870.1"
"lcl|NC_008783.1_cds_BARBAKC583_RS05845_1052",122.816004354809,-0.0658721415986541,0.236155350223883,0.640600234821839,0.822116781793098,"BARBAKC583_RS05845"
"lcl|NC_008783.1_cds_WP_005767874.1_1053",390.035381957642,0.358561042055031,0.156450240080086,0.00449919176852983,0.043169930936059,"WP_005767874.1"
"lcl|NC_008783.1_cds_WP_005767876.1_1054",5743.65048634809,-0.0931758051002677,0.285709439614099,0.500918143479505,0.733013634869853,"WP_005767876.1"
"lcl|NC_008783.1_cds_WP_005767877.1_1055",264.708126440914,-0.318567905561467,0.256910227290522,0.0477675681657211,0.210068737274251,"WP_005767877.1"
"lcl|NC_008783.1_cds_WP_005767879.1_1056",117.587001767506,-0.167097796515164,0.206026388520632,0.238605956089005,0.519035203335946,"WP_005767879.1"
"lcl|NC_008783.1_cds_WP_005767881.1_1057",437.418628726063,-0.0853386208985332,0.176078960918694,0.517732509964771,0.740435855779451,"WP_005767881.1"
"lcl|NC_008783.1_cds_WP_005767883.1_1058",428.590246957849,-0.17972921244744,0.16247457619176,0.159356881397922,0.424926863080414,"WP_005767883.1"
"lcl|NC_008783.1_cds_WP_005767885.1_1059",331.034979100186,-1.21615478723539,0.32894320473197,1.57935525124712e-06,7.33452578679163e-05,"WP_005767885.1"
"lcl|NC_008783.1_cds_BARBAKC583_RS05885_1060",992.595605795625,-0.198685255617751,0.252669067225402,0.188132694828444,0.455995947172909,"BARBAKC583_RS05885"
"lcl|NC_008783.1_cds_WP_005767886.1_1061",1537.78919942235,0.389845995853295,0.150303503891952,0.00155042684313879,0.0200311148818497,"WP_005767886.1"
"lcl|NC_008783.1_cds_WP_005767888.1_1062",74.2093973741245,-0.0939301422628382,0.237304127413946,0.509739643088723,0.737180696343199,"WP_005767888.1"
"lcl|NC_008783.1_cds_WP_005767890.1_1063",936.502542697673,-0.0306186065694467,0.214739950507221,0.825793708836523,0.923638210113329,"WP_005767890.1"
"lcl|NC_008783.1_cds_WP_005767892.1_1064",101.904744702249,-0.0460802265550706,0.197760663718768,0.736513182966703,0.869879761367592,"WP_005767892.1"
"lcl|NC_008783.1_cds_WP_005767894.1_1065",3619.70143228022,0.000884995408804813,0.192581284583858,0.994794692760556,0.998802647133342,"WP_005767894.1"
"lcl|NC_008783.1_cds_WP_005767896.1_1066",2991.70157392783,0.658445026260611,0.233034811213488,0.000148632918977503,0.00338358468495845,"WP_005767896.1"
"lcl|NC_008783.1_cds_WP_005767899.1_1067",92872.4632235593,0.164008722211044,0.259296115442594,0.268697803352892,0.548256853589995,"WP_005767899.1"
"lcl|NC_008783.1_cds_WP_005767902.1_1068",5760.11216344924,0.0557253132564062,0.247784006311351,0.691419228007151,0.848812788688836,"WP_005767902.1"
"lcl|NC_008783.1_cds_WP_005767905.1_1069",20.7156567224088,0.0390250934047995,0.257017488431797,0.778771593972676,0.89811445577552,"WP_005767905.1"
"lcl|NC_008783.1_cds_WP_005767908.1_1070",1829.32249797885,-0.232536199697241,0.268287564468463,0.13451886193165,0.39237173273394,"WP_005767908.1"
"lcl|NC_008783.1_cds_WP_172952870.1_1071",648.966709036419,-0.619489099673631,0.200176283287772,7.12329954087856e-05,0.0019793222131242,"WP_172952870.1"
"lcl|NC_008783.1_cds_WP_005767914.1_1072",2656.42641093496,-0.794244860858493,0.19976877643063,1.56169563309632e-06,7.33452578679163e-05,"WP_005767914.1"
"lcl|NC_008783.1_cds_WP_005767917.1_1073",67.0273489454833,-0.0194687488564891,0.204055330422178,0.887589629641059,0.945215789601007,"WP_005767917.1"
"lcl|NC_008783.1_cds_WP_005767919.1_1074",642.110135637483,0.184188356436591,0.186389120235078,0.178233635890959,0.448870393209118,"WP_005767919.1"
"lcl|NC_008783.1_cds_WP_011807428.1_1075",331.273087701259,0.154739452700942,0.188121257578238,0.257761376828305,0.532492808714701,"WP_011807428.1"
"lcl|NC_008783.1_cds_WP_005767923.1_1076",390.226230088721,0.211624218028672,0.156183403383499,0.0906530956395328,0.319407661323555,"WP_005767923.1"
"lcl|NC_008783.1_cds_WP_005767925.1_1077",263.651671575159,0.133285367072418,0.154389714464246,0.281822369988795,0.556538158262585,"WP_005767925.1"
"lcl|NC_008783.1_cds_WP_005767927.1_1078",636.031714152766,-0.237679668242412,0.214351962414581,0.10489949616136,0.345009391057618,"WP_005767927.1"
"lcl|NC_008783.1_cds_WP_011807429.1_1079",1376.14521885187,-0.0666755612353632,0.182519801763652,0.617888894429728,0.807934995363984,"WP_011807429.1"
"lcl|NC_008783.1_cds_WP_005767934.1_1080",784.952531538575,-0.203623859386733,0.15798555203279,0.105733582124511,0.346770307476151,"WP_005767934.1"
"lcl|NC_008783.1_cds_WP_005767936.1_1081",883.076706883445,-0.321319946571954,0.153247746968786,0.00969778543403547,0.073589077705328,"WP_005767936.1"
"lcl|NC_008783.1_cds_WP_005767938.1_1082",188.16348016647,0.0471597745267519,0.175022035158799,0.719427486200212,0.860920847088038,"WP_005767938.1"
"lcl|NC_008783.1_cds_BARBAKC583_RS06000_1083",32.9586387216547,0.00216544379080996,0.237127006968581,0.987625375212297,0.998802647133342,"BARBAKC583_RS06000"
"lcl|NC_008783.1_cds_BARBAKC583_RS07250_1084",147.482129965406,-0.172631323675117,0.294191877436428,0.243487289879988,0.525443761246591,"BARBAKC583_RS07250"
"lcl|NC_008783.1_cds_BARBAKC583_RS06010_1085",84.8740100593026,0.0725433713455254,0.209059742466121,0.602503444162086,0.803485297909208,"BARBAKC583_RS06010"
"lcl|NC_008783.1_cds_WP_005767943.1_1086",580.46524280432,-0.00560926855694757,0.2233343389789,0.967921705207356,0.989322349764096,"WP_005767943.1"
"lcl|NC_008783.1_cds_WP_005767945.1_1087",346.548444103962,0.235728931023208,0.200131774669829,0.0980333092980118,0.331827032346914,"WP_005767945.1"
"lcl|NC_008783.1_cds_WP_035453357.1_1088",1039.89200774439,-0.0675695659013643,0.184688299210464,0.614771029266344,0.807934995363984,"WP_035453357.1"
"lcl|NC_008783.1_cds_WP_005767949.1_1089",3955.59160240881,0.316390315899504,0.305842056631726,0.0589549878246681,0.241861275139363,"WP_005767949.1"
"lcl|NC_008783.1_cds_WP_005767951.1_1090",218.801443572058,0.449852672414056,0.339065433836463,0.0160063446839483,0.0999105708498063,"WP_005767951.1"
"lcl|NC_008783.1_cds_WP_005767953.1_1091",1218.67684116013,-0.17289650410696,0.266048169333646,0.246748112572367,0.52855084630354,"WP_005767953.1"
"lcl|NC_008783.1_cds_WP_005767955.1_1092",96.3004061626541,-0.175331236747787,0.290190062368107,0.238549169635677,0.519035203335946,"WP_005767955.1"
"lcl|NC_008783.1_cds_WP_005767957.1_1093",2074.33374067564,-0.528457577378287,0.162965510681889,6.85026729725755e-05,0.0019793222131242,"WP_005767957.1"
"lcl|NC_008783.1_cds_WP_011807432.1_1094",2790.20277962055,-0.0558479317653409,0.185160024067137,0.677421822421793,0.843578965297789,"WP_011807432.1"
"lcl|NC_008783.1_cds_WP_005767962.1_1095",4439.24232629048,-0.226984076250728,0.314999124894317,0.142337441690332,0.40305797512799,"WP_005767962.1"
"lcl|NC_008783.1_cds_WP_005767965.1_1096",2149.78843921404,-0.148117453399346,0.137387640786913,0.19894608978745,0.469269383611342,"WP_005767965.1"
"lcl|NC_008783.1_cds_WP_005767968.1_1097",524.579739542802,-0.0217693270286398,0.174528333629937,0.868032537209743,0.939145847283091,"WP_005767968.1"
"lcl|NC_008783.1_cds_WP_005767971.1_1098",2470.98649220051,-0.157797377594219,0.220064616450991,0.27374098169796,0.549849964967701,"WP_005767971.1"
"lcl|NC_008783.1_cds_WP_011807433.1_1099",709.302223900815,0.131425634698169,0.195725581271676,0.341808796170791,0.599456212015542,"WP_011807433.1"
"lcl|NC_008783.1_cds_WP_005767976.1_1100",243.450390120543,-0.40639114495579,0.204885022253425,0.00655004448523994,0.0568671084052978,"WP_005767976.1"
"lcl|NC_008783.1_cds_WP_011807434.1_1101",478.116335909756,0.543300078676402,0.212733327219047,0.000595110701931582,0.0103122914170532,"WP_011807434.1"
"lcl|NC_008783.1_cds_WP_005767980.1_1102",1775.75226906194,0.40796784930648,0.22901617914323,0.0100262787891894,0.0751000624145091,"WP_005767980.1"
"lcl|NC_008783.1_cds_WP_005767982.1_1103",273.726444622978,0.0199483433072491,0.186873583595506,0.88202588342939,0.942071803736451,"WP_005767982.1"
"lcl|NC_008783.1_cds_WP_005767983.1_1104",3455.71901120612,-0.0931715322348779,0.200200017681734,0.500488512840093,0.733013634869853,"WP_005767983.1"
"lcl|NC_008783.1_cds_WP_005767985.1_1105",162.254576859621,-0.0270998029833449,0.176902356384708,0.837043898806667,0.927297677971889,"WP_005767985.1"
"lcl|NC_008783.1_cds_WP_005767988.1_1106",314.20598208426,-0.238937357422314,0.198902615513494,0.0928881115336816,0.320961599674418,"WP_005767988.1"
"lcl|NC_008783.1_cds_WP_005767991.1_1107",2084.53413920953,0.285390494246857,0.173353389950954,0.0326200551962039,0.162540275033445,"WP_005767991.1"
"lcl|NC_008783.1_cds_WP_005767993.1_1108",3652.42694348341,0.332687165286707,0.236257863013037,0.0339908567234672,0.167217731592989,"WP_005767993.1"
"lcl|NC_008783.1_cds_WP_005767995.1_1109",392.872814421818,0.183167272295207,0.165462555245263,0.155703751531738,0.424347199631964,"WP_005767995.1"
"lcl|NC_008783.1_cds_WP_005767996.1_1110",1644.47854240806,0.0409959933534209,0.189046882047424,0.761495203294189,0.889432526181644,"WP_005767996.1"
"lcl|NC_008783.1_cds_WP_005767998.1_1111",688.130136882723,0.0436737212540187,0.153275169536979,0.722642724703906,0.86142980633255,"WP_005767998.1"
"lcl|NC_008783.1_cds_WP_011807436.1_1112",941.63355824011,-0.138515379920845,0.208434476221905,0.326861382055019,0.591099789043422,"WP_011807436.1"
"lcl|NC_008783.1_cds_WP_005768003.1_1113",120.327358575212,-0.128409274186009,0.214844871919202,0.365923237761842,0.622927975134162,"WP_005768003.1"
"lcl|NC_008783.1_cds_WP_011807437.1_1114",522.522389609289,0.00280798776787707,0.234546679784841,0.983959248365996,0.996838296119478,"WP_011807437.1"
"lcl|NC_008783.1_cds_WP_005768006.1_1115",1015.92490119507,0.0666924129911554,0.177362419296408,0.613798675366179,0.807934995363984,"WP_005768006.1"
"lcl|NC_008783.1_cds_WP_005768008.1_1116",128.794738292761,0.205194324420306,0.218573121725925,0.160308325606565,0.424926863080414,"WP_005768008.1"
"lcl|NC_008783.1_cds_WP_044051781.1_1117",407.500608383597,-0.172043667747076,0.149573521687401,0.157474983597952,0.424347199631964,"WP_044051781.1"
"lcl|NC_008783.1_cds_WP_005768012.1_1118",1781.34697053988,0.976061762788626,0.239522284179796,8.61843548869752e-07,4.76476362017991e-05,"WP_005768012.1"
"lcl|NC_008783.1_cds_WP_005768014.1_1119",5852.18460261669,1.12241369238733,0.161627170810491,1.39480179423806e-13,3.23872976622079e-11,"WP_005768014.1"
"lcl|NC_008783.1_cds_WP_005768015.1_1120",1513.58800501815,1.39292613756726,0.200356237782038,3.57346941249793e-14,1.03719949697752e-11,"WP_005768015.1"
"lcl|NC_008783.1_cds_WP_005768019.1_1121",84.3868936716273,0.114019558801979,0.23987009732804,0.427692278570415,0.675579231864288,"WP_005768019.1"
"lcl|NC_008783.1_cds_WP_005768021.1_1122",304.153792391515,0.351599960814026,0.214639881801012,0.0200130984997012,0.116176036790765,"WP_005768021.1"
"lcl|NC_008783.1_cds_WP_005768023.1_1123",1771.64569806316,0.236679625340564,0.200216471811615,0.0968148631788031,0.328660982896463,"WP_005768023.1"
"lcl|NC_008783.1_cds_WP_005768025.1_1124",2123.64411630436,-0.138631566157991,0.171135645273811,0.289228849498911,0.558292094849968,"WP_005768025.1"
"lcl|NC_008783.1_cds_WP_005768027.1_1125",356.181857795717,-0.112476993494247,0.170271616036221,0.38771533910618,0.642136246365585,"WP_005768027.1"
"lcl|NC_008783.1_cds_WP_005768028.1_1126",342.89590301005,-0.00506733021342501,0.171001819319347,0.968871241758637,0.989322349764096,"WP_005768028.1"
"lcl|NC_008783.1_cds_WP_005768031.1_1127",2055.11012040125,0.282044460983867,0.178655188790252,0.0377672574712454,0.179704040672606,"WP_005768031.1"
"lcl|NC_008783.1_cds_WP_011807439.1_1128",4610.92761273465,0.106002047703715,0.224178465827102,0.456176651576775,0.696869858527153,"WP_011807439.1"
"lcl|NC_008783.1_cds_WP_005768036.1_1129",3431.3400132874,-0.127835446070355,0.229660763290692,0.374286833829566,0.629778281269748,"WP_005768036.1"
"lcl|NC_008783.1_cds_WP_005768038.1_1130",4314.58439405074,-0.0344092332173615,0.131067188060662,0.758153781746729,0.888362638398553,"WP_005768038.1"
"lcl|NC_008783.1_cds_WP_005768040.1_1131",1133.0089538227,-0.042100025576502,0.262855901308079,0.76083735359125,0.889432526181644,"WP_005768040.1"
"lcl|NC_008783.1_cds_WP_005768042.1_1132",318.671918038484,-0.0138949113990597,0.219224692682788,0.920541903823084,0.962837072377118,"WP_005768042.1"
"lcl|NC_008783.1_cds_WP_011807442.1_1133",496.228237726161,0.0851262135258532,0.152689026337709,0.488493861755667,0.722473087259018,"WP_011807442.1"
"lcl|NC_008783.1_cds_WP_005768047.1_1134",44.6983016541153,-0.0838522209091684,0.211577535409087,0.549077801728175,0.763448296774145,"WP_005768047.1"
"lcl|NC_008783.1_cds_WP_005768049.1_1135",174.960496685565,-0.203631608128369,0.188659434629165,0.140014940821698,0.398424868367625,"WP_005768049.1"
"lcl|NC_008783.1_cds_WP_005768052.1_1136",212.104552433979,0.182558983125773,0.254220128181259,0.222711029887405,0.499165068917522,"WP_005768052.1"
"lcl|NC_008783.1_cds_WP_005768054.1_1137",856.353471435192,-0.36099990123569,0.169436329359867,0.0065634733215417,0.0568671084052978,"WP_005768054.1"
"lcl|NC_008783.1_cds_WP_005768057.1_1138",440.468009468969,-0.462910546624049,0.180695932380396,0.000973030413786778,0.0139467692642772,"WP_005768057.1"
"lcl|NC_008783.1_cds_WP_005768059.1_1139",927.534721849772,-0.657433013713309,0.282848662437826,0.000649060495129337,0.0109211483310893,"WP_005768059.1"
"lcl|NC_008783.1_cds_WP_172952863.1_1140",503.169288316866,-0.3726113952461,0.158863039209871,0.00350579268156199,0.0360196929494997,"WP_172952863.1"
"lcl|NC_008783.1_cds_WP_005768063.1_1141",1018.71574554601,-0.224106015481748,0.174534891765566,0.0924999935930272,0.320661480515074,"WP_005768063.1"
"lcl|NC_008783.1_cds_WP_005768066.1_1142",297.526886278167,-0.11242649785503,0.216152449893453,0.427136822653905,0.675579231864288,"WP_005768066.1"
"lcl|NC_008783.1_cds_WP_005768069.1_1143",1306.13014843472,0.0974737368920146,0.232341777943801,0.493847947083239,0.729462425653487,"WP_005768069.1"
"lcl|NC_008783.1_cds_BARBAKC583_RS06315_1144",2670.94926153403,-0.226502802171278,0.133242864908756,0.0448914292567506,0.19968946117658,"BARBAKC583_RS06315"
"lcl|NC_008783.1_cds_WP_005768075.1_1145",1667.32256641661,-0.14741696219589,0.133759826621429,0.193108151521088,0.463220173380131,"WP_005768075.1"
"lcl|NC_008783.1_cds_WP_005768077.1_1146",485.434404985903,0.0552304101412584,0.229799759583216,0.694408424457493,0.850148439666749,"WP_005768077.1"
"lcl|NC_008783.1_cds_WP_005768078.1_1147",426.638398137235,-0.376214925586809,0.178891656041175,0.00622673673540726,0.0547669799227866,"WP_005768078.1"
"lcl|NC_008783.1_cds_WP_005768080.1_1148",147.614791528463,-0.0691644305665004,0.203193965040296,0.617004930511779,0.807934995363984,"WP_005768080.1"
"lcl|NC_008783.1_cds_WP_005768082.1_1149",3501.52483235759,0.215426414861064,0.264415893506939,0.160295044367544,0.424926863080414,"WP_005768082.1"
"lcl|NC_008783.1_cds_WP_035453288.1_1150",1381.05487900139,-0.190039145838441,0.223253258246027,0.194078026368922,0.463946278901097,"WP_035453288.1"
"lcl|NC_008783.1_cds_WP_005768086.1_1151",855.256239528285,-0.296594623714528,0.156902266704588,0.0185291711421343,0.111463045057088,"WP_005768086.1"
"lcl|NC_008783.1_cds_WP_005768088.1_1152",121.722206472245,0.0268020630729494,0.210771604056924,0.84672802950964,0.934459355761115,"WP_005768088.1"
"lcl|NC_008783.1_cds_WP_005768090.1_1153",68.7911708106047,-0.110240371324066,0.189427141010899,0.418207882373607,0.668060442080963,"WP_005768090.1"
"lcl|NC_008783.1_cds_WP_005768092.1_1154",159.580693083732,-0.135510560000127,0.191706985410336,0.323728322669536,0.588623223452419,"WP_005768092.1"
"lcl|NC_008783.1_cds_WP_005768094.1_1155",782.944953019419,-0.18272975025777,0.15798247690137,0.146170325912994,0.40892469490358,"WP_005768094.1"
"lcl|NC_008783.1_cds_WP_005768096.1_1156",696.77434602861,0.248369787328846,0.19014172896864,0.075048256591844,0.28197743010722,"WP_005768096.1"
"lcl|NC_008783.1_cds_WP_005768098.1_1157",304.465923270231,0.0696134397731075,0.209657703793283,0.617263228990426,0.807934995363984,"WP_005768098.1"
"lcl|NC_008783.1_cds_WP_005768100.1_1158",927.494640427788,0.107838633245535,0.248835561323548,0.452314887012625,0.691880874600339,"WP_005768100.1"
"lcl|NC_008783.1_cds_WP_005768101.1_1159",299.531320128848,0.154457923533175,0.259177057373315,0.294652567787687,0.563577646130979,"WP_005768101.1"
"lcl|NC_008783.1_cds_WP_005768102.1_1160",170.104936158579,0.0240296903460219,0.190887301997625,0.859098912544727,0.9349934601937,"WP_005768102.1"
"lcl|NC_008783.1_cds_WP_035453351.1_1161",156.723737254747,0.157032074065292,0.270556449750961,0.28720220650792,0.558292094849968,"WP_035453351.1"
"lcl|NC_008783.1_cds_WP_005768104.1_1162",565.922051448218,-0.157875175907326,0.133212599460926,0.162209355762033,0.426703836598218,"WP_005768104.1"
"lcl|NC_008783.1_cds_WP_005768105.1_1163",1481.17858613581,-0.154083494757392,0.173497894177384,0.24260291487349,0.524510212603579,"WP_005768105.1"
"lcl|NC_008783.1_cds_WP_005768106.1_1164",584.619338410071,-0.0526961924997832,0.200515618201008,0.701623704474392,0.852430909576394,"WP_005768106.1"
"lcl|NC_008783.1_cds_WP_005768107.1_1165",170.460284056953,-0.0839910480348216,0.240237309047875,0.5541743604461,0.769612957509476,"WP_005768107.1"
"lcl|NC_008783.1_cds_WP_005768108.1_1166",386.394904825344,-0.109830103865048,0.188460425707603,0.419038527091849,0.668274354331919,"WP_005768108.1"
"lcl|NC_008783.1_cds_WP_005768109.1_1167",1819.83984551059,-0.207118136608145,0.145423271675531,0.0835362524099542,0.302160628034584,"WP_005768109.1"
"lcl|NC_008783.1_cds_WP_005768110.1_1168",1128.82627288326,-0.197759269253582,0.176742005382689,0.139049884720022,0.397627872315138,"WP_005768110.1"
"lcl|NC_008783.1_cds_WP_005768111.1_1169",221.341943228396,0.303483006596246,0.208157618741537,0.039284058359341,0.184308987865847,"WP_005768111.1"
"lcl|NC_008783.1_cds_WP_005768112.1_1170",348.588948160568,0.262615754872107,0.178534778805501,0.0524382043463804,0.223838663688879,"WP_005768112.1"
"lcl|NC_008783.1_cds_WP_005768114.1_1171",1102.49103171786,0.307049252660139,0.199329948570626,0.0333617276216785,0.164821130930931,"WP_005768114.1"
"lcl|NC_008783.1_cds_WP_005768116.1_1172",28607.2718924802,1.00668392165198,0.277619952194729,4.20615016407378e-06,0.000174405012160345,"WP_005768116.1"
"lcl|NC_008783.1_cds_WP_011807449.1_1173",1481.83526317321,0.0811261512870831,0.176534122613365,0.538925007412957,0.757496287659132,"WP_011807449.1"
"lcl|NC_008783.1_cds_WP_005768120.1_1174",1195.08858421288,1.1044923712176,0.236151837976637,5.59832547736082e-08,6.26546754464454e-06,"WP_005768120.1"
"lcl|NC_008783.1_cds_WP_011807451.1_1175",1145.87276868607,0.359502018496633,0.145303938512255,0.00276429369381455,0.0305651902716065,"WP_011807451.1"
"lcl|NC_008783.1_cds_WP_005768122.1_1176",3167.23820963576,0.624202864941175,0.20160404199972,6.94434666942862e-05,0.0019793222131242,"WP_005768122.1"
"lcl|NC_008783.1_cds_BARBAKC583_RS06490_1177",663.07761957053,-0.398613905906546,0.185619102714336,0.00471796724706433,0.0445330079174121,"BARBAKC583_RS06490"
"lcl|NC_008783.1_cds_WP_005768124.1_1178",309.676808315965,0.234044657535177,0.243782730409908,0.124939369373173,0.379748495505213,"WP_005768124.1"
"lcl|NC_008783.1_cds_WP_005768125.1_1179",202.185645987111,0.0949537531865403,0.220287209562429,0.501858274732108,0.733013634869853,"WP_005768125.1"
"lcl|NC_008783.1_cds_WP_005768126.1_1180",852.256274131009,-0.128843714588653,0.146675340717399,0.283563918422026,0.556538158262585,"WP_005768126.1"
"lcl|NC_008783.1_cds_WP_005768127.1_1181",231.359896700055,-0.193540927197882,0.146560985957347,0.107497326493717,0.349542126262489,"WP_005768127.1"
"lcl|NC_008783.1_cds_WP_005768128.1_1182",626.970221955932,-0.1687972634292,0.145274952212674,0.157896632421196,0.424347199631964,"WP_005768128.1"
"lcl|NC_008783.1_cds_WP_005768129.1_1183",5522.549359252,-0.261427569413504,0.234341296980735,0.0864594570465566,0.308859783480161,"WP_005768129.1"
"lcl|NC_008783.1_cds_WP_005768130.1_1184",2098.71427948802,-0.816946515875628,0.174512662696803,6.70679520574692e-08,6.48882436156014e-06,"WP_005768130.1"
"lcl|NC_008783.1_cds_WP_005768131.1_1185",2373.04312953054,-0.10432411141566,0.139318034362354,0.369820387659625,0.625315264585246,"WP_005768131.1"
"lcl|NC_008783.1_cds_WP_005768133.1_1186",1900.38182421727,0.0222921873266314,0.202329373449814,0.871197310528759,0.939145847283091,"WP_005768133.1"
"lcl|NC_008783.1_cds_WP_005768147.1_1187",930.411776871805,-0.0331071586599846,0.210279863984438,0.811311651032078,0.913988727858042,"WP_005768147.1"
"lcl|NC_008783.1_cds_WP_005768149.1_1188",3204.89806705485,0.105166446169534,0.144599799508694,0.377095816855975,0.63245176611207,"WP_005768149.1"
"lcl|NC_008783.1_cds_WP_005768151.1_1189",352.983622085345,-0.0053734616897687,0.183269703188385,0.967889407913679,0.989322349764096,"WP_005768151.1"
"lcl|NC_008783.1_cds_WP_005768153.1_1190",345.81180824557,-0.180982183311766,0.196076667551618,0.195091152604073,0.464141041338788,"WP_005768153.1"
"lcl|NC_008783.1_cds_WP_080512682.1_1191",563.344160810577,0.123739768078407,0.177411693591871,0.351553743846806,0.607371869949617,"WP_080512682.1"
"lcl|NC_008783.1_cds_WP_005768156.1_1192",134.290727157788,0.175813281139349,0.239082930846702,0.234369306341921,0.514371955884632,"WP_005768156.1"
"lcl|NC_008783.1_cds_WP_005768157.1_1193",1445.72647257951,0.200388598321294,0.174602910181663,0.131612410555095,0.386840528239152,"WP_005768157.1"
"lcl|NC_008783.1_cds_WP_005768158.1_1194",1098.53852527913,-0.141272786580707,0.239779470132945,0.331722779434139,0.598028178451918,"WP_005768158.1"
"lcl|NC_008783.1_cds_WP_005768160.1_1195",2339.38826149499,-0.131279401402714,0.152074825945315,0.284910269094013,0.556538158262585,"WP_005768160.1"
"lcl|NC_008783.1_cds_WP_005768163.1_1196",842.408875500265,0.2001926609832,0.191906283093648,0.149646595901779,0.415645210148242,"WP_005768163.1"
"lcl|NC_008783.1_cds_WP_005768164.1_1197",325.234699161516,0.10519718323098,0.202782195598065,0.449526657839505,0.689432562419636,"WP_005768164.1"
"lcl|NC_008783.1_cds_WP_005768165.1_1198",518.221261434431,-0.132406212889451,0.174452982620181,0.315572224120629,0.582479097303737,"WP_005768165.1"
"lcl|NC_008783.1_cds_WP_005768166.1_1199",508.512610064395,-0.36760726268699,0.167534645627445,0.0053449851803212,0.0485612064042982,"WP_005768166.1"
"lcl|NC_008783.1_cds_WP_005768168.1_1200",462.658876649516,0.0413236356008345,0.200364448669186,0.763529654318432,0.889730170602124,"WP_005768168.1"
"lcl|NC_008783.1_cds_WP_005768170.1_1201",457.614134164371,-0.0161367134594704,0.214905580890878,0.907564737125911,0.953523445069999,"WP_005768170.1"
"lcl|NC_008783.1_cds_WP_005768172.1_1202",1492.06810565919,0.0185949286996171,0.195931338913189,0.89153366279011,0.945269938355541,"WP_005768172.1"
"lcl|NC_008783.1_cds_WP_005768174.1_1203",1193.36331655249,-0.243071648964142,0.203451610251424,0.0907877073529485,0.319407661323555,"WP_005768174.1"
"lcl|NC_008783.1_cds_WP_005768178.1_1204",1156.50775563469,-0.089815505563003,0.188816334435252,0.507897470809217,0.737180696343199,"WP_005768178.1"
"lcl|NC_008783.1_cds_WP_005768181.1_1205",587.044671258805,0.204524954660671,0.262396377616244,0.179159159408993,0.449252233420822,"WP_005768181.1"
"lcl|NC_008783.1_cds_WP_035453280.1_1206",954.171039332336,0.243901652088352,0.262753446079896,0.117717226252464,0.367391665804062,"WP_035453280.1"
"lcl|NC_008783.1_cds_WP_005768183.1_1207",1029.52376509168,0.262306436337544,0.238128222885103,0.0871568018010852,0.310395849359079,"WP_005768183.1"
"lcl|NC_008783.1_cds_WP_005768184.1_1208",368.254504924498,-0.00507735632212926,0.20052035383944,0.970463452874553,0.99007738909258,"WP_005768184.1"
"lcl|NC_008783.1_cds_WP_005768187.1_1209",210.370374051605,-0.06547919119202,0.19018329112867,0.629205080800999,0.81696636743498,"WP_005768187.1"
"lcl|NC_008783.1_cds_WP_005768189.1_1210",254.862015531175,-0.125862529958292,0.173397686805327,0.338429608044275,0.599456212015542,"WP_005768189.1"
"lcl|NC_008783.1_cds_WP_005768191.1_1211",802.894030084022,0.232415082589801,0.163658196654123,0.0708967378697787,0.276974416665687,"WP_005768191.1"
"lcl|NC_008783.1_cds_WP_005768193.1_1212",941.785509300135,0.10032798869528,0.169651804775427,0.43983609303555,0.680440655370442,"WP_005768193.1"
"lcl|NC_008783.1_cds_WP_011807453.1_1213",374.797035760804,0.107272102801463,0.180596309177872,0.422061587323287,0.669109483498538,"WP_011807453.1"
"lcl|NC_008783.1_cds_WP_104408433.1_1214",501.013755283794,-0.06108833846707,0.150871540436523,0.61656324721885,0.807934995363984,"WP_104408433.1"
"lcl|NC_008783.1_cds_WP_005768203.1_1215",447.394037731437,-0.000663396317030333,0.135067894572292,0.995356865768366,0.998802647133342,"WP_005768203.1"
"lcl|NC_008783.1_cds_WP_005768206.1_1216",87.8059378928552,-0.0724976304688848,0.222960913350402,0.606613603447954,0.805810518996652,"WP_005768206.1"
