"","baseMean","log2FoldChange","lfcSE","pvalue","padj","wp"
"lcl|NC_008783.1_cds_WP_005765660.1_1",48612.3625389815,1.09019362385823,0.252120180769619,3.9725997032314e-06,2.95821260919873e-05,"WP_005765660.1"
"lcl|NC_008783.1_cds_WP_005765663.1_2",770.027575552566,-0.359715779158027,0.34709767380257,0.172532809738909,0.282934690762976,"WP_005765663.1"
"lcl|NC_008783.1_cds_WP_005765665.1_3",1607.3398625991,-0.566853440629584,0.163720690050206,0.000335858548773523,0.00144530823591248,"WP_005765665.1"
"lcl|NC_008783.1_cds_WP_005765667.1_4",182.623814413753,-0.163358660228711,0.216676801235447,0.318571420955219,0.456092578489697,"WP_005765667.1"
"lcl|NC_008783.1_cds_WP_005765670.1_5",136.643738575877,-0.435077021720025,0.329588300265744,0.0903687783332424,0.171468964016921,"WP_005765670.1"
"lcl|NC_008783.1_cds_WP_005765671.1_6",152.796838576968,-0.463432752416465,0.31639201070555,0.0648171148525317,0.129415622235072,"WP_005765671.1"
"lcl|NC_008783.1_cds_WP_005765673.1_7",194.578458938015,-0.212489592897584,0.330772076722241,0.396836904217688,0.535142248967816,"WP_005765673.1"
"lcl|NC_008783.1_cds_WP_011807237.1_8",345.3817602843,-0.356012442913324,0.301221409382536,0.126872592210639,0.224539834345885,"WP_011807237.1"
"lcl|NC_008783.1_cds_WP_011807238.1_9",5076.10933426869,-0.170976139609979,0.278250437077488,0.423085281635999,0.559076979304713,"WP_011807238.1"
"lcl|NC_008783.1_cds_WP_005765686.1_10",1362.10489037,-0.643187323139552,0.330746822213355,0.0191692924820071,0.047074523944887,"WP_005765686.1"
"lcl|NC_008783.1_cds_WP_005765688.1_11",863.819730660319,-0.399964369998226,0.207503870869771,0.0229368916022736,0.0546424137969658,"WP_005765688.1"
"lcl|NC_008783.1_cds_WP_005765690.1_12",405.004348045157,-0.425057620390863,0.281676313074229,0.0597919979850969,0.120995959927892,"WP_005765690.1"
"lcl|NC_008783.1_cds_WP_005765692.1_13",1411.80214808402,0.545159170520123,0.14588719937432,0.000127152693766257,0.000619339121787084,"WP_005765692.1"
"lcl|NC_008783.1_cds_WP_005765693.1_14",947.081233930469,0.0719384408145713,0.121282783017671,0.398475689451215,0.536130927625271,"WP_005765693.1"
"lcl|NC_008783.1_cds_WP_005765696.1_15",383.176030658155,-0.41875575978906,0.256577593824246,0.0452716076076691,0.0969403147570547,"WP_005765696.1"
"lcl|NC_008783.1_cds_WP_005765698.1_16",1115.10237223667,0.211752341553896,0.300470025242134,0.355773229217003,0.493250003972987,"WP_005765698.1"
"lcl|NC_008783.1_cds_WP_005765700.1_17",1345.32647745362,0.0750082079714889,0.242398647331914,0.691573094546015,0.79113289269805,"WP_005765700.1"
"lcl|NC_008783.1_cds_WP_005765702.1_18",1590.40554063957,0.122401660587734,0.22222646095885,0.472297862666354,0.607336722072167,"WP_005765702.1"
"lcl|NC_008783.1_cds_WP_005765704.1_19",758.661340948145,0.540381298551049,0.214183474676564,0.00539593754548963,0.0161333082168175,"WP_005765704.1"
"lcl|NC_008783.1_cds_WP_005765706.1_20",1700.89125954757,-0.152147012771314,0.158607841209875,0.18541368300666,0.29586226506723,"WP_005765706.1"
"lcl|NC_008783.1_cds_WP_005765708.1_21",430.153508046785,-0.887872171496505,0.204309125802261,5.8153466811752e-06,4.12297632964756e-05,"WP_005765708.1"
"lcl|NC_008783.1_cds_WP_005765710.1_22",2468.59584327679,-0.224829888020883,0.193626368814296,0.124842413900521,0.222595825612226,"WP_005765710.1"
"lcl|NC_008783.1_cds_WP_005765712.1_23",4146.40731518368,-0.207269083526458,0.277913564972205,0.329107185805381,0.468344841338426,"WP_005765712.1"
"lcl|NC_008783.1_cds_WP_005765714.1_24",3522.98331979645,-0.0904624739310765,0.195200270299663,0.54460491344153,0.670282970389575,"WP_005765714.1"
"lcl|NC_008783.1_cds_WP_005765715.1_25",6980.29733797275,-0.0702653768278388,0.208577344483147,0.664228017697203,0.770270296722319,"WP_005765715.1"
"lcl|NC_008783.1_cds_WP_005765716.1_26",4160.01748175386,0.0285085760466775,0.28145450917755,0.896730715241472,0.935444199864232,"WP_005765716.1"
"lcl|NC_008783.1_cds_WP_005765717.1_27",2795.54793069793,-0.0845002206366545,0.251674821418442,0.666355261645186,0.771981046759198,"WP_005765717.1"
"lcl|NC_008783.1_cds_WP_005765729.1_28",2177.41775898003,-0.0818738510088345,0.214241229098354,0.621722953066264,0.740738616281926,"WP_005765729.1"
"lcl|NC_008783.1_cds_WP_005765731.1_29",663.412759157941,-0.187540221478991,0.267106937108434,0.358728126589627,0.493912856919255,"WP_005765731.1"
"lcl|NC_008783.1_cds_WP_005765733.1_30",1029.26015696678,-0.962303569568725,0.343605575475748,0.00135461352300053,0.00499645610975897,"WP_005765733.1"
"lcl|NC_008783.1_cds_WP_005765735.1_31",65.1158072226447,-0.947453689617894,0.464308577713994,0.00859021105500266,0.0239877591724603,"WP_005765735.1"
"lcl|NC_008783.1_cds_WP_011807240.1_32",352.760806327897,-1.25673011076684,0.457873177479437,0.000711371625756334,0.00285513221998474,"WP_011807240.1"
"lcl|NC_008783.1_cds_WP_005765739.1_33",93.0183746372837,-0.882491505860919,0.42057568626185,0.00892484178356499,0.0247622745525609,"WP_005765739.1"
"lcl|NC_008783.1_cds_WP_005765740.1_34",30.0333508750162,-0.621949293773363,0.5077440252449,0.0807416232529015,0.15494016520492,"WP_005765740.1"
"lcl|NC_008783.1_cds_WP_005765741.1_35",114.378319432977,-1.20780169076522,0.511235624508734,0.00207192143802433,0.00715205534291779,"WP_005765741.1"
"lcl|NC_008783.1_cds_WP_005765743.1_36",1550.04547439379,2.28877805107698,0.298780457187851,1.88009523880139e-16,1.06001560130517e-14,"WP_005765743.1"
"lcl|NC_008783.1_cds_WP_005765745.1_37",322.532714056704,0.436401900386636,0.293231342912657,0.0624069739590278,0.125025139031284,"WP_005765745.1"
"lcl|NC_008783.1_cds_WP_005765747.1_38",253.416845859175,-0.0805349995034248,0.172463243756228,0.536518610790222,0.662396282769158,"WP_005765747.1"
"lcl|NC_008783.1_cds_WP_005765749.1_39",2840.16844083255,0.509887304753411,0.415246524803646,0.100330786547703,0.187368535130096,"WP_005765749.1"
"lcl|NC_008783.1_cds_WP_005765751.1_40",1582.95241938391,0.0110811177898051,0.157086035224788,0.92720303941475,0.95268391843188,"WP_005765751.1"
"lcl|NC_008783.1_cds_WP_005765753.1_41",290.805308278583,-0.676616601635949,0.244571573127011,0.00250019042096429,0.00824575336607721,"WP_005765753.1"
"lcl|NC_008783.1_cds_WP_005765755.1_42",879.979387901756,0.0775233505421873,0.169837468764433,0.545495374256659,0.670681747788041,"WP_005765755.1"
"lcl|NC_008783.1_cds_WP_005765757.1_43",1706.28356109232,0.240760628127364,0.21746035800347,0.146045346019324,0.249737077582253,"WP_005765757.1"
"lcl|NC_008783.1_cds_WP_035453345.1_44",1326.16441393711,-0.125618866484992,0.270725194223048,0.548127981529599,0.672229849871617,"WP_035453345.1"
"lcl|NC_008783.1_cds_WP_005765763.1_45",357.688656259129,-0.834866217332975,0.405560609982634,0.0107866178210218,0.0289599897961221,"WP_005765763.1"
"lcl|NC_008783.1_cds_WP_005765764.1_46",283.026535523445,-1.3048864474304,0.424832579767918,0.000243996476607838,0.00108199186630592,"WP_005765764.1"
"lcl|NC_008783.1_cds_WP_005765766.1_47",323.004967265374,-1.16246810031289,0.379069448503871,0.000375619440627299,0.00159402658674811,"WP_005765766.1"
"lcl|NC_008783.1_cds_WP_005765768.1_48",351.773799387864,0.0389393978968999,0.248702169551953,0.841781279448764,0.9004622643398,"WP_005765768.1"
"lcl|NC_008783.1_cds_WP_005765769.1_49",83.2604610161654,-0.446189764561741,0.303986104368448,0.0650226734171132,0.129607483713572,"WP_005765769.1"
"lcl|NC_008783.1_cds_WP_005765771.1_50",291.640426168146,0.32251066134156,0.296270735019719,0.157176291812141,0.263220268041832,"WP_005765771.1"
"lcl|NC_008783.1_cds_WP_005765773.1_51",581.18656420075,-0.286501095860067,0.207965343272183,0.0781814730605512,0.150760364989727,"WP_005765773.1"
"lcl|NC_008783.1_cds_WP_005765774.1_52",53.4102645432584,-0.901555411916478,0.340942706815152,0.00235528692568889,0.00783331382026868,"WP_005765774.1"
"lcl|NC_008783.1_cds_WP_005765777.1_53",655.431715539202,-0.744374348106898,0.308292294895615,0.00562211650043173,0.0166414648412779,"WP_005765777.1"
"lcl|NC_008783.1_cds_WP_005765779.1_54",893.83687925201,-0.364545331387578,0.18227823025326,0.0191428647291386,0.047074523944887,"WP_005765779.1"
"lcl|NC_008783.1_cds_WP_005765781.1_55",143.555241790719,-0.840736815963562,0.336170093931024,0.00383782581232057,0.0118860649531494,"WP_005765781.1"
"lcl|NC_008783.1_cds_WP_005765783.1_56",389.687283717201,1.01250897308175,0.202570408306001,1.87338127226105e-07,2.03493892326338e-06,"WP_005765783.1"
"lcl|NC_008783.1_cds_WP_414945798.1_57",28.9455884123338,0.336519463368311,0.412248974205867,0.264012479984017,0.396186028264989,"WP_414945798.1"
"lcl|NC_008783.1_cds_WP_005765787.1_58",76.257288225651,-1.50438847993544,0.403407475780766,1.38915248915679e-05,8.82118757549667e-05,"WP_005765787.1"
"lcl|NC_008783.1_cds_WP_005765789.1_59",224.716611008019,-1.20078751474239,0.344396507796177,8.48093515933058e-05,0.000429120821737069,"WP_005765789.1"
"lcl|NC_008783.1_cds_WP_005765791.1_60",1353.59748549611,-0.98041358515966,0.169435580777671,2.55173983658883e-09,4.25529572749461e-08,"WP_005765791.1"
"lcl|NC_008783.1_cds_WP_005765792.1_61",568.218017963964,-1.10916257721735,0.214388118666882,5.86595894652947e-08,7.1600983429803e-07,"WP_005765792.1"
"lcl|NC_008783.1_cds_WP_005765794.1_62",402.562084211998,-0.460891776746434,0.156586023498965,0.00184050208099808,0.00642818425929712,"WP_005765794.1"
"lcl|NC_008783.1_cds_WP_005765796.1_63",28647.0565786377,0.349825840854853,0.220430232544479,0.0496021908275425,0.103945122017363,"WP_005765796.1"
"lcl|NC_008783.1_cds_WP_005765797.1_64",275.48949292128,-0.104641790737718,0.17463121719119,0.421904510594988,0.558763915597837,"WP_005765797.1"
"lcl|NC_008783.1_cds_WP_005765799.1_65",936.929095148004,-0.0117377020527336,0.321511579531049,0.962153274885965,0.972004673604934,"WP_005765799.1"
"lcl|NC_008783.1_cds_WP_005765801.1_66",458.67260593593,-0.499390128847503,0.403732301963191,0.100156896507819,0.187339281935637,"WP_005765801.1"
"lcl|NC_008783.1_cds_WP_005765802.1_67",86.4402348111366,-0.243460263926189,0.351857093510345,0.357566523721538,0.493912856919255,"WP_005765802.1"
"lcl|NC_008783.1_cds_WP_011807246.1_68",2870.28831614729,2.12519645230216,0.354595050697983,2.89363223995735e-11,7.44795776545545e-10,"WP_011807246.1"
"lcl|NC_008783.1_cds_WP_005765806.1_69",578.095233361143,1.63993630822249,0.204383733455388,6.02327948178694e-17,3.56578145321787e-15,"WP_005765806.1"
"lcl|NC_008783.1_cds_WP_005765808.1_70",933.89215613447,-0.138435310384878,0.240589398313653,0.453599842517994,0.589530421011311,"WP_005765808.1"
"lcl|NC_008783.1_cds_WP_005765810.1_71",1109.39733991801,-0.0602265810120728,0.19853080130431,0.695817302624996,0.793687559063579,"WP_005765810.1"
"lcl|NC_008783.1_cds_WP_005765812.1_72",221.844732872939,-2.10784711528876,0.386731009173375,7.07141302377758e-10,1.46886895090398e-08,"WP_005765812.1"
"lcl|NC_008783.1_cds_WP_005765814.1_73",619.209403605466,0.292281583072707,0.243589311388312,0.120953183381318,0.21764220231532,"WP_005765814.1"
"lcl|NC_008783.1_cds_WP_005765816.1_74",338.741176724164,-0.193223937267502,0.28839305925654,0.381111271080562,0.516288037710967,"WP_005765816.1"
"lcl|NC_008783.1_cds_WP_005765818.1_75",333.386521873226,0.316170674918227,0.316620522443523,0.191178028158881,0.304240302876499,"WP_005765818.1"
"lcl|NC_008783.1_cds_WP_005765820.1_76",1019.53864365649,-1.32532291481594,0.303436474761965,1.68897862682723e-06,1.37913840976789e-05,"WP_005765820.1"
"lcl|NC_008783.1_cds_WP_005765822.1_77",2335.2673109881,0.44941724997887,0.33658087764128,0.0865827894199364,0.164813541275249,"WP_005765822.1"
"lcl|NC_008783.1_cds_WP_005765824.1_78",1205.49403622413,0.00858905405398003,0.193982784932585,0.954946531616337,0.967807603578266,"WP_005765824.1"
"lcl|NC_008783.1_cds_WP_005765825.1_79",72.1077106566198,0.0710270914209385,0.273709695681266,0.739024773084433,0.825476727671668,"WP_005765825.1"
"lcl|NC_008783.1_cds_WP_005765827.1_80",911.302333616456,0.238000719784516,0.209070793297047,0.134637058806712,0.236163374262439,"WP_005765827.1"
"lcl|NC_008783.1_cds_WP_005765829.1_81",7755.68665352973,1.48636231795611,0.266198233124844,2.07090917461829e-09,3.55356009093921e-08,"WP_005765829.1"
"lcl|NC_008783.1_cds_WP_011807247.1_82",107.889156106634,0.848997617434045,0.300371774638395,0.00160369704846607,0.0057713595908323,"WP_011807247.1"
"lcl|NC_008783.1_cds_WP_005765833.1_83",64.2185819322269,0.740734403654534,0.320054353749478,0.00719149613564758,0.020767637620992,"WP_005765833.1"
"lcl|NC_008783.1_cds_WP_011807248.1_84",567.03803677706,-0.25787036823712,0.37813159639401,0.358661717177143,0.493912856919255,"WP_011807248.1"
"lcl|NC_008783.1_cds_WP_005765837.1_85",569.638784664614,-1.47138634313501,0.358054341777134,3.35114567973139e-06,2.52723342981017e-05,"WP_005765837.1"
"lcl|NC_008783.1_cds_WP_005765839.1_86",215.295067031856,-1.54590563170249,0.320153216953751,9.77450155913703e-08,1.13191927963121e-06,"WP_005765839.1"
"lcl|NC_008783.1_cds_WP_005765841.1_87",2013.40045751324,-1.60149283041078,0.311050617569023,1.6033470046643e-08,2.28718416087051e-07,"WP_005765841.1"
"lcl|NC_008783.1_cds_WP_005765843.1_88",930.146117572838,-0.952618158073287,0.337199133809041,0.00129425400980091,0.00480375155988803,"WP_005765843.1"
"lcl|NC_008783.1_cds_WP_044051782.1_89",888.577979558824,1.13376562315259,0.218712001274383,5.20716607855796e-08,6.54388289226065e-07,"WP_044051782.1"
"lcl|NC_008783.1_cds_WP_005765846.1_90",2097.73411169482,0.157424854596243,0.267354252523469,0.443434850770557,0.581425097798826,"WP_005765846.1"
"lcl|NC_008783.1_cds_WP_005765847.1_91",450.135730389928,0.187292512207055,0.243080283466169,0.311632423037071,0.449418744063206,"WP_005765847.1"
"lcl|NC_008783.1_cds_WP_005765848.1_92",173.446727001215,-0.364213926713432,0.340420857004913,0.160641261273077,0.267509498378795,"WP_005765848.1"
"lcl|NC_008783.1_cds_WP_005765849.1_93",2574.99841635217,0.993846007832522,0.234871511514865,7.61514387323088e-06,5.15218876908878e-05,"WP_005765849.1"
"lcl|NC_008783.1_cds_WP_005765850.1_94",1085.58676964898,0.105570741097824,0.20454989305897,0.499448249838774,0.633133541551508,"WP_005765850.1"
"lcl|NC_008783.1_cds_WP_005765851.1_95",64.3767112861438,-0.537768426179108,0.261958770554621,0.016632967952738,0.0420693215501329,"WP_005765851.1"
"lcl|NC_008783.1_cds_WP_005765852.1_96",477.642089616242,-0.0145662714417459,0.155609201857994,0.903354225812431,0.940696045173191,"WP_005765852.1"
"lcl|NC_008783.1_cds_WP_005765853.1_97",542.755664316108,-0.075523167137917,0.251196235220044,0.699918726076086,0.79759747033117,"WP_005765853.1"
"lcl|NC_008783.1_cds_WP_005765854.1_98",3383.33354078659,0.190057937479636,0.194101258416334,0.189723478263049,0.302331895374764,"WP_005765854.1"
"lcl|NC_008783.1_cds_WP_005765855.1_99",146.206001528219,0.955535251001892,0.28875599732077,0.000294033937286719,0.00127522410896511,"WP_005765855.1"
"lcl|NC_008783.1_cds_WP_005765856.1_100",1969.90727145846,0.0435649987416169,0.159040461164252,0.71991364412525,0.816453787973464,"WP_005765856.1"
"lcl|NC_008783.1_cds_WP_005765857.1_101",138.986515489259,-0.254532116771481,0.310901859005648,0.282226972903184,0.41874277683881,"WP_005765857.1"
"lcl|NC_008783.1_cds_WP_005765858.1_102",1093.06418210564,1.03850154127802,0.27817144689215,5.28208682331691e-05,0.000288202340958858,"WP_005765858.1"
"lcl|NC_008783.1_cds_WP_011807252.1_103",259.631509350917,-0.775186818437103,0.280281785750534,0.00216572083892665,0.00737152793839492,"WP_011807252.1"
"lcl|NC_008783.1_cds_WP_005765864.1_104",57.6055118468469,-0.954436496367534,0.392622873588883,0.00356566278847052,0.0111633885745087,"WP_005765864.1"
"lcl|NC_008783.1_cds_WP_005765868.1_105",927.705425825787,-0.718190437902623,0.333953898861401,0.0108897210513188,0.0291250858043538,"WP_005765868.1"
"lcl|NC_008783.1_cds_WP_005765870.1_106",3967.8585184642,-1.14101956922939,0.341184694108019,0.000163796714697232,0.000757559805474698,"WP_005765870.1"
"lcl|NC_008783.1_cds_WP_005765871.1_107",952.970159739839,-1.20598799149682,0.309833829900976,1.80841391079788e-05,0.000112102726198151,"WP_005765871.1"
"lcl|NC_008783.1_cds_WP_005765873.1_108",3532.12737220807,-1.22510620581162,0.380540782481492,0.000194987328434264,0.000884540217878038,"WP_005765873.1"
"lcl|NC_008783.1_cds_WP_005765875.1_109",262.775750614079,-1.30198727490038,0.30610025077247,3.00786690298241e-06,2.30740855844142e-05,"WP_005765875.1"
"lcl|NC_008783.1_cds_WP_011807254.1_110",213.140093877957,-1.25474687553119,0.388350252932219,0.000172260347220044,0.000793604089916466,"WP_011807254.1"
"lcl|NC_008783.1_cds_WP_005765879.1_111",537.447968547313,-1.2051199711348,0.311753086690531,2.0169714308202e-05,0.000122466367902108,"WP_005765879.1"
"lcl|NC_008783.1_cds_WP_005765881.1_112",701.041710526548,-0.0156938346383537,0.136182519368481,0.879414744067187,0.925942528850216,"WP_005765881.1"
"lcl|NC_008783.1_cds_WP_005765883.1_113",347.11573321911,-0.149829918328222,0.1990164185295,0.315182148598067,0.453440415723875,"WP_005765883.1"
"lcl|NC_008783.1_cds_WP_005765885.1_114",127.093952649789,0.301182110120118,0.28967977215938,0.175620272405376,0.286411022765793,"WP_005765885.1"
"lcl|NC_008783.1_cds_WP_005765887.1_115",647.565453041288,-0.510383183075417,0.317699303939754,0.0460079516820957,0.0976226071534074,"WP_005765887.1"
"lcl|NC_008783.1_cds_WP_005765889.1_116",4939.82858685093,1.15264908031144,0.236231962658172,2.40128372200925e-07,2.53849993469549e-06,"WP_005765889.1"
"lcl|NC_008783.1_cds_WP_005765891.1_117",223.939708887748,0.0531654210101041,0.159784422286378,0.661539255089447,0.769261900106117,"WP_005765891.1"
"lcl|NC_008783.1_cds_WP_005765893.1_118",3993.81482440363,0.0190965234442056,0.137584809524104,0.855008219052484,0.909550522334359,"WP_005765893.1"
"lcl|NC_008783.1_cds_WP_011807258.1_119",445.775608722998,-0.818994813041468,0.415795034052841,0.0134509666803812,0.0350791730166769,"WP_011807258.1"
"lcl|NC_008783.1_cds_WP_462677150.1_120",413.233877307809,-0.601222371188616,0.353253503183861,0.034137539247218,0.0761183549316499,"WP_462677150.1"
"lcl|NC_008783.1_cds_WP_005765897.1_121",110.960786186146,-0.486246420744977,0.324279246884534,0.0591482697442792,0.120122729635037,"WP_005765897.1"
"lcl|NC_008783.1_cds_WP_005765899.1_122",3419.9047922572,1.76161452455162,0.220512638954572,5.66823884534563e-17,3.53220778573117e-15,"WP_005765899.1"
"lcl|NC_008783.1_cds_WP_035453254.1_123",966.782960675703,0.500328102498198,0.262803850262362,0.0238679688143595,0.0564065370782468,"WP_035453254.1"
"lcl|NC_008783.1_cds_WP_005765903.1_124",183.256538984832,-0.26965916780144,0.375535067949852,0.334594769127725,0.472031596202816,"WP_005765903.1"
"lcl|NC_008783.1_cds_WP_005765907.1_125",106.098490363794,-0.626820259412199,0.318340240395695,0.0185314284748268,0.0459021157200731,"WP_005765907.1"
"lcl|NC_008783.1_cds_WP_005765909.1_126",413.485267498536,0.333416788152336,0.3368505574575,0.192941533598558,0.306223560027737,"WP_005765909.1"
"lcl|NC_008783.1_cds_WP_005765911.1_127",569.181291970239,0.644950978803792,0.255469681875979,0.00489355951851219,0.0147805471171389,"WP_005765911.1"
"lcl|NC_008783.1_cds_WP_011807262.1_128",2467.45082948672,-0.603834156090822,0.219583899094343,0.00284076931217726,0.00921498867292569,"WP_011807262.1"
"lcl|NC_008783.1_cds_WP_005765915.1_129",1346.67510658251,-0.144630654954913,0.231092746166103,0.412810124777688,0.547949095084705,"WP_005765915.1"
"lcl|NC_008783.1_cds_WP_005765917.1_130",492.848217905526,0.964334770893537,0.297875573293864,0.00036476118362258,0.00155351525686739,"WP_005765917.1"
"lcl|NC_008783.1_cds_WP_005765918.1_131",570.28316496665,0.884827661659979,0.330365413462289,0.0022311490408333,0.00752615516907873,"WP_005765918.1"
"lcl|NC_008783.1_cds_WP_005765923.1_132",2520.18600200358,0.781911374994905,0.13059454453862,1.13338286668927e-09,2.06450048332322e-08,"WP_005765923.1"
"lcl|NC_008783.1_cds_WP_005765925.1_133",780.829982663921,0.700878830776465,0.236986982664493,0.0014148258248237,0.00518623460244973,"WP_005765925.1"
"lcl|NC_008783.1_cds_WP_005765927.1_134",318.313509721532,-0.0150208090308088,0.210804045691416,0.927740336108072,0.95268391843188,"WP_005765927.1"
"lcl|NC_008783.1_cds_WP_005765929.1_135",1494.54821703029,0.819011838665986,0.20736238815766,3.65494054905201e-05,0.00020705500526687,"WP_005765929.1"
"lcl|NC_008783.1_cds_WP_005765932.1_136",111.726767187684,0.115935213441398,0.22398758890066,0.500599810852826,0.633914626791172,"WP_005765932.1"
"lcl|NC_008783.1_cds_WP_005765934.1_137",658.766350802028,0.170407993149392,0.300887066751274,0.459524773025181,0.594794060791103,"WP_005765934.1"
"lcl|NC_008783.1_cds_WP_005765936.1_138",204.924124890828,0.184675199370136,0.245997480128182,0.324735403434294,0.463237009236391,"WP_005765936.1"
"lcl|NC_008783.1_cds_WP_005765938.1_139",787.19230477701,0.624031188122968,0.366232042589194,0.0329857181279919,0.0742492210333505,"WP_005765938.1"
"lcl|NC_008783.1_cds_WP_005765942.1_140",461.971687710363,-0.854816392368038,0.214336484319685,2.90949506809285e-05,0.000168041081005948,"WP_005765942.1"
"lcl|NC_008783.1_cds_WP_005765945.1_141",463.419689561919,0.185311631463363,0.24038439257393,0.311097087474779,0.449193843378217,"WP_005765945.1"
"lcl|NC_008783.1_cds_WP_005765953.1_142",1314.19820535452,-0.216438969317885,0.562744994559577,0.530522262650873,0.656361921607767,"WP_005765953.1"
"lcl|NC_008783.1_cds_WP_005765954.1_143",567.100318710367,-0.366154539272474,0.569540685647874,0.301906315582451,0.44021807592318,"WP_005765954.1"
"lcl|NC_008783.1_cds_WP_005765956.1_144",335.04796868509,0.56623677615212,0.176042173942576,0.000756884438986407,0.00301734402612763,"WP_005765956.1"
"lcl|NC_008783.1_cds_WP_005765958.1_145",150.106869925673,0.0166299921527462,0.263126224591889,0.935753041133807,0.958418339707982,"WP_005765958.1"
"lcl|NC_008783.1_cds_WP_005765960.1_146",412.195394210556,0.103591138375379,0.203016245038649,0.504290442202906,0.637905858513078,"WP_005765960.1"
"lcl|NC_008783.1_cds_WP_005765962.1_147",641.83358318596,0.192204221480571,0.220038038581681,0.247410540361884,0.377006537694299,"WP_005765962.1"
"lcl|NC_008783.1_cds_WP_005765964.1_148",780.73168510448,0.750319079093796,0.337215538149757,0.00872559788762954,0.0243084891740079,"WP_005765964.1"
"lcl|NC_008783.1_cds_WP_005765971.1_149",1296.73762002152,0.348997276182402,0.245471679173742,0.0730966758400816,0.142626813083146,"WP_005765971.1"
"lcl|NC_008783.1_cds_WP_005765972.1_150",596.590507497932,-0.108237710719253,0.262051693551615,0.5941460678283,0.715634734800312,"WP_005765972.1"
"lcl|NC_008783.1_cds_WP_080512684.1_151",492.932234728672,-0.136784705049532,0.185447395873777,0.321333797668576,0.45893753490904,"WP_080512684.1"
"lcl|NC_008783.1_cds_WP_005765977.1_152",11270.2657800656,0.0945629881918613,0.214353477990539,0.567269384299613,0.6892800371836,"WP_005765977.1"
"lcl|NC_008783.1_cds_WP_005765980.1_153",562.97296759186,0.0859728184145449,0.1548758932719,0.451520792811288,0.589094703244195,"WP_005765980.1"
"lcl|NC_008783.1_cds_WP_005765983.1_154",2326.74756001645,-0.749644885206088,0.188971250107871,3.86072573545379e-05,0.000217671393846538,"WP_005765983.1"
"lcl|NC_008783.1_cds_WP_005765984.1_155",329.446413162417,0.0672492036655937,0.181428781422188,0.628791124427509,0.744488691322171,"WP_005765984.1"
"lcl|NC_008783.1_cds_WP_005765991.1_156",607.850140133673,-0.0807933775352581,0.219299657490325,0.634954638804554,0.748791127833259,"WP_005765991.1"
"lcl|NC_008783.1_cds_WP_005766000.1_157",8640.94806743137,0.788734258356962,0.370654126165047,0.0101621698331913,0.0275332015617814,"WP_005766000.1"
"lcl|NC_008783.1_cds_WP_005766002.1_158",63.237738757492,-0.091338508493163,0.388679719934051,0.750334220585666,0.833391854759314,"WP_005766002.1"
"lcl|NC_008783.1_cds_WP_005766004.1_159",172.552289608028,0.150406818062348,0.213947084799121,0.352941178560633,0.489897251366693,"WP_005766004.1"
"lcl|NC_008783.1_cds_BARBAKC583_RS06735_160",1.05499494879594,-0.382397171244382,0.809327664465276,0.1439709218788,0.247404312778663,"BARBAKC583_RS06735"
"lcl|NC_008783.1_cds_WP_005766008.1_161",72.3391583393759,-1.67504697818485,0.342316943921589,4.77812595011905e-08,6.08311948918383e-07,"WP_005766008.1"
"lcl|NC_008783.1_cds_WP_005766010.1_162",406.856983544592,-2.11040622272482,0.358305835944123,5.61694809757075e-11,1.38551386406745e-09,"WP_005766010.1"
"lcl|NC_008783.1_cds_WP_005766021.1_163",161.576370968853,-1.80568195574109,0.374341334298229,4.54489082270785e-08,5.84907688487619e-07,"WP_005766021.1"
"lcl|NC_008783.1_cds_WP_005766023.1_164",1.66824840444602,0.0197779345057268,0.64920651060612,0.951724595832,0.967807603578266,"WP_005766023.1"
"lcl|NC_008783.1_cds_WP_005766025.1_165",68.147559375977,-0.409879820969285,0.330912299377335,0.109394397374729,0.201309377027723,"WP_005766025.1"
"lcl|NC_008783.1_cds_WP_005766027.1_166",236.637870138888,-1.19471695923465,0.355003206320011,0.00013133792030477,0.000630754787069137,"WP_005766027.1"
"lcl|NC_008783.1_cds_WP_005766029.1_167",1.51602124923799,-0.376607289684206,0.799555129566186,0.16420731552019,0.271538354156291,"WP_005766029.1"
"lcl|NC_008783.1_cds_WP_005766030.1_168",0.518848834200158,-0.131336225666488,0.796174698788068,0.514538621428951,0.646782785373034,"WP_005766030.1"
"lcl|NC_008783.1_cds_WP_005766031.1_169",61.1281864431462,-0.992441351001232,0.431703235253231,0.00441246718216475,0.0135338483524877,"WP_005766031.1"
"lcl|NC_008783.1_cds_WP_005766033.1_170",63.333487917864,1.05755896220027,0.574370419623563,0.008930313542182,0.0247622745525609,"WP_005766033.1"
"lcl|NC_008783.1_cds_WP_005766034.1_171",470.976116776968,0.983851484670444,0.225778880191431,4.45029244936454e-06,3.27276165220349e-05,"WP_005766034.1"
"lcl|NC_008783.1_cds_WP_005766036.1_172",238.626897011134,-0.644105450090381,0.304993585879122,0.0131616530957614,0.0344004354644182,"WP_005766036.1"
"lcl|NC_008783.1_cds_WP_005766037.1_173",372.663167107582,-0.367482314817563,0.324353989241407,0.14048549705478,0.242470595499795,"WP_005766037.1"
"lcl|NC_008783.1_cds_WP_005766038.1_174",202.538359062661,-0.840144099332268,0.306076028207979,0.00204077963491167,0.00706515522729654,"WP_005766038.1"
"lcl|NC_008783.1_cds_WP_005766039.1_175",46.8927471096321,-0.138557814500511,0.432110932056459,0.653116702545746,0.762613585615545,"WP_005766039.1"
"lcl|NC_008783.1_cds_WP_005766040.1_176",691.700728761388,0.755047195129752,0.213672158963927,0.000201742058135197,0.000908222801642864,"WP_005766040.1"
"lcl|NC_008783.1_cds_WP_005766045.1_177",1128.29379723855,1.36645733215692,0.348761951234287,1.01752285463242e-05,6.84515374934538e-05,"WP_005766045.1"
"lcl|NC_008783.1_cds_WP_005766051.1_178",144.281094798144,-0.709628084307707,0.353768604974909,0.0152389786861652,0.0388856697509042,"WP_005766051.1"
"lcl|NC_008783.1_cds_WP_005766053.1_179",256.630990236959,1.46579634440019,0.257731992525129,1.21083935620528e-09,2.17217242082887e-08,"WP_005766053.1"
"lcl|NC_008783.1_cds_WP_005766055.1_180",44.5805888992118,1.53485291413487,0.371437838296563,2.49904938897485e-06,1.95351583695089e-05,"WP_005766055.1"
"lcl|NC_008783.1_cds_WP_005766061.1_181",4965.11446393129,3.30510675952213,0.321997820030002,1.20311924508694e-27,4.7483106206098e-25,"WP_005766061.1"
"lcl|NC_008783.1_cds_WP_005766062.1_182",2.24472775669326,0.780997701317465,0.874292650208824,0.0218361609607815,0.0525488101170025,"WP_005766062.1"
"lcl|NC_008783.1_cds_BARBAKC583_RS07205_183",0.551091382352394,0.260418608646292,0.792300036741139,0.282771152790635,0.418801445232691,"BARBAKC583_RS07205"
"lcl|NC_008783.1_cds_WP_005766064.1_184",57.0194054123828,2.21476795968127,0.537565083805995,3.10135061064112e-07,3.2495567460169e-06,"WP_005766064.1"
"lcl|NC_008783.1_cds_BARBAKC583_RS06765_185",12.1541685460431,1.36246263123491,0.541077611171937,0.000887249940833993,0.00339968909368106,"BARBAKC583_RS06765"
"lcl|NC_008783.1_cds_WP_011807288.1_186",61.6834780730709,2.74984296023129,0.329887843062622,2.63454111405413e-19,1.83488039943535e-17,"WP_011807288.1"
"lcl|NC_008783.1_cds_BARBAKC583_RS07210_187",0,0,0.836542162842953,NA,NA,"BARBAKC583_RS07210"
"lcl|NC_008783.1_cds_WP_172952858.1_188",1576.2692776373,-0.923339157686221,0.369751357573103,0.00326055352101102,0.0103309335762728,"WP_172952858.1"
"lcl|NC_008783.1_cds_WP_011807291.1_189",5675.01350807708,2.17635149853625,0.246045568240968,1.29204343309241e-20,1.01985294985428e-18,"WP_011807291.1"
"lcl|NC_008783.1_cds_WP_035453325.1_190",677.611880362497,-0.97443236682926,0.440054365329305,0.00556849836751437,0.0165240653311705,"WP_035453325.1"
"lcl|NC_008783.1_cds_WP_011807293.1_191",1938.9297818135,-1.81778189859852,0.42099565816809,4.63090267816761e-07,4.4577144479272e-06,"WP_011807293.1"
"lcl|NC_008783.1_cds_WP_005766082.1_192",379.107054632055,-2.2482962495613,0.353242901291016,2.02864715768371e-12,6.86262352770719e-11,"WP_005766082.1"
"lcl|NC_008783.1_cds_WP_005766084.1_193",2727.51218788251,-2.65832603716853,0.385929790996932,2.13992158017707e-14,9.38395241085056e-13,"WP_005766084.1"
"lcl|NC_008783.1_cds_BARBAKC583_RS07005_194",62.2624726440061,-1.71925605683739,0.53980369515715,4.47419521080485e-05,0.000248706438009058,"BARBAKC583_RS07005"
"lcl|NC_008783.1_cds_WP_005766089.1_195",464.771255806472,-1.93056091300314,0.389983030856104,1.66108692021823e-08,2.32653396827733e-07,"WP_005766089.1"
"lcl|NC_008783.1_cds_WP_005766090.1_196",157.375894034706,-1.85794332006244,0.55149910584101,1.56347881975063e-05,9.79449165388757e-05,"WP_005766090.1"
"lcl|NC_008783.1_cds_WP_005766092.1_197",912.533158196988,-1.67496287729097,0.268411537811586,2.23769378976524e-11,5.88762099351565e-10,"WP_005766092.1"
"lcl|NC_008783.1_cds_WP_005766093.1_198",0.422924347880222,-0.0678085000092487,0.802485970016134,0.701788746443832,0.79895949595144,"WP_005766093.1"
"lcl|NC_008783.1_cds_WP_005766094.1_199",0.328964786056538,-0.0224879034834829,0.814751099146301,0.872873301518505,0.921106942065873,"WP_005766094.1"
"lcl|NC_008783.1_cds_WP_005766095.1_200",553.051375678877,-1.42420603662688,0.226725445706857,3.608470704354e-11,9.09027513607475e-10,"WP_005766095.1"
"lcl|NC_008783.1_cds_WP_005766096.1_201",55.4003575784653,-1.23501021583442,0.348756511481014,6.32851550966238e-05,0.000337520827181994,"WP_005766096.1"
"lcl|NC_008783.1_cds_WP_005766097.1_202",638.122305914444,0.387488624515659,0.418796432372641,0.205762543980905,0.323483308339842,"WP_005766097.1"
"lcl|NC_008783.1_cds_WP_005766098.1_203",42.5089725335987,0.348390148839043,0.460766627613315,0.283008471869793,0.418801445232691,"WP_005766098.1"
"lcl|NC_008783.1_cds_WP_005766099.1_204",4.91639911049341,-0.481450317510492,0.6773373225703,0.183196188623163,0.293908248414396,"WP_005766099.1"
"lcl|NC_008783.1_cds_WP_005766101.1_205",170.40390548354,0.0596024180465136,0.219930959811296,0.72850223467611,0.82036472423966,"WP_005766101.1"
"lcl|NC_008783.1_cds_WP_005766108.1_206",3526.17364757566,1.10866721857154,0.265570907574081,7.29824515426902e-06,4.96616221991639e-05,"WP_005766108.1"
"lcl|NC_008783.1_cds_WP_005766110.1_207",362.963642169589,-0.641249983115385,0.294697072480752,0.0113969251413084,0.030255514276478,"WP_005766110.1"
"lcl|NC_008783.1_cds_WP_035453319.1_208",290.158102703187,-0.84685849656199,0.263734391090325,0.000509940625428935,0.0021110828689086,"WP_035453319.1"
"lcl|NC_008783.1_cds_WP_005766115.1_209",47.6395230296947,-1.3913550813964,0.501049844253701,0.000427644388888492,0.00180188952471165,"WP_005766115.1"
"lcl|NC_008783.1_cds_WP_005766118.1_210",31.1385097318515,-0.253775530871475,0.357987651532768,0.344686696378071,0.482398402496024,"WP_005766118.1"
"lcl|NC_008783.1_cds_WP_005766130.1_211",351.56880316787,0.120016068548468,0.239506644543937,0.515842298335668,0.64698864537016,"WP_005766130.1"
"lcl|NC_008783.1_cds_WP_005766132.1_212",2736.08399560271,0.24306705390576,0.301227414101036,0.289900166503962,0.42638732564061,"WP_005766132.1"
"lcl|NC_008783.1_cds_BARBAKC583_RS01255_213",0,0,0.836542162842953,NA,NA,"BARBAKC583_RS01255"
"lcl|NC_008783.1_cds_WP_005766136.1_214",3.26148184107496,0.675048133259143,0.899068785126812,0.0167935023332236,0.0423053335373123,"WP_005766136.1"
"lcl|NC_008783.1_cds_WP_005766138.1_215",65.4113791230496,0.0204265934115324,0.225468445977641,0.908265834666613,0.943321708987079,"WP_005766138.1"
"lcl|NC_008783.1_cds_WP_005766141.1_216",20.0997855188895,-0.616988467605281,0.431117618475683,0.0574936392047075,0.117569030774393,"WP_005766141.1"
"lcl|NC_008783.1_cds_WP_005766146.1_217",178.047777761507,0.70581734571273,0.24063730419271,0.00150754352172923,0.00547525009118838,"WP_005766146.1"
"lcl|NC_008783.1_cds_WP_225866728.1_218",2.66354363928202,0.28427963447152,0.633692495607453,0.412382214451607,0.547949095084705,"WP_225866728.1"
"lcl|NC_008783.1_cds_WP_005766149.1_219",120.01662326151,1.21509341318437,0.249954060247385,2.21379013251336e-07,2.36137614134758e-06,"WP_005766149.1"
"lcl|NC_008783.1_cds_WP_005766151.1_220",213.879648640342,3.81046157720546,0.436184426711186,6.08113119946653e-22,7.20005934016837e-20,"WP_005766151.1"
"lcl|NC_008783.1_cds_WP_005766153.1_221",327.065699816036,3.53095688183086,0.303294029306209,1.96066856915798e-34,1.16071579294152e-31,"WP_005766153.1"
"lcl|NC_008783.1_cds_WP_005766155.1_222",792.373935785344,2.94134475228128,0.347165336597255,5.39937595093928e-20,3.99553820369507e-18,"WP_005766155.1"
"lcl|NC_008783.1_cds_WP_005766157.1_223",3025.43362033156,1.81495028735963,0.471290077806866,3.22253386609842e-06,2.44582057529521e-05,"WP_005766157.1"
"lcl|NC_008783.1_cds_WP_005766159.1_224",796.76682433723,1.86739367398573,0.34334282150645,1.50863454127749e-09,2.62679896598905e-08,"WP_005766159.1"
"lcl|NC_008783.1_cds_WP_225866729.1_225",93.258220182162,1.70837346635043,0.33534731612716,1.54434533043938e-08,2.22988398931735e-07,"WP_225866729.1"
"lcl|NC_008783.1_cds_WP_011807302.1_226",7.06090801737777,0.5976652130739,0.587045296230875,0.110266506648701,0.20178600289345,"WP_011807302.1"
"lcl|NC_008783.1_cds_WP_005766168.1_227",149.922791908016,0.466009055046115,0.331092572744957,0.0732490594781575,0.14264290529957,"WP_005766168.1"
"lcl|NC_008783.1_cds_WP_005766170.1_228",214.309786002601,1.25123164730264,0.275749202064993,9.60337798127647e-07,8.54917257882056e-06,"WP_005766170.1"
"lcl|NC_008783.1_cds_WP_146075923.1_229",23.2359868791924,-0.0147207208955572,0.323070109525094,0.952738244146319,0.967807603578266,"WP_146075923.1"
"lcl|NC_008783.1_cds_WP_005766179.1_230",784.748779405968,0.283444567577665,0.24866279760016,0.139016008670804,0.240635898050047,"WP_005766179.1"
"lcl|NC_008783.1_cds_WP_005766181.1_231",636.660530309056,-0.017408315443756,0.139577654107635,0.869882265918964,0.919589823971476,"WP_005766181.1"
"lcl|NC_008783.1_cds_WP_005766182.1_232",33600.6974739134,1.32313391360444,0.469580108145889,0.000477035029706112,0.00198876575764801,"WP_005766182.1"
"lcl|NC_008783.1_cds_WP_005766184.1_233",745.406930948323,0.688553248527972,0.359649880434168,0.0192035431295443,0.047074523944887,"WP_005766184.1"
"lcl|NC_008783.1_cds_WP_005766186.1_234",1185.76372106934,0.407538615531139,0.258803761251934,0.0516537136916742,0.107672529948842,"WP_005766186.1"
"lcl|NC_008783.1_cds_WP_005766188.1_235",1794.63673915407,-0.0819820187712973,0.124752739189668,0.347986332967443,0.485867710180958,"WP_005766188.1"
"lcl|NC_008783.1_cds_WP_005766189.1_236",419.400426758081,0.273150179626114,0.265843127488162,0.180225992412794,0.291718959048061,"WP_005766189.1"
"lcl|NC_008783.1_cds_WP_005766192.1_237",711.700159446852,0.307548630364361,0.216514609035011,0.0717581702833638,0.140665022542223,"WP_005766192.1"
"lcl|NC_008783.1_cds_WP_005766194.1_238",2756.21534239403,0.806364667452251,0.185274412541951,6.63938601255741e-06,4.62413708168704e-05,"WP_005766194.1"
"lcl|NC_008783.1_cds_WP_005766195.1_239",1471.49946460342,0.34439601308256,0.243892823662979,0.0746680256894373,0.144455788261918,"WP_005766195.1"
"lcl|NC_008783.1_cds_WP_005766197.1_240",402.56726852291,0.146117911751436,0.192425797448691,0.308978428049251,0.447225499768109,"WP_005766197.1"
"lcl|NC_008783.1_cds_WP_005766199.1_241",407.547289838101,0.102565641661413,0.206870913219296,0.517539813743833,0.648430835420844,"WP_005766199.1"
"lcl|NC_008783.1_cds_WP_005766201.1_242",4.44571347930345,-0.308376727968731,0.621516034349889,0.379138302616649,0.515384328700473,"WP_005766201.1"
"lcl|NC_008783.1_cds_WP_005766203.1_243",400.32764431917,0.0371246168200304,0.125845809458968,0.690275432909119,0.79041210112611,"WP_005766203.1"
"lcl|NC_008783.1_cds_WP_005766204.1_244",1614.92430431418,-0.00585212867948323,0.170665459788814,0.964837617388903,0.973055995731228,"WP_005766204.1"
"lcl|NC_008783.1_cds_WP_005766206.1_245",521.823676522248,-0.661950637478148,0.283884115445793,0.00770532223938683,0.0219305325274856,"WP_005766206.1"
"lcl|NC_008783.1_cds_WP_005766207.1_246",650.257639765123,-0.795207317313715,0.218818840712854,0.00013042746271575,0.000630310676961015,"WP_005766207.1"
"lcl|NC_008783.1_cds_WP_005766209.1_247",831.734104382018,-1.15061062051539,0.286085124268031,1.24431048063196e-05,8.09485499488041e-05,"WP_005766209.1"
"lcl|NC_008783.1_cds_WP_005766211.1_248",978.112182583994,-0.120936727584763,0.204484113151851,0.436148722747227,0.573224196533195,"WP_005766211.1"
"lcl|NC_008783.1_cds_WP_005766213.1_249",1192.49003125137,0.00927895364781992,0.214857506959035,0.956200647961356,0.967807603578266,"WP_005766213.1"
"lcl|NC_008783.1_cds_WP_005766215.1_250",353.593948200917,0.170586507357094,0.269503516870993,0.409134404358001,0.545512539144001,"WP_005766215.1"
"lcl|NC_008783.1_cds_WP_005766217.1_251",545.367959272308,-1.39943062057061,0.334359209170427,3.02067843377044e-06,2.30740855844142e-05,"WP_005766217.1"
"lcl|NC_008783.1_cds_WP_005766219.1_252",18.2188406757449,-1.23920312410311,0.457546407776122,0.000824841469310182,0.00322314290317906,"WP_005766219.1"
"lcl|NC_008783.1_cds_WP_005766221.1_253",1633.14033774845,-1.31477745810309,0.342202411567644,1.60837512722085e-05,0.000100227165822605,"WP_005766221.1"
"lcl|NC_008783.1_cds_WP_005766222.1_254",29.0011384199445,-1.09676962464465,0.428526172952638,0.00181355551199367,0.00639062418512056,"WP_005766222.1"
"lcl|NC_008783.1_cds_WP_005766225.1_255",417.095003181461,0.1800983843492,0.252903884528929,0.351294775767667,0.488184289329716,"WP_005766225.1"
"lcl|NC_008783.1_cds_WP_005766227.1_256",264.641470677901,-0.0332521482396682,0.168187908952755,0.797956165819863,0.865976260614773,"WP_005766227.1"
"lcl|NC_008783.1_cds_WP_005766230.1_257",263.741910873088,-0.0526971951630003,0.156266985445927,0.656311837082293,0.765589374488113,"WP_005766230.1"
"lcl|NC_008783.1_cds_WP_005766233.1_258",738.619068802016,0.0692601704345081,0.133886152460486,0.474876670046358,0.609159238716021,"WP_005766233.1"
"lcl|NC_008783.1_cds_WP_005766235.1_259",179.33107856993,-0.311058986596002,0.225849069652418,0.0798112224966126,0.153403388694788,"WP_005766235.1"
"lcl|NC_008783.1_cds_WP_005766238.1_260",94.7111903707944,-0.52916862314651,0.260128949785495,0.0174530703571554,0.0435958550693503,"WP_005766238.1"
"lcl|NC_008783.1_cds_WP_005766240.1_261",64.6431526942375,-0.837987457661795,0.316818236511172,0.00267240328363108,0.00876489054797563,"WP_005766240.1"
"lcl|NC_008783.1_cds_WP_005766242.1_262",618.712941824945,-1.21913160838167,0.296161482518366,6.91072181428737e-06,4.78496761878143e-05,"WP_005766242.1"
"lcl|NC_008783.1_cds_WP_005766244.1_263",1889.82113070384,-0.445589909787942,0.298006205832014,0.0612019992905907,0.122907556770437,"WP_005766244.1"
"lcl|NC_008783.1_cds_WP_005766249.1_264",160.835370570514,-0.40285946285861,0.274342527374978,0.0658558981711632,0.130827824554794,"WP_005766249.1"
"lcl|NC_008783.1_cds_WP_005766252.1_265",8096.24968665662,0.391042012654352,0.324060065259285,0.118463935709544,0.214466819388531,"WP_005766252.1"
"lcl|NC_008783.1_cds_WP_005766255.1_266",413.531495284909,0.184971629617529,0.184414028010828,0.176787901999174,0.287918673957389,"WP_005766255.1"
"lcl|NC_008783.1_cds_WP_005766258.1_267",251.923147301205,0.242981425798834,0.191887328212475,0.0979524788985252,0.183505909835212,"WP_005766258.1"
"lcl|NC_008783.1_cds_WP_005766260.1_268",343.828389847773,-0.389746877541642,0.348264376146582,0.142549522537794,0.245317782972018,"WP_005766260.1"
"lcl|NC_008783.1_cds_WP_005766262.1_269",934.914870814683,-0.199852021760042,0.27491829817929,0.341690219142276,0.479692283405211,"WP_005766262.1"
"lcl|NC_008783.1_cds_WP_005766264.1_270",1264.1123253472,-0.551808651341217,0.399620640884637,0.0703822125938291,0.138838356112665,"WP_005766264.1"
"lcl|NC_008783.1_cds_WP_005766266.1_271",2170.67570806327,0.679164685774162,0.16430839183185,2.15411752635034e-05,0.000129465743715675,"WP_005766266.1"
"lcl|NC_008783.1_cds_WP_005766267.1_272",913.40852877002,0.184874591424447,0.178090011773333,0.161030445326901,0.267780965262711,"WP_005766267.1"
"lcl|NC_008783.1_cds_WP_005766269.1_273",853.941629160886,0.0764666587261528,0.155461493871391,0.508286016728666,0.641589172501856,"WP_005766269.1"
"lcl|NC_008783.1_cds_WP_005766272.1_274",586.826095308454,-0.232980251745813,0.167379012258393,0.0699786037562588,0.138552954594332,"WP_005766272.1"
"lcl|NC_008783.1_cds_WP_005766273.1_275",1017.99535887193,-0.00886374952837199,0.210050149227807,0.957181337660599,0.967807603578266,"WP_005766273.1"
"lcl|NC_008783.1_cds_WP_005766275.1_276",1106.52226987774,1.18145626913061,0.309357305478968,2.59094075235759e-05,0.000152411820221885,"WP_005766275.1"
"lcl|NC_008783.1_cds_BARBAKC583_RS01630_277",338.104041203521,0.494480586541219,0.258908304170801,0.0236061726113634,0.0559551716731967,"BARBAKC583_RS01630"
"lcl|NC_008783.1_cds_WP_005766280.1_278",1128.36947183825,0.744424506356196,0.233839869748695,0.000667760185613973,0.00270763034166762,"WP_005766280.1"
"lcl|NC_008783.1_cds_WP_005766282.1_279",919.325574634567,-1.24390548465956,0.159470914864061,1.14341698041204e-15,5.88611176003416e-14,"WP_005766282.1"
"lcl|NC_008783.1_cds_WP_005766284.1_280",520.875036519743,0.603661762827396,0.207647899229165,0.00183999856104335,0.00642818425929712,"WP_005766284.1"
"lcl|NC_008783.1_cds_WP_005766286.1_281",539.091383384849,-0.478807211905793,0.233030525507792,0.0170393329814147,0.0428334824840659,"WP_005766286.1"
"lcl|NC_008783.1_cds_WP_005766289.1_282",322.61487870584,-0.246038838082098,0.290739978430602,0.267599664716092,0.400553733279208,"WP_005766289.1"
"lcl|NC_008783.1_cds_WP_005766292.1_283",774.373536892275,-0.268657863586094,0.246414552125566,0.155359280455325,0.261121545760758,"WP_005766292.1"
"lcl|NC_008783.1_cds_WP_005766295.1_284",321.98065341448,-0.0847714223612996,0.179770832541699,0.534158694114936,0.660171079156665,"WP_005766295.1"
"lcl|NC_008783.1_cds_WP_005766297.1_285",508.089784229588,-0.363666851397024,0.223295392294374,0.0452770220106852,0.0969403147570547,"WP_005766297.1"
"lcl|NC_008783.1_cds_WP_005766299.1_286",6813.40180341055,-0.0563158818432541,0.168609659680838,0.66205901706768,0.769261900106117,"WP_005766299.1"
"lcl|NC_008783.1_cds_WP_005766301.1_287",1137.82339936516,-0.263486756836633,0.304267401870548,0.256066763950382,0.387702108078327,"WP_005766301.1"
"lcl|NC_008783.1_cds_WP_005766303.1_288",434.184357461165,-0.0624402733136741,0.222466813204011,0.719150650124631,0.816370440793445,"WP_005766303.1"
"lcl|NC_008783.1_cds_WP_005766305.1_289",2302.07410708575,0.794931246126094,0.252235828033701,0.000678096785143764,0.00274015902256047,"WP_005766305.1"
"lcl|NC_008783.1_cds_WP_005766307.1_290",39.7811140649424,0.177898614319358,0.330176427849434,0.478186422178044,0.612405310458791,"WP_005766307.1"
"lcl|NC_008783.1_cds_WP_005766309.1_291",124.081299588423,-0.0150780058468988,0.268335652567431,0.942810893215965,0.961908686587578,"WP_005766309.1"
"lcl|NC_008783.1_cds_WP_011807312.1_292",1408.04876393769,-0.443866064583927,0.27520605333116,0.0470561688330902,0.0993128411735807,"WP_011807312.1"
"lcl|NC_008783.1_cds_WP_005766313.1_293",959.829461507242,-0.755127870957526,0.284314315090751,0.00300161605875113,0.00965737340641669,"WP_005766313.1"
"lcl|NC_008783.1_cds_WP_005766315.1_294",179.627111353498,0.0421425810852932,0.161945742313628,0.734135719556491,0.82312186738152,"WP_005766315.1"
"lcl|NC_008783.1_cds_WP_005766317.1_295",535.910620676343,-0.441582405153669,0.208223381827511,0.0147164526643364,0.0376334340271582,"WP_005766317.1"
"lcl|NC_008783.1_cds_WP_005766321.1_296",210.108714820754,0.0214174512726551,0.206573936864721,0.894890353940824,0.935444199864232,"WP_005766321.1"
"lcl|NC_008783.1_cds_WP_005766323.1_297",5106.27635709261,0.335076284561871,0.179530440593336,0.0255834448665458,0.0599817796475053,"WP_005766323.1"
"lcl|NC_008783.1_cds_WP_005766325.1_298",9405.05813218665,0.0635036120504026,0.239978175846329,0.734971341578215,0.82327915650767,"WP_005766325.1"
"lcl|NC_008783.1_cds_WP_005766326.1_299",552.66992275227,-0.552998625581135,0.165524666599437,0.000513154355230934,0.00211293649676097,"WP_005766326.1"
"lcl|NC_008783.1_cds_WP_005766328.1_300",90.814927902148,-0.431825183005413,0.249522066241223,0.0361130460799617,0.0797721017885721,"WP_005766328.1"
"lcl|NC_008783.1_cds_WP_005766340.1_301",1578.39422886862,0.144381450148826,0.198111932996941,0.331228814731888,0.470233713000667,"WP_005766340.1"
"lcl|NC_008783.1_cds_WP_035453132.1_302",337.459456513211,0.034471565454974,0.22748004217512,0.846946621655458,0.903419356544347,"WP_035453132.1"
"lcl|NC_008783.1_cds_WP_005766344.1_303",75.4912557161234,-0.453709618914395,0.300892327522403,0.0592761793027296,0.120176363517863,"WP_005766344.1"
"lcl|NC_008783.1_cds_WP_005766346.1_304",873.236568897664,-0.533250099483872,0.277945443797431,0.0226457163216611,0.0541667234845389,"WP_005766346.1"
"lcl|NC_008783.1_cds_WP_005766349.1_305",906.549991174347,1.37658705428821,0.235253842586667,5.981198077666e-10,1.26459616499224e-08,"WP_005766349.1"
"lcl|NC_008783.1_cds_WP_005766353.1_306",218.260442513391,-0.14860310983727,0.190929270624873,0.296192502409036,0.432419140385078,"WP_005766353.1"
"lcl|NC_008783.1_cds_WP_005766355.1_307",727.943118795411,0.77687551180942,0.292943950956098,0.00292751545271022,0.00944462750956102,"WP_005766355.1"
"lcl|NC_008783.1_cds_WP_005766357.1_308",1440.82866609399,-0.724801799388633,0.30364946442552,0.00619383924504137,0.018152241747844,"WP_005766357.1"
"lcl|NC_008783.1_cds_WP_005766358.1_309",767.580071799559,0.635527185282622,0.224768577788572,0.00222284739241654,0.00751957517891767,"WP_005766358.1"
"lcl|NC_008783.1_cds_WP_005766360.1_310",438.054410031015,0.0275781407243649,0.132492412130121,0.782043436761758,0.854976388851266,"WP_005766360.1"
"lcl|NC_008783.1_cds_WP_005766361.1_311",960.760704982192,-0.0849347477784543,0.159405781715962,0.472942954181198,0.607336722072167,"WP_005766361.1"
"lcl|NC_008783.1_cds_WP_005766363.1_312",1446.45808918948,-0.0968254528061456,0.219427143384488,0.567608138728049,0.6892800371836,"WP_005766363.1"
"lcl|NC_008783.1_cds_WP_005766366.1_313",2441.64281299313,-0.382503979852415,0.274314865003931,0.0781500132560937,0.150760364989727,"WP_005766366.1"
"lcl|NC_008783.1_cds_WP_005766367.1_314",935.831057097918,-0.458146068282737,0.272327986125971,0.040048777307273,0.0870050501501124,"WP_005766367.1"
"lcl|NC_008783.1_cds_WP_005766369.1_315",601.153225711659,0.150776918639947,0.141294150022319,0.135987663426667,0.237827759966283,"WP_005766369.1"
"lcl|NC_008783.1_cds_WP_005766371.1_316",1360.42005172991,-0.771745644813643,0.199157338530483,5.38557774702596e-05,0.000291355640196413,"WP_005766371.1"
"lcl|NC_008783.1_cds_WP_005766373.1_317",985.664081524998,-0.0544593861082502,0.156440108575397,0.645616488324806,0.756841507105515,"WP_005766373.1"
"lcl|NC_008783.1_cds_WP_005766374.1_318",734.248945226059,-0.23368846397646,0.197816749975844,0.120054677345275,0.216354243495899,"WP_005766374.1"
"lcl|NC_008783.1_cds_WP_005766376.1_319",675.194914134737,0.0670753580865241,0.137805772382934,0.505345252793479,0.638557928823351,"WP_005766376.1"
"lcl|NC_008783.1_cds_WP_005766378.1_320",310.161981092823,0.0258473528253794,0.123761928933041,0.779393139752261,0.853936912940549,"WP_005766378.1"
"lcl|NC_008783.1_cds_WP_005766380.1_321",1074.81551227477,0.215579373488066,0.186500264221362,0.124710570886781,0.222595825612226,"WP_005766380.1"
"lcl|NC_008783.1_cds_WP_005766382.1_322",71.6225011980546,0.137789897969384,0.255037761961182,0.482983711987219,0.616885345191874,"WP_005766382.1"
"lcl|NC_008783.1_cds_WP_005766384.1_323",73.5533550789028,-0.162015335718929,0.280197708583373,0.451502740139694,0.589094703244195,"WP_005766384.1"
"lcl|NC_008783.1_cds_WP_005766386.1_324",498.067991396045,0.267778781495883,0.303865382381487,0.247914261133219,0.377288541364693,"WP_005766386.1"
"lcl|NC_008783.1_cds_WP_005766387.1_325",209.577268993137,0.193960408478639,0.239803623143648,0.287454459016894,0.42331601924876,"WP_005766387.1"
"lcl|NC_008783.1_cds_WP_005766389.1_326",287.653950168495,-0.0611167172424496,0.129406368425386,0.514616135818517,0.646782785373034,"WP_005766389.1"
"lcl|NC_008783.1_cds_WP_005766393.1_327",179.698130171292,-0.351136959166925,0.269969239575977,0.0969676174799442,0.181948746586773,"WP_005766393.1"
"lcl|NC_008783.1_cds_WP_005766396.1_328",1353.94885032894,0.278881804030782,0.220481668843159,0.102372191825774,0.190280494696572,"WP_005766396.1"
"lcl|NC_008783.1_cds_WP_005766398.1_329",535.310195956161,-0.0316880892403749,0.130611809707925,0.745854675835739,0.829973624238266,"WP_005766398.1"
"lcl|NC_008783.1_cds_WP_005766401.1_330",839.335703185732,0.0597815054092944,0.229270605731409,0.738715481785284,0.825476727671668,"WP_005766401.1"
"lcl|NC_008783.1_cds_WP_005766402.1_331",1178.45698621712,1.38597504497653,0.297372946514065,3.60258931740237e-07,3.64569722376445e-06,"WP_005766402.1"
"lcl|NC_008783.1_cds_WP_005766404.1_332",622.554929707096,0.89482124784436,0.225271002558837,2.86001639166485e-05,0.000165993108222117,"WP_005766404.1"
"lcl|NC_008783.1_cds_WP_005766405.1_333",343.443695514153,0.757808805947651,0.196348528719647,5.87023644249033e-05,0.000315925452177661,"WP_005766405.1"
"lcl|NC_008783.1_cds_WP_005766407.1_334",503.318703116895,0.653853882614051,0.166237431839833,5.14371414626946e-05,0.000283263141822467,"WP_005766407.1"
"lcl|NC_008783.1_cds_WP_005766408.1_335",567.930453845673,0.940586696400741,0.446151208618021,0.0076057658115197,0.0218128110227264,"WP_005766408.1"
"lcl|NC_008783.1_cds_WP_005766409.1_336",1267.43417055717,-0.0397598447462664,0.173482286058075,0.766772873865149,0.844265394818931,"WP_005766409.1"
"lcl|NC_008783.1_cds_WP_005766410.1_337",106.341612938969,-0.945233496610584,0.298661952406983,0.000480396272833464,0.00199575153345551,"WP_005766410.1"
"lcl|NC_008783.1_cds_WP_005766412.1_338",229.024503855283,-0.5393226208951,0.226209506252426,0.00760869168275844,0.0218128110227264,"WP_005766412.1"
"lcl|NC_008783.1_cds_WP_005766414.1_339",1058.85846243217,1.06844790660617,0.182731539569374,1.43858530329874e-09,2.54221641657569e-08,"WP_005766414.1"
"lcl|NC_008783.1_cds_WP_005766417.1_340",612.682951284953,0.247765747161901,0.255923278562153,0.205056726348561,0.323206092999517,"WP_005766417.1"
"lcl|NC_008783.1_cds_WP_005766421.1_341",388.683015793514,-0.516945389662506,0.334012493655357,0.0519610097613716,0.108122733844401,"WP_005766421.1"
"lcl|NC_008783.1_cds_WP_005766424.1_342",375.54981860043,-0.042032946394329,0.158783829616899,0.729115273752487,0.82036472423966,"WP_005766424.1"
"lcl|NC_008783.1_cds_WP_005766426.1_343",93.4377367539807,-0.773244238884543,0.389812169055165,0.0143188409586015,0.0367755047613539,"WP_005766426.1"
"lcl|NC_008783.1_cds_WP_005766429.1_344",289.960531233218,0.901346507949339,0.296751756363978,0.000783236146228831,0.00310151035831082,"WP_005766429.1"
"lcl|NC_008783.1_cds_BARBAKC583_RS06785_345",79.6869385465558,0.675215636836626,0.299575033388315,0.0091144550697887,0.0250965460526275,"BARBAKC583_RS06785"
"lcl|NC_008783.1_cds_WP_005766431.1_346",1152.87620366373,-0.73371598376782,0.200451157102082,0.000131584824667295,0.000630754787069137,"WP_005766431.1"
"lcl|NC_008783.1_cds_WP_005766433.1_347",1250.06623751465,1.03319357900877,0.227221151377374,1.64964948492403e-06,1.36586362947556e-05,"WP_005766433.1"
"lcl|NC_008783.1_cds_WP_005766436.1_348",1089.65794303524,0.693122585594777,0.237494844978443,0.00160049663636692,0.0057713595908323,"WP_005766436.1"
"lcl|NC_008783.1_cds_WP_005766438.1_349",498.521522771774,0.148390959936018,0.213747674143472,0.359171427202262,0.493912856919255,"WP_005766438.1"
"lcl|NC_008783.1_cds_WP_005766441.1_350",118.660397781761,-0.145208173458122,0.223306712021762,0.393182415309911,0.530818676997645,"WP_005766441.1"
"lcl|NC_008783.1_cds_WP_005766443.1_351",235.972108445444,0.657511777516422,0.379966892365903,0.029713515140933,0.0680479727792354,"WP_005766443.1"
"lcl|NC_008783.1_cds_WP_005766444.1_352",1704.2282421882,-0.0896598077427398,0.16077848703302,0.451771951474433,0.589094703244195,"WP_005766444.1"
"lcl|NC_008783.1_cds_WP_005766446.1_353",1709.87823735025,0.314167632942117,0.239372612061515,0.0933933983849919,0.176360101575487,"WP_005766446.1"
"lcl|NC_008783.1_cds_WP_005766448.1_354",1787.28865245486,-0.116212997299492,0.308602553900758,0.624234853566277,0.741318020684525,"WP_005766448.1"
"lcl|NC_008783.1_cds_WP_005766450.1_355",633.084456784727,-0.967651704828383,0.262628696951422,7.5461425908547e-05,0.000393596159804932,"WP_005766450.1"
"lcl|NC_008783.1_cds_WP_005766451.1_356",106.230636691385,1.26705556237736,0.287551280803626,1.68174325634279e-06,1.37913840976789e-05,"WP_005766451.1"
"lcl|NC_008783.1_cds_WP_005766453.1_357",143.657427804507,1.08231067469602,0.240912093970446,1.88066100626489e-06,1.51476369484193e-05,"WP_005766453.1"
"lcl|NC_008783.1_cds_WP_005766455.1_358",160.618816512095,0.93242928355319,0.247624100736877,6.00145608598753e-05,0.00032152597311354,"WP_005766455.1"
"lcl|NC_008783.1_cds_WP_005766457.1_359",257.348100315021,-0.810734856965893,0.198263914586754,2.0804714188631e-05,0.000125677457139485,"WP_005766457.1"
"lcl|NC_008783.1_cds_WP_035453124.1_360",707.932634138925,1.39432999422366,0.273713592159428,3.98694958132351e-08,5.24505367143004e-07,"WP_035453124.1"
"lcl|NC_008783.1_cds_WP_005766461.1_361",757.957006299603,1.94906048571001,0.204228989533413,3.55181589522423e-23,6.0076428856364e-21,"WP_005766461.1"
"lcl|NC_008783.1_cds_WP_005766462.1_362",628.356169910483,0.757451507002126,0.319187478670437,0.00608674268607856,0.017927122737107,"WP_005766462.1"
"lcl|NC_008783.1_cds_WP_005766464.1_363",221.372670497021,-0.104048880054328,0.157897535805654,0.36732145702806,0.503366441112527,"WP_005766464.1"
"lcl|NC_008783.1_cds_WP_011807322.1_364",190.265663218061,-0.375167045413529,0.246366752404268,0.0581033060208373,0.118406737226629,"WP_011807322.1"
"lcl|NC_008783.1_cds_WP_005766468.1_365",184.718816424897,0.174153437072603,0.201692171699823,0.24870114407056,0.378000198433304,"WP_005766468.1"
"lcl|NC_008783.1_cds_WP_011807323.1_366",28.4897167986599,0.131260528296784,0.297569451855792,0.566532724317098,0.6892800371836,"WP_011807323.1"
"lcl|NC_008783.1_cds_WP_005766472.1_367",2965.09284277527,-0.174677909316045,0.252520694848674,0.365581187096018,0.50156213849558,"WP_005766472.1"
"lcl|NC_008783.1_cds_WP_005766474.1_368",331.853383297321,0.207961175842914,0.242670407008787,0.259867501625412,0.392452961638377,"WP_005766474.1"
"lcl|NC_008783.1_cds_WP_005766476.1_369",267.415860329718,-0.251482346287541,0.232082261874223,0.156220609838753,0.261990371174339,"WP_005766476.1"
"lcl|NC_008783.1_cds_WP_005766478.1_370",1050.17491240915,0.416702378684896,0.210168045562033,0.020249326725947,0.0492303959825897,"WP_005766478.1"
"lcl|NC_008783.1_cds_WP_005766480.1_371",3383.98936126053,-1.46426276053186,0.255985415898599,1.00425537508961e-09,1.91780381307434e-08,"WP_005766480.1"
"lcl|NC_008783.1_cds_WP_011807325.1_372",2488.88430795572,0.417019777373206,0.396942930313164,0.15854746848133,0.264767563726227,"WP_011807325.1"
"lcl|NC_008783.1_cds_WP_005766483.1_373",97.7292994254158,-0.489129170793821,0.253546400212663,0.0226443083696777,0.0541667234845389,"WP_005766483.1"
"lcl|NC_008783.1_cds_WP_005766485.1_374",74.9255555629234,-0.326680609911583,0.268915879624624,0.11801600557498,0.214311273927571,"WP_005766485.1"
"lcl|NC_008783.1_cds_WP_005766487.1_375",159.1517768327,0.175304541634465,0.21241741934056,0.273082098784455,0.407215623376316,"WP_005766487.1"
"lcl|NC_008783.1_cds_WP_005766489.1_376",14.9143501755562,-0.723736658967927,0.44918684763879,0.0333347297723318,0.074750606156138,"WP_005766489.1"
"lcl|NC_008783.1_cds_WP_005766490.1_377",297.078623113594,-1.20876631769009,0.294039652025067,7.28647541172684e-06,4.96616221991639e-05,"WP_005766490.1"
"lcl|NC_008783.1_cds_WP_005766492.1_378",1236.52721768976,-1.98982024300447,0.191092835878939,5.08229861770385e-27,1.50436039084034e-24,"WP_005766492.1"
"lcl|NC_008783.1_cds_WP_005766494.1_379",9788.57167071739,0.212424144725588,0.32290986948297,0.386641925150863,0.522584519838609,"WP_005766494.1"
"lcl|NC_008783.1_cds_WP_011807326.1_380",117.460245731484,0.0290305634286476,0.357698742692166,0.914335646805085,0.94383034508912,"WP_011807326.1"
"lcl|NC_008783.1_cds_WP_005766502.1_381",107.701492978416,-0.375193941707329,0.346374421536647,0.155112162361362,0.261121545760758,"WP_005766502.1"
"lcl|NC_008783.1_cds_WP_005766504.1_382",6333.95848812995,-1.05158459743559,0.282727034988758,5.38909503403838e-05,0.000291355640196413,"WP_005766504.1"
"lcl|NC_008783.1_cds_WP_005766507.1_383",365.181398837272,-1.48823836755013,0.285906426253564,1.67023131168558e-08,2.32653396827733e-07,"WP_005766507.1"
"lcl|NC_008783.1_cds_WP_005766509.1_384",411.790815571306,-1.53683019408789,0.269763016264203,9.25476023795305e-10,1.85722646131126e-08,"WP_005766509.1"
"lcl|NC_008783.1_cds_WP_005766511.1_385",639.420169355616,-1.69629436619968,0.263210978415479,5.61217944300449e-12,1.66120511512933e-10,"WP_005766511.1"
"lcl|NC_008783.1_cds_WP_005766513.1_386",1792.69757243587,-1.42302585484952,0.29032084609592,9.84693292246745e-08,1.13191927963121e-06,"WP_005766513.1"
"lcl|NC_008783.1_cds_WP_005766517.1_387",30006.2139728214,0.86164591590037,0.16902768492007,1.55628597875576e-07,1.7061505544878e-06,"WP_005766517.1"
"lcl|NC_008783.1_cds_WP_225866730.1_388",408.463649282178,1.05680975232816,0.199731652442868,3.55903163812558e-08,4.73471175229291e-07,"WP_225866730.1"
"lcl|NC_008783.1_cds_BARBAKC583_RS07040_389",123.678230510495,0.281640752245025,0.30376022664815,0.224587676950392,0.346690755553148,"BARBAKC583_RS07040"
"lcl|NC_008783.1_cds_WP_011807327.1_390",424.53096852334,-0.245840494975595,0.240443932289247,0.180375544571136,0.291718959048061,"WP_011807327.1"
"lcl|NC_008783.1_cds_WP_011807328.1_391",4.79389876564688,1.41497909968161,0.76593132669181,0.00211067405324551,0.00724358863490634,"WP_011807328.1"
"lcl|NC_008783.1_cds_WP_005766524.1_392",1629.66484839709,1.69882352674697,0.304410269165755,1.11621715306683e-09,2.06450048332322e-08,"WP_005766524.1"
"lcl|NC_008783.1_cds_WP_005766527.1_393",214.310700007099,1.14754180798575,0.251030232276242,1.09426439810645e-06,9.59699417473921e-06,"WP_005766527.1"
"lcl|NC_008783.1_cds_WP_035453167.1_394",442.302432230786,0.494905524330032,0.373728041385071,0.0848197443755202,0.162240028013919,"WP_035453167.1"
"lcl|NC_008783.1_cds_WP_005766532.1_395",1882.16103522247,1.10938594218164,0.439457236629232,0.00190782597961184,0.00662424035149684,"WP_005766532.1"
"lcl|NC_008783.1_cds_WP_005766536.1_396",1320.35105147659,1.17429903325121,0.265663133658477,2.05243596521772e-06,1.6309289817569e-05,"WP_005766536.1"
"lcl|NC_008783.1_cds_WP_005766538.1_397",286.162976147547,0.124231344629954,0.197451852206699,0.404506909821923,0.542248195407018,"WP_005766538.1"
"lcl|NC_008783.1_cds_WP_005766540.1_398",265.969841510374,0.0805125656097481,0.224212742351916,0.643984270334801,0.755676289471164,"WP_005766540.1"
"lcl|NC_008783.1_cds_WP_005766541.1_399",208.977500728503,-0.0407268022386937,0.200219926384698,0.794497783532895,0.863806589258905,"WP_005766541.1"
"lcl|NC_008783.1_cds_WP_005766544.1_400",1220.00869027841,-0.164654480669179,0.21689664186664,0.315187045726984,0.453440415723875,"WP_005766544.1"
"lcl|NC_008783.1_cds_WP_005766546.1_401",239.493214341102,-0.200678868514926,0.193027277971986,0.164867465730074,0.272249762098197,"WP_005766546.1"
"lcl|NC_008783.1_cds_WP_005766547.1_402",363.401304762755,-0.413497665879745,0.214772164794074,0.0231078074182112,0.0549390441428957,"WP_005766547.1"
"lcl|NC_008783.1_cds_WP_005766549.1_403",106.930857409512,-0.818809681911307,0.276457297912259,0.00115359499755926,0.00433605230828624,"WP_005766549.1"
"lcl|NC_008783.1_cds_WP_005766551.1_404",210.059561059988,-0.578838389048145,0.283895567164323,0.0166372243002443,0.0420693215501329,"WP_005766551.1"
"lcl|NC_008783.1_cds_WP_005766554.1_405",483.786452378745,0.290400522939701,0.181447383629152,0.0457480479758675,0.0972454018014849,"WP_005766554.1"
"lcl|NC_008783.1_cds_BARBAKC583_RS02305_406",156.314487430341,-0.120399434294444,0.391675639808609,0.676516473822917,0.778743718069154,"BARBAKC583_RS02305"
"lcl|NC_008783.1_cds_WP_005766558.1_407",1425.00372360622,0.0261958930529827,0.169535615654032,0.841901796135269,0.9004622643398,"WP_005766558.1"
"lcl|NC_008783.1_cds_WP_005766559.1_408",481.254757808964,-0.0996396044974423,0.206129474552557,0.528400399403872,0.656300122691457,"WP_005766559.1"
"lcl|NC_008783.1_cds_WP_005766561.1_409",447.997405487618,0.805087731737004,0.173793430766558,1.80463451289185e-06,1.46348442689312e-05,"WP_005766561.1"
"lcl|NC_008783.1_cds_WP_005766563.1_410",1433.48553422034,-0.746508752759539,0.155016938503553,8.16684143222975e-07,7.32540928466668e-06,"WP_005766563.1"
"lcl|NC_008783.1_cds_WP_005766565.1_411",816.353493167037,-0.0043010209404979,0.241890836343631,0.981963543268024,0.984457946849569,"WP_005766565.1"
"lcl|NC_008783.1_cds_WP_005766567.1_412",157.670616990359,-0.379306060862746,0.31745631447521,0.122265334345577,0.219336599795702,"WP_005766567.1"
"lcl|NC_008783.1_cds_WP_005766569.1_413",301.143555887712,-0.126096720475452,0.227862647991628,0.470711002588349,0.60644377264919,"WP_005766569.1"
"lcl|NC_008783.1_cds_WP_005766571.1_414",1175.66064819902,0.00696315846149786,0.132622325739488,0.944847806166683,0.961908686587578,"WP_005766571.1"
"lcl|NC_008783.1_cds_WP_005766573.1_415",877.316763802382,-0.00833450808059693,0.118560289091434,0.925127808771409,0.952588935586818,"WP_005766573.1"
"lcl|NC_008783.1_cds_WP_005766575.1_416",60.1636070802265,0.739025213228481,0.280366576763607,0.00324369984989591,0.0103240339308515,"WP_005766575.1"
"lcl|NC_008783.1_cds_WP_005766577.1_417",134.977152326928,0.275229597328053,0.267398394144096,0.179561703706857,0.291633823304416,"WP_005766577.1"
"lcl|NC_008783.1_cds_WP_005766578.1_418",1164.04045712888,0.897198614638158,0.242351237043334,8.26201670442417e-05,0.000423473063984339,"WP_005766578.1"
"lcl|NC_008783.1_cds_WP_005766580.1_419",769.831317805192,-0.383554858063432,0.339529319555962,0.140104894042875,0.242166707367539,"WP_005766580.1"
"lcl|NC_008783.1_cds_WP_005766582.1_420",403.392407926324,0.403447388911384,0.20500562024712,0.0209065470858741,0.0505170443870918,"WP_005766582.1"
"lcl|NC_008783.1_cds_WP_005766584.1_421",220.614430515873,-1.1236670867615,0.323055793681851,0.000108171627668548,0.000531432394852948,"WP_005766584.1"
"lcl|NC_008783.1_cds_WP_005766585.1_422",986.958763722906,-0.340984927537528,0.290369701368363,0.129437170818186,0.228736731714526,"WP_005766585.1"
"lcl|NC_008783.1_cds_WP_005766587.1_423",223.585658761461,0.370745881729646,0.339294370861119,0.152593627310476,0.258470464571679,"WP_005766587.1"
"lcl|NC_008783.1_cds_WP_005766589.1_424",1234.79160752633,-0.0656107515063978,0.128938393127416,0.479812789490409,0.613497130406744,"WP_005766589.1"
"lcl|NC_008783.1_cds_WP_005766591.1_425",1728.7825640124,0.110234741067405,0.196503724593273,0.459659261506638,0.594794060791103,"WP_005766591.1"
"lcl|NC_008783.1_cds_WP_005766592.1_426",1311.99321797977,0.074983054163106,0.157124999330609,0.522362627984045,0.653231229140163,"WP_005766592.1"
"lcl|NC_008783.1_cds_WP_005766594.1_427",1461.73227452839,-0.131305526794642,0.229857396104025,0.456166138283861,0.592215688298346,"WP_005766594.1"
"lcl|NC_008783.1_cds_WP_005766596.1_428",298.095315635426,0.0653986457580105,0.143550822163842,0.537363262379749,0.66274802360169,"WP_005766596.1"
"lcl|NC_008783.1_cds_WP_005766597.1_429",210.521916666588,-0.671538624097652,0.297367013564606,0.00906425991578611,0.02501651221513,"WP_005766597.1"
"lcl|NC_008783.1_cds_WP_005766599.1_430",99.5927356395724,-0.685197087262034,0.244976731251433,0.00227487640258508,0.00760862616005856,"WP_005766599.1"
"lcl|NC_008783.1_cds_WP_005766601.1_431",362.096153762883,-0.294694859321678,0.226629255151161,0.0950481756572662,0.178630222187624,"WP_005766601.1"
"lcl|NC_008783.1_cds_WP_005766603.1_432",5395.86147774822,0.199014385450932,0.238654985161123,0.272498792028818,0.406858221642018,"WP_005766603.1"
"lcl|NC_008783.1_cds_WP_005766604.1_433",1069.04951440726,-0.827612165558988,0.220462025242286,7.80430163321424e-05,0.000401751875379376,"WP_005766604.1"
"lcl|NC_008783.1_cds_WP_011807331.1_434",661.990463743078,-0.306947914036229,0.201068171990473,0.0555698729596471,0.114425616668212,"WP_011807331.1"
"lcl|NC_008783.1_cds_WP_005766607.1_435",831.399332511074,-0.541877253633216,0.256981112506756,0.0145888688933794,0.0373879237440718,"WP_005766607.1"
"lcl|NC_008783.1_cds_WP_005766608.1_436",157.592932628625,0.665918458343145,0.212633847965166,0.000880102470792301,0.00338325105655222,"WP_005766608.1"
"lcl|NC_008783.1_cds_WP_005766609.1_437",9.98327570716351,-0.0658855993855448,0.446925587644722,0.833798557448738,0.895029457859752,"WP_005766609.1"
"lcl|NC_008783.1_cds_WP_005766610.1_438",7.50362828194285,0.0581296482542105,0.489023466950003,0.859321850239125,0.912499614962443,"WP_005766610.1"
"lcl|NC_008783.1_cds_WP_011807332.1_439",1037.77277187269,-0.430086884232376,0.235617999401276,0.0290875450455725,0.066873113269821,"WP_011807332.1"
"lcl|NC_008783.1_cds_WP_005766622.1_440",937.945713406791,0.187344061838786,0.314811689104625,0.43512826459214,0.57307215269977,"WP_005766622.1"
"lcl|NC_008783.1_cds_WP_005766624.1_441",3900.6351400662,-0.659718719496448,0.173349357422573,8.46433503998659e-05,0.000429120821737069,"WP_005766624.1"
"lcl|NC_008783.1_cds_WP_005766626.1_442",341.120969594208,-0.41817908451728,0.256886460820193,0.0457106687949415,0.0972454018014849,"WP_005766626.1"
"lcl|NC_008783.1_cds_WP_005766628.1_443",455.277540282683,0.0797463566745113,0.244353319379595,0.675377078497162,0.778623623116494,"WP_005766628.1"
"lcl|NC_008783.1_cds_WP_005766630.1_444",211.335887730605,-0.0477930011073962,0.199409299131058,0.758413930872118,0.839640589142302,"WP_005766630.1"
"lcl|NC_008783.1_cds_BARBAKC583_RS06800_445",247.04724279619,0.660062588827627,0.354839531516769,0.0225146563091516,0.0540717100812079,"BARBAKC583_RS06800"
"lcl|NC_008783.1_cds_WP_005766632.1_446",2203.93374553727,1.03922122465524,0.254569134599091,1.29435857497557e-05,8.32891604766887e-05,"WP_005766632.1"
"lcl|NC_008783.1_cds_WP_005766634.1_447",169.967846139315,0.18365901907798,0.23130992899716,0.295418781460382,0.432355793880214,"WP_005766634.1"
"lcl|NC_008783.1_cds_WP_005766636.1_448",942.00308369766,-0.0523691765675506,0.122844435322212,0.55577645669635,0.679091150390587,"WP_005766636.1"
"lcl|NC_008783.1_cds_WP_005766639.1_449",1665.789078281,0.0141759992641348,0.174698715744539,0.916982489830533,0.945738038292117,"WP_005766639.1"
"lcl|NC_008783.1_cds_WP_005766641.1_450",149.249024561532,-0.0214119365974983,0.240274835050992,0.909736591221473,0.943795013022611,"WP_005766641.1"
"lcl|NC_008783.1_cds_WP_005766643.1_451",192.297159942051,-0.606665354111175,0.272392495049034,0.0104945095431052,0.0283040986310629,"WP_005766643.1"
"lcl|NC_008783.1_cds_WP_005766646.1_452",1653.28958496392,0.588836788686934,0.183589117828381,0.000761416375644718,0.00302522479450787,"WP_005766646.1"
"lcl|NC_008783.1_cds_WP_005766648.1_453",331.702517211364,0.803840788575357,0.214680375824407,8.47122127190667e-05,0.000429120821737069,"WP_005766648.1"
"lcl|NC_008783.1_cds_WP_005766651.1_454",2698.04936550193,0.038344984258617,0.270372809877998,0.856082365286166,0.909875691650647,"WP_005766651.1"
"lcl|NC_008783.1_cds_WP_005766653.1_455",2335.49413718364,0.722359641901284,0.290406526631133,0.00485690972245652,0.0147073685713261,"WP_005766653.1"
"lcl|NC_008783.1_cds_WP_005766656.1_456",560.51452118412,0.468540827742295,0.272049257733462,0.0364644819043058,0.0803984107536276,"WP_005766656.1"
"lcl|NC_008783.1_cds_WP_005766659.1_457",893.805507175224,0.258759162134265,0.252140631724766,0.179928123412929,0.291718959048061,"WP_005766659.1"
"lcl|NC_008783.1_cds_WP_005766662.1_458",349.019409024652,-0.135178803680906,0.340535458844341,0.600793391184022,0.722905869066953,"WP_005766662.1"
"lcl|NC_008783.1_cds_WP_005766664.1_459",4949.31521089058,1.01609632740556,0.267623264822431,4.36984057303006e-05,0.000244051473512622,"WP_005766664.1"
"lcl|NC_008783.1_cds_WP_005766667.1_460",2822.53963351001,0.493129547828669,0.219328348476636,0.0107854301060928,0.0289599897961221,"WP_005766667.1"
"lcl|NC_008783.1_cds_WP_005766668.1_461",3251.88161479319,0.595809866033399,0.210125005904072,0.00226652064218256,0.0076021542219381,"WP_005766668.1"
"lcl|NC_008783.1_cds_WP_005766670.1_462",1090.48609608031,0.571453983293853,0.251602109297854,0.00975595954506922,0.0266153366390828,"WP_005766670.1"
"lcl|NC_008783.1_cds_WP_005766672.1_463",380.097750664596,0.385168612872642,0.220315272921838,0.0345535654850834,0.0769011682976293,"WP_005766672.1"
"lcl|NC_008783.1_cds_WP_005766674.1_464",147.917225105627,-0.0641588667988551,0.179693084346395,0.641589455723193,0.754361385875134,"WP_005766674.1"
"lcl|NC_008783.1_cds_WP_011807336.1_465",558.415726590015,-0.0360148760858588,0.214112938275229,0.830107422557216,0.891875851458933,"WP_011807336.1"
"lcl|NC_008783.1_cds_WP_005766680.1_466",886.135512507026,-0.13537290204716,0.162417548785587,0.25117822316227,0.381275661825805,"WP_005766680.1"
"lcl|NC_008783.1_cds_WP_005766681.1_467",1156.1819668428,0.122664362396321,0.157837363258084,0.2833276669184,0.418801445232691,"WP_005766681.1"
"lcl|NC_008783.1_cds_WP_005766683.1_468",400.346687571148,-0.036153896667131,0.138874821917681,0.729598019108414,0.82036472423966,"WP_005766683.1"
"lcl|NC_008783.1_cds_BARBAKC583_RS02625_469",198.904582926661,-0.0695794149299821,0.210879182161233,0.671024861553499,0.775771257489825,"BARBAKC583_RS02625"
"lcl|NC_008783.1_cds_WP_005766685.1_470",1580.48134607275,0.171635027559222,0.173146604113802,0.177775111877089,0.289128753382519,"WP_005766685.1"
"lcl|NC_008783.1_cds_WP_005766687.1_471",1394.54411586654,-0.674299965387621,0.184264067274858,0.000144690282191666,0.000678459275773617,"WP_005766687.1"
"lcl|NC_008783.1_cds_WP_005766689.1_472",7026.89613474829,1.56290653570403,0.224635836097615,2.50667466476027e-13,9.57388000992308e-12,"WP_005766689.1"
"lcl|NC_008783.1_cds_WP_172952859.1_473",5078.57004068653,0.0548968942832067,0.148587484183726,0.622495712162599,0.740738616281926,"WP_172952859.1"
"lcl|NC_008783.1_cds_WP_005766693.1_474",2368.33250587384,0.326438040592937,0.370110812347541,0.238703662603261,0.365621133922718,"WP_005766693.1"
"lcl|NC_008783.1_cds_WP_005766695.1_475",2632.0316952116,0.355642562795402,0.198958745087225,0.0311620132931819,0.0708173200367128,"WP_005766695.1"
"lcl|NC_008783.1_cds_WP_005766696.1_476",1840.22680585315,0.127037820842504,0.151470081625838,0.242489972540941,0.370462099985129,"WP_005766696.1"
"lcl|NC_008783.1_cds_WP_005766698.1_477",946.437061183988,1.1869219263065,0.214285915254395,6.37324184659908e-09,9.92883992943857e-08,"WP_005766698.1"
"lcl|NC_008783.1_cds_WP_011807338.1_478",386.553987483772,0.804755936942295,0.212911615833359,7.3776325978935e-05,0.000386509601588757,"WP_011807338.1"
"lcl|NC_008783.1_cds_WP_225866732.1_479",320.298741699925,-1.05175577877547,0.316665759287551,0.000223860943801592,0.00100357875324877,"WP_225866732.1"
"lcl|NC_008783.1_cds_WP_005766704.1_480",176.915815185905,0.161267121187702,0.227363748100322,0.35076154280265,0.488184289329716,"WP_005766704.1"
"lcl|NC_008783.1_cds_WP_005766706.1_481",1503.03057955421,0.365915008415048,0.308587351240685,0.125398155137969,0.222595825612226,"WP_005766706.1"
"lcl|NC_008783.1_cds_WP_005766708.1_482",68.549333778384,0.736550506115536,0.791350077576711,0.0473316130782604,0.0997164232823138,"WP_005766708.1"
"lcl|NC_008783.1_cds_WP_005766710.1_483",608.390264856121,0.0920244331424032,0.23590977595018,0.615352779264513,0.736597297556598,"WP_005766710.1"
"lcl|NC_008783.1_cds_WP_005766712.1_484",1500.89006018937,-0.213681728288459,0.228202915264483,0.216761299273417,0.33636353648719,"WP_005766712.1"
"lcl|NC_008783.1_cds_WP_005766713.1_485",661.803828273694,0.0783943584504334,0.188947555813149,0.588189427275288,0.709181549790164,"WP_005766713.1"
"lcl|NC_008783.1_cds_WP_005766715.1_486",1121.52755952539,-0.0510787848591778,0.139765242635823,0.623611090276688,0.741318020684525,"WP_005766715.1"
"lcl|NC_008783.1_cds_WP_005766717.1_487",1710.98717584024,0.197473208723107,0.29256959061828,0.377297815435341,0.514062846346886,"WP_005766717.1"
"lcl|NC_008783.1_cds_WP_005766718.1_488",1186.48043857806,0.0233871778545705,0.236425539130408,0.899856534525747,0.937878641618385,"WP_005766718.1"
"lcl|NC_008783.1_cds_WP_005766719.1_489",5041.2896131875,-0.332332302616718,0.263064397922693,0.105518879257508,0.19520992662639,"WP_005766719.1"
"lcl|NC_008783.1_cds_WP_005766721.1_490",7974.42135771087,-0.113323997146392,0.173451703999998,0.378349861084021,0.514903718992507,"WP_005766721.1"
"lcl|NC_008783.1_cds_WP_005766723.1_491",194.922772479029,-0.0697799100298293,0.228777200541159,0.695725798567321,0.793687559063579,"WP_005766723.1"
"lcl|NC_008783.1_cds_BARBAKC583_RS07180_492",127.859785370602,0.119125384244216,0.235386445456768,0.511339193943104,0.644755703544872,"BARBAKC583_RS07180"
"lcl|NC_008783.1_cds_WP_335617968.1_493",50.7891386461183,-0.0718536744790054,0.299947217451216,0.756915214219475,0.839126979059792,"WP_335617968.1"
"lcl|NC_008783.1_cds_WP_236822973.1_494",18.7425653988865,0.136222949723921,0.438406071097596,0.661365098998778,0.769261900106117,"WP_236822973.1"
"lcl|NC_008783.1_cds_WP_236822976.1_495",26.337938215128,-0.0190328776050169,0.348392502820553,0.942598535008342,0.961908686587578,"WP_236822976.1"
"lcl|NC_008783.1_cds_WP_250645096.1_496",24.9671873415927,-0.534584295334416,0.391511979259314,0.0743214909814241,0.144256795609846,"WP_250645096.1"
"lcl|NC_008783.1_cds_BARBAKC583_RS07065_497",64.1699976858009,-0.523519798951066,0.316073343453521,0.0408354408861227,0.088389692886964,"BARBAKC583_RS07065"
"lcl|NC_008783.1_cds_WP_225866733.1_498",279.973453985991,-1.80224028856431,0.194786162771036,8.30637000322332e-22,8.94067462165128e-20,"WP_225866733.1"
"lcl|NC_008783.1_cds_WP_005766734.1_499",1294.50082410136,-1.04131197580679,0.271850032510345,3.59668741748717e-05,0.000204734514533885,"WP_005766734.1"
"lcl|NC_008783.1_cds_BARBAKC583_RS02775_500",148.893189019833,1.04783096156028,0.369759216500779,0.00100396738607618,0.00379775522400704,"BARBAKC583_RS02775"
"lcl|NC_008783.1_cds_WP_005766739.1_501",1556.98766642688,0.0171988806559349,0.185359434089513,0.905452247756495,0.94160234241522,"WP_005766739.1"
"lcl|NC_008783.1_cds_WP_005766741.1_502",501.545538864032,1.41595062524764,0.24610791440685,9.53691246443764e-10,1.87165467577861e-08,"WP_005766741.1"
"lcl|NC_008783.1_cds_WP_005766743.1_503",463.409541004701,1.11833912842621,0.366581446230446,0.000444946194708479,0.00186814288842141,"WP_005766743.1"
"lcl|NC_008783.1_cds_WP_005766745.1_504",411.146875305695,-0.0760972596617924,0.229235247580493,0.669894355705897,0.775322499663521,"WP_005766745.1"
"lcl|NC_008783.1_cds_WP_005766748.1_505",3150.52977635476,1.27028151723542,0.254240710172402,9.52857794150228e-08,1.11701349334047e-06,"WP_005766748.1"
"lcl|NC_008783.1_cds_WP_005766749.1_506",1411.96977127267,0.740566758019237,0.26582881777973,0.00216663152243364,0.00737152793839492,"WP_005766749.1"
"lcl|NC_008783.1_cds_WP_005766751.1_507",593.507325462324,0.0711513862922733,0.142402878748245,0.495579665517436,0.630253838853538,"WP_005766751.1"
"lcl|NC_008783.1_cds_WP_005766753.1_508",592.83765106337,1.07947778441089,0.244988997440283,2.81872960966717e-06,2.18129141035682e-05,"WP_005766753.1"
"lcl|NC_008783.1_cds_WP_005766755.1_509",281.51009522731,0.550383619787654,0.239968165274114,0.00939639012278581,0.0256935933149617,"WP_005766755.1"
"lcl|NC_008783.1_cds_BARBAKC583_RS02825_510",285.207071490545,0.169280557700702,0.201818601504857,0.26263594471532,0.395121929533595,"BARBAKC583_RS02825"
"lcl|NC_008783.1_cds_WP_005766757.1_511",5255.11823966541,-0.138061697396382,0.190949337454723,0.333155439352908,0.47127364419814,"WP_005766757.1"
"lcl|NC_008783.1_cds_WP_005766759.1_512",844.227382540933,0.0988614628685818,0.186959431620502,0.484987299746345,0.618776899676372,"WP_005766759.1"
"lcl|NC_008783.1_cds_WP_005766761.1_513",247.659875446743,0.0459697763310592,0.196302985494372,0.76367632009105,0.843463398309518,"WP_005766761.1"
"lcl|NC_008783.1_cds_WP_005766762.1_514",323.596946215158,-0.0446945783275154,0.174626431936934,0.740133762180005,0.82593626241388,"WP_005766762.1"
"lcl|NC_008783.1_cds_WP_005766764.1_515",325.577278980419,-0.322601445677603,0.2612687774806,0.112583148278147,0.20539052012531,"WP_005766764.1"
"lcl|NC_008783.1_cds_WP_005766766.1_516",389.547107788613,-0.653595349400808,0.210472639266573,0.00096967647027381,0.00369163003474016,"WP_005766766.1"
"lcl|NC_008783.1_cds_WP_005766768.1_517",88.3222939266429,-0.390872706221315,0.259103412781131,0.0601321835282828,0.121288765413095,"WP_005766768.1"
"lcl|NC_008783.1_cds_WP_005766770.1_518",109.592164086694,-0.182328708399309,0.239179779318336,0.316496498912344,0.4542204299542,"WP_005766770.1"
"lcl|NC_008783.1_cds_WP_005766771.1_519",238.154650336534,-0.156072407844841,0.270859352326266,0.453447067143507,0.589530421011311,"WP_005766771.1"
"lcl|NC_008783.1_cds_WP_005766773.1_520",458.154695586164,0.362611442191502,0.324146975001471,0.145195499609797,0.248786500054992,"WP_005766773.1"
"lcl|NC_008783.1_cds_WP_005766775.1_521",4753.62629837868,-0.584029974825074,0.248885426871706,0.00806273620103732,0.0226752486033924,"WP_005766775.1"
"lcl|NC_008783.1_cds_WP_005766777.1_522",1888.8455632199,0.446768700235273,0.186502145406496,0.00766573963455515,0.0218704475356947,"WP_005766777.1"
"lcl|NC_008783.1_cds_WP_005766778.1_523",530.659597275321,-0.115634988585701,0.205606032041051,0.460233207331923,0.594886591136459,"WP_005766778.1"
"lcl|NC_008783.1_cds_WP_005766779.1_524",122.732664197857,0.0413271867633259,0.197316610647089,0.788337699203345,0.857896907956581,"WP_005766779.1"
"lcl|NC_008783.1_cds_WP_005766781.1_525",607.987358167947,0.224269222274118,0.212371497961626,0.163120620536165,0.270496939376498,"WP_005766781.1"
"lcl|NC_008783.1_cds_WP_035453077.1_526",526.839873595234,-0.126779818679449,0.177395673854101,0.334407671369991,0.472031596202816,"WP_035453077.1"
"lcl|NC_008783.1_cds_WP_005766785.1_527",572.762925105453,-0.00802904102833868,0.150329229789034,0.944644331706993,0.961908686587578,"WP_005766785.1"
"lcl|NC_008783.1_cds_WP_005766787.1_528",654.758610964022,0.0107297400980118,0.166503796858476,0.933817806970689,0.957264314678178,"WP_005766787.1"
"lcl|NC_008783.1_cds_WP_005766789.1_529",863.929828629429,-0.632216832828073,0.172042561120049,0.000144835236191826,0.000678459275773617,"WP_005766789.1"
"lcl|NC_008783.1_cds_WP_005766791.1_530",1440.88099115638,0.0228707351945854,0.158673722541516,0.85164035590438,0.90678253722193,"WP_005766791.1"
"lcl|NC_008783.1_cds_WP_005766794.1_531",735.39361251512,0.598985320457513,0.340593740119563,0.030328865287145,0.0691895500962999,"WP_005766794.1"
"lcl|NC_008783.1_cds_WP_005766798.1_532",377.351085679804,0.617079996408987,0.341912216852227,0.0268648443074889,0.0623685797256212,"WP_005766798.1"
"lcl|NC_008783.1_cds_WP_005766800.1_533",16246.1502852315,2.55011266039856,0.284460146156485,1.75495378791836e-21,1.59835791145795e-19,"WP_005766800.1"
"lcl|NC_008783.1_cds_WP_005766814.1_534",179.673204290128,0.855740351557694,0.25666557602441,0.000334821647616597,0.00144530823591248,"WP_005766814.1"
"lcl|NC_008783.1_cds_WP_280641459.1_535",156.336795729493,-0.201754340961723,0.226693063358081,0.239816360235874,0.366850866303973,"WP_280641459.1"
"lcl|NC_008783.1_cds_WP_005766818.1_536",182.220626663265,-0.996462292676827,0.179296597352154,9.31317803465001e-09,1.3783503491282e-07,"WP_005766818.1"
"lcl|NC_008783.1_cds_WP_035453156.1_537",338.833926474208,-1.31869928706013,0.196421412103363,2.804944603145e-12,8.73961686874652e-11,"WP_035453156.1"
"lcl|NC_008783.1_cds_WP_005766821.1_538",178.555150181691,-2.04317001133171,0.357787434027943,1.94882974526644e-10,4.35361211018013e-09,"WP_005766821.1"
"lcl|NC_008783.1_cds_WP_005766822.1_539",94.206580858111,-2.37829018583167,0.369286024344065,8.81743394470646e-13,3.16358842137347e-11,"WP_005766822.1"
"lcl|NC_008783.1_cds_WP_005766823.1_540",3672.89225978381,-0.288154069019433,0.250786324211665,0.136309192985301,0.238038472705894,"WP_005766823.1"
"lcl|NC_008783.1_cds_WP_005766824.1_541",13733.7829907393,-0.458780990465925,0.299340910292782,0.0559667603068797,0.114644713154577,"WP_005766824.1"
"lcl|NC_008783.1_cds_WP_005766825.1_542",342.586103595464,-0.0151017390331482,0.178361136359091,0.91350429469925,0.943795013022611,"WP_005766825.1"
"lcl|NC_008783.1_cds_WP_005766826.1_543",429.504848835093,0.152360673390776,0.208333566562995,0.332015489209526,0.470627692005816,"WP_005766826.1"
"lcl|NC_008783.1_cds_BARBAKC583_RS07075_544",46.2152862061902,-0.366845575047775,0.356366435601431,0.173966647005348,0.284891438526047,"BARBAKC583_RS07075"
"lcl|NC_008783.1_cds_WP_005766830.1_545",879.379583812292,0.854076845964754,0.178497789269774,7.8105368306439e-07,7.05929435685677e-06,"WP_005766830.1"
"lcl|NC_008783.1_cds_WP_005766832.1_546",702.478683410757,0.27655661336395,0.337431907123126,0.278635145692483,0.413932261605897,"WP_005766832.1"
"lcl|NC_008783.1_cds_WP_005766834.1_547",2432.00281641604,-0.645576642871031,0.167792016975984,7.33037725623448e-05,0.000385740740950295,"WP_005766834.1"
"lcl|NC_008783.1_cds_WP_005766835.1_548",151.30787740233,-0.0947982933264712,0.196948487952693,0.528809389398353,0.656300122691457,"WP_005766835.1"
"lcl|NC_008783.1_cds_WP_005766837.1_549",345.59225419923,-0.125289869333717,0.170760233673036,0.318416835367518,0.456092578489697,"WP_005766837.1"
"lcl|NC_008783.1_cds_WP_005766840.1_550",166.455322398887,-0.372527335805688,0.210218051239759,0.0325603808644553,0.0735715476021281,"WP_005766840.1"
"lcl|NC_008783.1_cds_WP_005766842.1_551",170.722405078284,-0.00598604282778066,0.166124929964693,0.962974696757233,0.972005150009006,"WP_005766842.1"
"lcl|NC_008783.1_cds_WP_005766844.1_552",99.3430156751681,0.0491738385941111,0.214332965145454,0.769193188363862,0.844560431362217,"WP_005766844.1"
"lcl|NC_008783.1_cds_WP_005766845.1_553",1090.56314328428,0.0678058478755104,0.145069864982892,0.526833362311889,0.655910305969796,"WP_005766845.1"
"lcl|NC_008783.1_cds_WP_005766847.1_554",803.647437062363,-0.235860920465649,0.248787996476307,0.21375950142026,0.332577200632835,"WP_005766847.1"
"lcl|NC_008783.1_cds_WP_005766849.1_555",1609.06675475538,0.0596773937175527,0.116580840694517,0.468687095341354,0.60449403146423,"WP_005766849.1"
"lcl|NC_008783.1_cds_WP_005766851.1_556",1011.18528161674,-0.0176320202325239,0.0980882472003377,0.8034043353103,0.870293442824699,"WP_005766851.1"
"lcl|NC_008783.1_cds_WP_005766852.1_557",587.569042987927,0.914703805785415,0.334442282421762,0.00180101831320404,0.0063653900980107,"WP_005766852.1"
"lcl|NC_008783.1_cds_WP_005766853.1_558",559.862315999247,0.717806382866811,0.284260951706579,0.0044475290880642,0.0135718413408969,"WP_005766853.1"
"lcl|NC_008783.1_cds_WP_005766855.1_559",1859.93225572653,-0.257932502689487,0.219822537383119,0.125937349052677,0.2232182953269,"WP_005766855.1"
"lcl|NC_008783.1_cds_WP_005766857.1_560",115.520928123852,-0.555312788572486,0.305957590493558,0.0280544955743463,0.0647495570370878,"WP_005766857.1"
"lcl|NC_008783.1_cds_WP_005766859.1_561",188.296401704616,-0.136465693847134,0.300406380738721,0.554539414377226,0.678279614279582,"WP_005766859.1"
"lcl|NC_008783.1_cds_WP_005766860.1_562",3551.85135700462,0.42498920322313,0.363685635724265,0.125045856199986,0.222595825612226,"WP_005766860.1"
"lcl|NC_008783.1_cds_WP_005766862.1_563",824.347248840265,0.173531553055788,0.225050387988806,0.308901931992079,0.447225499768109,"WP_005766862.1"
"lcl|NC_008783.1_cds_WP_011807347.1_564",8.65473755457434,0.310937731615671,0.595352437173844,0.377276446876359,0.514062846346886,"WP_011807347.1"
"lcl|NC_008783.1_cds_WP_005766865.1_565",6.29422886250283,0.866258271411164,0.823419120273339,0.0245974304650978,0.0578993194248028,"WP_005766865.1"
"lcl|NC_008783.1_cds_WP_005766867.1_566",9.17967302198949,0.394735238118746,0.568315422437442,0.268162728402956,0.400889735390277,"WP_005766867.1"
"lcl|NC_008783.1_cds_WP_011807348.1_567",418.602221211401,0.533998616764187,0.202952507107189,0.00411323708692153,0.0126495395088704,"WP_011807348.1"
"lcl|NC_008783.1_cds_WP_005766870.1_568",44.9595334874933,0.896664522895095,0.541026754604664,0.0197959364444037,0.0482271373460371,"WP_005766870.1"
"lcl|NC_008783.1_cds_WP_005766872.1_569",43.3597134697112,0.743009587551525,0.522522626100559,0.0440033115609151,0.0945552103232732,"WP_005766872.1"
"lcl|NC_008783.1_cds_WP_035453066.1_570",13.6506525090312,-0.00305072343879192,0.495164104961199,0.992609424370668,0.994288966543884,"WP_035453066.1"
"lcl|NC_008783.1_cds_WP_005766875.1_571",7.92666065950952,0.310914824154811,0.547776737818087,0.372093642442535,0.509316615782614,"WP_005766875.1"
"lcl|NC_008783.1_cds_WP_005766877.1_572",8.09703256503263,0.0461153417511874,0.558960600114267,0.891914156499685,0.934536602916484,"WP_005766877.1"
"lcl|NC_008783.1_cds_WP_244426311.1_573",13.6022251401312,-0.209245632284163,0.828395487823313,0.181499758657386,0.292773452657146,"WP_244426311.1"
"lcl|NC_008783.1_cds_BARBAKC583_RS07080_574",0.132511729552254,0.0865244971306268,0.821828873109462,0.499390258722803,0.633133541551508,"BARBAKC583_RS07080"
"lcl|NC_008783.1_cds_WP_011807349.1_575",107.725813406712,0.400657578354193,0.464657435128799,0.221952551557365,0.343070262459425,"WP_011807349.1"
"lcl|NC_008783.1_cds_WP_005766882.1_576",23.8639818928907,0.048789410239584,0.505348413532157,0.883158641572974,0.928649939273891,"WP_005766882.1"
"lcl|NC_008783.1_cds_WP_005766884.1_577",17.3641444869809,0.30719843436684,0.61380281199517,0.381727047311724,0.516531227448093,"WP_005766884.1"
"lcl|NC_008783.1_cds_WP_005766885.1_578",10.1616297135823,0.42268470605465,0.544561328833016,0.232811162592916,0.357057534339395,"WP_005766885.1"
"lcl|NC_008783.1_cds_WP_005766888.1_579",59.8802428059942,0.155893046097473,0.445825740412246,0.61985177312591,0.739823084053506,"WP_005766888.1"
"lcl|NC_008783.1_cds_WP_005766892.1_580",95.2184419351997,0.320549181253478,0.298967933430952,0.163010998148647,0.270496939376498,"WP_005766892.1"
"lcl|NC_008783.1_cds_WP_005766894.1_581",10.5838029087366,0.305143358312973,0.545164764519737,0.380027932792853,0.51541016314632,"WP_005766894.1"
"lcl|NC_008783.1_cds_WP_005766896.1_582",18.6301251248958,0.105495897643826,0.483976201195143,0.747030468425338,0.830501478512301,"WP_005766896.1"
"lcl|NC_008783.1_cds_WP_005766898.1_583",18.2651835816641,0.105704755676826,0.471370922322043,0.74356483517374,0.828983771041156,"WP_005766898.1"
"lcl|NC_008783.1_cds_WP_005766900.1_584",5.03348418358565,0.453737106442607,0.665060576343707,0.20802017284953,0.325788207214078,"WP_005766900.1"
"lcl|NC_008783.1_cds_WP_005766902.1_585",16.2556889077357,0.541949101929148,0.60490652341759,0.144938333009589,0.248705777222252,"WP_005766902.1"
"lcl|NC_008783.1_cds_WP_005766905.1_586",4.63151907700371,0.378468014067126,0.701595181537147,0.26498408751351,0.397140708374678,"WP_005766905.1"
"lcl|NC_008783.1_cds_WP_005766907.1_587",8.23264347996429,0.22491119114435,0.562526609405573,0.515053896457703,0.646782785373034,"WP_005766907.1"
"lcl|NC_008783.1_cds_WP_005766909.1_588",22.916114050389,0.822669561089293,0.611876705135446,0.0377457657947391,0.0827610864832798,"WP_005766909.1"
"lcl|NC_008783.1_cds_WP_005766912.1_589",16.0271996025353,0.85239262155886,0.625029712202054,0.0332323268117087,0.07466238129993,"WP_005766912.1"
"lcl|NC_008783.1_cds_WP_005766913.1_590",3.30742322764292,0.505607211234976,0.723327155405341,0.151716692902228,0.257722474026166,"WP_005766913.1"
"lcl|NC_008783.1_cds_WP_005766915.1_591",7.68725027745915,0.13647426205032,0.508320625556815,0.682821266359723,0.782633474704658,"WP_005766915.1"
"lcl|NC_008783.1_cds_WP_005766917.1_592",20.2847487759856,1.07476614820347,0.60696007919294,0.00933842568894754,0.0255942037400784,"WP_005766917.1"
"lcl|NC_008783.1_cds_WP_005766919.1_593",12.5896358801144,1.09191751055793,0.670844831415317,0.0102856276933556,0.0278040712076097,"WP_005766919.1"
"lcl|NC_008783.1_cds_WP_005766926.1_597",0.454516641814005,-0.102894054991714,0.823190020290219,0.42240790266432,0.558805538273245,"WP_005766926.1"
"lcl|NC_008783.1_cds_WP_011807351.1_599",7.79106080324177,-0.999112267334907,0.772331881467983,0.0166642836207874,0.0420693215501329,"WP_011807351.1"
"lcl|NC_008783.1_cds_WP_005766936.1_624",1166.31840166922,0.0618809360419094,0.161254535949829,0.612057428553093,0.733477728144597,"WP_005766936.1"
"lcl|NC_008783.1_cds_WP_005766938.1_625",657.109721241284,0.318067963857234,0.290800706684623,0.155476298332513,0.261121545760758,"WP_005766938.1"
"lcl|NC_008783.1_cds_WP_005766940.1_626",640.174356681212,0.0264622795138175,0.176651179492374,0.847165852011631,0.903419356544347,"WP_005766940.1"
"lcl|NC_008783.1_cds_WP_005766942.1_627",1074.94880880057,0.533849711132589,0.24189854771314,0.0116601056861067,0.0308849331819918,"WP_005766942.1"
"lcl|NC_008783.1_cds_WP_005766945.1_628",316.06277711893,0.490219534606675,0.282613391019448,0.0351196327180203,0.0780143435987542,"WP_005766945.1"
"lcl|NC_008783.1_cds_WP_005766947.1_629",850.303116390688,-0.0708213850451539,0.208750707074247,0.661958603389626,0.769261900106117,"WP_005766947.1"
"lcl|NC_008783.1_cds_WP_005766949.1_630",148.166462551116,0.116886039876015,0.209976819747607,0.465761483450396,0.601375786701493,"WP_005766949.1"
"lcl|NC_008783.1_cds_WP_005766951.1_631",551.137397736946,0.282519896438064,0.247889813431321,0.139015653200672,0.240635898050047,"WP_005766951.1"
"lcl|NC_008783.1_cds_WP_005766957.1_632",1499.86674829015,-0.0242675601235693,0.185090915565156,0.866541401521025,0.917696797317436,"WP_005766957.1"
"lcl|NC_008783.1_cds_WP_005766958.1_633",401.496417767814,-0.368652879297051,0.239552684947286,0.0558897856814135,0.114644713154577,"WP_005766958.1"
"lcl|NC_008783.1_cds_WP_005766959.1_634",2139.3191478223,0.154236036452213,0.263289381692774,0.445870234232488,0.583971634216002,"WP_005766959.1"
"lcl|NC_008783.1_cds_WP_005766960.1_635",491.14636760335,-0.0550944720763935,0.198842450001863,0.721517676506321,0.817489884194722,"WP_005766960.1"
"lcl|NC_008783.1_cds_WP_005766961.1_636",2924.43877529486,-0.0491704100229507,0.194771313677131,0.745474609598479,0.829973624238266,"WP_005766961.1"
"lcl|NC_008783.1_cds_WP_005766962.1_637",1003.8574814261,-0.137465300122727,0.193351192547636,0.342347955639698,0.479692283405211,"WP_005766962.1"
"lcl|NC_008783.1_cds_WP_005766965.1_638",537.439487737208,-0.451950295698731,0.188543476622027,0.00763189970001974,0.0218264957604429,"WP_005766965.1"
"lcl|NC_008783.1_cds_WP_005766967.1_639",304.682882360286,-0.647080785355884,0.272479950664528,0.0070698806127585,0.020516516288005,"WP_005766967.1"
"lcl|NC_008783.1_cds_WP_005766971.1_640",3042.13763269709,-0.0649445699498349,0.179021823050184,0.635964242553119,0.749235485754122,"WP_005766971.1"
"lcl|NC_008783.1_cds_WP_005766976.1_641",1201.04938973404,0.218597677085213,0.150259204729347,0.0578990320048777,0.11819388602375,"WP_005766976.1"
"lcl|NC_008783.1_cds_WP_005766978.1_642",799.989032552048,-0.791840620085293,0.353069963455675,0.00779521249324109,0.0221331692853656,"WP_005766978.1"
"lcl|NC_008783.1_cds_WP_005766983.1_643",600.341251478594,-0.18759516477906,0.161217717840967,0.115428452907153,0.209934390540813,"WP_005766983.1"
"lcl|NC_008783.1_cds_WP_005766984.1_644",316.827332907474,0.292028974848342,0.241921170779592,0.11885864626265,0.214525361547221,"WP_005766984.1"
"lcl|NC_008783.1_cds_WP_005766985.1_645",324.586798598312,-0.16948500809854,0.266263686316423,0.40645023875606,0.543278866118867,"WP_005766985.1"
"lcl|NC_008783.1_cds_WP_005766991.1_646",4882.21084098796,-0.0333462969189896,0.214564046769459,0.842930243653999,0.900748563615825,"WP_005766991.1"
"lcl|NC_008783.1_cds_BARBAKC583_RS03565_647",944.072061090419,0.0336890379301245,0.384103552818236,0.905815091225452,0.94160234241522,"BARBAKC583_RS03565"
"lcl|NC_008783.1_cds_WP_005766993.1_648",715.617284743885,-0.14818585891343,0.250091226599119,0.440296456477892,0.577950115820204,"WP_005766993.1"
"lcl|NC_008783.1_cds_WP_005766996.1_649",421.899014515708,0.48798015150363,0.281745947437929,0.0353663070590151,0.0784151826926477,"WP_005766996.1"
"lcl|NC_008783.1_cds_WP_005766997.1_650",5136.9531862223,0.216469443416743,0.237114034880143,0.229563148995835,0.352990608326063,"WP_005766997.1"
"lcl|NC_008783.1_cds_WP_005766998.1_651",259.885956019721,-0.164363957953337,0.222541409577973,0.329876057747458,0.4688754530288,"WP_005766998.1"
"lcl|NC_008783.1_cds_WP_005767001.1_652",465.429777418219,-0.146717762515392,0.177137727044875,0.260652047892961,0.39313633720416,"WP_005767001.1"
"lcl|NC_008783.1_cds_WP_005767002.1_653",809.929249676906,0.0127426777673375,0.176190105900793,0.926038737213199,0.952588935586818,"WP_005767002.1"
"lcl|NC_008783.1_cds_WP_005767004.1_654",285.818824879578,-0.32202518107265,0.290207800443408,0.149996382083963,0.255533404873974,"WP_005767004.1"
"lcl|NC_008783.1_cds_WP_005767012.1_655",1168.02763692972,-0.505885879783214,0.272051982145359,0.0263072308024535,0.0614354265682544,"WP_005767012.1"
"lcl|NC_008783.1_cds_WP_005767014.1_656",8798.13913697862,0.618913873878644,0.361595512671343,0.0326854722087264,0.0737135220859658,"WP_005767014.1"
"lcl|NC_008783.1_cds_WP_005767018.1_657",281.994042943008,-0.545342786933831,0.236578281801308,0.00917136695719257,0.0251946600401763,"WP_005767018.1"
"lcl|NC_008783.1_cds_WP_005767019.1_658",545.463923917523,0.0832304394731844,0.18586797343833,0.55717513213509,0.68009830561644,"WP_005767019.1"
"lcl|NC_008783.1_cds_WP_005767020.1_659",802.747515427591,-1.02165159111683,0.172777105306436,1.08343322315553e-09,2.03616656542246e-08,"WP_005767020.1"
"lcl|NC_008783.1_cds_WP_005767022.1_660",11219.2199189702,-0.150300610172633,0.263361940016498,0.458005360233885,0.59395218676552,"WP_005767022.1"
"lcl|NC_008783.1_cds_WP_005767024.1_661",1392.4886871345,-0.155261784842957,0.243497837987497,0.404854226976186,0.542248195407018,"WP_005767024.1"
"lcl|NC_008783.1_cds_WP_005767026.1_662",639.24691844434,-0.0219071372724979,0.301034159463806,0.925260872485254,0.952588935586818,"WP_005767026.1"
"lcl|NC_008783.1_cds_WP_005767028.1_663",135.008835489966,1.27964066212044,0.348307271404398,3.4101046412191e-05,0.000195051395903547,"WP_005767028.1"
"lcl|NC_008783.1_cds_WP_005767030.1_664",1101.80939589008,0.613785011301711,0.284765420584508,0.0123172739133169,0.0323362579010359,"WP_005767030.1"
"lcl|NC_008783.1_cds_WP_005767032.1_665",254.875276210806,-0.146884405168036,0.18550703551675,0.285862785989008,0.421496312093382,"WP_005767032.1"
"lcl|NC_008783.1_cds_WP_005767034.1_666",329.577887178632,-0.19992232815391,0.195308621316063,0.171659730989562,0.281893372387852,"WP_005767034.1"
"lcl|NC_008783.1_cds_WP_005767036.1_667",1508.07536790345,-0.498511308874411,0.152952374298723,0.000699959501287236,0.00281888452219078,"WP_005767036.1"
"lcl|NC_008783.1_cds_WP_005767038.1_668",1385.41700372819,-0.802598621100785,0.35703025245513,0.00755053619157744,0.0217514229947146,"WP_005767038.1"
"lcl|NC_008783.1_cds_WP_005767039.1_669",3354.89980221925,-0.0605136523276903,0.361786285092669,0.824030015432165,0.890193009371974,"WP_005767039.1"
"lcl|NC_008783.1_cds_WP_005767040.1_670",763.044768505412,-0.40036784631078,0.387267036803155,0.166860096017974,0.275156481455823,"WP_005767040.1"
"lcl|NC_008783.1_cds_WP_005767041.1_671",1205.51163795429,-0.469968893732062,0.216535453954143,0.0130501663152171,0.0341845064540201,"WP_005767041.1"
"lcl|NC_008783.1_cds_WP_005767042.1_672",1588.4993027443,0.178385153670107,0.253043174706732,0.356286216232727,0.493383485402981,"WP_005767042.1"
"lcl|NC_008783.1_cds_WP_005767043.1_673",1880.21917819269,-0.00392308911385704,0.205187543582264,0.98058257666295,0.983906585397401,"WP_005767043.1"
"lcl|NC_008783.1_cds_WP_005767044.1_674",485.319690101354,-0.404725229265223,0.209525101999164,0.0227417785002058,0.0542868260972654,"WP_005767044.1"
"lcl|NC_008783.1_cds_WP_011807356.1_675",1478.34762067595,-0.962077983748658,0.185602833462064,7.96722074032162e-08,9.52847409751596e-07,"WP_011807356.1"
"lcl|NC_008783.1_cds_WP_005767046.1_676",908.185990525059,0.218117741263334,0.284597626062795,0.315648983752409,0.453553879566568,"WP_005767046.1"
"lcl|NC_008783.1_cds_WP_005767047.1_677",338.798667778828,-0.181119182473312,0.266475282981966,0.37462256661431,0.511595292815851,"WP_005767047.1"
"lcl|NC_008783.1_cds_WP_005767048.1_678",594.069636320384,0.221526450685196,0.283420928881069,0.306093471756126,0.444689143194119,"WP_005767048.1"
"lcl|NC_008783.1_cds_BARBAKC583_RS06815_679",36.4907549211323,-0.522298318831368,0.58233175820291,0.155482001487614,0.261121545760758,"BARBAKC583_RS06815"
"lcl|NC_008783.1_cds_BARBAKC583_RS07085_680",0.240252213890593,0.0526239579948489,0.805618172521721,0.753941930416024,0.836614100855269,"BARBAKC583_RS07085"
"lcl|NC_008783.1_cds_BARBAKC583_RS03770_681",0.756833106017897,0.100676209316033,0.724438616326589,0.725707781410472,0.819883600372137,"BARBAKC583_RS03770"
"lcl|NC_008783.1_cds_WP_005767058.1_682",269.790303893032,-0.508386239848912,0.361440040164831,0.0705917993072841,0.138838356112665,"WP_005767058.1"
"lcl|NC_008783.1_cds_WP_005767060.1_683",475.577209621338,-0.8745583070276,0.219333487726636,2.80430659734836e-05,0.000163561527648299,"WP_005767060.1"
"lcl|NC_008783.1_cds_WP_005767062.1_684",945.97150512916,-0.82074647635058,0.194494519468594,1.16333685095813e-05,7.62157700281309e-05,"WP_005767062.1"
"lcl|NC_008783.1_cds_WP_005767064.1_685",575.666257963465,-1.21553593489085,0.235031527829336,4.44268140204355e-08,5.78036789013138e-07,"WP_005767064.1"
"lcl|NC_008783.1_cds_WP_005767066.1_686",1198.54319552594,-0.881930886261992,0.168865123117099,7.67668743876151e-08,9.2746917627486e-07,"WP_005767066.1"
"lcl|NC_008783.1_cds_WP_005767068.1_687",497.78160648895,-0.727983422346932,0.178751051850717,2.58239975613444e-05,0.000152411820221885,"WP_005767068.1"
"lcl|NC_008783.1_cds_WP_005767070.1_688",991.72026237646,-0.676893664446678,0.154440414986821,7.19115582836824e-06,4.95019098883023e-05,"WP_005767070.1"
"lcl|NC_008783.1_cds_WP_005767072.1_689",1436.16179908708,-0.942568341397966,0.171655983197288,1.53611158372449e-08,2.22988398931735e-07,"WP_005767072.1"
"lcl|NC_008783.1_cds_WP_005767074.1_690",486.991101237147,-0.808603383075972,0.193271744708239,1.39321121335969e-05,8.82118757549667e-05,"WP_005767074.1"
"lcl|NC_008783.1_cds_WP_005767075.1_691",556.199551217668,-0.200936215438111,0.201862690487628,0.184818971159361,0.295311284551529,"WP_005767075.1"
"lcl|NC_008783.1_cds_WP_005767077.1_692",743.427039824139,-0.0560569220310909,0.152800480720107,0.626257966478938,0.742231663975037,"WP_005767077.1"
"lcl|NC_008783.1_cds_WP_005767079.1_693",256.172089506944,-0.0385010056196684,0.165915443914843,0.763024620587852,0.843463398309518,"WP_005767079.1"
"lcl|NC_008783.1_cds_WP_005767081.1_694",2297.20173194186,-0.645970954607071,0.177193740189231,0.000158495009386018,0.000735914082796255,"WP_005767081.1"
"lcl|NC_008783.1_cds_WP_005767083.1_695",1151.04356926929,-0.57689050035223,0.211656609346281,0.00310822744356021,0.0099732826373314,"WP_005767083.1"
"lcl|NC_008783.1_cds_WP_005767085.1_696",845.437700539515,-0.993410040554125,0.18282036780311,1.88779134874519e-08,2.59900576385384e-07,"WP_005767085.1"
"lcl|NC_008783.1_cds_WP_172952860.1_697",346.154406322391,-0.74211609104423,0.219138632464341,0.000344412307371428,0.00147214502501,"WP_172952860.1"
"lcl|NC_008783.1_cds_WP_005767088.1_698",455.098799244257,-1.08975921955312,0.216888902556144,1.35023744955936e-07,1.52255346693169e-06,"WP_005767088.1"
"lcl|NC_008783.1_cds_WP_005767091.1_699",1294.77249253042,-0.446125919035075,0.298226576842067,0.0610927937196021,0.122907556770437,"WP_005767091.1"
"lcl|NC_008783.1_cds_WP_005767093.1_700",394.0536923236,-0.970850234392999,0.283379120627086,0.000190877837463963,0.000872584399835262,"WP_005767093.1"
"lcl|NC_008783.1_cds_WP_005767095.1_701",170.419970534708,-0.883953512338206,0.291182608498192,0.000816134217115256,0.003199678520081,"WP_005767095.1"
"lcl|NC_008783.1_cds_WP_005767097.1_702",24.9245536880473,-0.47359140893521,0.3884392083382,0.107221585682617,0.197741989794733,"WP_005767097.1"
"lcl|NC_008783.1_cds_WP_005767099.1_703",939.175134368905,-0.25490467457498,0.30676113068604,0.275446513892146,0.410224745217988,"WP_005767099.1"
"lcl|NC_008783.1_cds_WP_080512677.1_704",42.8712297821928,-0.393500822651457,0.449581206542832,0.220643049236689,0.341491987315347,"WP_080512677.1"
"lcl|NC_008783.1_cds_WP_196242563.1_705",5.24367912404848,0.0475108074327221,0.566271746911069,0.888750863976589,0.933700996404864,"WP_196242563.1"
"lcl|NC_008783.1_cds_WP_080774880.1_706",59.9883715905611,-0.164711999147988,0.406364702774387,0.5781708320096,0.699238268742969,"WP_080774880.1"
"lcl|NC_008783.1_cds_WP_005767101.1_707",6203.54526489727,-0.0456074641583771,0.168266757124485,0.724251556447285,0.819802909018724,"WP_005767101.1"
"lcl|NC_008783.1_cds_BARBAKC583_RS03910_708",3981.50956949742,-0.348304410235046,0.318739863365641,0.154494754940092,0.260944065405235,"BARBAKC583_RS03910"
"lcl|NC_008783.1_cds_WP_005767105.1_709",828.54476703392,-0.251403788615922,0.262679002347233,0.21052095986081,0.328834850231133,"WP_005767105.1"
"lcl|NC_008783.1_cds_WP_005767107.1_710",3567.58312851354,-0.522348290824609,0.173633654898015,0.00147607390184667,0.00537745076857373,"WP_005767107.1"
"lcl|NC_008783.1_cds_WP_011807361.1_711",2268.833193484,0.186684815246251,0.288263125822601,0.397521725951834,0.535455885696213,"WP_011807361.1"
"lcl|NC_008783.1_cds_WP_005767112.1_712",247.250534745013,-0.307753757923927,0.283017749264981,0.157818827848052,0.263923011542504,"WP_005767112.1"
"lcl|NC_008783.1_cds_WP_005767115.1_713",1109.24877955294,0.0200790731173633,0.152260629623874,0.863687725597965,0.915493524716196,"WP_005767115.1"
"lcl|NC_008783.1_cds_WP_005767117.1_714",530.088363217123,-0.00447847693239948,0.11167704703756,0.956933284800214,0.967807603578266,"WP_005767117.1"
"lcl|NC_008783.1_cds_WP_005767119.1_715",1318.22246831935,0.368584966742637,0.421565359891793,0.229930942826294,0.353097582757888,"WP_005767119.1"
"lcl|NC_008783.1_cds_WP_005767122.1_716",2047.95753724896,-0.304016493810815,0.309412544579499,0.198608538174326,0.314375012297328,"WP_005767122.1"
"lcl|NC_008783.1_cds_WP_005767124.1_717",770.109617624131,-0.819803281148995,0.218083958320142,7.76716277353015e-05,0.000401586057810467,"WP_005767124.1"
"lcl|NC_008783.1_cds_WP_005767126.1_718",1042.69145155794,-0.760145004100123,0.267504123060061,0.00180016866617315,0.0063653900980107,"WP_005767126.1"
"lcl|NC_008783.1_cds_WP_005767128.1_719",685.83743365416,-0.792019956737622,0.242627505768192,0.000475284575227917,0.00198846974229631,"WP_005767128.1"
"lcl|NC_008783.1_cds_WP_005767130.1_720",412.847264805025,0.365578752705502,0.29320113502615,0.10949597872116,0.201309377027723,"WP_005767130.1"
"lcl|NC_008783.1_cds_WP_005767132.1_721",848.320258964489,-0.813827945416837,0.17293874858471,1.24446083213445e-06,1.06771132264289e-05,"WP_005767132.1"
"lcl|NC_008783.1_cds_WP_011807364.1_722",718.039132325564,0.263291357594828,0.230814720589471,0.137091526153868,0.23905208684268,"WP_011807364.1"
"lcl|NC_008783.1_cds_WP_005767144.1_723",342.946518443806,0.0788190305612213,0.305822674559068,0.73850114643596,0.825476727671668,"WP_005767144.1"
"lcl|NC_008783.1_cds_WP_005767146.1_724",462.931412669713,0.0360970741143774,0.160577105595292,0.769662757972831,0.844560431362217,"WP_005767146.1"
"lcl|NC_008783.1_cds_WP_005767147.1_725",1238.98410695997,-0.322295223706015,0.218957507873725,0.0640916905223397,0.128183381044679,"WP_005767147.1"
"lcl|NC_008783.1_cds_WP_005767149.1_726",422.756798775615,-0.157273656593131,0.225585586353016,0.359064297610879,0.493912856919255,"WP_005767149.1"
"lcl|NC_008783.1_cds_WP_005767151.1_727",428.472370531262,-0.266103319935695,0.233663096767262,0.137996314820394,0.239923108292726,"WP_005767151.1"
"lcl|NC_008783.1_cds_WP_005767158.1_728",1144.43498346614,-0.535806819804279,0.330774026645575,0.0437220140669906,0.0941606190452158,"WP_005767158.1"
"lcl|NC_008783.1_cds_WP_005767165.1_729",181.348924130165,-0.269333748976521,0.24136378130586,0.146172123956504,0.249737077582253,"WP_005767165.1"
"lcl|NC_008783.1_cds_WP_005767167.1_730",2069.99764141425,-0.0218428472191169,0.256041710465316,0.913436178425398,0.943795013022611,"WP_005767167.1"
"lcl|NC_008783.1_cds_WP_005767169.1_731",177.093469564568,0.0514607535393913,0.214454015981215,0.758796816201236,0.839640589142302,"WP_005767169.1"
"lcl|NC_008783.1_cds_WP_011807366.1_732",512.841980078945,0.73017363125219,0.334180496161384,0.00988244150364242,0.0268984154949716,"WP_011807366.1"
"lcl|NC_008783.1_cds_BARBAKC583_RS07220_733",131.527797120479,-0.832576159893317,0.4263792149183,0.0135302470081448,0.0352083790277877,"BARBAKC583_RS07220"
"lcl|NC_008783.1_cds_WP_005767173.1_734",795.657255615548,-0.304086202356729,0.180263870430593,0.037829093104788,0.0827904736341385,"WP_005767173.1"
"lcl|NC_008783.1_cds_WP_005767175.1_735",200.854883816374,-0.960092783550694,0.195738540996396,3.41198529867567e-07,3.48257809795862e-06,"WP_005767175.1"
"lcl|NC_008783.1_cds_WP_005767176.1_736",137.365613269342,-0.811213515084871,0.400050499854905,0.0120972568304314,0.0318292268605128,"WP_005767176.1"
"lcl|NC_008783.1_cds_WP_005767179.1_737",407.89655437278,-0.559833066491662,0.202415805917336,0.00283055614162998,0.00920708371343379,"WP_005767179.1"
"lcl|NC_008783.1_cds_WP_005767181.1_738",203.119305775427,-0.413233136843169,0.297245245390644,0.078360895239475,0.150860650347217,"WP_005767181.1"
"lcl|NC_008783.1_cds_WP_035453098.1_739",433.491867196248,0.0532786443292156,0.143443042976613,0.618936200095764,0.739475742596755,"WP_035453098.1"
"lcl|NC_008783.1_cds_WP_005767184.1_740",5249.27667177816,0.1310528425249,0.265969897038131,0.523228401943967,0.653483573735926,"WP_005767184.1"
"lcl|NC_008783.1_cds_WP_005767186.1_741",1364.34642147941,0.22131620810791,0.351555605408373,0.402718776854228,0.540611147160325,"WP_005767186.1"
"lcl|NC_008783.1_cds_WP_005767188.1_742",186.966234753474,0.520899611939132,0.196048984343779,0.00387780950956881,0.0119565793211705,"WP_005767188.1"
"lcl|NC_008783.1_cds_WP_005767190.1_743",1762.46568806973,-0.597961652587709,0.162220290372391,0.000144974828353653,0.000678459275773617,"WP_005767190.1"
"lcl|NC_008783.1_cds_WP_005767192.1_744",1548.5305551376,0.509974368854904,0.318763320911097,0.0466939677462052,0.0987243889491195,"WP_005767192.1"
"lcl|NC_008783.1_cds_WP_005767194.1_745",1326.37048768037,0.228035263750857,0.205230847008443,0.142541276187322,0.245317782972018,"WP_005767194.1"
"lcl|NC_008783.1_cds_WP_005767196.1_746",193.162605953059,-0.264015411659543,0.229833148780681,0.134502222959605,0.236163374262439,"WP_005767196.1"
"lcl|NC_008783.1_cds_WP_005767198.1_747",871.083845760605,-1.2631595372838,0.189638581934106,4.7091282208502e-12,1.42964302909914e-10,"WP_005767198.1"
"lcl|NC_008783.1_cds_WP_005767200.1_748",136.104457238151,0.0946123064838383,0.36998159977494,0.732387393634454,0.82193997541535,"WP_005767200.1"
"lcl|NC_008783.1_cds_WP_005767202.1_749",1134.45431191424,-0.75255747096107,0.29311616268148,0.00379033454692868,0.011778887410928,"WP_005767202.1"
"lcl|NC_008783.1_cds_BARBAKC583_RS04135_750",632.758339410762,-0.606010998080579,0.201657153596432,0.00138337067928527,0.00508667976482533,"BARBAKC583_RS04135"
"lcl|NC_008783.1_cds_WP_225866720.1_751",14.0135060468637,0.84613910492558,0.458484962745365,0.0162381569730684,0.0412574632105429,"WP_225866720.1"
"lcl|NC_008783.1_cds_WP_005767215.1_752",91.0646041832672,-0.294968311505402,0.32001783787202,0.226052259449145,0.348044050959412,"WP_005767215.1"
"lcl|NC_008783.1_cds_WP_005767217.1_753",926.347756985765,-0.0544947647462288,0.251076381654895,0.781551312193971,0.854976388851266,"WP_005767217.1"
"lcl|NC_008783.1_cds_WP_011807367.1_754",330.086032743202,0.777178371030234,0.448597474563172,0.0236297177673973,0.0559551716731967,"WP_011807367.1"
"lcl|NC_008783.1_cds_WP_005767222.1_755",473.373079445986,-1.01912030681425,0.236255296446724,4.98093697111108e-06,3.57419962048213e-05,"WP_005767222.1"
"lcl|NC_008783.1_cds_WP_005767224.1_756",349.800957216339,-0.192811948827243,0.200682293105871,0.199655302350799,0.315609983956403,"WP_005767224.1"
"lcl|NC_008783.1_cds_WP_005767246.1_757",448.684309733055,-0.00993394842301645,0.182262630575505,0.944366515657755,0.961908686587578,"WP_005767246.1"
"lcl|NC_008783.1_cds_WP_005767248.1_758",662.536515976379,0.0883506433937333,0.145349187147489,0.401873932314182,0.540089371010206,"WP_005767248.1"
"lcl|NC_008783.1_cds_WP_005767250.1_759",1526.15143344482,0.868581773172109,0.261266138940901,0.000336913068506625,0.00144530823591248,"WP_005767250.1"
"lcl|NC_008783.1_cds_WP_035453092.1_760",721.407070175746,-0.0485060931166732,0.283809455007393,0.826330715568438,0.890864380842352,"WP_035453092.1"
"lcl|NC_008783.1_cds_WP_005767254.1_761",1334.40291574425,0.443922085791176,0.354613691524279,0.103638484976094,0.192332235441529,"WP_005767254.1"
"lcl|NC_008783.1_cds_WP_005767256.1_762",1261.68933376825,-0.0719681621690832,0.1645219442094,0.561752860533117,0.684979801103203,"WP_005767256.1"
"lcl|NC_008783.1_cds_WP_005767258.1_763",303.311104654682,0.0119503474123886,0.27320820339436,0.955422102917783,0.967807603578266,"WP_005767258.1"
"lcl|NC_008783.1_cds_WP_005767260.1_764",2893.20592918846,0.0643725440396005,0.236247590994465,0.727319207772357,0.82036472423966,"WP_005767260.1"
"lcl|NC_008783.1_cds_WP_005767262.1_765",91.8976040696189,-0.231851483533739,0.22492009552833,0.174962871777055,0.285732469219356,"WP_005767262.1"
"lcl|NC_008783.1_cds_WP_005767264.1_766",729.12815642355,-0.476730235352231,0.204868462673028,0.0089895952779561,0.0248684131053739,"WP_005767264.1"
"lcl|NC_008783.1_cds_WP_005767266.1_767",3351.04721036083,-0.847274552257854,0.173528950350407,4.85368380801067e-07,4.56500491441346e-06,"WP_005767266.1"
"lcl|NC_008783.1_cds_WP_005767268.1_768",308.246657304822,-0.977825977277989,0.18609697199141,5.25058171254022e-08,6.54388289226065e-07,"WP_005767268.1"
"lcl|NC_008783.1_cds_WP_005767270.1_769",1088.89040394698,-0.102360061024096,0.210072113377468,0.525488798393369,0.654964898411947,"WP_005767270.1"
"lcl|NC_008783.1_cds_WP_005767272.1_770",579.820711031356,-0.374209709773993,0.234817400901231,0.0492867950631839,0.103467314458883,"WP_005767272.1"
"lcl|NC_008783.1_cds_WP_005767273.1_771",515.456131518769,-0.0658252584471006,0.179981074730005,0.633279465132792,0.748306274168888,"WP_005767273.1"
"lcl|NC_008783.1_cds_WP_005767274.1_772",1347.36338087682,-0.0631363402074796,0.135139304419571,0.5224746401991,0.653231229140163,"WP_005767274.1"
"lcl|NC_008783.1_cds_WP_035453088.1_773",1997.41992029414,0.0630478984586078,0.193046748515605,0.672762491574252,0.77636529242097,"WP_035453088.1"
"lcl|NC_008783.1_cds_WP_005767276.1_774",1121.56110644774,1.08379975550477,0.357294838189122,0.000513957526239156,0.00211293649676097,"WP_005767276.1"
"lcl|NC_008783.1_cds_WP_005767277.1_775",1014.2030589182,0.427365383571039,0.364691300563721,0.123935281989551,0.22199602704331,"WP_005767277.1"
"lcl|NC_008783.1_cds_WP_005767278.1_776",1069.74702905292,0.323652731174251,0.239206007088294,0.0851662479397633,0.162640060581741,"WP_005767278.1"
"lcl|NC_008783.1_cds_WP_005767279.1_777",99.3165572530817,0.804005184304545,0.339844874889194,0.00571444664677472,0.0168725806228959,"WP_005767279.1"
"lcl|NC_008783.1_cds_WP_005767280.1_778",2069.52825543547,-1.40480421342993,0.145207993290429,4.57517153678936e-23,6.77125387444825e-21,"WP_005767280.1"
"lcl|NC_008783.1_cds_WP_011807371.1_779",333.852255787636,-0.0726681994015888,0.202781141228894,0.643248976153644,0.755562289450312,"WP_011807371.1"
"lcl|NC_008783.1_cds_WP_005767292.1_780",1142.06643220985,-0.642620764861471,0.225956188186537,0.00210592665982132,0.00724358863490634,"WP_005767292.1"
"lcl|NC_008783.1_cds_WP_005767294.1_781",1242.04027910374,0.499554347489971,0.161947436526823,0.00119726944521504,0.00445775793438557,"WP_005767294.1"
"lcl|NC_008783.1_cds_WP_011807373.1_782",267.412820385718,0.477702916769883,0.185134109035238,0.00481689869169789,0.0146236103871033,"WP_011807373.1"
"lcl|NC_008783.1_cds_BARBAKC583_RS06960_783",13.3666400305654,-0.846807729916217,0.546491720221344,0.0270681752288789,0.0627176506281655,"BARBAKC583_RS06960"
"lcl|NC_008783.1_cds_BARBAKC583_RS07225_784",5.1431217781068,-0.165608935628397,0.535072089397496,0.626077563742291,0.742231663975037,"BARBAKC583_RS07225"
"lcl|NC_008783.1_cds_WP_005767302.1_785",1.34091913733716,-0.11387615397653,0.681430889182651,0.718877409743483,0.816370440793445,"WP_005767302.1"
"lcl|NC_008783.1_cds_WP_005767305.1_786",125.636855657184,0.103167396794714,0.225582097549602,0.553581608713789,0.677808298569934,"WP_005767305.1"
"lcl|NC_008783.1_cds_WP_005767307.1_787",1451.32684044394,-1.1356535597506,0.455066708912327,0.00189851311328482,0.00661129272390948,"WP_005767307.1"
"lcl|NC_008783.1_cds_WP_005767309.1_788",737.487206944768,-0.319203052458128,0.211845068324093,0.058855624564329,0.119733779182415,"WP_005767309.1"
"lcl|NC_008783.1_cds_WP_005767311.1_789",132.998661225687,-0.234093637393803,0.22109811144508,0.163641273522829,0.270980794197244,"WP_005767311.1"
"lcl|NC_008783.1_cds_WP_005767313.1_790",101.901131767488,-0.694400619865892,0.463951874172373,0.0437401524280986,0.0941606190452158,"WP_005767313.1"
"lcl|NC_008783.1_cds_WP_005767315.1_791",590.828222957839,-0.901758721570716,0.297269830228001,0.000791807560281613,0.0031250005045781,"WP_005767315.1"
"lcl|NC_008783.1_cds_WP_005767317.1_792",198.684565146918,-1.16376659325344,0.303585940593209,2.57244907873774e-05,0.000152411820221885,"WP_005767317.1"
"lcl|NC_008783.1_cds_WP_005767319.1_793",723.320486787366,-0.302459911905389,0.3146577900854,0.207794551617621,0.325788207214078,"WP_005767319.1"
"lcl|NC_008783.1_cds_WP_005767321.1_794",225.835923277472,-0.837821595805091,0.330276560496062,0.00352882677278123,0.0111416823972613,"WP_005767321.1"
"lcl|NC_008783.1_cds_WP_005767322.1_795",182.80273737223,0.18612621341596,0.216490379367771,0.254243500537396,0.385434448958101,"WP_005767322.1"
"lcl|NC_008783.1_cds_WP_005767325.1_796",734.789801489748,-0.484107733413745,0.179548060738845,0.00356516960478089,0.0111633885745087,"WP_005767325.1"
"lcl|NC_008783.1_cds_WP_005767328.1_797",655.227462109874,0.127829233269991,0.167161777761275,0.295950632927514,0.432419140385078,"WP_005767328.1"
"lcl|NC_008783.1_cds_WP_005767330.1_798",4625.43368847363,-0.0128537481899608,0.219293160268295,0.940587797747703,0.961706349337893,"WP_005767330.1"
"lcl|NC_008783.1_cds_WP_005767333.1_799",2546.43338629842,-0.538843735599479,0.341977500110367,0.0479212579050715,0.100779341668925,"WP_005767333.1"
"lcl|NC_008783.1_cds_WP_005767335.1_800",576.034091010382,0.593366046512388,0.269836837475718,0.0113533614519881,0.030207595413829,"WP_005767335.1"
"lcl|NC_008783.1_cds_WP_005767337.1_801",597.611382151797,0.562474884524659,0.27660915194363,0.0170788790851887,0.0428419339764056,"WP_005767337.1"
"lcl|NC_008783.1_cds_WP_005767354.1_802",106.705991441266,1.36058082645013,0.284625246148386,2.17271989344864e-07,2.33863668531199e-06,"WP_005767354.1"
"lcl|NC_008783.1_cds_BARBAKC583_RS07105_803",1.18766453583852,0.252771762520398,0.722719637750617,0.411558741267045,0.547949095084705,"BARBAKC583_RS07105"
"lcl|NC_008783.1_cds_WP_414945892.1_804",2.99692607840254,-0.0692394307922829,0.581367472564347,0.838588944946135,0.898542362729615,"WP_414945892.1"
"lcl|NC_008783.1_cds_WP_414945891.1_805",0.879798003147076,-0.178865044910784,0.721873166897261,0.547633494128738,0.672229849871617,"WP_414945891.1"
"lcl|NC_008783.1_cds_WP_005767360.1_806",647.445675477188,-0.827690171956192,0.243306622876246,0.000281025402734768,0.0012232870471984,"WP_005767360.1"
"lcl|NC_008783.1_cds_WP_005767366.1_807",3089.00398500727,0.18330397419441,0.173828545342759,0.153602812205797,0.259808185216662,"WP_005767366.1"
"lcl|NC_008783.1_cds_WP_005767368.1_808",969.374494801669,0.791527284327737,0.224501646894501,0.00019477071434502,0.000884540217878038,"WP_005767368.1"
"lcl|NC_008783.1_cds_WP_005767371.1_809",303.911391200374,0.00572593336536876,0.131579652082656,0.954242779494433,0.967807603578266,"WP_005767371.1"
"lcl|NC_008783.1_cds_WP_005767374.1_810",137.134862753141,-0.239131001329704,0.258349974005043,0.225284077505924,0.347312952821632,"WP_005767374.1"
"lcl|NC_008783.1_cds_BARBAKC583_RS04450_811",165.991455675847,-0.00444823731176141,0.185906962763448,0.975596847256264,0.980080591336203,"BARBAKC583_RS04450"
"lcl|NC_008783.1_cds_WP_005767377.1_812",5.03334186349698,-0.116848420886224,0.596672825130793,0.731395216062906,0.821605252199697,"WP_005767377.1"
"lcl|NC_008783.1_cds_WP_005767379.1_813",553.629935126489,-0.016081288911578,0.131956823749338,0.872025513223185,0.921033191486397,"WP_005767379.1"
"lcl|NC_008783.1_cds_WP_005767382.1_814",1766.14705612113,-0.355529705344203,0.165777619966022,0.0136102196704767,0.0353388159865009,"WP_005767382.1"
"lcl|NC_008783.1_cds_WP_005767384.1_815",1828.1893601718,-0.502279476915259,0.151582222975668,0.000586241129079081,0.00238525600285097,"WP_005767384.1"
"lcl|NC_008783.1_cds_WP_005767386.1_816",178.908741106941,0.568982764732705,0.35971589997034,0.0457475911886753,0.0972454018014849,"WP_005767386.1"
"lcl|NC_008783.1_cds_WP_005767388.1_817",1018.68135540289,1.32137547967853,0.339044490160142,1.26624579416296e-05,8.1925410944751e-05,"WP_005767388.1"
"lcl|NC_008783.1_cds_WP_005767390.1_818",8810.56833690207,0.349282253886356,0.222999260291741,0.0520596124784406,0.108137861709603,"WP_005767390.1"
"lcl|NC_008783.1_cds_WP_005767392.1_819",114.469698126589,-0.761764459181299,0.41157300458363,0.0193070036588368,0.047230356057981,"WP_005767392.1"
"lcl|NC_008783.1_cds_WP_005767394.1_820",513.938563530331,0.354275367425267,0.246291829208993,0.0703962637167309,0.138838356112665,"WP_005767394.1"
"lcl|NC_008783.1_cds_WP_005767396.1_821",15.7032587401699,0.0960477473759912,0.364454891813229,0.725423657454312,0.819883600372137,"WP_005767396.1"
"lcl|NC_008783.1_cds_WP_005767398.1_822",1315.89915294206,-0.50991730231181,0.231663352024578,0.0119727530471882,0.0315718031355698,"WP_005767398.1"
"lcl|NC_008783.1_cds_WP_005767400.1_823",323.43773842673,0.749331637443644,0.396820603043703,0.0183033600642451,0.0454322396563234,"WP_005767400.1"
"lcl|NC_008783.1_cds_WP_005767402.1_824",3833.33339462848,0.959569799556111,0.420450622896075,0.00497295003568313,0.0149774552084899,"WP_005767402.1"
"lcl|NC_008783.1_cds_WP_005767404.1_825",708.827548212566,0.163897763765723,0.399852393675373,0.575714414509455,0.697692801206955,"WP_005767404.1"
"lcl|NC_008783.1_cds_WP_005767406.1_826",957.758320047342,-0.282007018546582,0.35652388073329,0.292356069772758,0.428933812405137,"WP_005767406.1"
"lcl|NC_008783.1_cds_WP_005767408.1_827",251.239281876484,-0.167971253598243,0.16885706507076,0.174706761544175,0.285708295121965,"WP_005767408.1"
"lcl|NC_008783.1_cds_WP_005767411.1_828",289.998197015333,-0.30102894355675,0.196791012747558,0.05484936877093,0.113138767638991,"WP_005767411.1"
"lcl|NC_008783.1_cds_WP_035453042.1_829",1320.48237601593,-0.114007539143873,0.159920564342811,0.328104576045654,0.467479925436888,"WP_035453042.1"
"lcl|NC_008783.1_cds_WP_005767415.1_830",430.314659350941,-0.530197984540657,0.17014125382723,0.00106521083981097,0.00401659119215346,"WP_005767415.1"
"lcl|NC_008783.1_cds_WP_005767417.1_831",1632.51525912314,-0.282448075636381,0.282972076953077,0.192727673499894,0.306223560027737,"WP_005767417.1"
"lcl|NC_008783.1_cds_WP_005767421.1_832",259.949224314998,-0.0794608882118463,0.200409357334713,0.606995941540422,0.728887621484645,"WP_005767421.1"
"lcl|NC_008783.1_cds_WP_011807385.1_833",341.566405486471,-0.0502530172110139,0.167200650813241,0.694753175242316,0.793687559063579,"WP_011807385.1"
"lcl|NC_008783.1_cds_WP_005767425.1_834",522.708787057012,0.0509253362802464,0.161457968783354,0.679004329207152,0.779012718780298,"WP_005767425.1"
"lcl|NC_008783.1_cds_WP_005767427.1_835",100.055079667398,0.183526869093281,0.234537079588892,0.303031444757304,0.441315166780624,"WP_005767427.1"
"lcl|NC_008783.1_cds_WP_005767428.1_836",319.84572181564,-0.0314335687228322,0.152960463147344,0.788237678644554,0.857896907956581,"WP_005767428.1"
"lcl|NC_008783.1_cds_WP_005767430.1_837",327.258276096861,0.329766649777549,0.176519285234267,0.0253680442056214,0.0595947705147931,"WP_005767430.1"
"lcl|NC_008783.1_cds_WP_172952867.1_838",381.258272849587,0.536035038269976,0.241255480380213,0.0112422925732201,0.0299794468619204,"WP_172952867.1"
"lcl|NC_008783.1_cds_WP_005767434.1_839",593.372039277834,0.773073756801484,0.239591201604293,0.000555003853124146,0.00226594676585858,"WP_005767434.1"
"lcl|NC_008783.1_cds_WP_005767435.1_840",451.791672767679,-0.0389527610405716,0.171915215706204,0.769222842725148,0.844560431362217,"WP_005767435.1"
"lcl|NC_008783.1_cds_WP_005767436.1_841",372.875716152878,0.552431848408024,0.229490912744335,0.00713096692254112,0.0206431903087743,"WP_005767436.1"
"lcl|NC_008783.1_cds_WP_005767438.1_842",175.974452362221,-0.201627653182801,0.214653638858483,0.212880531279591,0.331645459256625,"WP_005767438.1"
"lcl|NC_008783.1_cds_WP_005767440.1_843",229.062524386698,-0.182902596786399,0.228367604106916,0.290720675060969,0.427063621925791,"WP_005767440.1"
"lcl|NC_008783.1_cds_WP_005767442.1_844",75.5637524182749,-0.401832676992624,0.317800911071422,0.103955349113553,0.192618362050777,"WP_005767442.1"
"lcl|NC_008783.1_cds_WP_005767445.1_845",187.121177191356,0.538463779180836,0.209133589894918,0.00473990974863541,0.0144268718313222,"WP_005767445.1"
"lcl|NC_008783.1_cds_WP_005767447.1_846",116.642242481633,0.70562486762566,0.255237740688042,0.00241746704355517,0.00799519826695343,"WP_005767447.1"
"lcl|NC_008783.1_cds_WP_005767450.1_847",581.69300500767,-0.772788804120546,0.294323671825561,0.003157218019978,0.0101030976639296,"WP_005767450.1"
"lcl|NC_008783.1_cds_WP_005767452.1_848",211.785130938942,-0.191478686667573,0.22335635494977,0.256928679606031,0.388510289468123,"WP_005767452.1"
"lcl|NC_008783.1_cds_WP_005767454.1_849",380.406276119971,0.050670426303118,0.187717776046918,0.727635481237442,0.82036472423966,"WP_005767454.1"
"lcl|NC_008783.1_cds_WP_005767457.1_850",1614.25329809712,-1.62393287887017,0.268183486847767,8.29783570381716e-11,1.9649274946639e-09,"WP_005767457.1"
"lcl|NC_008783.1_cds_WP_005767459.1_851",3.06381290789903,-0.28814676910142,0.628903508572687,0.407531689870518,0.543988185802359,"WP_005767459.1"
"lcl|NC_008783.1_cds_WP_005767461.1_852",4896.54996250868,0.23046111357808,0.269962885631763,0.263515096829283,0.395941465286639,"WP_005767461.1"
"lcl|NC_008783.1_cds_WP_005767462.1_853",3228.84831335993,-0.0942727761873442,0.14651766368128,0.373555943940027,0.510727757072739,"WP_005767462.1"
"lcl|NC_008783.1_cds_WP_035453153.1_854",2134.44352226261,0.0411707840469354,0.120918250069204,0.641537177262838,0.754361385875134,"WP_035453153.1"
"lcl|NC_008783.1_cds_WP_005767464.1_855",507.088179237546,0.0635361024342957,0.222239672162878,0.714071858679125,0.812162421398736,"WP_005767464.1"
"lcl|NC_008783.1_cds_WP_005767465.1_856",321.733395714046,-0.25181993931552,0.210638119714911,0.118442156132935,0.214466819388531,"WP_005767465.1"
"lcl|NC_008783.1_cds_WP_005767466.1_857",61.5795667713716,1.31663207209271,0.354261071382698,2.60026923013689e-05,0.000152411820221885,"WP_005767466.1"
"lcl|NC_008783.1_cds_WP_035453032.1_858",116.697071361818,0.740033746155343,0.273426223874544,0.00268798050826262,0.00879162685575398,"WP_035453032.1"
"lcl|NC_008783.1_cds_WP_005767468.1_859",3987.91930808467,0.309245226783533,0.257577805957931,0.121563349815166,0.218408203613288,"WP_005767468.1"
"lcl|NC_008783.1_cds_WP_005767469.1_860",975.989280038825,0.303958255121662,0.215344219781919,0.0731203340721871,0.142626813083146,"WP_005767469.1"
"lcl|NC_008783.1_cds_WP_005767473.1_861",4872.15819198569,0.115754453105432,0.163207135229279,0.33230130955816,0.470627692005816,"WP_005767473.1"
"lcl|NC_008783.1_cds_WP_005767476.1_862",3961.95481665366,-1.40890057563891,0.378072792380568,1.8906429781956e-05,0.000115985558869616,"WP_005767476.1"
"lcl|NC_008783.1_cds_WP_005767479.1_863",3281.98522050766,0.345593034873035,0.242295934790898,0.072236550761193,0.141368720828517,"WP_005767479.1"
"lcl|NC_008783.1_cds_WP_005767481.1_864",1153.85010447229,0.342372854520777,0.219774663821282,0.0529204697651147,0.109541671681636,"WP_005767481.1"
"lcl|NC_008783.1_cds_WP_005767483.1_865",3336.4447317006,0.977486404441935,0.390222200042087,0.00282103568609335,0.00920139463453037,"WP_005767483.1"
"lcl|NC_008783.1_cds_WP_005767485.1_866",423.208056193207,-0.181072038372554,0.183596544267694,0.18350948237104,0.294012485963886,"WP_005767485.1"
"lcl|NC_008783.1_cds_WP_005767487.1_867",441.795734794383,0.674776678355526,0.183838993065522,0.000138754315502143,0.000659779556443926,"WP_005767487.1"
"lcl|NC_008783.1_cds_WP_005767489.1_868",1688.79273831019,1.25869941234627,0.315921226820502,1.07121371621743e-05,7.12537662922158e-05,"WP_005767489.1"
"lcl|NC_008783.1_cds_WP_080512680.1_869",7.350695256709,-0.2022664949929,0.455031932965244,0.525520822205532,0.654964898411947,"WP_080512680.1"
"lcl|NC_008783.1_cds_WP_005767491.1_870",1031.73538183773,0.132698009345799,0.312632540996944,0.579809747671224,0.699790765792792,"WP_005767491.1"
"lcl|NC_008783.1_cds_WP_005767493.1_871",23588.3843301274,2.32517970234141,0.43653889951406,7.51775902808866e-10,1.53465977400982e-08,"WP_005767493.1"
"lcl|NC_008783.1_cds_WP_005767496.1_872",646.820409233997,-0.012174612187318,0.123870427358488,0.895942384474299,0.935444199864232,"WP_005767496.1"
"lcl|NC_008783.1_cds_WP_005767499.1_873",580.601691583253,0.955800495470073,0.305539196004095,0.000526189576510858,0.0021557386110341,"WP_005767499.1"
"lcl|NC_008783.1_cds_WP_005767501.1_874",473.310896643908,0.232230549562,0.279209830228522,0.276062249959783,0.410625256221587,"WP_005767501.1"
"lcl|NC_008783.1_cds_WP_005767503.1_875",1171.18114026465,-0.766097468442331,0.287755843266447,0.00290014322154315,0.00938188408280627,"WP_005767503.1"
"lcl|NC_008783.1_cds_WP_005767509.1_876",1555.37051636875,0.550138024368929,0.43675334784933,0.0886670103827537,0.168510016521959,"WP_005767509.1"
"lcl|NC_008783.1_cds_WP_005767511.1_877",577.643847105289,0.102032828465337,0.166134871928084,0.406541448801787,0.543278866118867,"WP_005767511.1"
"lcl|NC_008783.1_cds_WP_005767513.1_878",179.820945226181,-0.444160438361278,0.283462642279601,0.0521752832617071,0.10818832816438,"WP_005767513.1"
"lcl|NC_008783.1_cds_WP_005767516.1_879",248.768994921352,0.0228640534575915,0.214184694000816,0.891890827807997,0.934536602916484,"WP_005767516.1"
"lcl|NC_008783.1_cds_WP_005767518.1_880",1580.91794390794,-0.0276580684520124,0.134126400482601,0.784383564648775,0.856743672088699,"WP_005767518.1"
"lcl|NC_008783.1_cds_WP_005767521.1_881",1512.96974417277,0.559997900537977,0.247224120498349,0.00998581313860878,0.0271174375140202,"WP_005767521.1"
"lcl|NC_008783.1_cds_WP_005767523.1_882",63.9236784572303,-0.124563108534524,0.264614569197919,0.542426536927225,0.668296586599203,"WP_005767523.1"
"lcl|NC_008783.1_cds_WP_005767525.1_883",1339.66262476202,-0.367262764796226,0.309098851521194,0.124678946991775,0.222595825612226,"WP_005767525.1"
"lcl|NC_008783.1_cds_WP_005767527.1_884",2712.32914419371,-0.28190488321365,0.291299689693078,0.206002039263717,0.323483308339842,"WP_005767527.1"
"lcl|NC_008783.1_cds_WP_005767530.1_885",184.56625069291,0.0394734134161237,0.172446256791598,0.766948008614558,0.844265394818931,"WP_005767530.1"
"lcl|NC_008783.1_cds_WP_005767534.1_886",197.853751459589,-0.0895362110790664,0.276558486759347,0.67679669416652,0.778743718069154,"WP_005767534.1"
"lcl|NC_008783.1_cds_WP_005767536.1_887",729.731343768939,0.238373429952287,0.227433743403856,0.168632652301729,0.2776927125525,"WP_005767536.1"
"lcl|NC_008783.1_cds_WP_005767538.1_888",535.045954783734,-0.104678699011104,0.192167879517001,0.472470650924449,0.607336722072167,"WP_005767538.1"
"lcl|NC_008783.1_cds_WP_005767539.1_889",143.012966876492,-0.934245970705169,0.231376513058862,2.00085215665862e-05,0.00012211386358164,"WP_005767539.1"
"lcl|NC_008783.1_cds_WP_005767541.1_890",515.495085362027,-1.04726327946815,0.200924956804769,5.58425079912644e-08,6.88724265225595e-07,"WP_005767541.1"
"lcl|NC_008783.1_cds_BARBAKC583_RS04875_891",537.640912136289,-0.824470900566594,0.150382995855454,2.05209010343824e-08,2.79073247810046e-07,"BARBAKC583_RS04875"
"lcl|NC_008783.1_cds_WP_011807393.1_892",177.383933783902,0.0368487219753109,0.206960266399636,0.820085915537312,0.88674130045313,"WP_011807393.1"
"lcl|NC_008783.1_cds_WP_172952861.1_893",1705.99406207353,0.245739130282447,0.342634324489821,0.341973725505607,0.479692283405211,"WP_172952861.1"
"lcl|NC_008783.1_cds_WP_005767548.1_894",124.305434359842,0.0383993345881224,0.203114915304853,0.80895344478361,0.875503545359958,"WP_005767548.1"
"lcl|NC_008783.1_cds_WP_011807395.1_895",2362.834027625,0.107868792606048,0.311916989727462,0.65273426908349,0.762613585615545,"WP_011807395.1"
"lcl|NC_008783.1_cds_WP_005767552.1_896",1179.4987301291,0.032016584071331,0.16065104590004,0.795540271144508,0.864146496362475,"WP_005767552.1"
"lcl|NC_008783.1_cds_WP_005767554.1_897",246.960212629862,-0.85561091396774,0.28193077972119,0.000866303305840018,0.00335197096115876,"WP_005767554.1"
"lcl|NC_008783.1_cds_WP_005767556.1_898",541.06175568918,-0.541134327729269,0.396752319440706,0.0738737163523247,0.143623120133255,"WP_005767556.1"
"lcl|NC_008783.1_cds_WP_005767557.1_899",1584.90972605379,0.31368052966381,0.249078134549485,0.10595715447787,0.195714931204054,"WP_005767557.1"
"lcl|NC_008783.1_cds_WP_005767559.1_900",748.434266210164,0.53875041935861,0.227105333252542,0.00783507349862687,0.0221931268477852,"WP_005767559.1"
"lcl|NC_008783.1_cds_WP_011807396.1_901",557.651353596606,-0.387973500342015,0.258553981822084,0.0612461642690525,0.122907556770437,"WP_011807396.1"
"lcl|NC_008783.1_cds_BARBAKC583_RS04955_902",439.675672569425,-0.455773981181232,0.282192967640488,0.0466234181164049,0.0987243889491195,"BARBAKC583_RS04955"
"lcl|NC_008783.1_cds_WP_005767565.1_903",523.100830523737,-0.667676590676541,0.178235787444811,0.000105366271836963,0.000521981865501941,"WP_005767565.1"
"lcl|NC_008783.1_cds_WP_005767566.1_904",665.189286552049,-0.582191516718599,0.152016008722151,8.52580818560828e-05,0.000429555612415328,"WP_005767566.1"
"lcl|NC_008783.1_cds_WP_005767569.1_905",155.987873635452,-1.098240952659,0.283390120054538,2.60002085180797e-05,0.000152411820221885,"WP_005767569.1"
"lcl|NC_008783.1_cds_WP_005767571.1_906",189.927576919766,-0.889690345246843,0.261772594259941,0.000250937130645789,0.00110655913399301,"WP_005767571.1"
"lcl|NC_008783.1_cds_WP_005767573.1_907",446.725431113584,-0.464163275420885,0.270913710298536,0.0372674132309678,0.0818638539247976,"WP_005767573.1"
"lcl|NC_008783.1_cds_WP_005767576.1_908",480.6036200522,-0.300146021423916,0.214046606349653,0.0745445631055566,0.144452966803566,"WP_005767576.1"
"lcl|NC_008783.1_cds_WP_005767578.1_909",2457.68003639829,0.315518884931129,0.254584045532102,0.111165016406773,0.203116326274104,"WP_005767578.1"
"lcl|NC_008783.1_cds_BARBAKC583_RS05005_910",2184.91561616501,-1.07383001976682,0.262782477239087,1.1651228357341e-05,7.62157700281309e-05,"BARBAKC583_RS05005"
"lcl|NC_008783.1_cds_WP_035453010.1_911",245.474537561301,0.573505589420967,0.305561289310143,0.0240603631170415,0.0567479480688789,"WP_035453010.1"
"lcl|NC_008783.1_cds_WP_005767582.1_912",193.745184181782,0.418021666046232,0.23082044342519,0.0300594721474351,0.0687073649084231,"WP_005767582.1"
"lcl|NC_008783.1_cds_WP_005767584.1_913",130.830350080081,1.41852539101741,0.403259294351032,3.95805285774321e-05,0.000222101165098008,"WP_005767584.1"
"lcl|NC_008783.1_cds_WP_005767586.1_914",548.072349586505,-0.332126821468697,0.22780524366204,0.0666503948070079,0.132184367590448,"WP_005767586.1"
"lcl|NC_008783.1_cds_WP_005767588.1_915",718.431603905971,0.787330370933705,0.225747138842213,0.000224618555414631,0.00100357875324877,"WP_005767588.1"
"lcl|NC_008783.1_cds_WP_005767590.1_916",471.107209617704,0.494254672032233,0.298598506513457,0.0418073343413742,0.0903282552193194,"WP_005767590.1"
"lcl|NC_008783.1_cds_WP_005767593.1_917",385.993210986396,0.0274368055662036,0.171182815523538,0.836165306210562,0.8967569950664,"WP_005767593.1"
"lcl|NC_008783.1_cds_WP_011807398.1_918",73530.967605492,-2.00740869060434,0.312455718861511,2.65025407291814e-12,8.71639117315298e-11,"WP_011807398.1"
"lcl|NC_008783.1_cds_WP_005767595.1_919",226.520076141181,-0.205236532462083,0.221134667896196,0.219549906503066,0.340244881282238,"WP_005767595.1"
"lcl|NC_008783.1_cds_WP_005767598.1_920",81.0705097841406,-1.2425211592337,0.251687391373323,1.39935671858166e-07,1.55674114431006e-06,"WP_005767598.1"
"lcl|NC_008783.1_cds_WP_005767599.1_921",573.014606266263,-0.0253147085606382,0.294291401286295,0.911905318088634,0.943795013022611,"WP_005767599.1"
"lcl|NC_008783.1_cds_WP_005767601.1_922",124.702076587013,-0.0279076366772498,0.203555764376326,0.86110783776548,0.913576774116782,"WP_005767601.1"
"lcl|NC_008783.1_cds_WP_005767603.1_923",572.22682429369,-0.055275386752286,0.114558417005743,0.495382945102876,0.630253838853538,"WP_005767603.1"
"lcl|NC_008783.1_cds_WP_005767604.1_924",36.8621387133282,1.33206696236332,0.439126513736065,0.000251619021917234,0.00110655913399301,"WP_005767604.1"
"lcl|NC_008783.1_cds_WP_005767606.1_925",289.423934429496,0.791480756051203,0.411369159616798,0.0156560133045534,0.0398639134464328,"WP_005767606.1"
"lcl|NC_008783.1_cds_WP_005767608.1_926",1332.94834383072,0.243170748151307,0.345906851012227,0.351049400632312,0.488184289329716,"WP_005767608.1"
"lcl|NC_008783.1_cds_WP_005767609.1_927",388.004748217307,1.2272983222646,0.178948619860929,1.33575257219554e-12,4.65156189846917e-11,"WP_005767609.1"
"lcl|NC_008783.1_cds_WP_005767611.1_928",411.929338605997,1.90393949240596,0.207254773225173,1.16863923072436e-21,1.1530573743147e-19,"WP_005767611.1"
"lcl|NC_008783.1_cds_WP_005767613.1_929",841.706974975785,0.155581318742534,0.203263945161613,0.308034309490655,0.446951743182519,"WP_005767613.1"
"lcl|NC_008783.1_cds_WP_005767615.1_930",328.22305252901,0.456005853533425,0.222307099411235,0.0172660671650601,0.0432199228825184,"WP_005767615.1"
"lcl|NC_008783.1_cds_WP_011807401.1_931",285.978150980039,0.331233929731096,0.353549441181162,0.21450983786947,0.333306624721066,"WP_011807401.1"
"lcl|NC_008783.1_cds_BARBAKC583_RS06975_932",10.6863993761654,0.206138354624456,0.551021246801407,0.548457799810795,0.672229849871617,"BARBAKC583_RS06975"
"lcl|NC_008783.1_cds_WP_005767620.1_933",4.99990907232705,0.467320218819343,0.737030225466763,0.169202021850005,0.278243324820008,"WP_005767620.1"
"lcl|NC_008783.1_cds_BARBAKC583_RS07115_934",29.183627491725,1.23245909715507,0.509099924764412,0.00168616961873464,0.00603087651963328,"BARBAKC583_RS07115"
"lcl|NC_008783.1_cds_BARBAKC583_RS05130_935",62.0128412636669,1.20655521285899,0.443108126971825,0.000875331068480049,0.00337586965824227,"BARBAKC583_RS05130"
"lcl|NC_008783.1_cds_WP_005767624.1_936",55.2898329304619,-0.224051623035723,0.322947023688574,0.361024281030645,0.495884859327476,"WP_005767624.1"
"lcl|NC_008783.1_cds_WP_005767625.1_937",14.7742399958973,0.0852658823427587,0.424747370045483,0.779650171358727,0.853936912940549,"WP_005767625.1"
"lcl|NC_008783.1_cds_WP_172952862.1_938",11.8648255030841,0.596342271795547,0.506640686852104,0.0922038618683917,0.174670995923481,"WP_172952862.1"
"lcl|NC_008783.1_cds_WP_005767633.1_939",8.6837061724566,0.0696719219031427,0.467804428852288,0.828484589612388,0.891750685546425,"WP_005767633.1"
"lcl|NC_008783.1_cds_WP_005767636.1_940",151.31580123014,0.603112210677878,0.352749210335429,0.0334986250946628,0.0748346643624165,"WP_005767636.1"
"lcl|NC_008783.1_cds_WP_005767638.1_941",76.5890282094498,1.69678869961289,0.437011316564224,4.16032833394861e-06,3.07864296712197e-05,"WP_005767638.1"
"lcl|NC_008783.1_cds_WP_005767639.1_942",85.4925643833252,0.86613631831432,0.458492998139848,0.0142217789541215,0.036605622351478,"WP_005767639.1"
"lcl|NC_008783.1_cds_WP_225866722.1_943",12.0752203917355,0.617743034841739,0.602165101816218,0.102143019487422,0.190153042567778,"WP_225866722.1"
"lcl|NC_008783.1_cds_WP_236822979.1_944",35.1006771196781,0.183885506796747,0.46916664339631,0.569818793432947,0.691255585476034,"WP_236822979.1"
"lcl|NC_008783.1_cds_BARBAKC583_RS05190_945",31.300980001237,0.278588932027558,0.408972780845722,0.350530996104962,0.488184289329716,"BARBAKC583_RS05190"
"lcl|NC_008783.1_cds_WP_005767646.1_946",1.44492127922262,-0.04156414943437,0.668528198677774,0.896440385700553,0.935444199864232,"WP_005767646.1"
"lcl|NC_008783.1_cds_BARBAKC583_RS05215_947",128.617803263132,0.275015510811184,0.36185265503002,0.310411437752247,0.448751089497753,"BARBAKC583_RS05215"
"lcl|NC_008783.1_cds_WP_005767654.1_948",220.802727164107,0.144207341173535,0.264251720931118,0.47844164879593,0.612405310458791,"WP_005767654.1"
"lcl|NC_008783.1_cds_WP_005767656.1_949",4.52561163743332,0.0448966682503506,0.582865393927109,0.894768788728019,0.935444199864232,"WP_005767656.1"
"lcl|NC_008783.1_cds_WP_225866723.1_950",1.59588044837105,0.104247583311976,0.764362228463264,0.671592515985702,0.775771257489825,"WP_225866723.1"
"lcl|NC_008783.1_cds_WP_005767662.1_951",2544.14053893998,-0.16778321868515,0.340405767117143,0.515131897471935,0.646782785373034,"WP_005767662.1"
"lcl|NC_008783.1_cds_WP_005767664.1_952",4956.48681402724,-0.809979556333307,0.321004869883289,0.00384490107859477,0.0118860649531494,"WP_005767664.1"
"lcl|NC_008783.1_cds_WP_005767666.1_953",1640.20892808196,-1.89922154189324,0.305541181591473,1.36917973288383e-11,3.68433819030557e-10,"WP_005767666.1"
"lcl|NC_008783.1_cds_WP_005767668.1_954",555.425136621386,1.05988734097878,0.196711049232987,2.07419305804764e-08,2.79073247810046e-07,"WP_005767668.1"
"lcl|NC_008783.1_cds_WP_005767671.1_955",781.892223659487,0.533077397462798,0.211985627597112,0.00553488013731264,0.0165070480669475,"WP_005767671.1"
"lcl|NC_008783.1_cds_WP_005767674.1_956",454.303617908255,0.209976622042696,0.209235185121338,0.183113338986989,0.293908248414396,"WP_005767674.1"
"lcl|NC_008783.1_cds_WP_005767675.1_957",239.790938085198,1.01587237694637,0.235311425772359,4.94267276871052e-06,3.56836863302028e-05,"WP_005767675.1"
"lcl|NC_008783.1_cds_WP_005767676.1_958",3087.36962534551,0.15555366522305,0.214594445267454,0.337769765363136,0.475528421153333,"WP_005767676.1"
"lcl|NC_008783.1_cds_WP_005767677.1_959",565.55235725642,0.269228394704631,0.263272019984089,0.182080906431676,0.293311283285856,"WP_005767677.1"
"lcl|NC_008783.1_cds_WP_005767678.1_960",1285.31462281838,0.232778388886059,0.229918848618746,0.183128020988692,0.293908248414396,"WP_005767678.1"
"lcl|NC_008783.1_cds_WP_005767679.1_961",1421.13260272181,1.58026351633893,0.265338198521774,1.74056063878936e-10,3.96312268524346e-09,"WP_005767679.1"
"lcl|NC_008783.1_cds_WP_005767680.1_962",147.329762197839,2.14701626623317,0.313444373662579,1.0397474285179e-13,4.24503777712135e-12,"WP_005767680.1"
"lcl|NC_008783.1_cds_BARBAKC583_RS05335_963",14.143175773486,-0.19085221845568,0.422168076063796,0.530302936180121,0.656361921607767,"BARBAKC583_RS05335"
"lcl|NC_008783.1_cds_WP_005767682.1_964",3.30533881888843,-0.890269494570777,0.775751934109528,0.0267655504494528,0.0622601409276073,"WP_005767682.1"
"lcl|NC_008783.1_cds_WP_005767683.1_965",1670.25474599084,0.592613132494534,0.252052034596841,0.00791472165820942,0.0223119772459999,"WP_005767683.1"
"lcl|NC_008783.1_cds_WP_005767694.1_966",1311.61318037013,-0.849702154603814,0.163957094574085,1.01623912873861e-07,1.15694916194857e-06,"WP_005767694.1"
"lcl|NC_008783.1_cds_WP_005767696.1_967",362.848718746594,-1.41761867172571,0.171303590249045,1.44257260106248e-17,9.48892199809984e-16,"WP_005767696.1"
"lcl|NC_008783.1_cds_WP_005767698.1_968",119.337073562155,-1.47042132327563,0.318103282111788,3.35151420410094e-07,3.45566193318594e-06,"WP_005767698.1"
"lcl|NC_008783.1_cds_WP_005767700.1_969",138.764003177749,0.55800729622402,0.30603560889781,0.0274765421650559,0.0635395037566918,"WP_005767700.1"
"lcl|NC_008783.1_cds_WP_005767702.1_970",449.446602876259,0.00356973960752249,0.153513581073784,0.975941737487655,0.980080591336203,"WP_005767702.1"
"lcl|NC_008783.1_cds_WP_005767704.1_971",501.779667522449,1.20717104896722,0.256790844142528,4.99076946807138e-07,4.65281185054844e-06,"WP_005767704.1"
"lcl|NC_008783.1_cds_WP_005767706.1_972",4035.94295839514,0.269918668217533,0.164110172727469,0.0400145053219292,0.0870050501501124,"WP_005767706.1"
"lcl|NC_008783.1_cds_WP_011807408.1_973",1750.18882619339,1.38768611677227,0.400428968846173,5.23557412143272e-05,0.000286987025915571,"WP_011807408.1"
"lcl|NC_008783.1_cds_WP_005767710.1_974",3575.08503232423,0.991250757942832,0.359579626086774,0.00142662460236711,0.00521334422593413,"WP_005767710.1"
"lcl|NC_008783.1_cds_WP_005767713.1_975",411.073548646526,-1.18421764413249,0.313663858875121,3.04759508714111e-05,0.000175162746756072,"WP_005767713.1"
"lcl|NC_008783.1_cds_WP_005767715.1_976",240.731653015666,-1.177224600162,0.213489866226439,7.53153825585007e-09,1.14324888396493e-07,"WP_005767715.1"
"lcl|NC_008783.1_cds_WP_005767717.1_977",270.455559947203,-0.428063066863698,0.242546217979363,0.0334068848738388,0.0747707971467394,"WP_005767717.1"
"lcl|NC_008783.1_cds_WP_005767719.1_978",92.75839741242,-2.03885609073626,0.391443718573011,3.18629208059076e-09,5.16790386769789e-08,"WP_005767719.1"
"lcl|NC_008783.1_cds_WP_005767721.1_979",1366.82838958672,-1.32138246458618,0.23356338396684,2.2057551103663e-09,3.73087721524814e-08,"WP_005767721.1"
"lcl|NC_008783.1_cds_WP_005767722.1_980",135.013184815075,-0.990876285484977,0.342953289110455,0.000988471234830996,0.00375112160910224,"WP_005767722.1"
"lcl|NC_008783.1_cds_WP_005767724.1_981",203.856993515295,-0.891610888909798,0.251234329986553,0.000147318908898425,0.000686714913920218,"WP_005767724.1"
"lcl|NC_008783.1_cds_WP_005767726.1_982",2523.95649345571,-0.861781269437285,0.298193849661201,0.00130777115514004,0.00483875327401816,"WP_005767726.1"
"lcl|NC_008783.1_cds_WP_005767728.1_983",2169.65159935497,-1.36028183920444,0.294123771091664,4.61861355033932e-07,4.4577144479272e-06,"WP_005767728.1"
"lcl|NC_008783.1_cds_WP_005767730.1_984",6501.66701329215,-0.703987959704145,0.233664013557451,0.00119726786176636,0.00445775793438557,"WP_005767730.1"
"lcl|NC_008783.1_cds_WP_005767732.1_985",1938.35206374089,0.243349176900448,0.247511302473025,0.197656403932098,0.31328672323374,"WP_005767732.1"
"lcl|NC_008783.1_cds_WP_005767738.1_986",69.793066731894,-0.373774637649746,0.28493359145439,0.0944229742913794,0.178020384651263,"WP_005767738.1"
"lcl|NC_008783.1_cds_WP_005767740.1_987",420.347870687961,-0.657285917439746,0.216336454683142,0.00118195775271045,0.00442860120002903,"WP_005767740.1"
"lcl|NC_008783.1_cds_WP_005767742.1_988",292.550943606619,-0.701358061505091,0.250163151345478,0.00218541416284901,0.00741412713126999,"WP_005767742.1"
"lcl|NC_008783.1_cds_WP_005767744.1_989",784.807688198239,-0.996726827813773,0.204574864771228,3.69877420842144e-07,3.7113124260771e-06,"WP_005767744.1"
"lcl|NC_008783.1_cds_WP_005767746.1_990",532.156695196068,-1.00087738465046,0.206755183969275,4.28553907974425e-07,4.19345311604727e-06,"WP_005767746.1"
"lcl|NC_008783.1_cds_WP_005767748.1_991",1870.04134971062,-0.901734614427664,0.248290463149326,0.000106487401929802,0.000525337849520356,"WP_005767748.1"
"lcl|NC_008783.1_cds_WP_051007750.1_992",1632.08889352928,-1.01336115611446,0.347339643660698,0.000863575547064306,0.00335197096115876,"WP_051007750.1"
"lcl|NC_008783.1_cds_WP_052467648.1_993",239.611688481658,-1.46766539999788,0.36942228648391,5.97283698072976e-06,4.20942796737145e-05,"WP_052467648.1"
"lcl|NC_008783.1_cds_WP_005767753.1_994",1971.70661933439,-1.05468115998296,0.302844482933316,0.00012763407577369,0.000619339121787084,"WP_005767753.1"
"lcl|NC_008783.1_cds_WP_011807413.1_995",2809.25162500941,0.688077773669834,0.154132859659202,4.86813689673805e-06,3.53611907100482e-05,"WP_011807413.1"
"lcl|NC_008783.1_cds_WP_005767757.1_996",96.8432147116182,-0.383135712279368,0.248599192324479,0.0557481733094751,0.114593467358366,"WP_005767757.1"
"lcl|NC_008783.1_cds_WP_005767758.1_997",145.729479458758,-1.26542701258362,0.430183453550233,0.000403189441778094,0.00170491535380451,"WP_005767758.1"
"lcl|NC_008783.1_cds_WP_005767760.1_998",141.964585949376,-1.49769282251342,0.348941765739041,1.40352890043799e-06,1.18698444151327e-05,"WP_005767760.1"
"lcl|NC_008783.1_cds_WP_005767762.1_999",361.691151328798,-1.41372844645894,0.321728219448451,1.14954568568615e-06,9.9347597945431e-06,"WP_005767762.1"
"lcl|NC_008783.1_cds_WP_011807415.1_1000",582.08809672922,-1.25779463025474,0.300262669306981,4.53227241354786e-06,3.31247564051893e-05,"WP_011807415.1"
"lcl|NC_008783.1_cds_WP_005767766.1_1001",596.280748855099,-1.37428121727144,0.282798301388492,1.40685221656399e-07,1.55674114431006e-06,"WP_005767766.1"
"lcl|NC_008783.1_cds_WP_005767768.1_1002",159.687073404352,-1.81484476719402,0.438911715046664,1.02543879516987e-06,9.06059353344122e-06,"WP_005767768.1"
"lcl|NC_008783.1_cds_WP_005767770.1_1003",1974.55983045344,-1.36185725014859,0.306883729567323,1.10235743899031e-06,9.59699417473921e-06,"WP_005767770.1"
"lcl|NC_008783.1_cds_WP_005767773.1_1004",487.382903215122,-1.22516057777203,0.265179216172282,7.00122025043584e-07,6.37649598193541e-06,"WP_005767773.1"
"lcl|NC_008783.1_cds_WP_005767776.1_1005",400.878461313396,-1.19764642254309,0.250164666805157,3.35642839794243e-07,3.45566193318594e-06,"WP_005767776.1"
"lcl|NC_008783.1_cds_WP_005767779.1_1006",517.322350033419,-1.28665532649494,0.274348785943285,4.1982856471539e-07,4.14230850519185e-06,"WP_005767779.1"
"lcl|NC_008783.1_cds_WP_005767781.1_1007",761.499790094033,-1.65804901448009,0.215401334477793,7.70425716388652e-16,4.14629112820074e-14,"WP_005767781.1"
"lcl|NC_008783.1_cds_WP_005767784.1_1008",747.380366221792,-1.29280303988382,0.300598401938892,2.50789195284236e-06,1.95351583695089e-05,"WP_005767784.1"
"lcl|NC_008783.1_cds_WP_005767788.1_1009",1005.57404396483,-0.595216800416351,0.222910813997018,0.00354045873398775,0.0111486785665997,"WP_005767788.1"
"lcl|NC_008783.1_cds_WP_005767791.1_1010",625.066132850591,-2.11071645774126,0.364968143312034,1.05475741877675e-10,2.44869173300328e-09,"WP_005767791.1"
"lcl|NC_008783.1_cds_WP_005767793.1_1011",407.539331549313,-2.19361202662352,0.30201148135695,4.80056404478545e-15,2.27354713161039e-13,"WP_005767793.1"
"lcl|NC_008783.1_cds_WP_011807418.1_1012",599.295598489743,-2.34250402265102,0.250708268550603,8.842028397494e-23,1.16321795807032e-20,"WP_011807418.1"
"lcl|NC_008783.1_cds_WP_011807419.1_1013",176.800547284834,-1.71714823770898,0.414378540933883,1.34286844139302e-06,1.14385340619376e-05,"WP_011807419.1"
"lcl|NC_008783.1_cds_WP_005767802.1_1014",464.231681233764,-2.40485013635718,0.399272202579918,1.12988444957644e-11,3.11112369371744e-10,"WP_005767802.1"
"lcl|NC_008783.1_cds_WP_005767804.1_1015",286.31172642971,-1.59641979469766,0.242099256431536,2.78638543920577e-12,8.73961686874652e-11,"WP_005767804.1"
"lcl|NC_008783.1_cds_WP_005767806.1_1016",253.690486981263,-1.3666128166779,0.274920648109489,8.19240467367925e-08,9.69980713363624e-07,"WP_005767806.1"
"lcl|NC_008783.1_cds_WP_005767808.1_1017",225.774780513773,-1.65177393000586,0.289029704118333,5.91506720328851e-10,1.26459616499224e-08,"WP_005767808.1"
"lcl|NC_008783.1_cds_WP_005767810.1_1018",416.936094182008,-0.871247276740103,0.238064980914112,0.000102309582108466,0.000508968677379932,"WP_005767810.1"
"lcl|NC_008783.1_cds_WP_005767811.1_1019",677.868137155286,-0.804558992738844,0.166432508736977,6.7191752238256e-07,6.21523708203868e-06,"WP_005767811.1"
"lcl|NC_008783.1_cds_WP_005767813.1_1020",34.7207610340256,0.147107214007642,0.304997004208967,0.529460880485565,0.656361921607767,"WP_005767813.1"
"lcl|NC_008783.1_cds_WP_005767815.1_1021",80.91915487353,-0.673275463054807,0.324555432683356,0.0138025769116302,0.0357598491539828,"WP_005767815.1"
"lcl|NC_008783.1_cds_WP_005767817.1_1022",467.396129374086,-1.27615171952402,0.234405273529997,8.4661802874383e-09,1.26885537472493e-07,"WP_005767817.1"
"lcl|NC_008783.1_cds_WP_005767821.1_1023",567.834371669544,0.743247050347764,0.287414439629225,0.00366763930445211,0.0114275919380824,"WP_005767821.1"
"lcl|NC_008783.1_cds_WP_005767823.1_1024",152.550615131741,-0.53657213320069,0.351573698748379,0.0533412267270466,0.110219917006672,"WP_005767823.1"
"lcl|NC_008783.1_cds_WP_005767824.1_1025",153.107654015496,0.413184963154648,0.260968444983202,0.0506306976083572,0.105912978742571,"WP_005767824.1"
"lcl|NC_008783.1_cds_WP_005767826.1_1026",277.708351833374,0.361160289538442,0.19776039898785,0.0285693372462161,0.065809523929027,"WP_005767826.1"
"lcl|NC_008783.1_cds_WP_005767829.1_1027",293.716766916078,-0.61690589133419,0.284426204256081,0.0118984184065506,0.0314458200744551,"WP_005767829.1"
"lcl|NC_008783.1_cds_WP_005767831.1_1028",584.4136296361,0.52977762643483,0.330041974707021,0.0453811258118819,0.0969878212297259,"WP_005767831.1"
"lcl|NC_008783.1_cds_WP_005767835.1_1029",40.6319586045399,2.58607450042883,0.353969218156276,1.29248229624583e-15,6.37624599481276e-14,"WP_005767835.1"
"lcl|NC_008783.1_cds_WP_005767837.1_1030",543.925143163758,0.243854152815603,0.238741029278674,0.180599659613369,0.291718959048061,"WP_005767837.1"
"lcl|NC_008783.1_cds_WP_005767840.1_1031",86627.6465519098,2.05702049823468,0.332917506161262,1.1127240347641e-11,3.11112369371744e-10,"WP_005767840.1"
"lcl|NC_008783.1_cds_WP_005767842.1_1032",8716.8359788042,2.20694751817541,0.360881036798322,1.09367507486416e-11,3.11112369371744e-10,"WP_005767842.1"
"lcl|NC_008783.1_cds_WP_005767844.1_1033",4827.51787820343,0.0996007202221626,0.230716819121976,0.576982067830311,0.698514078027698,"WP_005767844.1"
"lcl|NC_008783.1_cds_WP_005767846.1_1034",847.952758788925,-0.440973646993988,0.13896039891073,0.000945766837425814,0.00361221914681343,"WP_005767846.1"
"lcl|NC_008783.1_cds_WP_005767848.1_1035",25929.9072400222,-0.622884805460945,0.220444172754516,0.00226586495822255,0.0076021542219381,"WP_005767848.1"
"lcl|NC_008783.1_cds_WP_005767850.1_1036",833.038621274473,-0.398442754806265,0.138926456303012,0.00229869267992859,0.00766662572686041,"WP_005767850.1"
"lcl|NC_008783.1_cds_WP_005767852.1_1038",0.255118291509546,0,0.819481185662621,1,1,"WP_005767852.1"
"lcl|NC_008783.1_cds_WP_005767854.1_1039",826.930549190942,-0.183765567196581,0.397551080547367,0.528653455996882,0.656300122691457,"WP_005767854.1"
"lcl|NC_008783.1_cds_BARBAKC583_RS07000_1041",1.20182890681445,-0.0676066969536586,0.692045080919733,0.826204476290771,0.890864380842352,"BARBAKC583_RS07000"
"lcl|NC_008783.1_cds_BARBAKC583_RS05780_1042",0.558396487292031,0.202948892586901,0.788793891617524,0.37987906350227,0.51541016314632,"BARBAKC583_RS05780"
"lcl|NC_008783.1_cds_WP_035453368.1_1043",1.32286859298074,-0.389587212535598,0.764054539262479,0.203769051420312,0.321683409175532,"WP_035453368.1"
"lcl|NC_008783.1_cds_BARBAKC583_RS07135_1044",29.1975145441777,0.0299687052364468,0.279562479337568,0.89078982447881,0.934536602916484,"BARBAKC583_RS07135"
"lcl|NC_008783.1_cds_WP_005767864.1_1045",74.3240323238471,0.532069817872621,0.271125946777971,0.020520568767005,0.0497876094674875,"WP_005767864.1"
"lcl|NC_008783.1_cds_WP_005767865.1_1046",242.964714542383,0.275113583685889,0.33981515165643,0.284123184820858,0.419453679336528,"WP_005767865.1"
"lcl|NC_008783.1_cds_WP_005767866.1_1047",2017.43487243145,0.283748735799601,0.200226187457057,0.0707801050279048,0.13897785133174,"WP_005767866.1"
"lcl|NC_008783.1_cds_WP_005767867.1_1048",118.167541153502,-0.385631755939729,0.338876300366872,0.137505232273895,0.239420875018076,"WP_005767867.1"
"lcl|NC_008783.1_cds_WP_005767868.1_1049",132.682193552844,-0.545660987645706,0.257222260697099,0.0141292908182919,0.0364496770134056,"WP_005767868.1"
"lcl|NC_008783.1_cds_WP_005767869.1_1050",210.893357830142,-0.0847623983380223,0.198735481710272,0.57888223041648,0.699384245727666,"WP_005767869.1"
"lcl|NC_008783.1_cds_WP_005767870.1_1051",1000.30648395903,0.572757124099431,0.194664340517143,0.0017148451309353,0.00609722713221439,"WP_005767870.1"
"lcl|NC_008783.1_cds_BARBAKC583_RS05845_1052",122.816004354809,0.0981477443314559,0.30705731203062,0.678224516564133,0.779012718780298,"BARBAKC583_RS05845"
"lcl|NC_008783.1_cds_WP_005767874.1_1053",390.035381957642,0.6777716845656,0.160041073643609,1.39054715540843e-05,8.82118757549667e-05,"WP_005767874.1"
"lcl|NC_008783.1_cds_WP_005767876.1_1054",5743.65048634809,0.563791522323945,0.482234166789494,0.100584275615489,0.187546113903526,"WP_005767876.1"
"lcl|NC_008783.1_cds_WP_005767877.1_1055",264.708126440914,0.28145293724563,0.292757280635145,0.208864309158816,0.326678126874554,"WP_005767877.1"
"lcl|NC_008783.1_cds_WP_005767879.1_1056",117.587001767506,-1.19439548320646,0.257440332295312,6.95690246067157e-07,6.37649598193541e-06,"WP_005767879.1"
"lcl|NC_008783.1_cds_WP_005767881.1_1057",437.418628726063,-0.640159458559232,0.225490701287871,0.00214178012555524,0.00732909730825838,"WP_005767881.1"
"lcl|NC_008783.1_cds_WP_005767883.1_1058",428.590246957849,-0.562677779477815,0.190721701590124,0.00169109037543771,0.00603087651963328,"WP_005767883.1"
"lcl|NC_008783.1_cds_WP_005767885.1_1059",331.034979100186,-1.35896975583064,0.317175839873219,2.21386625785953e-06,1.74747843287045e-05,"WP_005767885.1"
"lcl|NC_008783.1_cds_BARBAKC583_RS05885_1060",992.595605795625,0.37806720668909,0.3410649808717,0.146954344133439,0.250711734083562,"BARBAKC583_RS05885"
"lcl|NC_008783.1_cds_WP_005767886.1_1061",1537.78919942235,1.15240065600133,0.153202337283686,1.27584098230483e-14,5.80998355018813e-13,"WP_005767886.1"
"lcl|NC_008783.1_cds_WP_005767888.1_1062",74.2093973741245,-0.624011076882355,0.360137006223895,0.0310499601413804,0.0706983707834507,"WP_005767888.1"
"lcl|NC_008783.1_cds_WP_005767890.1_1063",936.502542697673,-0.593466947682425,0.325218715434608,0.0264418745921705,0.0616283061360825,"WP_005767890.1"
"lcl|NC_008783.1_cds_WP_005767892.1_1064",101.904744702249,0.573526195079222,0.285315894071202,0.0178436635882831,0.0444776793442677,"WP_005767892.1"
"lcl|NC_008783.1_cds_WP_005767894.1_1065",3619.70143228022,-1.0647194821486,0.264108790167765,1.50205149842505e-05,9.45972858582586e-05,"WP_005767894.1"
"lcl|NC_008783.1_cds_WP_005767896.1_1066",2991.70157392783,1.59091719901275,0.220551187972935,3.65468234022982e-14,1.54540853244004e-12,"WP_005767896.1"
"lcl|NC_008783.1_cds_WP_005767899.1_1067",92872.4632235593,-1.61529865330266,0.391042155251836,1.95524841164295e-06,1.56419872931436e-05,"WP_005767899.1"
"lcl|NC_008783.1_cds_WP_005767902.1_1068",5760.11216344924,0.529917176856721,0.399890295174528,0.0809550157404902,0.155098282583722,"WP_005767902.1"
"lcl|NC_008783.1_cds_WP_005767905.1_1069",20.7156567224088,0.208512178149171,0.372896281700086,0.452801396188268,0.589530421011311,"WP_005767905.1"
"lcl|NC_008783.1_cds_WP_005767908.1_1070",1829.32249797885,-0.700020923164315,0.366303259949793,0.0190024260580854,0.0469705061644531,"WP_005767908.1"
"lcl|NC_008783.1_cds_WP_172952870.1_1071",648.966709036419,-1.10373444370745,0.187114663089062,9.64281547487292e-10,1.87165467577861e-08,"WP_172952870.1"
"lcl|NC_008783.1_cds_WP_005767914.1_1072",2656.42641093496,-0.838507651906742,0.187345333643414,3.54792169210055e-06,2.65869574901712e-05,"WP_005767914.1"
"lcl|NC_008783.1_cds_WP_005767917.1_1073",67.0273489454833,-0.336863885730167,0.287180964685012,0.129882627247533,0.228851132667044,"WP_005767917.1"
"lcl|NC_008783.1_cds_WP_005767919.1_1074",642.110135637483,-0.425073513515755,0.239283299567485,0.0325389756902614,0.0735715476021281,"WP_005767919.1"
"lcl|NC_008783.1_cds_WP_011807428.1_1075",331.273087701259,-1.37095229449544,0.232134915928266,4.38517908090774e-10,9.6149111699903e-09,"WP_011807428.1"
"lcl|NC_008783.1_cds_WP_005767923.1_1076",390.226230088721,0.456387592386922,0.183545912973857,0.00612623504818484,0.0179986657495058,"WP_005767923.1"
"lcl|NC_008783.1_cds_WP_005767925.1_1077",263.651671575159,0.128782680868311,0.171229465465558,0.306099367992574,0.444689143194119,"WP_005767925.1"
"lcl|NC_008783.1_cds_WP_005767927.1_1078",636.031714152766,-0.952397997107734,0.258030123117876,7.62536030142042e-05,0.000395983622670253,"WP_005767927.1"
"lcl|NC_008783.1_cds_WP_011807429.1_1079",1376.14521885187,0.225696584736529,0.237307152567558,0.211088605818798,0.329287100513119,"WP_011807429.1"
"lcl|NC_008783.1_cds_WP_005767934.1_1080",784.952531538575,0.0980010831144348,0.162128101172171,0.412813000688815,0.547949095084705,"WP_005767934.1"
"lcl|NC_008783.1_cds_WP_005767936.1_1081",883.076706883445,-0.0774351098535879,0.140994772686569,0.449967333138163,0.588686544127718,"WP_005767936.1"
"lcl|NC_008783.1_cds_WP_005767938.1_1082",188.16348016647,0.788055544773861,0.226294754871588,0.000228504819716671,0.00101710415994187,"WP_005767938.1"
"lcl|NC_008783.1_cds_BARBAKC583_RS06000_1083",32.9586387216547,0.199159661904308,0.332565107151165,0.429623622636699,0.566452526950838,"BARBAKC583_RS06000"
"lcl|NC_008783.1_cds_BARBAKC583_RS07250_1084",147.482129965406,0.620136633505347,0.45732765350009,0.0655055052984731,0.130350450879651,"BARBAKC583_RS07250"
"lcl|NC_008783.1_cds_BARBAKC583_RS06010_1085",84.8740100593026,-0.0162970620575529,0.23774679810931,0.930538411371878,0.954729184631112,"BARBAKC583_RS06010"
"lcl|NC_008783.1_cds_WP_005767943.1_1086",580.46524280432,0.94611122825797,0.342196166933694,0.00155014731504089,0.00561276581348139,"WP_005767943.1"
"lcl|NC_008783.1_cds_WP_005767945.1_1087",346.548444103962,0.744520781158441,0.238025196389259,0.000794474940116439,0.00312511072789988,"WP_005767945.1"
"lcl|NC_008783.1_cds_WP_035453357.1_1088",1039.89200774439,-0.265838891753372,0.246978300907008,0.160362620035806,0.267421608623091,"WP_035453357.1"
"lcl|NC_008783.1_cds_WP_005767949.1_1089",3955.59160240881,1.26723109057532,0.386187284975951,0.000140886800543636,0.000667239887374658,"WP_005767949.1"
"lcl|NC_008783.1_cds_WP_005767951.1_1090",218.801443572058,-0.106756926274513,0.308576879350619,0.652979486841538,0.762613585615545,"WP_005767951.1"
"lcl|NC_008783.1_cds_WP_005767953.1_1091",1218.67684116013,0.352279548948742,0.370694523757281,0.205279545553747,0.323206092999517,"WP_005767953.1"
"lcl|NC_008783.1_cds_WP_005767955.1_1092",96.3004061626541,-0.115464934921988,0.373849949305524,0.678731691600198,0.779012718780298,"WP_005767955.1"
"lcl|NC_008783.1_cds_WP_005767957.1_1093",2074.33374067564,-0.505111224426565,0.158254895956377,0.000861158723361463,0.00335197096115876,"WP_005767957.1"
"lcl|NC_008783.1_cds_WP_011807432.1_1094",2790.20277962055,0.897882328941704,0.245159212604611,9.5774552436395e-05,0.000478468650146378,"WP_011807432.1"
"lcl|NC_008783.1_cds_WP_005767962.1_1095",4439.24232629048,0.971680691987982,0.473469733914286,0.00787229347599189,0.0222453352639007,"WP_005767962.1"
"lcl|NC_008783.1_cds_WP_005767965.1_1096",2149.78843921404,0.0812307368356,0.138645179255316,0.416601281687403,0.552358250299983,"WP_005767965.1"
"lcl|NC_008783.1_cds_WP_005767968.1_1097",524.579739542802,0.272586096429273,0.234250855878602,0.130492444200056,0.229573631400989,"WP_005767968.1"
"lcl|NC_008783.1_cds_WP_005767971.1_1098",2470.98649220051,1.16553776120813,0.297430779110965,1.82200258779748e-05,0.000112356826247511,"WP_005767971.1"
"lcl|NC_008783.1_cds_WP_011807433.1_1099",709.302223900815,0.180537903726931,0.239106476107946,0.321217065906117,0.45893753490904,"WP_011807433.1"
"lcl|NC_008783.1_cds_WP_005767976.1_1100",243.450390120543,-0.271630793090321,0.220284746951141,0.110005018833055,0.20161910572498,"WP_005767976.1"
"lcl|NC_008783.1_cds_WP_011807434.1_1101",478.116335909756,0.882579724569664,0.202274032000851,5.43220754030444e-06,3.87453839019305e-05,"WP_011807434.1"
"lcl|NC_008783.1_cds_WP_005767980.1_1102",1775.75226906194,0.328981405946911,0.249306029492957,0.0923835229520563,0.174731775040311,"WP_005767980.1"
"lcl|NC_008783.1_cds_WP_005767982.1_1103",273.726444622978,-0.0786873983459673,0.211429526747988,0.630902627392177,0.746242468363974,"WP_005767982.1"
"lcl|NC_008783.1_cds_WP_005767983.1_1104",3455.71901120612,-0.996837205688784,0.271205785920133,7.28350740889861e-05,0.000384985391613212,"WP_005767983.1"
"lcl|NC_008783.1_cds_WP_005767985.1_1105",162.254576859621,0.0239547182644893,0.184508283210523,0.867815348152727,0.91822464004721,"WP_005767985.1"
"lcl|NC_008783.1_cds_WP_005767988.1_1106",314.20598208426,-0.497324121647179,0.245760868462114,0.0181819378900916,0.0452256606341773,"WP_005767988.1"
"lcl|NC_008783.1_cds_WP_005767991.1_1107",2084.53413920953,0.924250339078006,0.190539234771652,4.85802887851433e-07,4.56500491441346e-06,"WP_005767991.1"
"lcl|NC_008783.1_cds_WP_005767993.1_1108",3652.42694348341,0.0460999692154364,0.218099553749808,0.787168622011741,0.857896907956581,"WP_005767993.1"
"lcl|NC_008783.1_cds_WP_005767995.1_1109",392.872814421818,0.573899480818265,0.196693495817134,0.00183721614474758,0.00642818425929712,"WP_005767995.1"
"lcl|NC_008783.1_cds_WP_005767996.1_1110",1644.47854240806,-0.310820589869758,0.261676377393404,0.125315995264532,0.222595825612226,"WP_005767996.1"
"lcl|NC_008783.1_cds_WP_005767998.1_1111",688.130136882723,0.0593924212372002,0.154184895221226,0.608743641813518,0.730245665559478,"WP_005767998.1"
"lcl|NC_008783.1_cds_WP_011807436.1_1112",941.63355824011,0.180849011473946,0.25695266695661,0.357268341509905,0.493912856919255,"WP_011807436.1"
"lcl|NC_008783.1_cds_WP_005768003.1_1113",120.327358575212,-0.988963453960937,0.288678698211429,0.0001830112558466,0.000839865608226255,"WP_005768003.1"
"lcl|NC_008783.1_cds_WP_011807437.1_1114",522.522389609289,-1.23373700690028,0.37197715292421,0.000138292966070257,0.000659779556443926,"WP_011807437.1"
"lcl|NC_008783.1_cds_WP_005768006.1_1115",1015.92490119507,-0.508974926458801,0.238906675171378,0.0141304068827307,0.0364496770134056,"WP_005768006.1"
"lcl|NC_008783.1_cds_WP_005768008.1_1116",128.794738292761,0.481062500228914,0.287615152036222,0.0405305313455851,0.087890382991159,"WP_005768008.1"
"lcl|NC_008783.1_cds_WP_044051781.1_1117",407.500608383597,0.319388526980207,0.187692444843298,0.0370914886736076,0.0816288523969357,"WP_044051781.1"
"lcl|NC_008783.1_cds_WP_005768012.1_1118",1781.34697053988,1.43251462196336,0.231926469722259,6.8682689315979e-11,1.65959804387998e-09,"WP_005768012.1"
"lcl|NC_008783.1_cds_WP_005768014.1_1119",5852.18460261669,1.9985750555516,0.162969833680256,3.33139784088102e-36,3.94437504360312e-33,"WP_005768014.1"
"lcl|NC_008783.1_cds_WP_005768015.1_1120",1513.58800501815,1.95525743228227,0.201336354092568,6.84226266251634e-24,1.62024779848387e-21,"WP_005768015.1"
"lcl|NC_008783.1_cds_WP_005768019.1_1121",84.3868936716273,-0.430899522794128,0.35031333616249,0.109668817528849,0.201314542564585,"WP_005768019.1"
"lcl|NC_008783.1_cds_WP_005768021.1_1122",304.153792391515,-0.00604548127994616,0.182677454855304,0.966216572488181,0.973617380277452,"WP_005768021.1"
"lcl|NC_008783.1_cds_WP_005768023.1_1123",1771.64569806316,-0.0165540250036946,0.191637267112278,0.912120201392161,0.943795013022611,"WP_005768023.1"
"lcl|NC_008783.1_cds_WP_005768025.1_1124",2123.64411630436,0.268494230748049,0.220309525210897,0.113659337030268,0.207034853913596,"WP_005768025.1"
"lcl|NC_008783.1_cds_WP_005768027.1_1125",356.181857795717,-0.000186692707714668,0.166971290769264,0.998851396058106,0.999695733671004,"WP_005768027.1"
"lcl|NC_008783.1_cds_WP_005768028.1_1126",342.89590301005,-0.507365353537101,0.226348393714444,0.0108973082865952,0.0291250858043538,"WP_005768028.1"
"lcl|NC_008783.1_cds_WP_005768031.1_1127",2055.11012040125,0.530914848271108,0.203912573033184,0.00442364806791615,0.0135338483524877,"WP_005768031.1"
"lcl|NC_008783.1_cds_WP_011807439.1_1128",4610.92761273465,-0.793912436675427,0.326713224541123,0.00498405181769004,0.0149774552084899,"WP_011807439.1"
"lcl|NC_008783.1_cds_WP_005768036.1_1129",3431.3400132874,-0.149271540613756,0.28721067154808,0.499141182458435,0.633133541551508,"WP_005768036.1"
"lcl|NC_008783.1_cds_WP_005768038.1_1130",4314.58439405074,-0.427395808563125,0.156218810820969,0.00326331854520781,0.0103309335762728,"WP_005768038.1"
"lcl|NC_008783.1_cds_WP_005768040.1_1131",1133.0089538227,1.06280455950879,0.460184988251453,0.00357341576836047,0.0111633885745087,"WP_005768040.1"
"lcl|NC_008783.1_cds_WP_005768042.1_1132",318.671918038484,0.278619796091475,0.313307984447781,0.243027848170181,0.370805376589554,"WP_005768042.1"
"lcl|NC_008783.1_cds_WP_011807442.1_1133",496.228237726161,0.213293029464879,0.191305353576223,0.138246173970573,0.240005087948913,"WP_011807442.1"
"lcl|NC_008783.1_cds_WP_005768047.1_1134",44.6983016541153,0.056946042928094,0.245851686956592,0.767254700021258,0.844265394818931,"WP_005768047.1"
"lcl|NC_008783.1_cds_WP_005768049.1_1135",174.960496685565,-0.00468192101535112,0.181062723964106,0.973587630140982,0.979377870931965,"WP_005768049.1"
"lcl|NC_008783.1_cds_WP_005768052.1_1136",212.104552433979,-0.192091287327345,0.315675035512481,0.424601344191669,0.560454840047866,"WP_005768052.1"
"lcl|NC_008783.1_cds_WP_005768054.1_1137",856.353471435192,-0.504750058597408,0.17936279432841,0.00257740718936697,0.00847680586725136,"WP_005768054.1"
"lcl|NC_008783.1_cds_WP_005768057.1_1138",440.468009468969,-0.862272658840026,0.175365429418346,3.95762594278147e-07,3.93767152626325e-06,"WP_005768057.1"
"lcl|NC_008783.1_cds_WP_005768059.1_1139",927.534721849772,0.101553372095944,0.228178014322305,0.564768211833329,0.687948109887511,"WP_005768059.1"
"lcl|NC_008783.1_cds_WP_172952863.1_1140",503.169288316866,-0.405717382599831,0.171064439389578,0.00811236926056739,0.0227607706268052,"WP_172952863.1"
"lcl|NC_008783.1_cds_WP_005768063.1_1141",1018.71574554601,-0.150899703795522,0.192632023232759,0.293512463685288,0.430097471538839,"WP_005768063.1"
"lcl|NC_008783.1_cds_WP_005768066.1_1142",297.526886278167,-0.6091210898944,0.310186166343655,0.0191308054669307,0.047074523944887,"WP_005768066.1"
"lcl|NC_008783.1_cds_WP_005768069.1_1143",1306.13014843472,-0.622250265173792,0.353403724968147,0.0293281996030718,0.0672957138179012,"WP_005768069.1"
"lcl|NC_008783.1_cds_BARBAKC583_RS06315_1144",2670.94926153403,0.157994210268226,0.152667703336872,0.152400074257907,0.258470464571679,"BARBAKC583_RS06315"
"lcl|NC_008783.1_cds_WP_005768075.1_1145",1667.32256641661,-0.0963032544159774,0.139932075329384,0.334887281089836,0.472031596202816,"WP_005768075.1"
"lcl|NC_008783.1_cds_WP_005768077.1_1146",485.434404985903,-0.586016250935052,0.357828667004634,0.0398445665799701,0.0868802335740048,"WP_005768077.1"
"lcl|NC_008783.1_cds_WP_005768078.1_1147",426.638398137235,-0.465433840009887,0.191681179949925,0.00705714323522636,0.020516516288005,"WP_005768078.1"
"lcl|NC_008783.1_cds_WP_005768080.1_1148",147.614791528463,-0.701026716865965,0.283547858076906,0.00519791443610776,0.0155805840312698,"WP_005768080.1"
"lcl|NC_008783.1_cds_WP_005768082.1_1149",3501.52483235759,-0.852723586011197,0.364736886414083,0.00555763809991369,0.0165240653311705,"WP_005768082.1"
"lcl|NC_008783.1_cds_WP_035453288.1_1150",1381.05487900139,-0.988124805563399,0.290086900774863,0.000196168444457734,0.000886501672663957,"WP_035453288.1"
"lcl|NC_008783.1_cds_WP_005768086.1_1151",855.256239528285,-0.546940622319744,0.16881990583872,0.00071586257967184,0.00286345031868736,"WP_005768086.1"
"lcl|NC_008783.1_cds_WP_005768088.1_1152",121.722206472245,-0.598294990209857,0.309977547484585,0.0208571260788416,0.050500689728729,"WP_005768088.1"
"lcl|NC_008783.1_cds_WP_005768090.1_1153",68.7911708106047,-1.06701777696641,0.233901569423577,1.41395422014658e-06,1.18732042315855e-05,"WP_005768090.1"
"lcl|NC_008783.1_cds_WP_005768092.1_1154",159.580693083732,-1.66668604341549,0.238221707270133,1.4049747853334e-13,5.54496715278247e-12,"WP_005768092.1"
"lcl|NC_008783.1_cds_WP_005768094.1_1155",782.944953019419,-1.02514397264785,0.179253879700033,3.41986532311663e-09,5.4717845169866e-08,"WP_005768094.1"
"lcl|NC_008783.1_cds_WP_005768096.1_1156",696.77434602861,0.301837928647786,0.231703106420149,0.0949584272791214,0.178630222187624,"WP_005768096.1"
"lcl|NC_008783.1_cds_WP_005768098.1_1157",304.465923270231,-0.0367326406828229,0.243735108845425,0.847718669865515,0.903419356544347,"WP_005768098.1"
"lcl|NC_008783.1_cds_WP_005768100.1_1158",927.494640427788,-0.00855323803520873,0.314993175137927,0.971928054127889,0.978539809598147,"WP_005768100.1"
"lcl|NC_008783.1_cds_WP_005768101.1_1159",299.531320128848,0.053404275063715,0.317207132084618,0.826908745393366,0.890864380842352,"WP_005768101.1"
"lcl|NC_008783.1_cds_WP_005768102.1_1160",170.104936158579,-0.0355297420599983,0.211001040471642,0.829860714164415,0.891875851458933,"WP_005768102.1"
"lcl|NC_008783.1_cds_WP_035453351.1_1161",156.723737254747,-0.879070001546635,0.410754955008413,0.00821940738288502,0.0230065681828271,"WP_035453351.1"
"lcl|NC_008783.1_cds_WP_005768104.1_1162",565.922051448218,0.0457733141527796,0.120969709616285,0.602862634408142,0.724659247857097,"WP_005768104.1"
"lcl|NC_008783.1_cds_WP_005768105.1_1163",1481.17858613581,0.584873713747346,0.215904983179203,0.00322644670345448,0.0102968002611593,"WP_005768105.1"
"lcl|NC_008783.1_cds_WP_005768106.1_1164",584.619338410071,0.0197025109481381,0.227840197272699,0.912431663066792,0.943795013022611,"WP_005768106.1"
"lcl|NC_008783.1_cds_WP_005768107.1_1165",170.460284056953,0.0373377703710407,0.305123713714986,0.874406496217329,0.921903198148992,"WP_005768107.1"
"lcl|NC_008783.1_cds_WP_005768108.1_1166",386.394904825344,-0.130034965574384,0.2188090274341,0.436211994152372,0.573224196533195,"WP_005768108.1"
"lcl|NC_008783.1_cds_WP_005768109.1_1167",1819.83984551059,-0.0482806300272447,0.132580798015067,0.622288847250244,0.740738616281926,"WP_005768109.1"
"lcl|NC_008783.1_cds_WP_005768110.1_1168",1128.82627288326,-0.382122610737329,0.224240572119026,0.0382373727894961,0.0835296114073126,"WP_005768110.1"
"lcl|NC_008783.1_cds_WP_005768111.1_1169",221.341943228396,0.154415722341628,0.214886156570863,0.342173045039768,0.479692283405211,"WP_005768111.1"
"lcl|NC_008783.1_cds_WP_005768112.1_1170",348.588948160568,0.400539332562158,0.214066739887602,0.02612569576419,0.0611320628158121,"WP_005768112.1"
"lcl|NC_008783.1_cds_WP_005768114.1_1171",1102.49103171786,1.01043011470577,0.220944240487885,1.54136440945839e-06,1.28519398647798e-05,"WP_005768114.1"
"lcl|NC_008783.1_cds_WP_005768116.1_1172",28607.2718924802,1.83477383386172,0.270043230985629,3.58204413120041e-13,1.32535632854415e-11,"WP_005768116.1"
"lcl|NC_008783.1_cds_WP_011807449.1_1173",1481.83526317321,0.667719448603004,0.228320432982628,0.00162697816355952,0.00583740044137718,"WP_011807449.1"
"lcl|NC_008783.1_cds_WP_005768120.1_1174",1195.08858421288,2.27331375750593,0.236768282470929,8.94831559022174e-24,1.76580094313709e-21,"WP_005768120.1"
"lcl|NC_008783.1_cds_WP_011807451.1_1175",1145.87276868607,0.64082091854339,0.14858516967504,1.03934183769082e-05,6.9524335357397e-05,"WP_011807451.1"
"lcl|NC_008783.1_cds_WP_005768122.1_1176",3167.23820963576,1.76273150522289,0.19228438473305,2.04277185389438e-21,1.72760133929354e-19,"WP_005768122.1"
"lcl|NC_008783.1_cds_BARBAKC583_RS06490_1177",663.07761957053,0.0173618492956311,0.149621834765531,0.87980181161866,0.925942528850216,"BARBAKC583_RS06490"
"lcl|NC_008783.1_cds_WP_005768124.1_1178",309.676808315965,0.479233548269177,0.320312164692525,0.0598848247616089,0.120995959927892,"WP_005768124.1"
"lcl|NC_008783.1_cds_WP_005768125.1_1179",202.185645987111,-0.254893570463299,0.298143251544645,0.262455686714792,0.395121929533595,"WP_005768125.1"
"lcl|NC_008783.1_cds_WP_005768126.1_1180",852.256274131009,0.362185035494537,0.184984170694759,0.0210720317503699,0.0508132089459022,"WP_005768126.1"
"lcl|NC_008783.1_cds_WP_005768127.1_1181",231.359896700055,0.310693643675859,0.181476460326994,0.0358973072149303,0.079443760266313,"WP_005768127.1"
"lcl|NC_008783.1_cds_WP_005768128.1_1182",626.970221955932,0.105073771525566,0.153459658063578,0.345465359694061,0.482917338698664,"WP_005768128.1"
"lcl|NC_008783.1_cds_WP_005768129.1_1183",5522.549359252,0.0813342345351993,0.240347843966813,0.663920087890009,0.770270296722319,"WP_005768129.1"
"lcl|NC_008783.1_cds_WP_005768130.1_1184",2098.71427948802,-0.934833052836307,0.166175167236044,7.24363564533283e-09,1.11382657195767e-07,"WP_005768130.1"
"lcl|NC_008783.1_cds_WP_005768131.1_1185",2373.04312953054,-0.918339626179691,0.160916513287607,4.67540395493153e-09,7.38090437685191e-08,"WP_005768131.1"
"lcl|NC_008783.1_cds_WP_005768133.1_1186",1900.38182421727,0.0897954339398515,0.2430400156496,0.634646884772752,0.748791127833259,"WP_005768133.1"
"lcl|NC_008783.1_cds_WP_005768147.1_1187",930.411776871805,-1.67999032901752,0.310225978567565,2.99102002431029e-09,4.91856626219914e-08,"WP_005768147.1"
"lcl|NC_008783.1_cds_WP_005768149.1_1188",3204.89806705485,-0.0518583353917801,0.139043757700854,0.615904834950196,0.736597297556598,"WP_005768149.1"
"lcl|NC_008783.1_cds_WP_005768151.1_1189",352.983622085345,-0.344333800944152,0.254434714674717,0.0857050917616263,0.163405521168705,"WP_005768151.1"
"lcl|NC_008783.1_cds_WP_005768153.1_1190",345.81180824557,-0.886433960305336,0.241326592300811,9.42547258374502e-05,0.00047287116691331,"WP_005768153.1"
"lcl|NC_008783.1_cds_WP_080512682.1_1191",563.344160810577,-0.0107276087438948,0.176741195232144,0.937929943108271,0.959817677303538,"WP_080512682.1"
"lcl|NC_008783.1_cds_WP_005768156.1_1192",134.290727157788,-1.10478462540192,0.318567699589879,0.000117968530409094,0.000577168347125486,"WP_005768156.1"
"lcl|NC_008783.1_cds_WP_005768157.1_1193",1445.72647257951,0.24342847375472,0.213939904860399,0.135632184138049,0.237556961567234,"WP_005768157.1"
"lcl|NC_008783.1_cds_WP_005768158.1_1194",1098.53852527913,0.398618623194336,0.343368122860617,0.129888480702917,0.228851132667044,"WP_005768158.1"
"lcl|NC_008783.1_cds_WP_005768160.1_1195",2339.38826149499,-0.200094098010337,0.186418819971382,0.150811392483007,0.256552713649254,"WP_005768160.1"
"lcl|NC_008783.1_cds_WP_005768163.1_1196",842.408875500265,0.441778988518303,0.246954652873895,0.0315775853941239,0.0716242549935683,"WP_005768163.1"
"lcl|NC_008783.1_cds_WP_005768164.1_1197",325.234699161516,-0.0445186577611643,0.225194911909265,0.800861907990746,0.868333790348941,"WP_005768164.1"
"lcl|NC_008783.1_cds_WP_005768165.1_1198",518.221261434431,-0.453421508575191,0.227336321603477,0.0196894900678246,0.0480667138975347,"WP_005768165.1"
"lcl|NC_008783.1_cds_WP_005768166.1_1199",508.512610064395,-0.445916003689279,0.179870336127826,0.00624992765621111,0.0182713934443307,"WP_005768166.1"
"lcl|NC_008783.1_cds_WP_005768168.1_1200",462.658876649516,0.460347023515494,0.292389704686852,0.0509626118118208,0.106419281102638,"WP_005768168.1"
"lcl|NC_008783.1_cds_WP_005768170.1_1201",457.614134164371,-1.26146427668913,0.317070778472183,1.08786642229429e-05,7.19571979886276e-05,"WP_005768170.1"
"lcl|NC_008783.1_cds_WP_005768172.1_1202",1492.06810565919,-0.913765540594978,0.270177179625468,0.000252340343055838,0.00110655913399301,"WP_005768172.1"
"lcl|NC_008783.1_cds_WP_005768174.1_1203",1193.36331655249,-1.02010851650815,0.240034548604074,6.5925356163626e-06,4.61867584010256e-05,"WP_005768174.1"
"lcl|NC_008783.1_cds_WP_005768178.1_1204",1156.50775563469,-0.925933004246981,0.246948420377514,6.4761851471164e-05,0.00034384767776618,"WP_005768178.1"
"lcl|NC_008783.1_cds_WP_005768181.1_1205",587.044671258805,-0.167768542631682,0.316468235688731,0.487405181502552,0.621192394939744,"WP_005768181.1"
"lcl|NC_008783.1_cds_WP_035453280.1_1206",954.171039332336,0.100714670776806,0.289123284139427,0.65259252719023,0.762613585615545,"WP_035453280.1"
"lcl|NC_008783.1_cds_WP_005768183.1_1207",1029.52376509168,0.0558024961616615,0.240615619800822,0.767026302832184,0.844265394818931,"WP_005768183.1"
"lcl|NC_008783.1_cds_WP_005768184.1_1208",368.254504924498,-0.419450559638244,0.291993360360889,0.0705006329775016,0.138838356112665,"WP_005768184.1"
"lcl|NC_008783.1_cds_WP_005768187.1_1209",210.370374051605,-0.315556741690201,0.26050969551177,0.118742517816097,0.214525361547221,"WP_005768187.1"
"lcl|NC_008783.1_cds_WP_005768189.1_1210",254.862015531175,0.0365625198552382,0.17338713435696,0.78517342353699,0.856815975546356,"WP_005768189.1"
"lcl|NC_008783.1_cds_WP_005768191.1_1211",802.894030084022,0.899860881480966,0.184950922681515,4.75482451091844e-07,4.54009050074793e-06,"WP_005768191.1"
"lcl|NC_008783.1_cds_WP_005768193.1_1212",941.785509300135,0.817243284882549,0.2107969430173,4.91724443887819e-05,0.000272056888580924,"WP_005768193.1"
"lcl|NC_008783.1_cds_WP_011807453.1_1213",374.797035760804,0.576809762113812,0.237138529098889,0.0065814415114326,0.019193169333833,"WP_011807453.1"
"lcl|NC_008783.1_cds_WP_104408433.1_1214",501.013755283794,0.526789071333214,0.185865546665895,0.00240677700171276,0.00798213997206697,"WP_104408433.1"
"lcl|NC_008783.1_cds_WP_005768203.1_1215",447.394037731437,0.558887598028235,0.157918053535293,0.000258881835355208,0.00113105569395043,"WP_005768203.1"
"lcl|NC_008783.1_cds_WP_005768206.1_1216",87.8059378928552,-0.322394778720588,0.31748921896337,0.184053077981909,0.294484924771055,"WP_005768206.1"
