"","baseMean","log2FoldChange","lfcSE","pvalue","padj","wp"
"lcl|NC_008783.1_cds_WP_005765660.1_1",48612.3625389815,-0.192052850147224,0.235687022967467,0.368945015743741,0.526302287518783,"WP_005765660.1"
"lcl|NC_008783.1_cds_WP_005765663.1_2",770.027575552566,0.592928425362722,0.319969576159922,0.0247260487976866,0.0714633744311121,"WP_005765663.1"
"lcl|NC_008783.1_cds_WP_005765665.1_3",1607.3398625991,0.188558450441572,0.158560489288002,0.214759522186245,0.363770063331207,"WP_005765665.1"
"lcl|NC_008783.1_cds_WP_005765667.1_4",182.623814413753,0.958760774371529,0.223516273104552,2.53318036877978e-06,3.49294913127455e-05,"WP_005765667.1"
"lcl|NC_008783.1_cds_WP_005765670.1_5",136.643738575877,0.311806948292896,0.292896096955662,0.212508510828128,0.362028887511516,"WP_005765670.1"
"lcl|NC_008783.1_cds_WP_005765671.1_6",152.796838576968,0.702325805423313,0.285312104064354,0.00424255766453722,0.0183999570505936,"WP_005765671.1"
"lcl|NC_008783.1_cds_WP_005765673.1_7",194.578458938015,-0.108711163681593,0.321857767068124,0.680986349732392,0.796594432145624,"WP_005765673.1"
"lcl|NC_008783.1_cds_WP_011807237.1_8",345.3817602843,0.662108152234805,0.278010045211021,0.00607402597584151,0.0243784635776147,"WP_011807237.1"
"lcl|NC_008783.1_cds_WP_011807238.1_9",5076.10933426869,-0.499857139600058,0.283424955671206,0.0410693282429423,0.106170490479571,"WP_011807238.1"
"lcl|NC_008783.1_cds_WP_005765686.1_10",1362.10489037,0.0417410915169126,0.288806234609243,0.866246669972303,0.909251823800716,"WP_005765686.1"
"lcl|NC_008783.1_cds_WP_005765688.1_11",863.819730660319,0.706525538389067,0.188200312591762,6.40298350992347e-05,0.000567608172645126,"WP_005765688.1"
"lcl|NC_008783.1_cds_WP_005765690.1_12",405.004348045157,-0.0621627591903032,0.249716528318499,0.780969027644321,0.859356253467357,"WP_005765690.1"
"lcl|NC_008783.1_cds_WP_005765692.1_13",1411.80214808402,0.671153551931301,0.143639631279825,1.27608820309974e-06,1.96219276944168e-05,"WP_005765692.1"
"lcl|NC_008783.1_cds_WP_005765693.1_14",947.081233930469,0.203650607121193,0.134196094707672,0.117861233986095,0.235959056151444,"WP_005765693.1"
"lcl|NC_008783.1_cds_WP_005765696.1_15",383.176030658155,-0.858472975796496,0.233251421228151,4.78336449459718e-05,0.000449484409651036,"WP_005765696.1"
"lcl|NC_008783.1_cds_WP_005765698.1_16",1115.10237223667,-0.696806675003786,0.301189806674606,0.00619106353905757,0.0247642541562303,"WP_005765698.1"
"lcl|NC_008783.1_cds_WP_005765700.1_17",1345.32647745362,-0.345934041233885,0.26551759565565,0.139070753794104,0.264726322334757,"WP_005765700.1"
"lcl|NC_008783.1_cds_WP_005765702.1_18",1590.40554063957,0.0452824047998767,0.234646138205239,0.831675881365486,0.889538739218485,"WP_005765702.1"
"lcl|NC_008783.1_cds_WP_005765704.1_19",758.661340948145,0.938540044284112,0.2033249095221,6.30532004078532e-07,1.08195636641881e-05,"WP_005765704.1"
"lcl|NC_008783.1_cds_WP_005765706.1_20",1700.89125954757,-0.148255719559654,0.150702588684933,0.306818353916077,0.462179301573327,"WP_005765706.1"
"lcl|NC_008783.1_cds_WP_005765708.1_21",430.153508046785,0.251296730619361,0.196557969025721,0.171868183055609,0.30925825036146,"WP_005765708.1"
"lcl|NC_008783.1_cds_WP_005765710.1_22",2468.59584327679,-0.329109005146435,0.176800901485725,0.0495963428044281,0.121577784431559,"WP_005765710.1"
"lcl|NC_008783.1_cds_WP_005765712.1_23",4146.40731518368,0.0190023582997591,0.272115815257836,0.936372676759393,0.958224070253346,"WP_005765712.1"
"lcl|NC_008783.1_cds_WP_005765714.1_24",3522.98331979645,0.0288850948687366,0.214171946298996,0.88391465046623,0.917719443362475,"WP_005765714.1"
"lcl|NC_008783.1_cds_WP_005765715.1_25",6980.29733797275,-0.046016318005073,0.232735632418172,0.827895172121037,0.888211320127256,"WP_005765715.1"
"lcl|NC_008783.1_cds_WP_005765716.1_26",4160.01748175386,-0.156638831637814,0.30325555789346,0.539952431473744,0.692940081012987,"WP_005765716.1"
"lcl|NC_008783.1_cds_WP_005765717.1_27",2795.54793069793,0.0301489741952748,0.271262383081406,0.89899041359975,0.928544299731239,"WP_005765717.1"
"lcl|NC_008783.1_cds_WP_005765729.1_28",2177.41775898003,-0.473523365233786,0.237490010249802,0.0275380515180022,0.0781895755331284,"WP_005765729.1"
"lcl|NC_008783.1_cds_WP_005765731.1_29",663.412759157941,-0.527985632113229,0.267619356188971,0.0246880232993568,0.0714633744311121,"WP_005765731.1"
"lcl|NC_008783.1_cds_WP_005765733.1_30",1029.26015696678,-0.117067655735502,0.303374761123807,0.646981745668433,0.773260953559671,"WP_005765733.1"
"lcl|NC_008783.1_cds_WP_005765735.1_31",65.1158072226447,-0.204904805865999,0.375867103977406,0.468066439018864,0.625497363203538,"WP_005765735.1"
"lcl|NC_008783.1_cds_WP_011807240.1_32",352.760806327897,-0.0830586416419658,0.370589178594889,0.767476941905607,0.851633270118312,"WP_011807240.1"
"lcl|NC_008783.1_cds_WP_005765739.1_33",93.0183746372837,-0.0428235380811223,0.349197482602581,0.876221164879809,0.912760066614328,"WP_005765739.1"
"lcl|NC_008783.1_cds_WP_005765740.1_34",30.0333508750162,-0.0406954264943319,0.412282625515242,0.886725574434686,0.919337198012844,"WP_005765740.1"
"lcl|NC_008783.1_cds_WP_005765741.1_35",114.378319432977,-0.985183754303501,0.44354522834602,0.00126881976082735,0.00653166346443294,"WP_005765741.1"
"lcl|NC_008783.1_cds_WP_005765743.1_36",1550.04547439379,0.0529665715021409,0.264430140499744,0.820349191536547,0.886500492818421,"WP_005765743.1"
"lcl|NC_008783.1_cds_WP_005765745.1_37",322.532714056704,0.421748040993123,0.261664552956602,0.0682942570308046,0.153435294733345,"WP_005765745.1"
"lcl|NC_008783.1_cds_WP_005765747.1_38",253.416845859175,0.185210409749136,0.192592799142499,0.305510172954236,0.460794961500402,"WP_005765747.1"
"lcl|NC_008783.1_cds_WP_005765749.1_39",2840.16844083255,0.699219615092279,0.370785925486237,0.0139315637761569,0.0453158557993675,"WP_005765749.1"
"lcl|NC_008783.1_cds_WP_005765751.1_40",1582.95241938391,-0.364233443200218,0.190398767018283,0.0417398227705086,0.107434674261483,"WP_005765751.1"
"lcl|NC_008783.1_cds_WP_005765753.1_41",290.805308278583,-0.0359853475969447,0.225796291906659,0.861718879202286,0.907812035392305,"WP_005765753.1"
"lcl|NC_008783.1_cds_WP_005765755.1_42",879.979387901756,-0.0310274310747183,0.190864381862892,0.862660800616798,0.907863644456795,"WP_005765755.1"
"lcl|NC_008783.1_cds_WP_005765757.1_43",1706.28356109232,0.186803099234114,0.200472591380716,0.318056010145371,0.473668903283736,"WP_005765757.1"
"lcl|NC_008783.1_cds_WP_035453345.1_44",1326.16441393711,-0.351242517076604,0.283211965096331,0.151044383875326,0.281632363005333,"WP_035453345.1"
"lcl|NC_008783.1_cds_WP_005765763.1_45",357.688656259129,0.0602794009285674,0.340796572103729,0.824637464343664,0.888211320127256,"WP_005765763.1"
"lcl|NC_008783.1_cds_WP_005765764.1_46",283.026535523445,0.428838487456154,0.356057128236459,0.123032241682609,0.241977033475431,"WP_005765764.1"
"lcl|NC_008783.1_cds_WP_005765766.1_47",323.004967265374,0.228497478786694,0.326984310435928,0.391640085218268,0.54811094668845,"WP_005765766.1"
"lcl|NC_008783.1_cds_WP_005765768.1_48",351.773799387864,0.526397246465392,0.278750716086756,0.0295505367835058,0.0825856741369692,"WP_005765768.1"
"lcl|NC_008783.1_cds_WP_005765769.1_49",83.2604610161654,-0.291433242236688,0.266947076522849,0.214499999088625,0.363770063331207,"WP_005765769.1"
"lcl|NC_008783.1_cds_WP_005765771.1_50",291.640426168146,-1.33293503208095,0.294903159197228,1.03466956884641e-07,2.50009952962072e-06,"WP_005765771.1"
"lcl|NC_008783.1_cds_WP_005765773.1_51",581.18656420075,-0.0516447438363089,0.184134031196246,0.766377159447323,0.851633270118312,"WP_005765773.1"
"lcl|NC_008783.1_cds_WP_005765774.1_52",53.4102645432584,0.717050967142712,0.304557155041093,0.00515252306890992,0.0214809412450329,"WP_005765774.1"
"lcl|NC_008783.1_cds_WP_005765777.1_53",655.431715539202,-0.396085021415584,0.276239362170453,0.0995367716197262,0.203289101636589,"WP_005765777.1"
"lcl|NC_008783.1_cds_WP_005765779.1_54",893.83687925201,0.203007358284716,0.163957632332046,0.195100916355723,0.339705124948789,"WP_005765779.1"
"lcl|NC_008783.1_cds_WP_005765781.1_55",143.555241790719,0.278462323221232,0.296781183830879,0.26955866055429,0.426111420689291,"WP_005765781.1"
"lcl|NC_008783.1_cds_WP_005765783.1_56",389.687283717201,0.0372820049702547,0.193920056315033,0.837558201500225,0.894466989527412,"WP_005765783.1"
"lcl|NC_008783.1_cds_WP_414945798.1_57",28.9455884123338,0.24549312222781,0.375119416835644,0.384669318975966,0.540985426161548,"WP_414945798.1"
"lcl|NC_008783.1_cds_WP_005765787.1_58",76.257288225651,-0.337158850229052,0.333089705703434,0.21078529688317,0.360129569278029,"WP_005765787.1"
"lcl|NC_008783.1_cds_WP_005765789.1_59",224.716611008019,0.0258431890672226,0.301068111226464,0.919097056772321,0.947918915695495,"WP_005765789.1"
"lcl|NC_008783.1_cds_WP_005765791.1_60",1353.59748549611,-0.0436988472420055,0.163113258243965,0.779347677024774,0.858797609008862,"WP_005765791.1"
"lcl|NC_008783.1_cds_WP_005765792.1_61",568.218017963964,-0.0614940175315289,0.2026468289124,0.744697625964922,0.838138772949114,"WP_005765792.1"
"lcl|NC_008783.1_cds_WP_005765794.1_62",402.562084211998,0.511363077090137,0.150501605061193,0.000412519702086881,0.0025706490908993,"WP_005765794.1"
"lcl|NC_008783.1_cds_WP_005765796.1_63",28647.0565786377,-0.0839934936962139,0.196015534819662,0.647214193393272,0.773260953559671,"WP_005765796.1"
"lcl|NC_008783.1_cds_WP_005765797.1_64",275.48949292128,0.43630686264959,0.185281892459261,0.0124770849601051,0.041380584293458,"WP_005765797.1"
"lcl|NC_008783.1_cds_WP_005765799.1_65",936.929095148004,-0.231501307211281,0.337113587359183,0.392686546432055,0.548279328980605,"WP_005765799.1"
"lcl|NC_008783.1_cds_WP_005765801.1_66",458.67260593593,-0.999905045518943,0.37820430070898,0.000546555007879567,0.00325186497150456,"WP_005765801.1"
"lcl|NC_008783.1_cds_WP_005765802.1_67",86.4402348111366,0.0511325293874452,0.331522775765388,0.848956979123948,0.902302570271772,"WP_005765802.1"
"lcl|NC_008783.1_cds_WP_011807246.1_68",2870.28831614729,1.00508998315365,0.321546495465159,0.000149620349361514,0.00108515232561286,"WP_011807246.1"
"lcl|NC_008783.1_cds_WP_005765806.1_69",578.095233361143,0.859404278996171,0.195844824571086,2.5371083217028e-06,3.49294913127455e-05,"WP_005765806.1"
"lcl|NC_008783.1_cds_WP_005765808.1_70",933.89215613447,0.285098078590173,0.250253179180949,0.20283801945671,0.352141077766487,"WP_005765808.1"
"lcl|NC_008783.1_cds_WP_005765810.1_71",1109.39733991801,-0.00315977998552166,0.224053534959109,0.98772014998773,0.993538334413408,"WP_005765810.1"
"lcl|NC_008783.1_cds_WP_005765812.1_72",221.844732872939,-0.183776569354339,0.312727219234129,0.480122364978174,0.634944206303086,"WP_005765812.1"
"lcl|NC_008783.1_cds_WP_005765814.1_73",619.209403605466,-0.297367696521435,0.220580739517683,0.14222657302855,0.269434019945286,"WP_005765814.1"
"lcl|NC_008783.1_cds_WP_005765816.1_74",338.741176724164,-0.346547038834949,0.286506457773488,0.159801565545115,0.292434395062467,"WP_005765816.1"
"lcl|NC_008783.1_cds_WP_005765818.1_75",333.386521873226,-0.475942483492572,0.29467515642327,0.0580111795847643,0.136355008893311,"WP_005765818.1"
"lcl|NC_008783.1_cds_WP_005765820.1_76",1019.53864365649,0.77668896235466,0.280086515090014,0.00135415699179044,0.00694078735186094,"WP_005765820.1"
"lcl|NC_008783.1_cds_WP_005765822.1_77",2335.2673109881,0.451540826732883,0.298792036615581,0.0746554022765694,0.164603345056719,"WP_005765822.1"
"lcl|NC_008783.1_cds_WP_005765824.1_78",1205.49403622413,0.464544876683704,0.227408808366541,0.0252286812838559,0.0726782448663878,"WP_005765824.1"
"lcl|NC_008783.1_cds_WP_005765825.1_79",72.1077106566198,-0.230718359260022,0.289787057260613,0.352947525793188,0.510487673934524,"WP_005765825.1"
"lcl|NC_008783.1_cds_WP_005765827.1_80",911.302333616456,0.356590814049867,0.192286796786299,0.0481168366795844,0.118688197142975,"WP_005765827.1"
"lcl|NC_008783.1_cds_WP_005765829.1_81",7755.68665352973,-0.407122928979227,0.244914945975349,0.0643991128590779,0.147322416204116,"WP_005765829.1"
"lcl|NC_008783.1_cds_WP_011807247.1_82",107.889156106634,0.0895762196526326,0.272030645751911,0.70661942959507,0.81148147879783,"WP_011807247.1"
"lcl|NC_008783.1_cds_WP_005765833.1_83",64.2185819322269,-0.0306619509107163,0.280133332269549,0.899527290364638,0.928544299731239,"WP_005765833.1"
"lcl|NC_008783.1_cds_WP_011807248.1_84",567.03803677706,-0.430019269682323,0.360835961138354,0.124025083088546,0.243122017180196,"WP_011807248.1"
"lcl|NC_008783.1_cds_WP_005765837.1_85",569.638784664614,-0.311657393307001,0.30974004997128,0.228652826847673,0.381623649014898,"WP_005765837.1"
"lcl|NC_008783.1_cds_WP_005765839.1_86",215.295067031856,-0.152948178481289,0.281616081100697,0.530288092347088,0.684690404949784,"WP_005765839.1"
"lcl|NC_008783.1_cds_WP_005765841.1_87",2013.40045751324,-0.38443254614579,0.277384562533969,0.110926454098542,0.222982889053776,"WP_005765841.1"
"lcl|NC_008783.1_cds_WP_005765843.1_88",930.146117572838,-0.209038615510005,0.298868040053125,0.409240775818428,0.566052661879695,"WP_005765843.1"
"lcl|NC_008783.1_cds_WP_044051782.1_89",888.577979558824,-1.06151191319204,0.21414357806591,6.53247715604821e-08,1.7187673228358e-06,"WP_044051782.1"
"lcl|NC_008783.1_cds_WP_005765846.1_90",2097.73411169482,0.462885964577022,0.274788416827389,0.0533263120999246,0.128591351377415,"WP_005765846.1"
"lcl|NC_008783.1_cds_WP_005765847.1_91",450.135730389928,0.10556399145523,0.240432605358528,0.626864253421889,0.758878197186164,"WP_005765847.1"
"lcl|NC_008783.1_cds_WP_005765848.1_92",173.446727001215,-0.447805672143438,0.309340114369902,0.083529797194788,0.181165423870155,"WP_005765848.1"
"lcl|NC_008783.1_cds_WP_005765849.1_93",2574.99841635217,0.266230857704568,0.222058604606917,0.191336551050706,0.334133446082649,"WP_005765849.1"
"lcl|NC_008783.1_cds_WP_005765850.1_94",1085.58676964898,-0.0386434466976272,0.220067546439522,0.848519458803007,0.902302570271772,"WP_005765850.1"
"lcl|NC_008783.1_cds_WP_005765851.1_95",64.3767112861438,-1.18614972203856,0.240539297181931,3.69866242949385e-08,1.06810154061481e-06,"WP_005765851.1"
"lcl|NC_008783.1_cds_WP_005765852.1_96",477.642089616242,-0.298878590414103,0.188822906077734,0.092454963591958,0.192776965957777,"WP_005765852.1"
"lcl|NC_008783.1_cds_WP_005765853.1_97",542.755664316108,0.253668253428684,0.272302049002479,0.286752555478505,0.44381049109353,"WP_005765853.1"
"lcl|NC_008783.1_cds_WP_005765854.1_98",3383.33354078659,-0.268077581251313,0.183878005413461,0.122453599427471,0.241239703364602,"WP_005765854.1"
"lcl|NC_008783.1_cds_WP_005765855.1_99",146.206001528219,-0.0662130806835198,0.26172647773841,0.774867373415234,0.85502606721681,"WP_005765855.1"
"lcl|NC_008783.1_cds_WP_005765856.1_100",1969.90727145846,0.0672239393404983,0.187467201589602,0.703415883065644,0.808967343738382,"WP_005765856.1"
"lcl|NC_008783.1_cds_WP_005765857.1_101",138.986515489259,0.329053684189625,0.294670232446593,0.190004778520368,0.332789434568219,"WP_005765857.1"
"lcl|NC_008783.1_cds_WP_005765858.1_102",1093.06418210564,0.137349329117423,0.255898282028707,0.546357904695935,0.697829297907214,"WP_005765858.1"
"lcl|NC_008783.1_cds_WP_011807252.1_103",259.631509350917,0.76517750639971,0.260300182607282,0.000877151876695,0.00476398083489395,"WP_011807252.1"
"lcl|NC_008783.1_cds_WP_005765864.1_104",57.6055118468469,-0.245536972153699,0.316607594806646,0.348916389223097,0.509392114476137,"WP_005765864.1"
"lcl|NC_008783.1_cds_WP_005765868.1_105",927.705425825787,0.143978927263598,0.292816619688022,0.564750953275789,0.712862610531486,"WP_005765868.1"
"lcl|NC_008783.1_cds_WP_005765870.1_106",3967.8585184642,-0.390323929057876,0.303888861058035,0.127293817855464,0.248296343230427,"WP_005765870.1"
"lcl|NC_008783.1_cds_WP_005765871.1_107",952.970159739839,-0.118524980562579,0.278639764501015,0.62424698431528,0.757471084237241,"WP_005765871.1"
"lcl|NC_008783.1_cds_WP_005765873.1_108",3532.12737220807,-0.333019900299634,0.328721674781409,0.213333403314203,0.362391319259707,"WP_005765873.1"
"lcl|NC_008783.1_cds_WP_005765875.1_109",262.775750614079,-0.237885028937888,0.273370509989441,0.319133072487465,0.474094802791919,"WP_005765875.1"
"lcl|NC_008783.1_cds_WP_011807254.1_110",213.140093877957,0.391669944141711,0.333002646178517,0.14611800756778,0.275045661304056,"WP_011807254.1"
"lcl|NC_008783.1_cds_WP_005765879.1_111",537.447968547313,-0.186139203591609,0.279915428278123,0.443141567075518,0.59894933266828,"WP_005765879.1"
"lcl|NC_008783.1_cds_WP_005765881.1_112",701.041710526548,0.656695660312193,0.168873961004465,4.3560000395152e-05,0.00041260032374288,"WP_005765881.1"
"lcl|NC_008783.1_cds_WP_005765883.1_113",347.11573321911,-0.165485221647192,0.197976605395697,0.371307476616257,0.529034960666243,"WP_005765883.1"
"lcl|NC_008783.1_cds_WP_005765885.1_114",127.093952649789,0.801833200985662,0.274302801270576,0.000786384567673725,0.00443371108631281,"WP_005765885.1"
"lcl|NC_008783.1_cds_WP_005765887.1_115",647.565453041288,0.148857636187568,0.278040174459974,0.537821698405319,0.692906301318713,"WP_005765887.1"
"lcl|NC_008783.1_cds_WP_005765889.1_116",4939.82858685093,-0.282626872181741,0.222442902115245,0.165990122627658,0.300049320902516,"WP_005765889.1"
"lcl|NC_008783.1_cds_WP_005765891.1_117",223.939708887748,0.3297126528147,0.187020895182015,0.0612162523093547,0.142117730851521,"WP_005765891.1"
"lcl|NC_008783.1_cds_WP_005765893.1_118",3993.81482440363,-0.605305825114326,0.171024239887007,0.000195984656846298,0.00134130539714461,"WP_005765893.1"
"lcl|NC_008783.1_cds_WP_011807258.1_119",445.775608722998,1.47944134323676,0.418001766728756,1.56271545121696e-06,2.37212191569343e-05,"WP_011807258.1"
"lcl|NC_008783.1_cds_WP_462677150.1_120",413.233877307809,-0.219212809815164,0.304660185114833,0.392402474796242,0.548279328980605,"WP_462677150.1"
"lcl|NC_008783.1_cds_WP_005765897.1_121",110.960786186146,0.252964971540169,0.281688101777162,0.299362841020794,0.455000775055995,"WP_005765897.1"
"lcl|NC_008783.1_cds_WP_005765899.1_122",3419.9047922572,0.412087929591351,0.206587974145157,0.0316804879057043,0.0866274773218334,"WP_005765899.1"
"lcl|NC_008783.1_cds_WP_035453254.1_123",966.782960675703,0.739650401541521,0.237778381723955,0.000569381413656125,0.00330464506749437,"WP_035453254.1"
"lcl|NC_008783.1_cds_WP_005765903.1_124",183.256538984832,-0.0262773182892372,0.351030114600042,0.924016960192797,0.950509192761313,"WP_005765903.1"
"lcl|NC_008783.1_cds_WP_005765907.1_125",106.098490363794,0.442999194573859,0.277935979770681,0.0665671045474537,0.15108037652981,"WP_005765907.1"
"lcl|NC_008783.1_cds_WP_005765909.1_126",413.485267498536,-0.00800034556247818,0.30699289618761,0.975208273749134,0.98435344937679,"WP_005765909.1"
"lcl|NC_008783.1_cds_WP_005765911.1_127",569.181291970239,0.186915954546632,0.23415152756219,0.379432718509505,0.536528735250057,"WP_005765911.1"
"lcl|NC_008783.1_cds_WP_011807262.1_128",2467.45082948672,0.489309568336088,0.205971845447056,0.0105167221339536,0.0363327515043387,"WP_011807262.1"
"lcl|NC_008783.1_cds_WP_005765915.1_129",1346.67510658251,-0.123869157659094,0.237545360154374,0.564707104331316,0.712862610531486,"WP_005765915.1"
"lcl|NC_008783.1_cds_WP_005765917.1_130",492.848217905526,-0.108566611429187,0.270343425554941,0.646807534082572,0.773260953559671,"WP_005765917.1"
"lcl|NC_008783.1_cds_WP_005765918.1_131",570.28316496665,-0.336383169463143,0.293924628405765,0.179618944727074,0.320767466903251,"WP_005765918.1"
"lcl|NC_008783.1_cds_WP_005765923.1_132",2520.18600200358,-0.356450426531427,0.127787448725225,0.00414662012533019,0.0181165986287489,"WP_005765923.1"
"lcl|NC_008783.1_cds_WP_005765925.1_133",780.829982663921,0.301672538408371,0.221962053947739,0.13854432137441,0.264576029058727,"WP_005765925.1"
"lcl|NC_008783.1_cds_WP_005765927.1_134",318.313509721532,0.260981690518898,0.240762773950965,0.22981221431387,0.381623649014898,"WP_005765927.1"
"lcl|NC_008783.1_cds_WP_005765929.1_135",1494.54821703029,0.232979541033767,0.198527244842859,0.209188188821575,0.359475784564217,"WP_005765929.1"
"lcl|NC_008783.1_cds_WP_005765932.1_136",111.726767187684,-0.0768468850796775,0.232033147966289,0.715904158744874,0.816599734059664,"WP_005765932.1"
"lcl|NC_008783.1_cds_WP_005765934.1_137",658.766350802028,0.683309342250447,0.309870184859596,0.00835993710758998,0.0309719002825011,"WP_005765934.1"
"lcl|NC_008783.1_cds_WP_005765936.1_138",204.924124890828,0.843100901338608,0.248433917576936,0.000144468738039733,0.00106242848347232,"WP_005765936.1"
"lcl|NC_008783.1_cds_WP_005765938.1_139",787.19230477701,1.13118193383323,0.343021809385736,4.06606034017999e-05,0.000391399629493749,"WP_005765938.1"
"lcl|NC_008783.1_cds_WP_005765942.1_140",461.971687710363,0.411820145292878,0.205026499023546,0.0307087979201456,0.0848050097162685,"WP_005765942.1"
"lcl|NC_008783.1_cds_WP_005765945.1_141",463.419689561919,1.65240262202695,0.258726711872974,4.2887095544936e-13,3.90602470193879e-11,"WP_005765945.1"
"lcl|NC_008783.1_cds_WP_005765953.1_142",1314.19820535452,0.654129378244783,0.531713451872634,0.0200993619491668,0.0605538029206449,"WP_005765953.1"
"lcl|NC_008783.1_cds_WP_005765954.1_143",567.100318710367,0.549352746634741,0.502978144561521,0.0507743977750637,0.123697298283283,"WP_005765954.1"
"lcl|NC_008783.1_cds_WP_005765956.1_144",335.04796868509,-0.577981039560112,0.168265812213647,0.000308919298369286,0.00200967279818261,"WP_005765956.1"
"lcl|NC_008783.1_cds_WP_005765958.1_145",150.106869925673,0.59449782270657,0.293012063645322,0.0174577178756649,0.0541097852481343,"WP_005765958.1"
"lcl|NC_008783.1_cds_WP_005765960.1_146",412.195394210556,-0.181380355710714,0.218519808241192,0.367136513265514,0.524354199887055,"WP_005765960.1"
"lcl|NC_008783.1_cds_WP_005765962.1_147",641.83358318596,0.5319419093355,0.214546209544309,0.00717616508924114,0.0276761546112753,"WP_005765962.1"
"lcl|NC_008783.1_cds_WP_005765964.1_148",780.73168510448,-0.227446414740658,0.29591466884271,0.366261209251289,0.523735835451118,"WP_005765964.1"
"lcl|NC_008783.1_cds_WP_005765971.1_149",1296.73762002152,-0.288442393819737,0.218797981427952,0.151864184779134,0.281906503449341,"WP_005765971.1"
"lcl|NC_008783.1_cds_WP_005765972.1_150",596.590507497932,-0.840715271870669,0.286484175968046,0.000634861927760216,0.00363128754815505,"WP_005765972.1"
"lcl|NC_008783.1_cds_WP_080512684.1_151",492.932234728672,1.00397779114245,0.191682971977215,2.03424169359565e-08,7.08394754475663e-07,"WP_080512684.1"
"lcl|NC_008783.1_cds_WP_005765977.1_152",11270.2657800656,0.353627333103113,0.234095318524645,0.0961502023897033,0.198330731061688,"WP_005765977.1"
"lcl|NC_008783.1_cds_WP_005765980.1_153",562.97296759186,-0.334733668458035,0.168578335178749,0.0371677110114461,0.0980101778119202,"WP_005765980.1"
"lcl|NC_008783.1_cds_WP_005765983.1_154",2326.74756001645,0.286900356309843,0.18238326083054,0.095914239859856,0.198189284457364,"WP_005765983.1"
"lcl|NC_008783.1_cds_WP_005765984.1_155",329.446413162417,1.04832282549745,0.212797376988611,8.16156147661647e-08,2.05601889113062e-06,"WP_005765984.1"
"lcl|NC_008783.1_cds_WP_005765991.1_156",607.850140133673,-0.878155303901454,0.246396559413171,6.74366807846121e-05,0.000587095809183682,"WP_005765991.1"
"lcl|NC_008783.1_cds_WP_005766000.1_157",8640.94806743137,-0.102415256987348,0.318776220456218,0.69702397840663,0.805491855827114,"WP_005766000.1"
"lcl|NC_008783.1_cds_WP_005766002.1_158",63.237738757492,-0.100348969773877,0.381847708810407,0.723074929030885,0.823192996127469,"WP_005766002.1"
"lcl|NC_008783.1_cds_WP_005766004.1_159",172.552289608028,-0.882219097303332,0.221335629928209,1.29906530657582e-05,0.000143747039531381,"WP_005766004.1"
"lcl|NC_008783.1_cds_BARBAKC583_RS06735_160",1.05499494879594,-0.194385393425422,0.567965249630463,0.298641901056234,0.455000775055995,"BARBAKC583_RS06735"
"lcl|NC_008783.1_cds_WP_005766008.1_161",72.3391583393759,-1.06650114590587,0.278835912444203,9.67869939173005e-06,0.000112131178814491,"WP_005766008.1"
"lcl|NC_008783.1_cds_WP_005766010.1_162",406.856983544592,-0.498218712566453,0.301858194433383,0.050668814344785,0.123694590070568,"WP_005766010.1"
"lcl|NC_008783.1_cds_WP_005766021.1_163",161.576370968853,-0.490086133814438,0.308914408720001,0.0580430105424229,0.136355008893311,"WP_005766021.1"
"lcl|NC_008783.1_cds_WP_005766023.1_164",1.66824840444602,-0.0349350741361033,0.533728085022777,0.8758832493999,0.912760066614328,"WP_005766023.1"
"lcl|NC_008783.1_cds_WP_005766025.1_165",68.147559375977,-0.479313499630871,0.291217617044434,0.054387925498553,0.130619277465085,"WP_005766025.1"
"lcl|NC_008783.1_cds_WP_005766027.1_166",236.637870138888,-0.623829946185797,0.309641821222795,0.0160061106326663,0.0504022207156302,"WP_005766027.1"
"lcl|NC_008783.1_cds_WP_005766029.1_167",1.51602124923799,-0.0856024807299704,0.545731456017854,0.68264074957944,0.797087423572048,"WP_005766029.1"
"lcl|NC_008783.1_cds_WP_005766030.1_168",0.518848834200158,-0.0406245609601661,0.585557019098222,0.753022724177434,0.844162433741558,"WP_005766030.1"
"lcl|NC_008783.1_cds_WP_005766031.1_169",61.1281864431462,0.131310740975878,0.341499333102106,0.629702253382994,0.760007612645734,"WP_005766031.1"
"lcl|NC_008783.1_cds_WP_005766033.1_170",63.333487917864,0.091065071176937,0.429038817258522,0.749263089318915,0.841676942840223,"WP_005766033.1"
"lcl|NC_008783.1_cds_WP_005766034.1_171",470.976116776968,-0.100952125756771,0.212628507014806,0.607678068453181,0.74635978532009,"WP_005766034.1"
"lcl|NC_008783.1_cds_WP_005766036.1_172",238.626897011134,0.219651657771526,0.268707566551018,0.35180664513269,0.510487673934524,"WP_005766036.1"
"lcl|NC_008783.1_cds_WP_005766037.1_173",372.663167107582,0.599185433684023,0.295311879531974,0.0171480007088127,0.0532893250373603,"WP_005766037.1"
"lcl|NC_008783.1_cds_WP_005766038.1_174",202.538359062661,-0.44080828344408,0.277097827922649,0.0673518117581929,0.152184246415459,"WP_005766038.1"
"lcl|NC_008783.1_cds_WP_005766039.1_175",46.8927471096321,-0.0403095800196008,0.409654867481229,0.88778774094027,0.919633145470936,"WP_005766039.1"
"lcl|NC_008783.1_cds_WP_005766040.1_176",691.700728761388,0.933377407319152,0.208782721738844,1.26846065632923e-06,1.96219276944168e-05,"WP_005766040.1"
"lcl|NC_008783.1_cds_WP_005766045.1_177",1128.29379723855,0.80298789985293,0.316436660933106,0.00221606003406854,0.0106659149607201,"WP_005766045.1"
"lcl|NC_008783.1_cds_WP_005766051.1_178",144.281094798144,-0.182854167563547,0.304441641624254,0.475379893469691,0.630997526757976,"WP_005766051.1"
"lcl|NC_008783.1_cds_WP_005766053.1_179",256.630990236959,0.0209023333187567,0.236089691222147,0.92221819322069,0.949483774585476,"WP_005766053.1"
"lcl|NC_008783.1_cds_WP_005766055.1_180",44.5805888992118,1.06179474334884,0.334108291015206,9.08908615575472e-05,0.000742170897131972,"WP_005766055.1"
"lcl|NC_008783.1_cds_WP_005766061.1_181",4965.11446393129,0.493005064030433,0.283579240854452,0.0440041038610907,0.111326621734041,"WP_005766061.1"
"lcl|NC_008783.1_cds_WP_005766062.1_182",2.24472775669326,-0.115330398042275,0.531301836218737,0.614600277098619,0.751742487690873,"WP_005766062.1"
"lcl|NC_008783.1_cds_BARBAKC583_RS07205_183",0.551091382352394,-0.00203127038058476,0.577187362293619,0.989096977727845,0.993538334413408,"BARBAKC583_RS07205"
"lcl|NC_008783.1_cds_WP_005766064.1_184",57.0194054123828,-0.0129050066580657,0.377145101531394,0.963528882700397,0.974225616667182,"WP_005766064.1"
"lcl|NC_008783.1_cds_BARBAKC583_RS06765_185",12.1541685460431,0.0848371140615616,0.415973718181588,0.766553917500232,0.851633270118312,"BARBAKC583_RS06765"
"lcl|NC_008783.1_cds_WP_011807288.1_186",61.6834780730709,-0.413732944879977,0.275278550174747,0.0845767208817746,0.182402254142115,"WP_011807288.1"
"lcl|NC_008783.1_cds_BARBAKC583_RS07210_187",0,0,0.6099734503307,NA,NA,"BARBAKC583_RS07210"
"lcl|NC_008783.1_cds_WP_172952858.1_188",1576.2692776373,0.877995928479114,0.336408798820051,0.00124767538747964,0.00647915639813988,"WP_172952858.1"
"lcl|NC_008783.1_cds_WP_011807291.1_189",5675.01350807708,-0.255077732830454,0.226252333734835,0.217578067557495,0.367492770311089,"WP_011807291.1"
"lcl|NC_008783.1_cds_WP_035453325.1_190",677.611880362497,-0.307016271036143,0.364005940324331,0.272742207305215,0.42987979145233,"WP_035453325.1"
"lcl|NC_008783.1_cds_WP_011807293.1_191",1938.9297818135,-0.316833247863008,0.344960140087678,0.247411309011502,0.401280808040573,"WP_011807293.1"
"lcl|NC_008783.1_cds_WP_005766082.1_192",379.107054632055,-0.422128152220483,0.29713407307167,0.0944563811188303,0.196548954735844,"WP_005766082.1"
"lcl|NC_008783.1_cds_WP_005766084.1_193",2727.51218788251,-0.890600019200777,0.335860614262018,0.0010500817187096,0.00555043194175076,"WP_005766084.1"
"lcl|NC_008783.1_cds_BARBAKC583_RS07005_194",62.2624726440061,-0.523916365448395,0.387448274043989,0.0680028529173615,0.153071060559232,"BARBAKC583_RS07005"
"lcl|NC_008783.1_cds_WP_005766089.1_195",464.771255806472,-0.322544204370012,0.321218762688661,0.222341905597793,0.37443138129531,"WP_005766089.1"
"lcl|NC_008783.1_cds_WP_005766090.1_196",157.375894034706,-0.214075113494342,0.394414340565841,0.453275436109864,0.610555308707712,"WP_005766090.1"
"lcl|NC_008783.1_cds_WP_005766092.1_197",912.533158196988,-1.08681206215626,0.249695569261673,9.87954379694418e-07,1.64751828951858e-05,"WP_005766092.1"
"lcl|NC_008783.1_cds_WP_005766093.1_198",0.422924347880222,0.0167175233374831,0.592452192500335,0.876166911935798,0.912760066614328,"WP_005766093.1"
"lcl|NC_008783.1_cds_WP_005766094.1_199",0.328964786056538,-0.0705119254062462,0.60362675925739,0.362943875628444,0.521511588281647,"WP_005766094.1"
"lcl|NC_008783.1_cds_WP_005766095.1_200",553.051375678877,-0.944673264972327,0.207114254415435,7.92947584304851e-07,1.34121419973849e-05,"WP_005766095.1"
"lcl|NC_008783.1_cds_WP_005766096.1_201",55.4003575784653,-0.596532804366408,0.281529131288364,0.0142914825195967,0.0462325554732308,"WP_005766096.1"
"lcl|NC_008783.1_cds_WP_005766097.1_202",638.122305914444,0.0908575676894197,0.370759523862994,0.746406211202808,0.839263963973527,"WP_005766097.1"
"lcl|NC_008783.1_cds_WP_005766098.1_203",42.5089725335987,0.155763804318305,0.405026067480752,0.585968528312499,0.730301828970525,"WP_005766098.1"
"lcl|NC_008783.1_cds_WP_005766099.1_204",4.91639911049341,-0.0814888986126654,0.492480838316209,0.755916622612866,0.845940719445778,"WP_005766099.1"
"lcl|NC_008783.1_cds_WP_005766101.1_205",170.40390548354,0.19145287283438,0.243909626548089,0.383204825032666,0.540136324807948,"WP_005766101.1"
"lcl|NC_008783.1_cds_WP_005766108.1_206",3526.17364757566,-0.229710579214813,0.246473477627504,0.299294831213654,0.455000775055995,"WP_005766108.1"
"lcl|NC_008783.1_cds_WP_005766110.1_207",362.963642169589,-0.1927641727539,0.260983300836391,0.404022143730564,0.560143112619423,"WP_005766110.1"
"lcl|NC_008783.1_cds_WP_035453319.1_208",290.158102703187,-2.28820813220675,0.294029590220865,3.58097675359907e-20,6.056966394659e-18,"WP_035453319.1"
"lcl|NC_008783.1_cds_WP_005766115.1_209",47.6395230296947,-0.75594193368223,0.413307801099645,0.0104800637330763,0.0363327515043387,"WP_005766115.1"
"lcl|NC_008783.1_cds_WP_005766118.1_210",31.1385097318515,0.123756215300789,0.331892466802981,0.645065935969714,0.773260953559671,"WP_005766118.1"
"lcl|NC_008783.1_cds_WP_005766130.1_211",351.56880316787,-0.232765641590288,0.252661729138954,0.301995366349229,0.457826522096654,"WP_005766130.1"
"lcl|NC_008783.1_cds_WP_005766132.1_212",2736.08399560271,0.671127322211475,0.295039376667181,0.00754519977937504,0.0285415863858788,"WP_005766132.1"
"lcl|NC_008783.1_cds_BARBAKC583_RS01255_213",0,0,0.6099734503307,NA,NA,"BARBAKC583_RS01255"
"lcl|NC_008783.1_cds_WP_005766136.1_214",3.26148184107496,-0.073327490132385,0.564656885029567,0.680380519729851,0.796594432145624,"WP_005766136.1"
"lcl|NC_008783.1_cds_WP_005766138.1_215",65.4113791230496,-0.894978306366049,0.259769785801952,9.51443149576838e-05,0.00076115451966147,"WP_005766138.1"
"lcl|NC_008783.1_cds_WP_005766141.1_216",20.0997855188895,-0.289289195555311,0.367303516821153,0.3027837347445,0.458434708359959,"WP_005766141.1"
"lcl|NC_008783.1_cds_WP_005766146.1_217",178.047777761507,-0.275310379811374,0.222719478054715,0.177672762796892,0.31777122530441,"WP_005766146.1"
"lcl|NC_008783.1_cds_WP_225866728.1_218",2.66354363928202,-0.54480715906289,0.539213273139143,0.0405448165709017,0.105505632571313,"WP_225866728.1"
"lcl|NC_008783.1_cds_WP_005766149.1_219",120.01662326151,0.0481167371168406,0.233469448933842,0.820611942676511,0.886500492818421,"WP_005766149.1"
"lcl|NC_008783.1_cds_WP_005766151.1_220",213.879648640342,0.254414409826457,0.345560538255537,0.353116051480046,0.510487673934524,"WP_005766151.1"
"lcl|NC_008783.1_cds_WP_005766153.1_221",327.065699816036,0.543498852379595,0.26927295084395,0.021322901160822,0.0637533206424576,"WP_005766153.1"
"lcl|NC_008783.1_cds_WP_005766155.1_222",792.373935785344,-0.749942388644507,0.306070615515041,0.00353764081257932,0.0157464914364433,"WP_005766155.1"
"lcl|NC_008783.1_cds_WP_005766157.1_223",3025.43362033156,-0.297366443796101,0.373012403939005,0.291952630970368,0.44776154801673,"WP_005766157.1"
"lcl|NC_008783.1_cds_WP_005766159.1_224",796.76682433723,0.647700169928087,0.302630830328044,0.0111908095788193,0.0381842032891126,"WP_005766159.1"
"lcl|NC_008783.1_cds_WP_225866729.1_225",93.258220182162,1.1492880546993,0.314567691193532,1.10880424689168e-05,0.000125030878887595,"WP_225866729.1"
"lcl|NC_008783.1_cds_WP_011807302.1_226",7.06090801737777,-0.352456874706013,0.485757674235857,0.200468852892545,0.348539092253706,"WP_011807302.1"
"lcl|NC_008783.1_cds_WP_005766168.1_227",149.922791908016,0.0500594108481266,0.29229209600059,0.8411432804703,0.896411920861238,"WP_005766168.1"
"lcl|NC_008783.1_cds_WP_005766170.1_228",214.309786002601,0.498958785317681,0.255227704833362,0.0279788248360253,0.0792510253728563,"WP_005766170.1"
"lcl|NC_008783.1_cds_WP_146075923.1_229",23.2359868791924,-0.114519196212688,0.339570057331564,0.673310874296675,0.790873090443714,"WP_146075923.1"
"lcl|NC_008783.1_cds_WP_005766179.1_230",784.748779405968,-1.07935807923641,0.234421123130724,3.28878149441921e-07,6.48986214898725e-06,"WP_005766179.1"
"lcl|NC_008783.1_cds_WP_005766181.1_231",636.660530309056,0.181615086539586,0.172777035343716,0.268871307946623,0.426042090751677,"WP_005766181.1"
"lcl|NC_008783.1_cds_WP_005766182.1_232",33600.6974739134,1.01214608407333,0.417630377874886,0.000773288566669793,0.0043807352293638,"WP_005766182.1"
"lcl|NC_008783.1_cds_WP_005766184.1_233",745.406930948323,0.217859951766994,0.310632963984591,0.40075916711913,0.556923537404989,"WP_005766184.1"
"lcl|NC_008783.1_cds_WP_005766186.1_234",1185.76372106934,-0.0157371908610342,0.228866816976759,0.939935415545743,0.958817224750295,"WP_005766186.1"
"lcl|NC_008783.1_cds_WP_005766188.1_235",1794.63673915407,-0.51233259063044,0.133527746136416,7.65138670565316e-05,0.000656466801412561,"WP_005766188.1"
"lcl|NC_008783.1_cds_WP_005766189.1_236",419.400426758081,-0.873801972284654,0.253183409293421,0.000102898027894772,0.000812208433516065,"WP_005766189.1"
"lcl|NC_008783.1_cds_WP_005766192.1_237",711.700159446852,1.29858408446464,0.201423835309279,3.02836999390873e-12,2.39039338185863e-10,"WP_005766192.1"
"lcl|NC_008783.1_cds_WP_005766194.1_238",2756.21534239403,0.921231318758212,0.182213833642788,7.72973923546216e-08,1.98956766408417e-06,"WP_005766194.1"
"lcl|NC_008783.1_cds_WP_005766195.1_239",1471.49946460342,0.707438722457794,0.220909726692936,0.000473705262311466,0.00286440031901331,"WP_005766195.1"
"lcl|NC_008783.1_cds_WP_005766197.1_240",402.56726852291,-0.961052812699205,0.196460230301434,1.48856718411018e-07,3.36527378362828e-06,"WP_005766197.1"
"lcl|NC_008783.1_cds_WP_005766199.1_241",407.547289838101,0.551296463467752,0.225060052300274,0.00737366401980671,0.0282642800514549,"WP_005766199.1"
"lcl|NC_008783.1_cds_WP_005766201.1_242",4.44571347930345,-0.243965571135175,0.516758387464292,0.330081401485416,0.487302218651787,"WP_005766201.1"
"lcl|NC_008783.1_cds_WP_005766203.1_243",400.32764431917,0.341227602222536,0.151978146755236,0.0195665842621313,0.0594021429906757,"WP_005766203.1"
"lcl|NC_008783.1_cds_WP_005766204.1_244",1614.92430431418,0.0144114260677167,0.203682071037241,0.939431487099945,0.958817224750295,"WP_005766204.1"
"lcl|NC_008783.1_cds_WP_005766206.1_245",521.823676522248,-0.240703623138807,0.255049153125937,0.289194210161692,0.445926541359449,"WP_005766206.1"
"lcl|NC_008783.1_cds_WP_005766207.1_246",650.257639765123,-0.51864328344735,0.209263579539572,0.00744579972778365,0.0283467102176715,"WP_005766207.1"
"lcl|NC_008783.1_cds_WP_005766209.1_247",831.734104382018,-0.0917212735076764,0.261485245933531,0.691758991390144,0.802982986084245,"WP_005766209.1"
"lcl|NC_008783.1_cds_WP_005766211.1_248",978.112182583994,-0.454033638628668,0.216232741878988,0.0226665939046559,0.0667593213510264,"WP_005766211.1"
"lcl|NC_008783.1_cds_WP_005766213.1_249",1192.49003125137,0.769181321278623,0.250630212282043,0.000579012111858354,0.00332791427398199,"WP_005766213.1"
"lcl|NC_008783.1_cds_WP_005766215.1_250",353.593948200917,-0.0548426514407309,0.270538860754318,0.817050362404603,0.886129526904215,"WP_005766215.1"
"lcl|NC_008783.1_cds_WP_005766217.1_251",545.367959272308,0.598050459023253,0.298098377485251,0.0180472588180869,0.0555813080740533,"WP_005766217.1"
"lcl|NC_008783.1_cds_WP_005766219.1_252",18.2188406757449,0.750150546349737,0.37548237029505,0.00876793789340779,0.0316501172737647,"WP_005766219.1"
"lcl|NC_008783.1_cds_WP_005766221.1_253",1633.14033774845,-0.624366504633537,0.306946796932023,0.0153598108958644,0.0490189113226507,"WP_005766221.1"
"lcl|NC_008783.1_cds_WP_005766222.1_254",29.0011384199445,-0.0744735753031616,0.350576672257777,0.786834513883409,0.865006559366719,"WP_005766222.1"
"lcl|NC_008783.1_cds_WP_005766225.1_255",417.095003181461,0.954424088518867,0.262043156821266,3.50817825910319e-05,0.000349048996535981,"WP_005766225.1"
"lcl|NC_008783.1_cds_WP_005766227.1_256",264.641470677901,0.443773659641581,0.195903916250381,0.0154759526735083,0.0490584885982127,"WP_005766227.1"
"lcl|NC_008783.1_cds_WP_005766230.1_257",263.741910873088,0.358963073259298,0.181057026586848,0.0359892340975926,0.0955409263936091,"WP_005766230.1"
"lcl|NC_008783.1_cds_WP_005766233.1_258",738.619068802016,1.14489935369311,0.1544188480498,8.34510353742244e-15,8.98236598937106e-13,"WP_005766233.1"
"lcl|NC_008783.1_cds_WP_005766235.1_259",179.33107856993,0.192551388618522,0.202518661307033,0.30757381286388,0.462437215884468,"WP_005766235.1"
"lcl|NC_008783.1_cds_WP_005766238.1_260",94.7111903707944,0.356140733782304,0.232903046257814,0.0924808417770417,0.192776965957777,"WP_005766238.1"
"lcl|NC_008783.1_cds_WP_005766240.1_261",64.6431526942375,0.148185375891683,0.282976220797187,0.544477336391487,0.696178365321297,"WP_005766240.1"
"lcl|NC_008783.1_cds_WP_005766242.1_262",618.712941824945,0.504399889641887,0.271572168642083,0.0337229027307009,0.0909519745629837,"WP_005766242.1"
"lcl|NC_008783.1_cds_WP_005766244.1_263",1889.82113070384,-0.526494776293643,0.265100663674399,0.0241186855302666,0.0703362651917134,"WP_005766244.1"
"lcl|NC_008783.1_cds_WP_005766249.1_264",160.835370570514,-0.078834115349306,0.239145278370805,0.715436074063561,0.816599734059664,"WP_005766249.1"
"lcl|NC_008783.1_cds_WP_005766252.1_265",8096.24968665662,-0.259485699297759,0.289887028792615,0.296268328140088,0.453206331418429,"WP_005766252.1"
"lcl|NC_008783.1_cds_WP_005766255.1_266",413.531495284909,-0.0254628982496193,0.173502703359534,0.877278127631608,0.912760066614328,"WP_005766255.1"
"lcl|NC_008783.1_cds_WP_005766258.1_267",251.923147301205,0.659557228531008,0.176334253452899,7.80820148232869e-05,0.00066510147878253,"WP_005766258.1"
"lcl|NC_008783.1_cds_WP_005766260.1_268",343.828389847773,-0.720781403059279,0.320195072338137,0.00637945148808578,0.025431887413783,"WP_005766260.1"
"lcl|NC_008783.1_cds_WP_005766262.1_269",934.914870814683,-0.974327930567436,0.282717917460096,6.34422361678961e-05,0.000567608172645126,"WP_005766262.1"
"lcl|NC_008783.1_cds_WP_005766264.1_270",1264.1123253472,-1.07092488736402,0.37398855813391,0.000203452222496335,0.0013844105254923,"WP_005766264.1"
"lcl|NC_008783.1_cds_WP_005766266.1_271",2170.67570806327,-0.349871721336139,0.159583725314897,0.0220729731975506,0.0653655604751932,"WP_005766266.1"
"lcl|NC_008783.1_cds_WP_005766267.1_272",913.40852877002,-0.0725428704502897,0.16539301100713,0.646023375843131,0.773260953559671,"WP_005766267.1"
"lcl|NC_008783.1_cds_WP_005766269.1_273",853.941629160886,0.534298285161422,0.174572568672686,0.00125424137160341,0.00648481128374862,"WP_005766269.1"
"lcl|NC_008783.1_cds_WP_005766272.1_274",586.826095308454,1.15143892300989,0.150757235859942,1.46707413794681e-15,1.73701577932902e-13,"WP_005766272.1"
"lcl|NC_008783.1_cds_WP_005766273.1_275",1017.99535887193,0.48403632732394,0.2427814117939,0.0267988739610745,0.0768186177424327,"WP_005766273.1"
"lcl|NC_008783.1_cds_WP_005766275.1_276",1106.52226987774,0.577709605217117,0.282971218189512,0.0180733138585393,0.0555813080740533,"WP_005766275.1"
"lcl|NC_008783.1_cds_BARBAKC583_RS01630_277",338.104041203521,0.116417469174502,0.230483897148026,0.579367110746653,0.724578085997656,"BARBAKC583_RS01630"
"lcl|NC_008783.1_cds_WP_005766280.1_278",1128.36947183825,-0.343118713124811,0.220684242549716,0.0904727660045894,0.189928643527365,"WP_005766280.1"
"lcl|NC_008783.1_cds_WP_005766282.1_279",919.325574634567,-0.757617343884363,0.153007771637631,2.45516938653945e-07,4.92698398925882e-06,"WP_005766282.1"
"lcl|NC_008783.1_cds_WP_005766284.1_280",520.875036519743,0.487909439243072,0.195254815632509,0.00758516219655231,0.0286013759258533,"WP_005766284.1"
"lcl|NC_008783.1_cds_WP_005766286.1_281",539.091383384849,-0.0457290675800847,0.208392173810392,0.81304663754603,0.883973571032598,"WP_005766286.1"
"lcl|NC_008783.1_cds_WP_005766289.1_282",322.61487870584,-0.138773447354184,0.276486347138053,0.564218804887194,0.712862610531486,"WP_005766289.1"
"lcl|NC_008783.1_cds_WP_005766292.1_283",774.373536892275,-0.445173680307743,0.227955358750548,0.0323363764397882,0.0879572665702884,"WP_005766292.1"
"lcl|NC_008783.1_cds_WP_005766295.1_284",321.98065341448,-0.201826542724609,0.199213543599515,0.278093708336112,0.434993192007032,"WP_005766295.1"
"lcl|NC_008783.1_cds_WP_005766297.1_285",508.089784229588,-0.425927984170481,0.199202830139018,0.0219950868341138,0.0653655604751932,"WP_005766297.1"
"lcl|NC_008783.1_cds_WP_005766299.1_286",6813.40180341055,-0.0474890691131015,0.195125330956072,0.795052763474074,0.869787898792303,"WP_005766299.1"
"lcl|NC_008783.1_cds_WP_005766301.1_287",1137.82339936516,1.88198073627972,0.341337387701895,1.08332087552692e-11,8.01657447889924e-10,"WP_005766301.1"
"lcl|NC_008783.1_cds_WP_005766303.1_288",434.184357461165,2.31752696663917,0.297226539098569,2.27070160713567e-20,4.51253963554705e-18,"WP_005766303.1"
"lcl|NC_008783.1_cds_WP_005766305.1_289",2302.07410708575,4.13092310311794,0.258913624245644,2.89527756480155e-58,3.42800863672503e-55,"WP_005766305.1"
"lcl|NC_008783.1_cds_WP_005766307.1_290",39.7811140649424,0.219634837042783,0.322714488195627,0.406995369420943,0.563605283502219,"WP_005766307.1"
"lcl|NC_008783.1_cds_WP_005766309.1_291",124.081299588423,1.23389345925578,0.315357658048893,2.48142359615096e-06,3.49294913127455e-05,"WP_005766309.1"
"lcl|NC_008783.1_cds_WP_011807312.1_292",1408.04876393769,-0.291833536785352,0.243266528959555,0.182807816449707,0.323397952059826,"WP_011807312.1"
"lcl|NC_008783.1_cds_WP_005766313.1_293",959.829461507242,-0.447266548276725,0.259192982631131,0.0515270282164234,0.125016396328372,"WP_005766313.1"
"lcl|NC_008783.1_cds_WP_005766315.1_294",179.627111353498,-0.325240521854696,0.195992547648355,0.0762384124063761,0.166850795358871,"WP_005766315.1"
"lcl|NC_008783.1_cds_WP_005766317.1_295",535.910620676343,0.236059527424542,0.188430227728722,0.183131819986439,0.323397952059826,"WP_005766317.1"
"lcl|NC_008783.1_cds_WP_005766321.1_296",210.108714820754,0.182373502602101,0.239174280971414,0.399016734298062,0.55515371728426,"WP_005766321.1"
"lcl|NC_008783.1_cds_WP_005766323.1_297",5106.27635709261,0.145133327035202,0.160227218006088,0.344262330761107,0.503840048975464,"WP_005766323.1"
"lcl|NC_008783.1_cds_WP_005766325.1_298",9405.05813218665,-0.817772916392501,0.27146329197301,0.000559967481174525,0.0032879746447152,"WP_005766325.1"
"lcl|NC_008783.1_cds_WP_005766326.1_299",552.66992275227,0.24411509728182,0.158504744107585,0.108110459416208,0.218808177690241,"WP_005766326.1"
"lcl|NC_008783.1_cds_WP_005766328.1_300",90.814927902148,-0.232114095490935,0.216926107847975,0.245566260675075,0.399382489889133,"WP_005766328.1"
"lcl|NC_008783.1_cds_WP_005766340.1_301",1578.39422886862,0.310807451316528,0.201741542164269,0.0983779048243235,0.202221248805554,"WP_005766340.1"
"lcl|NC_008783.1_cds_WP_035453132.1_302",337.459456513211,-0.0494745836045806,0.254378819609431,0.827238896393091,0.888211320127256,"WP_035453132.1"
"lcl|NC_008783.1_cds_WP_005766344.1_303",75.4912557161234,0.203812402471473,0.259056587910911,0.375023689603883,0.53248243500104,"WP_005766344.1"
"lcl|NC_008783.1_cds_WP_005766346.1_304",873.236568897664,0.0343002650570203,0.245918283871655,0.876642366750843,0.912760066614328,"WP_005766346.1"
"lcl|NC_008783.1_cds_WP_005766349.1_305",906.549991174347,-0.203200765248018,0.21927456954875,0.313685313395561,0.468352346860459,"WP_005766349.1"
"lcl|NC_008783.1_cds_WP_005766353.1_306",218.260442513391,0.499079471920885,0.189244938638163,0.00501230619669147,0.0211948947745811,"WP_005766353.1"
"lcl|NC_008783.1_cds_WP_005766355.1_307",727.943118795411,-0.545394352737416,0.26827002436947,0.020533705581171,0.0615491326787507,"WP_005766355.1"
"lcl|NC_008783.1_cds_WP_005766357.1_308",1440.82866609399,-0.922812752038974,0.282454947777124,0.000151224775106522,0.00108515232561286,"WP_005766357.1"
"lcl|NC_008783.1_cds_WP_005766358.1_309",767.580071799559,-0.0682487133562689,0.209377341224128,0.725160185616127,0.824773928693079,"WP_005766358.1"
"lcl|NC_008783.1_cds_WP_005766360.1_310",438.054410031015,0.418482980166375,0.16222454839351,0.00697600624324988,0.0271697085263417,"WP_005766360.1"
"lcl|NC_008783.1_cds_WP_005766361.1_311",960.760704982192,1.22568951073903,0.181467829498361,6.02003582428614e-13,5.09123029711057e-11,"WP_005766361.1"
"lcl|NC_008783.1_cds_WP_005766363.1_312",1446.45808918948,0.250750402099874,0.237863910456859,0.244135752480524,0.399165500772428,"WP_005766363.1"
"lcl|NC_008783.1_cds_WP_005766366.1_313",2441.64281299313,0.118339817756182,0.243963517946478,0.589978732198133,0.731879864684186,"WP_005766366.1"
"lcl|NC_008783.1_cds_WP_005766367.1_314",935.831057097918,0.84138064527109,0.246894593637007,0.000138563210295658,0.00104408337178974,"WP_005766367.1"
"lcl|NC_008783.1_cds_WP_005766369.1_315",601.153225711659,0.498952135376709,0.128638841679664,6.63167025507656e-05,0.0005816220431119,"WP_005766369.1"
"lcl|NC_008783.1_cds_WP_005766371.1_316",1360.42005172991,0.134033507131076,0.191272894843118,0.455703741753306,0.612959137524228,"WP_005766371.1"
"lcl|NC_008783.1_cds_WP_005766373.1_317",985.664081524998,0.653444502810116,0.183027199654445,0.000152623580473688,0.00108859228482437,"WP_005766373.1"
"lcl|NC_008783.1_cds_WP_005766374.1_318",734.248945226059,-0.901351170604088,0.182387952281032,1.50641478490117e-07,3.36527378362828e-06,"WP_005766374.1"
"lcl|NC_008783.1_cds_WP_005766376.1_319",675.194914134737,-0.0324064617526882,0.155507010736314,0.828197041740279,0.888211320127256,"WP_005766376.1"
"lcl|NC_008783.1_cds_WP_005766378.1_320",310.161981092823,0.423115444765553,0.154016053410003,0.00423343720821618,0.0183999570505936,"WP_005766378.1"
"lcl|NC_008783.1_cds_WP_005766380.1_321",1074.81551227477,-0.23930242285548,0.169823905610826,0.138958623383891,0.264726322334757,"WP_005766380.1"
"lcl|NC_008783.1_cds_WP_005766382.1_322",71.6225011980546,-0.0456938668881633,0.260492381717188,0.842998014365842,0.897580619612551,"WP_005766382.1"
"lcl|NC_008783.1_cds_WP_005766384.1_323",73.5533550789028,-0.24789774461676,0.282283538560442,0.309838186620695,0.463192440604675,"WP_005766384.1"
"lcl|NC_008783.1_cds_WP_005766386.1_324",498.067991396045,0.348896871807572,0.286922931335564,0.157388223058926,0.289809729551739,"WP_005766386.1"
"lcl|NC_008783.1_cds_WP_005766387.1_325",209.577268993137,0.183857266005362,0.233593785036562,0.386385607170271,0.542681564519099,"WP_005766387.1"
"lcl|NC_008783.1_cds_WP_005766389.1_326",287.653950168495,0.169631836648143,0.14615573074272,0.229031055709862,0.381623649014898,"WP_005766389.1"
"lcl|NC_008783.1_cds_WP_005766393.1_327",179.698130171292,-0.371058255219103,0.239199699530547,0.0860656043446078,0.184604484681188,"WP_005766393.1"
"lcl|NC_008783.1_cds_WP_005766396.1_328",1353.94885032894,-0.281786319238383,0.198323962694723,0.12841822460132,0.250077595276255,"WP_005766396.1"
"lcl|NC_008783.1_cds_WP_005766398.1_329",535.310195956161,0.272603373217376,0.158834044333762,0.073302381857347,0.162833058384801,"WP_005766398.1"
"lcl|NC_008783.1_cds_WP_005766401.1_330",839.335703185732,0.712680259846186,0.259410242840702,0.00190016389086124,0.00925841171514283,"WP_005766401.1"
"lcl|NC_008783.1_cds_WP_005766402.1_331",1178.45698621712,1.28435634947776,0.28987018940562,2.11547080803946e-07,4.47270970842629e-06,"WP_005766402.1"
"lcl|NC_008783.1_cds_WP_005766404.1_332",622.554929707096,0.0418497096459039,0.212968590032143,0.83168866918485,0.889538739218485,"WP_005766404.1"
"lcl|NC_008783.1_cds_WP_005766405.1_333",343.443695514153,0.736643033865461,0.192112855280448,4.21827030191475e-05,0.000402776777215086,"WP_005766405.1"
"lcl|NC_008783.1_cds_WP_005766407.1_334",503.318703116895,-0.179603904426152,0.161328852149,0.244758575642553,0.399165500772428,"WP_005766407.1"
"lcl|NC_008783.1_cds_WP_005766408.1_335",567.930453845673,0.624200853086752,0.378782675654292,0.0290823688863656,0.0817898450390899,"WP_005766408.1"
"lcl|NC_008783.1_cds_WP_005766409.1_336",1267.43417055717,0.573652372626933,0.204675104925903,0.00255373661447429,0.0120707621676179,"WP_005766409.1"
"lcl|NC_008783.1_cds_WP_005766410.1_337",106.341612938969,0.315584261280855,0.267933281705873,0.180030092481912,0.321017514305097,"WP_005766410.1"
"lcl|NC_008783.1_cds_WP_005766412.1_338",229.024503855283,-0.205160815729191,0.203739007650023,0.279416728565131,0.436450404513345,"WP_005766412.1"
"lcl|NC_008783.1_cds_WP_005766414.1_339",1058.85846243217,-0.499917412307788,0.17580379267013,0.00270585798104497,0.0126629875476571,"WP_005766414.1"
"lcl|NC_008783.1_cds_WP_005766417.1_340",612.682951284953,-0.311162597069567,0.241206445231203,0.152759319827916,0.283047002623244,"WP_005766417.1"
"lcl|NC_008783.1_cds_WP_005766421.1_341",388.683015793514,-0.511711651037814,0.293274732280678,0.0409102778560384,0.106052403353569,"WP_005766421.1"
"lcl|NC_008783.1_cds_WP_005766424.1_342",375.54981860043,0.90637125816116,0.19042673693278,3.64713375569902e-07,6.96484897862522e-06,"WP_005766424.1"
"lcl|NC_008783.1_cds_WP_005766426.1_343",93.4377367539807,0.0767906187917313,0.327896413450526,0.773654777886253,0.854789689482899,"WP_005766426.1"
"lcl|NC_008783.1_cds_WP_005766429.1_344",289.960531233218,-0.472592439749915,0.27398214154674,0.0480520925624723,0.118688197142975,"WP_005766429.1"
"lcl|NC_008783.1_cds_BARBAKC583_RS06785_345",79.6869385465558,-0.263277193587928,0.272521689399134,0.269154969495147,0.426042090751677,"BARBAKC583_RS06785"
"lcl|NC_008783.1_cds_WP_005766431.1_346",1152.87620366373,-0.0971974808702663,0.19228643077039,0.590270618641865,0.731879864684186,"WP_005766431.1"
"lcl|NC_008783.1_cds_WP_005766433.1_347",1250.06623751465,-0.472956548008398,0.216051695736128,0.0175083710966807,0.0541250949829502,"WP_005766433.1"
"lcl|NC_008783.1_cds_WP_005766436.1_348",1089.65794303524,-0.956687065557162,0.228162962276178,3.88241639708244e-06,5.05140770785232e-05,"WP_005766436.1"
"lcl|NC_008783.1_cds_WP_005766438.1_349",498.521522771774,-0.00664926383222114,0.217561842392425,0.973533622151106,0.983501543197022,"WP_005766438.1"
"lcl|NC_008783.1_cds_WP_005766441.1_350",118.660397781761,-0.771843015678136,0.232521904509919,0.000251034684529826,0.00166980374428828,"WP_005766441.1"
"lcl|NC_008783.1_cds_WP_005766443.1_351",235.972108445444,0.376721245259276,0.328344281653382,0.15905676799841,0.291973974124213,"WP_005766443.1"
"lcl|NC_008783.1_cds_WP_005766444.1_352",1704.2282421882,-0.72667357540903,0.176645703411839,1.37613656003951e-05,0.000149481255696035,"WP_005766444.1"
"lcl|NC_008783.1_cds_WP_005766446.1_353",1709.87823735025,-0.397894755811235,0.215427767485954,0.0451868446905874,0.113110410388278,"WP_005766446.1"
"lcl|NC_008783.1_cds_WP_005766448.1_354",1787.28865245486,-0.32465807351621,0.31941442981247,0.217898993621392,0.367510553344342,"WP_005766448.1"
"lcl|NC_008783.1_cds_WP_005766450.1_355",633.084456784727,-0.593632658202794,0.245926804458305,0.0071303493866856,0.0276379556763934,"WP_005766450.1"
"lcl|NC_008783.1_cds_WP_005766451.1_356",106.230636691385,-0.245203763715785,0.262139050790591,0.290002902742209,0.445926541359449,"WP_005766451.1"
"lcl|NC_008783.1_cds_WP_005766453.1_357",143.657427804507,-1.05021393816113,0.23336660290067,6.2195138076562e-07,1.08195636641881e-05,"WP_005766453.1"
"lcl|NC_008783.1_cds_WP_005766455.1_358",160.618816512095,-0.188411622296327,0.234398450505581,0.376028206134639,0.532556693855757,"WP_005766455.1"
"lcl|NC_008783.1_cds_WP_005766457.1_359",257.348100315021,0.62161666917722,0.192743733933495,0.000575961049127436,0.00332652625447261,"WP_005766457.1"
"lcl|NC_008783.1_cds_WP_035453124.1_360",707.932634138925,0.0836629656768688,0.249452693703695,0.708009253363103,0.81194977918987,"WP_035453124.1"
"lcl|NC_008783.1_cds_WP_005766461.1_361",757.957006299603,0.691567545965532,0.194380043200247,0.000142184974530197,0.00105878622543241,"WP_005766461.1"
"lcl|NC_008783.1_cds_WP_005766462.1_362",628.356169910483,-0.0953048472727224,0.283894036647979,0.697321919107087,0.805491855827114,"WP_005766462.1"
"lcl|NC_008783.1_cds_WP_005766464.1_363",221.372670497021,0.447088755697785,0.165115996280553,0.00455476841111462,0.0196103483591262,"WP_005766464.1"
"lcl|NC_008783.1_cds_WP_011807322.1_364",190.265663218061,1.04356021689478,0.226084805614129,3.77425398654427e-07,7.09320114296574e-06,"WP_011807322.1"
"lcl|NC_008783.1_cds_WP_005766468.1_365",184.718816424897,-0.277615090541179,0.198136859511829,0.133857692038259,0.258122976178011,"WP_005766468.1"
"lcl|NC_008783.1_cds_WP_011807323.1_366",28.4897167986599,-0.0641051720946235,0.303700191454318,0.802108521812002,0.874610942251276,"WP_011807323.1"
"lcl|NC_008783.1_cds_WP_005766472.1_367",2965.09284277527,-0.643365092319235,0.257250054098218,0.00481209384346273,0.0205686610493136,"WP_005766472.1"
"lcl|NC_008783.1_cds_WP_005766474.1_368",331.853383297321,-0.445753655542634,0.23493651276026,0.0364340528396639,0.0965054106536065,"WP_005766474.1"
"lcl|NC_008783.1_cds_WP_005766476.1_369",267.415860329718,-0.294229349681752,0.215315451804105,0.138544880081428,0.264576029058727,"WP_005766476.1"
"lcl|NC_008783.1_cds_WP_005766478.1_370",1050.17491240915,0.118539324271392,0.189107329683154,0.505239600800246,0.660268970582219,"WP_005766478.1"
"lcl|NC_008783.1_cds_WP_005766480.1_371",3383.98936126053,-0.869583701863544,0.241445447946547,6.11025557250062e-05,0.000560817255646569,"WP_005766480.1"
"lcl|NC_008783.1_cds_WP_011807325.1_372",2488.88430795572,0.675855462508342,0.362857248206779,0.0164030207208319,0.0512432098508309,"WP_011807325.1"
"lcl|NC_008783.1_cds_WP_005766483.1_373",97.7292994254158,-1.21745806569705,0.236440545380536,1.01079075985679e-08,4.12681468851877e-07,"WP_005766483.1"
"lcl|NC_008783.1_cds_WP_005766485.1_374",74.9255555629234,-0.141021444568185,0.243249732324798,0.519825404048558,0.674861050870057,"WP_005766485.1"
"lcl|NC_008783.1_cds_WP_005766487.1_375",159.1517768327,-0.188299030653791,0.209601451724665,0.33242874188317,0.48893867129152,"WP_005766487.1"
"lcl|NC_008783.1_cds_WP_005766489.1_376",14.9143501755562,0.178726673364482,0.368733724380484,0.524287187082499,0.678421890170141,"WP_005766489.1"
"lcl|NC_008783.1_cds_WP_005766490.1_377",297.078623113594,-0.104956377672788,0.267484907701947,0.655367281390544,0.778548138581848,"WP_005766490.1"
"lcl|NC_008783.1_cds_WP_005766492.1_378",1236.52721768976,0.0975793857735097,0.180006859895448,0.566824756745683,0.713778474714224,"WP_005766492.1"
"lcl|NC_008783.1_cds_WP_005766494.1_379",9788.57167071739,-0.55446690853667,0.320435900044113,0.035855605919883,0.0954156613273504,"WP_005766494.1"
"lcl|NC_008783.1_cds_WP_011807326.1_380",117.460245731484,-0.22822531013279,0.364966090779995,0.41483566944312,0.571787465216128,"WP_011807326.1"
"lcl|NC_008783.1_cds_WP_005766502.1_381",107.701492978416,-0.12319640812892,0.310294638373262,0.634412760885113,0.763358443991843,"WP_005766502.1"
"lcl|NC_008783.1_cds_WP_005766504.1_382",6333.95848812995,-1.24248511678817,0.278064661292253,2.34015964570518e-07,4.77715348364644e-06,"WP_005766504.1"
"lcl|NC_008783.1_cds_WP_005766507.1_383",365.181398837272,-0.534107255706201,0.259112549952245,0.0199910351597565,0.0603810857886523,"WP_005766507.1"
"lcl|NC_008783.1_cds_WP_005766509.1_384",411.790815571306,-0.267129316003485,0.24433566273716,0.224287346402753,0.376675486724623,"WP_005766509.1"
"lcl|NC_008783.1_cds_WP_005766511.1_385",639.420169355616,-0.0296987257712533,0.238855944064557,0.890660853538968,0.921802841424946,"WP_005766511.1"
"lcl|NC_008783.1_cds_WP_005766513.1_386",1792.69757243587,-1.34348900418216,0.283717772323091,3.57328963579546e-08,1.06810154061481e-06,"WP_005766513.1"
"lcl|NC_008783.1_cds_WP_005766517.1_387",30006.2139728214,0.0338649652888056,0.164312217062824,0.829234293141671,0.888518916814243,"WP_005766517.1"
"lcl|NC_008783.1_cds_WP_225866730.1_388",408.463649282178,1.07412292624451,0.197451606150814,4.76100441010122e-09,2.08778860057772e-07,"WP_225866730.1"
"lcl|NC_008783.1_cds_BARBAKC583_RS07040_389",123.678230510495,0.201735094044261,0.284970955224917,0.411526751841245,0.568550378273086,"BARBAKC583_RS07040"
"lcl|NC_008783.1_cds_WP_011807327.1_390",424.53096852334,-0.202225188750807,0.223383742613759,0.32335771968637,0.479752044751148,"WP_011807327.1"
"lcl|NC_008783.1_cds_WP_011807328.1_391",4.79389876564688,0.528446311725669,0.529224319384737,0.0492978359087477,0.121156297019657,"WP_011807328.1"
"lcl|NC_008783.1_cds_WP_005766524.1_392",1629.66484839709,0.519536840899924,0.273602602884113,0.0295745995220227,0.0825856741369692,"WP_005766524.1"
"lcl|NC_008783.1_cds_WP_005766527.1_393",214.310700007099,0.322768584821645,0.235010372518525,0.130076449752609,0.252083028879536,"WP_005766527.1"
"lcl|NC_008783.1_cds_WP_035453167.1_394",442.302432230786,-0.0419443355626622,0.32335699960235,0.874265997517886,0.912760066614328,"WP_035453167.1"
"lcl|NC_008783.1_cds_WP_005766532.1_395",1882.16103522247,0.185021727457554,0.362548329282054,0.507404457762946,0.662367009913261,"WP_005766532.1"
"lcl|NC_008783.1_cds_WP_005766536.1_396",1320.35105147659,-0.129634509106307,0.245524876147997,0.55692509253055,0.706751671550023,"WP_005766536.1"
"lcl|NC_008783.1_cds_WP_005766538.1_397",286.162976147547,0.695023730161531,0.209744617288416,0.000338250026142458,0.00217656538561234,"WP_005766538.1"
"lcl|NC_008783.1_cds_WP_005766540.1_398",265.969841510374,-0.42942523977476,0.246011013240823,0.0518714435717688,0.125594660918148,"WP_005766540.1"
"lcl|NC_008783.1_cds_WP_005766541.1_399",208.977500728503,0.108332401720564,0.230459248014202,0.605956457366399,0.745018115806663,"WP_005766541.1"
"lcl|NC_008783.1_cds_WP_005766544.1_400",1220.00869027841,-1.13869390965937,0.224591762122529,2.41087258241034e-08,7.92909204881622e-07,"WP_005766544.1"
"lcl|NC_008783.1_cds_WP_005766546.1_401",239.493214341102,0.0622393573268678,0.176218626959496,0.709696875741298,0.81194977918987,"WP_005766546.1"
"lcl|NC_008783.1_cds_WP_005766547.1_402",363.401304762755,0.0792477565137452,0.190150835300511,0.657561741617797,0.778553102075471,"WP_005766547.1"
"lcl|NC_008783.1_cds_WP_005766549.1_403",106.930857409512,-0.481566437362364,0.251591317136458,0.0320480121387331,0.0874305215950691,"WP_005766549.1"
"lcl|NC_008783.1_cds_WP_005766551.1_404",210.059561059988,0.287472164863912,0.253626665114634,0.203645637271745,0.35250940720723,"WP_005766551.1"
"lcl|NC_008783.1_cds_WP_005766554.1_405",483.786452378745,-0.322516209432625,0.159905643468942,0.0351933416331707,0.0942735667277695,"WP_005766554.1"
"lcl|NC_008783.1_cds_BARBAKC583_RS02305_406",156.314487430341,0.120971067683333,0.385566059743058,0.669973311618589,0.788517297173369,"BARBAKC583_RS02305"
"lcl|NC_008783.1_cds_WP_005766558.1_407",1425.00372360622,0.043426991523025,0.20149000092156,0.817246736478766,0.886129526904215,"WP_005766558.1"
"lcl|NC_008783.1_cds_WP_005766559.1_408",481.254757808964,0.224036826248838,0.221230556635537,0.270106888300847,0.426408740997603,"WP_005766559.1"
"lcl|NC_008783.1_cds_WP_005766561.1_409",447.997405487618,-0.0834144655196128,0.167317797325226,0.601225724938938,0.741742980023411,"WP_005766561.1"
"lcl|NC_008783.1_cds_WP_005766563.1_410",1433.48553422034,-0.00237494112928853,0.150476588191576,0.986921624569923,0.993538334413408,"WP_005766563.1"
"lcl|NC_008783.1_cds_WP_005766565.1_411",816.353493167037,-0.272183336637111,0.26975308910045,0.24987286199048,0.403308474788289,"WP_005766565.1"
"lcl|NC_008783.1_cds_WP_005766567.1_412",157.670616990359,0.683282860731264,0.290781015835464,0.00602411094810095,0.0242603651787467,"WP_005766567.1"
"lcl|NC_008783.1_cds_WP_005766569.1_413",301.143555887712,-0.399586438907676,0.241452879094335,0.0664729470912531,0.15108037652981,"WP_005766569.1"
"lcl|NC_008783.1_cds_WP_005766571.1_414",1175.66064819902,-0.185409011748666,0.166219492394189,0.242516558689337,0.39770028460966,"WP_005766571.1"
"lcl|NC_008783.1_cds_WP_005766573.1_415",877.316763802382,-0.239035170575714,0.150824950562401,0.0996413135906282,0.203289101636589,"WP_005766573.1"
"lcl|NC_008783.1_cds_WP_005766575.1_416",60.1636070802265,-0.226579982596804,0.259330210568276,0.324397460544221,0.480108241605448,"WP_005766575.1"
"lcl|NC_008783.1_cds_WP_005766577.1_417",134.977152326928,-0.262997675940936,0.247833787524579,0.2366355852269,0.390762249523919,"WP_005766577.1"
"lcl|NC_008783.1_cds_WP_005766578.1_418",1164.04045712888,-0.0773404272397888,0.228900542631031,0.711176451893071,0.812773087877795,"WP_005766578.1"
"lcl|NC_008783.1_cds_WP_005766580.1_419",769.831317805192,-0.880816837645014,0.318377791285144,0.00082713427201997,0.00458964716556283,"WP_005766580.1"
"lcl|NC_008783.1_cds_WP_005766582.1_420",403.392407926324,0.799868113714015,0.188485659763351,6.08067171035307e-06,7.44752303135823e-05,"WP_005766582.1"
"lcl|NC_008783.1_cds_WP_005766584.1_421",220.614430515873,-0.846225679364197,0.298615026669464,0.000824040417735891,0.00458964716556283,"WP_005766584.1"
"lcl|NC_008783.1_cds_WP_005766585.1_422",986.958763722906,-0.251717977089344,0.262594770021224,0.277982185241837,0.434993192007032,"WP_005766585.1"
"lcl|NC_008783.1_cds_WP_005766587.1_423",223.585658761461,0.376620943275677,0.304592236083106,0.141757049587191,0.268974914601337,"WP_005766587.1"
"lcl|NC_008783.1_cds_WP_005766589.1_424",1234.79160752633,0.0701064435762058,0.145236079307026,0.617067899063205,0.753251374439218,"WP_005766589.1"
"lcl|NC_008783.1_cds_WP_005766591.1_425",1728.7825640124,-0.345104562768766,0.21001686125129,0.0760548889998161,0.166757386251449,"WP_005766591.1"
"lcl|NC_008783.1_cds_WP_005766592.1_426",1311.99321797977,0.965016637472576,0.180525833156281,1.36436719588691e-08,5.28030652085377e-07,"WP_005766592.1"
"lcl|NC_008783.1_cds_WP_005766594.1_427",1461.73227452839,0.481610462419703,0.24187962032639,0.0271272860454728,0.0772084295140381,"WP_005766594.1"
"lcl|NC_008783.1_cds_WP_005766596.1_428",298.095315635426,0.386222255341238,0.164090789556931,0.0137366678168523,0.0448049991602016,"WP_005766596.1"
"lcl|NC_008783.1_cds_WP_005766597.1_429",210.521916666588,-0.736678580128989,0.269949720905696,0.0018173434593867,0.00892835956810728,"WP_005766597.1"
"lcl|NC_008783.1_cds_WP_005766599.1_430",99.5927356395724,-0.22886552921964,0.224833201013435,0.2661903214247,0.42286251995726,"WP_005766599.1"
"lcl|NC_008783.1_cds_WP_005766601.1_431",362.096153762883,-0.184046570515889,0.203567834081115,0.331560903864328,0.488268793750453,"WP_005766601.1"
"lcl|NC_008783.1_cds_WP_005766603.1_432",5395.86147774822,0.0711090936848529,0.232571235762421,0.736762515684037,0.831783107325055,"WP_005766603.1"
"lcl|NC_008783.1_cds_WP_005766604.1_433",1069.04951440726,-0.332231835478477,0.210413394995613,0.0881733485484305,0.18709183634649,"WP_005766604.1"
"lcl|NC_008783.1_cds_WP_011807331.1_434",661.990463743078,-0.0784944941727927,0.178999032175251,0.643358564145801,0.772552271753173,"WP_011807331.1"
"lcl|NC_008783.1_cds_WP_005766607.1_435",831.399332511074,0.241651809852544,0.231073397673141,0.250782056453358,0.403308474788289,"WP_005766607.1"
"lcl|NC_008783.1_cds_WP_005766608.1_436",157.592932628625,0.751796911710085,0.202391790868173,6.40313818744967e-05,0.000567608172645126,"WP_005766608.1"
"lcl|NC_008783.1_cds_WP_005766609.1_437",9.98327570716351,0.489887414987457,0.453948863526724,0.0906757997214978,0.190017959062395,"WP_005766609.1"
"lcl|NC_008783.1_cds_WP_005766610.1_438",7.50362828194285,-0.150171271147706,0.445207351804743,0.595438660979529,0.73667646248669,"WP_005766610.1"
"lcl|NC_008783.1_cds_WP_011807332.1_439",1037.77277187269,-0.139438369175307,0.209376014837051,0.472550456072485,0.629473500860024,"WP_011807332.1"
"lcl|NC_008783.1_cds_WP_005766622.1_440",937.945713406791,0.599628251435691,0.318778941260612,0.0228548616830851,0.0671467896594859,"WP_005766622.1"
"lcl|NC_008783.1_cds_WP_005766624.1_441",3900.6351400662,-0.759407142913119,0.169475936928504,2.40873353732873e-06,3.43607290144243e-05,"WP_005766624.1"
"lcl|NC_008783.1_cds_WP_005766626.1_442",341.120969594208,0.887012264935676,0.232782390033419,2.56117909130382e-05,0.000266003161763484,"WP_005766626.1"
"lcl|NC_008783.1_cds_WP_005766628.1_443",455.277540282683,0.183600597696248,0.265469591036695,0.432439363914801,0.589871206077333,"WP_005766628.1"
"lcl|NC_008783.1_cds_WP_005766630.1_444",211.335887730605,-0.449772613101463,0.228853936441217,0.0311184740056805,0.0854855527209414,"WP_005766630.1"
"lcl|NC_008783.1_cds_BARBAKC583_RS06800_445",247.04724279619,0.0447197162406401,0.305428267246424,0.861678237197498,0.907812035392305,"BARBAKC583_RS06800"
"lcl|NC_008783.1_cds_WP_005766632.1_446",2203.93374553727,0.637990455312868,0.240831129641711,0.00328224813770375,0.0149468530578509,"WP_005766632.1"
"lcl|NC_008783.1_cds_WP_005766634.1_447",169.967846139315,0.0692511864421533,0.229127310154414,0.74043022827029,0.834923228830499,"WP_005766634.1"
"lcl|NC_008783.1_cds_WP_005766636.1_448",942.00308369766,0.462063787387281,0.145371609090413,0.000985162409648609,0.00527797417657897,"WP_005766636.1"
"lcl|NC_008783.1_cds_WP_005766639.1_449",1665.789078281,-0.168858704839298,0.206983666208853,0.379739087955699,0.536528735250057,"WP_005766639.1"
"lcl|NC_008783.1_cds_WP_005766641.1_450",149.249024561532,0.871725247414315,0.274735538421948,0.000263982581687339,0.00174611942300452,"WP_005766641.1"
"lcl|NC_008783.1_cds_WP_005766643.1_451",192.297159942051,-0.305722531161053,0.243371446321575,0.16297340005823,0.295046644753738,"WP_005766643.1"
"lcl|NC_008783.1_cds_WP_005766646.1_452",1653.28958496392,-0.511760558823698,0.176403546054478,0.00220407793779748,0.0106515439932744,"WP_005766646.1"
"lcl|NC_008783.1_cds_WP_005766648.1_453",331.702517211364,0.455706712638142,0.203948394025684,0.0162943462406887,0.0510383755263899,"WP_005766648.1"
"lcl|NC_008783.1_cds_WP_005766651.1_454",2698.04936550193,1.2428688089958,0.320244005870852,2.63912692282504e-06,3.59163939841937e-05,"WP_005766651.1"
"lcl|NC_008783.1_cds_WP_005766653.1_455",2335.49413718364,0.447600150492268,0.264074184522536,0.0545941005721279,0.130849018375303,"WP_005766653.1"
"lcl|NC_008783.1_cds_WP_005766656.1_456",560.51452118412,-0.0825682335270625,0.240409654630976,0.703746929096735,0.808967343738382,"WP_005766656.1"
"lcl|NC_008783.1_cds_WP_005766659.1_457",893.805507175224,-0.140520326894735,0.234586668842409,0.509403396735866,0.663513335242316,"WP_005766659.1"
"lcl|NC_008783.1_cds_WP_005766662.1_458",349.019409024652,1.36282770255363,0.398101939411245,5.45689770078613e-06,6.94727621261375e-05,"WP_005766662.1"
"lcl|NC_008783.1_cds_WP_005766664.1_459",4949.31521089058,0.943371978387722,0.25711898627784,3.35956235882121e-05,0.000337095070580026,"WP_005766664.1"
"lcl|NC_008783.1_cds_WP_005766667.1_460",2822.53963351001,0.243369493588167,0.19975423101092,0.191916588592224,0.334652784820609,"WP_005766667.1"
"lcl|NC_008783.1_cds_WP_005766668.1_461",3251.88161479319,0.377330409996344,0.198057819272736,0.041471629676806,0.106976927096598,"WP_005766668.1"
"lcl|NC_008783.1_cds_WP_005766670.1_462",1090.48609608031,-0.360435721030713,0.228247095996056,0.0835441903995816,0.181165423870155,"WP_005766670.1"
"lcl|NC_008783.1_cds_WP_005766672.1_463",380.097750664596,0.0740433475756468,0.194536284947862,0.684695575382777,0.797912953989378,"WP_005766672.1"
"lcl|NC_008783.1_cds_WP_005766674.1_464",147.917225105627,0.0582054369052627,0.204554325181121,0.759770212391192,0.84705078292954,"WP_005766674.1"
"lcl|NC_008783.1_cds_WP_011807336.1_465",558.415726590015,-0.528194685600979,0.244674302467609,0.0162812039468698,0.0510383755263899,"WP_011807336.1"
"lcl|NC_008783.1_cds_WP_005766680.1_466",886.135512507026,0.752114456504667,0.161499653671916,1.07477081362608e-06,1.76740089351844e-05,"WP_005766680.1"
"lcl|NC_008783.1_cds_WP_005766681.1_467",1156.1819668428,-0.08210379369062,0.158831506283248,0.589681016051122,0.731879864684186,"WP_005766681.1"
"lcl|NC_008783.1_cds_WP_005766683.1_468",400.346687571148,0.62794542646979,0.168476077147283,8.9906807465771e-05,0.000739233750274117,"WP_005766683.1"
"lcl|NC_008783.1_cds_BARBAKC583_RS02625_469",198.904582926661,-0.104635186090555,0.232706879499178,0.621018115539864,0.755689053236587,"BARBAKC583_RS02625"
"lcl|NC_008783.1_cds_WP_005766685.1_470",1580.48134607275,0.0951154281617976,0.162877640347416,0.541442484129562,0.693046379685839,"WP_005766685.1"
"lcl|NC_008783.1_cds_WP_005766687.1_471",1394.54411586654,-0.0724085326452087,0.177524543729222,0.667010588772085,0.786594160464292,"WP_005766687.1"
"lcl|NC_008783.1_cds_WP_005766689.1_472",7026.89613474829,0.0973319308825512,0.210097461830595,0.617106278045643,0.753251374439218,"WP_005766689.1"
"lcl|NC_008783.1_cds_WP_172952859.1_473",5078.57004068653,0.169412433117616,0.173905762351737,0.305186124889119,0.460794961500402,"WP_172952859.1"
"lcl|NC_008783.1_cds_WP_005766693.1_474",2368.33250587384,0.234335368602391,0.339539228493135,0.388537233640454,0.545056972310779,"WP_005766693.1"
"lcl|NC_008783.1_cds_WP_005766695.1_475",2632.0316952116,-0.941201480902617,0.179941887527119,2.82523651493474e-08,8.80284219390192e-07,"WP_005766695.1"
"lcl|NC_008783.1_cds_WP_005766696.1_476",1840.22680585315,-0.05007416945714,0.149116153799036,0.727444801892698,0.826578354549861,"WP_005766696.1"
"lcl|NC_008783.1_cds_WP_005766698.1_477",946.437061183988,0.263718703587062,0.20239466346409,0.162007122939608,0.294329702046115,"WP_005766698.1"
"lcl|NC_008783.1_cds_WP_011807338.1_478",386.553987483772,-0.173854779065955,0.203340939592646,0.358586673493862,0.516504405616464,"WP_011807338.1"
"lcl|NC_008783.1_cds_WP_225866732.1_479",320.298741699925,1.29276884853305,0.310070714634272,6.09544086283628e-07,1.0771644748654e-05,"WP_225866732.1"
"lcl|NC_008783.1_cds_WP_005766704.1_480",176.915815185905,-0.1623713602486,0.227883546940991,0.43526282212078,0.59248531280857,"WP_005766704.1"
"lcl|NC_008783.1_cds_WP_005766706.1_481",1503.03057955421,0.424889678028248,0.279001049062428,0.079277671888815,0.17286328456051,"WP_005766706.1"
"lcl|NC_008783.1_cds_WP_005766708.1_482",68.549333778384,0.0203112158007264,0.537579038442009,0.925979242271726,0.951700887890385,"WP_005766708.1"
"lcl|NC_008783.1_cds_WP_005766710.1_483",608.390264856121,1.06088971505843,0.268195300461101,6.00427236674425e-06,7.44752303135823e-05,"WP_005766710.1"
"lcl|NC_008783.1_cds_WP_005766712.1_484",1500.89006018937,0.770270920107718,0.220815868320219,0.000139328693194915,0.00104408337178974,"WP_005766712.1"
"lcl|NC_008783.1_cds_WP_005766713.1_485",661.803828273694,-0.0614759899901874,0.210355829863011,0.752422827131366,0.844162433741558,"WP_005766713.1"
"lcl|NC_008783.1_cds_WP_005766715.1_486",1121.52755952539,0.48475424007848,0.165179975442569,0.00210280031809285,0.0102037523632046,"WP_005766715.1"
"lcl|NC_008783.1_cds_WP_005766717.1_487",1710.98717584024,-0.388202674681395,0.290632035237772,0.118761000569268,0.236324411216829,"WP_005766717.1"
"lcl|NC_008783.1_cds_WP_005766718.1_488",1186.48043857806,-0.384702234252073,0.26520037517608,0.099639118151681,0.203289101636589,"WP_005766718.1"
"lcl|NC_008783.1_cds_WP_005766719.1_489",5041.2896131875,-0.391531359113989,0.23780409100406,0.0688066038022443,0.154293596405033,"WP_005766719.1"
"lcl|NC_008783.1_cds_WP_005766721.1_490",7974.42135771087,-0.540744065302256,0.183365228897712,0.00177010866190002,0.00873253606537345,"WP_005766721.1"
"lcl|NC_008783.1_cds_WP_005766723.1_491",194.922772479029,-0.80530828813646,0.255771733007992,0.000386318436765341,0.00243298419750087,"WP_005766723.1"
"lcl|NC_008783.1_cds_BARBAKC583_RS07180_492",127.859785370602,1.06622247145166,0.261833041384738,3.64398012132033e-06,4.79385829293697e-05,"BARBAKC583_RS07180"
"lcl|NC_008783.1_cds_WP_335617968.1_493",50.7891386461183,0.682423444953792,0.331322481613809,0.0112924453391281,0.0384202737974934,"WP_335617968.1"
"lcl|NC_008783.1_cds_WP_236822973.1_494",18.7425653988865,-0.292988427179356,0.411503079075441,0.308007902417643,0.462437215884468,"WP_236822973.1"
"lcl|NC_008783.1_cds_WP_236822976.1_495",26.337938215128,0.31926861277822,0.35275006782235,0.248375874956559,0.402294166824303,"WP_236822976.1"
"lcl|NC_008783.1_cds_WP_250645096.1_496",24.9671873415927,0.598244787252231,0.34967340067524,0.0305453761917155,0.0846972492060682,"WP_250645096.1"
"lcl|NC_008783.1_cds_BARBAKC583_RS07065_497",64.1699976858009,-0.218238259817068,0.267296417401648,0.353108221796641,0.510487673934524,"BARBAKC583_RS07065"
"lcl|NC_008783.1_cds_WP_225866733.1_498",279.973453985991,-0.873755981254758,0.18190485100994,3.37359757590106e-07,6.54809758994566e-06,"WP_225866733.1"
"lcl|NC_008783.1_cds_WP_005766734.1_499",1294.50082410136,-0.566149839731099,0.254016453829867,0.0123037661462592,0.0409203907785698,"WP_005766734.1"
"lcl|NC_008783.1_cds_BARBAKC583_RS02775_500",148.893189019833,1.04126539526741,0.347321936551516,0.000173372081798278,0.00120042423888398,"BARBAKC583_RS02775"
"lcl|NC_008783.1_cds_WP_005766739.1_501",1556.98766642688,0.4341827898682,0.218490399694659,0.0307274908515871,0.0848050097162685,"WP_005766739.1"
"lcl|NC_008783.1_cds_WP_005766741.1_502",501.545538864032,-0.608326272542098,0.228292651502544,0.00345605675752007,0.0155588258589497,"WP_005766741.1"
"lcl|NC_008783.1_cds_WP_005766743.1_503",463.409541004701,0.493711256046941,0.322290649109121,0.0624535029876154,0.144423725658861,"WP_005766743.1"
"lcl|NC_008783.1_cds_WP_005766745.1_504",411.146875305695,-0.240391840034117,0.251354762556919,0.28454592449755,0.441928931974479,"WP_005766745.1"
"lcl|NC_008783.1_cds_WP_005766748.1_505",3150.52977635476,0.200121931819055,0.235849612729156,0.349426745230116,0.509508948709923,"WP_005766748.1"
"lcl|NC_008783.1_cds_WP_005766749.1_506",1411.96977127267,-0.0867352523162197,0.244857705269882,0.693702834982498,0.804450692085482,"WP_005766749.1"
"lcl|NC_008783.1_cds_WP_005766751.1_507",593.507325462324,-0.28304558085407,0.15885464237673,0.0629758592550513,0.144794898591991,"WP_005766751.1"
"lcl|NC_008783.1_cds_WP_005766753.1_508",592.83765106337,0.30292846601507,0.22874506332551,0.146614941239004,0.275440009697528,"WP_005766753.1"
"lcl|NC_008783.1_cds_WP_005766755.1_509",281.51009522731,-0.0443669507294846,0.217289281563301,0.824624353427878,0.888211320127256,"WP_005766755.1"
"lcl|NC_008783.1_cds_BARBAKC583_RS02825_510",285.207071490545,-0.097173646605115,0.199267342942113,0.601652305346588,0.741742980023411,"BARBAKC583_RS02825"
"lcl|NC_008783.1_cds_WP_005766757.1_511",5255.11823966541,-0.735525047709859,0.197103964804904,6.34440714520382e-05,0.000567608172645126,"WP_005766757.1"
"lcl|NC_008783.1_cds_WP_005766759.1_512",844.227382540933,0.215672826946942,0.202695757238184,0.253437415029468,0.406048578342206,"WP_005766759.1"
"lcl|NC_008783.1_cds_WP_005766761.1_513",247.659875446743,-0.114185862559609,0.222636850498105,0.576095568159814,0.722560543115698,"WP_005766761.1"
"lcl|NC_008783.1_cds_WP_005766762.1_514",323.596946215158,-0.457358601112743,0.202997356438117,0.0154965158240976,0.0490584885982127,"WP_005766762.1"
"lcl|NC_008783.1_cds_WP_005766764.1_515",325.577278980419,0.0863479253679071,0.235179625772662,0.685776986724897,0.798387367042555,"WP_005766764.1"
"lcl|NC_008783.1_cds_WP_005766766.1_516",389.547107788613,0.246639485958917,0.198991191416136,0.184571534418189,0.325197465403476,"WP_005766766.1"
"lcl|NC_008783.1_cds_WP_005766768.1_517",88.3222939266429,-1.29489141412269,0.247281192101181,3.96575270984673e-09,1.80594277248405e-07,"WP_005766768.1"
"lcl|NC_008783.1_cds_WP_005766770.1_518",109.592164086694,-0.629674462892085,0.243125146376016,0.0039746406899344,0.0174943292820904,"WP_005766770.1"
"lcl|NC_008783.1_cds_WP_005766771.1_519",238.154650336534,-0.818725738982536,0.286005682576198,0.000867744536185843,0.00473738319231796,"WP_005766771.1"
"lcl|NC_008783.1_cds_WP_005766773.1_520",458.154695586164,-0.447645575985091,0.295929999227249,0.0753985209983415,0.165624951506561,"WP_005766773.1"
"lcl|NC_008783.1_cds_WP_005766775.1_521",4753.62629837868,-0.743280025120816,0.23014130621437,0.00037973954047024,0.00240434019206826,"WP_005766775.1"
"lcl|NC_008783.1_cds_WP_005766777.1_522",1888.8455632199,-1.02291733966206,0.174521307740215,5.46684349529223e-10,3.40670668338211e-08,"WP_005766777.1"
"lcl|NC_008783.1_cds_WP_005766778.1_523",530.659597275321,-0.401588864210451,0.219458964360639,0.0464953114958268,0.115652203384578,"WP_005766778.1"
"lcl|NC_008783.1_cds_WP_005766779.1_524",122.732664197857,-0.357234164462815,0.228612792850836,0.0867332424430482,0.185364908037128,"WP_005766779.1"
"lcl|NC_008783.1_cds_WP_005766781.1_525",607.987358167947,-1.12549942245468,0.203712755927672,2.24999934317579e-09,1.06559968892806e-07,"WP_005766781.1"
"lcl|NC_008783.1_cds_WP_035453077.1_526",526.839873595234,-0.489073521583805,0.181360623368435,0.00431271606381666,0.0186359701443756,"WP_035453077.1"
"lcl|NC_008783.1_cds_WP_005766785.1_527",572.762925105453,0.406577376531436,0.184371926898987,0.0193906992081223,0.059019506073051,"WP_005766785.1"
"lcl|NC_008783.1_cds_WP_005766787.1_528",654.758610964022,0.547814824906948,0.20054033107904,0.00337953417670369,0.0152723987222029,"WP_005766787.1"
"lcl|NC_008783.1_cds_WP_005766789.1_529",863.929828629429,-0.321770904004573,0.166066676685216,0.0423116693298889,0.107967707945234,"WP_005766789.1"
"lcl|NC_008783.1_cds_WP_005766791.1_530",1440.88099115638,0.504913921460332,0.191992874674678,0.00505031552315366,0.0212630668584923,"WP_005766791.1"
"lcl|NC_008783.1_cds_WP_005766794.1_531",735.39361251512,-0.11433325282586,0.29581750975884,0.649618896920753,0.775351586647351,"WP_005766794.1"
"lcl|NC_008783.1_cds_WP_005766798.1_532",377.351085679804,0.631112356047617,0.302725347125147,0.0134663592852071,0.0441666742207348,"WP_005766798.1"
"lcl|NC_008783.1_cds_WP_005766800.1_533",16246.1502852315,1.32255195906166,0.273989971622533,2.64222971958159e-08,8.45513510266109e-07,"WP_005766800.1"
"lcl|NC_008783.1_cds_WP_005766814.1_534",179.673204290128,-0.104447799694012,0.238879016001736,0.628781303474973,0.759670472769764,"WP_005766814.1"
"lcl|NC_008783.1_cds_WP_280641459.1_535",156.336795729493,-0.924217939840744,0.224187349610556,6.10143356454179e-06,7.44752303135823e-05,"WP_280641459.1"
"lcl|NC_008783.1_cds_WP_005766818.1_536",182.220626663265,-1.1607192184935,0.169172097798941,4.17610987280603e-13,3.90602470193879e-11,"WP_005766818.1"
"lcl|NC_008783.1_cds_WP_035453156.1_537",338.833926474208,-0.959176182607993,0.188157225524133,5.25218810716789e-08,1.41331607247427e-06,"WP_035453156.1"
"lcl|NC_008783.1_cds_WP_005766821.1_538",178.555150181691,-1.53379744762665,0.35110227413488,4.82840082332284e-08,1.32949455228238e-06,"WP_005766821.1"
"lcl|NC_008783.1_cds_WP_005766822.1_539",94.206580858111,-1.06974985033896,0.330530005173294,7.24635207192278e-05,0.000626254076872742,"WP_005766822.1"
"lcl|NC_008783.1_cds_WP_005766823.1_540",3672.89225978381,-0.128462119034653,0.229092920475403,0.538794414647807,0.692940081012987,"WP_005766823.1"
"lcl|NC_008783.1_cds_WP_005766824.1_541",13733.7829907393,-0.501151678109716,0.266279297110321,0.0323896691086535,0.0879572665702884,"WP_005766824.1"
"lcl|NC_008783.1_cds_WP_005766825.1_542",342.586103595464,0.631004691943794,0.211371123172992,0.00123241394647265,0.00642809741243887,"WP_005766825.1"
"lcl|NC_008783.1_cds_WP_005766826.1_543",429.504848835093,-0.179185000115635,0.211599734481708,0.360184013220926,0.518174813673847,"WP_005766826.1"
"lcl|NC_008783.1_cds_BARBAKC583_RS07075_544",46.2152862061902,0.19510462142208,0.321321726472369,0.460297050779614,0.61790443097853,"BARBAKC583_RS07075"
"lcl|NC_008783.1_cds_WP_005766830.1_545",879.379583812292,0.536441881502814,0.174310686217847,0.00118043940218056,0.00618424890345924,"WP_005766830.1"
"lcl|NC_008783.1_cds_WP_005766832.1_546",702.478683410757,-0.130507527846404,0.316744516462907,0.61857305325203,0.754264155561693,"WP_005766832.1"
"lcl|NC_008783.1_cds_WP_005766834.1_547",2432.00281641604,-0.556252290117119,0.162887113592159,0.00035027464648084,0.00224175773747738,"WP_005766834.1"
"lcl|NC_008783.1_cds_WP_005766835.1_548",151.30787740233,0.0864525902790048,0.210025322054904,0.656899991928434,0.778548138581848,"WP_005766835.1"
"lcl|NC_008783.1_cds_WP_005766837.1_549",345.59225419923,0.42893620070255,0.175112731998316,0.00983053953050332,0.0344359727932424,"WP_005766837.1"
"lcl|NC_008783.1_cds_WP_005766840.1_550",166.455322398887,-0.131276773864316,0.186952425450995,0.456095439323349,0.612959137524228,"WP_005766840.1"
"lcl|NC_008783.1_cds_WP_005766842.1_551",170.722405078284,-0.496145736463489,0.202904974628214,0.00860496165886144,0.0314627246833465,"WP_005766842.1"
"lcl|NC_008783.1_cds_WP_005766844.1_552",99.3430156751681,-0.273443139249017,0.242157332027941,0.21035758410533,0.359918178584842,"WP_005766844.1"
"lcl|NC_008783.1_cds_WP_005766845.1_553",1090.56314328428,0.0440786640529387,0.165007976837294,0.77973600480112,0.858797609008862,"WP_005766845.1"
"lcl|NC_008783.1_cds_WP_005766847.1_554",803.647437062363,0.882332757354016,0.241819852476116,4.84495426966527e-05,0.000451687075219188,"WP_005766847.1"
"lcl|NC_008783.1_cds_WP_005766849.1_555",1609.06675475538,0.794540602662045,0.13489788715138,1.1758059612668e-09,5.80064274224956e-08,"WP_005766849.1"
"lcl|NC_008783.1_cds_WP_005766851.1_556",1011.18528161674,0.12832869018083,0.128091945899359,0.303238086887308,0.458536264207628,"WP_005766851.1"
"lcl|NC_008783.1_cds_WP_005766852.1_557",587.569042987927,0.435722704659257,0.299414300982605,0.0858175497326532,0.184427829857623,"WP_005766852.1"
"lcl|NC_008783.1_cds_WP_005766853.1_558",559.862315999247,-0.436881424718611,0.259419542968121,0.0573597872826027,0.135556862560083,"WP_005766853.1"
"lcl|NC_008783.1_cds_WP_005766855.1_559",1859.93225572653,-0.376962316166908,0.201014314837732,0.0443098365360606,0.111518586102502,"WP_005766855.1"
"lcl|NC_008783.1_cds_WP_005766857.1_560",115.520928123852,-0.0439609575925055,0.265045793923007,0.850744822730241,0.903391811760184,"WP_005766857.1"
"lcl|NC_008783.1_cds_WP_005766859.1_561",188.296401704616,0.167436484985312,0.306023060711837,0.514688778328558,0.669661003891222,"WP_005766859.1"
"lcl|NC_008783.1_cds_WP_005766860.1_562",3551.85135700462,0.435543578954416,0.324632433160954,0.101523214491422,0.20653519924028,"WP_005766860.1"
"lcl|NC_008783.1_cds_WP_005766862.1_563",824.347248840265,0.311500340519568,0.224811332093256,0.130091274728834,0.252083028879536,"WP_005766862.1"
"lcl|NC_008783.1_cds_WP_011807347.1_564",8.65473755457434,0.0819575365379874,0.486936151476375,0.757636323321548,0.846265478125201,"WP_011807347.1"
"lcl|NC_008783.1_cds_WP_005766865.1_565",6.29422886250283,-0.455689273979392,0.561428030631915,0.0579357010583803,0.136355008893311,"WP_005766865.1"
"lcl|NC_008783.1_cds_WP_005766867.1_566",9.17967302198949,0.00370525992569363,0.460765472499768,0.989342648879568,0.993538334413408,"WP_005766867.1"
"lcl|NC_008783.1_cds_WP_011807348.1_567",418.602221211401,-0.729028794636987,0.188538849638205,3.80305431486033e-05,0.000372133579239226,"WP_011807348.1"
"lcl|NC_008783.1_cds_WP_005766870.1_568",44.9595334874933,-0.334522207985864,0.415096052253627,0.2454956969895,0.399382489889133,"WP_005766870.1"
"lcl|NC_008783.1_cds_WP_005766872.1_569",43.3597134697112,-0.171738617430964,0.4085489597093,0.548472696834436,0.699775509754281,"WP_005766872.1"
"lcl|NC_008783.1_cds_WP_035453066.1_570",13.6506525090312,-0.594082760860445,0.450986814402333,0.0429634027030819,0.109394986667632,"WP_035453066.1"
"lcl|NC_008783.1_cds_WP_005766875.1_571",7.92666065950952,-0.584705859764143,0.469492991092492,0.0447361238984754,0.112219429440243,"WP_005766875.1"
"lcl|NC_008783.1_cds_WP_005766877.1_572",8.09703256503263,-0.532025400623117,0.504778464752038,0.0567780586705139,0.134548249931386,"WP_005766877.1"
"lcl|NC_008783.1_cds_WP_244426311.1_573",13.6022251401312,-0.0257573842334125,0.597787754172579,0.773931205342624,0.854789689482899,"WP_244426311.1"
"lcl|NC_008783.1_cds_BARBAKC583_RS07080_574",0.132511729552254,0,0.602742953032662,1,1,"BARBAKC583_RS07080"
"lcl|NC_008783.1_cds_WP_011807349.1_575",107.725813406712,-0.342756759806195,0.405118434452055,0.233367030600722,0.38644274717658,"WP_011807349.1"
"lcl|NC_008783.1_cds_WP_005766882.1_576",23.8639818928907,0.53265974486049,0.473729094768442,0.0644535570893006,0.147322416204116,"WP_005766882.1"
"lcl|NC_008783.1_cds_WP_005766884.1_577",17.3641444869809,-0.148786439273644,0.502867041963222,0.561985002607993,0.712409253841396,"WP_005766884.1"
"lcl|NC_008783.1_cds_WP_005766885.1_578",10.1616297135823,-0.148472127411267,0.430186017937656,0.602666171269021,0.741742980023411,"WP_005766885.1"
"lcl|NC_008783.1_cds_WP_005766888.1_579",59.8802428059942,0.0177168258390089,0.412702540478166,0.950545219863488,0.966047674093022,"WP_005766888.1"
"lcl|NC_008783.1_cds_WP_005766892.1_580",95.2184419351997,-0.0339554257483132,0.244407367986198,0.877298104566812,0.912760066614328,"WP_005766892.1"
"lcl|NC_008783.1_cds_WP_005766894.1_581",10.5838029087366,-0.00214228373537878,0.436123979676379,0.993975041718502,0.996499957150471,"WP_005766894.1"
"lcl|NC_008783.1_cds_WP_005766896.1_582",18.6301251248958,0.076720176923023,0.422877734932844,0.788073687155919,0.865147896191937,"WP_005766896.1"
"lcl|NC_008783.1_cds_WP_005766898.1_583",18.2651835816641,0.0442064983229899,0.41620163522814,0.877003580556731,0.912760066614328,"WP_005766898.1"
"lcl|NC_008783.1_cds_WP_005766900.1_584",5.03348418358565,0.0127877486288713,0.497098273989412,0.960524846308524,0.972849801564835,"WP_005766900.1"
"lcl|NC_008783.1_cds_WP_005766902.1_585",16.2556889077357,-0.0802797957885897,0.465370616923597,0.771189268524656,0.853353358816068,"WP_005766902.1"
"lcl|NC_008783.1_cds_WP_005766905.1_586",4.63151907700371,-0.0906621551186275,0.526923473216108,0.697105866077519,0.805491855827114,"WP_005766905.1"
"lcl|NC_008783.1_cds_WP_005766907.1_587",8.23264347996429,0.0188464011603232,0.473826223644919,0.944768611032267,0.96139473413617,"WP_005766907.1"
"lcl|NC_008783.1_cds_WP_005766909.1_588",22.916114050389,-0.0721321793419138,0.448599487684868,0.797637430914878,0.871220219744664,"WP_005766909.1"
"lcl|NC_008783.1_cds_WP_005766912.1_589",16.0271996025353,-0.173552385351535,0.445612807217915,0.539758417097906,0.692940081012987,"WP_005766912.1"
"lcl|NC_008783.1_cds_WP_005766913.1_590",3.30742322764292,0.181895646371765,0.5285453714637,0.440366817733019,0.596560997935807,"WP_005766913.1"
"lcl|NC_008783.1_cds_WP_005766915.1_591",7.68725027745915,0.0376939233858939,0.430192487682106,0.894626610568994,0.925098608658244,"WP_005766915.1"
"lcl|NC_008783.1_cds_WP_005766917.1_592",20.2847487759856,-0.00655798822865109,0.419763924138162,0.981670269401507,0.989189445933093,"WP_005766917.1"
"lcl|NC_008783.1_cds_WP_005766919.1_593",12.5896358801144,0.302639852035949,0.460571405784122,0.283382063233883,0.440899294177289,"WP_005766919.1"
"lcl|NC_008783.1_cds_WP_005766926.1_597",0.454516641814005,0.063329753734254,0.604898286506106,0.36381034440377,0.522122966998865,"WP_005766926.1"
"lcl|NC_008783.1_cds_WP_011807351.1_599",7.79106080324177,0.494300523790021,0.59168948543228,0.030813471991371,0.084844536832054,"WP_011807351.1"
"lcl|NC_008783.1_cds_WP_005766936.1_624",1166.31840166922,0.559020489201934,0.186485583529687,0.00144824588413381,0.00723511867854193,"WP_005766936.1"
"lcl|NC_008783.1_cds_WP_005766938.1_625",657.109721241284,0.62016048080803,0.269388014798725,0.00860973209240224,0.0314627246833465,"WP_005766938.1"
"lcl|NC_008783.1_cds_WP_005766940.1_626",640.174356681212,0.730448085928755,0.210525939020011,0.000172429266236668,0.00120042423888398,"WP_005766940.1"
"lcl|NC_008783.1_cds_WP_005766942.1_627",1074.94880880057,0.301284725722356,0.219353193287448,0.135250216577564,0.260384156793229,"WP_005766942.1"
"lcl|NC_008783.1_cds_WP_005766945.1_628",316.06277711893,0.492407096851877,0.251185950098467,0.0281738690383652,0.0796130332730892,"WP_005766945.1"
"lcl|NC_008783.1_cds_WP_005766947.1_629",850.303116390688,0.125901604381909,0.23234568243886,0.551416522995702,0.7020184550827,"WP_005766947.1"
"lcl|NC_008783.1_cds_WP_005766949.1_630",148.166462551116,0.730008144148479,0.221676177309931,0.000321542707090535,0.00208036374423603,"WP_005766949.1"
"lcl|NC_008783.1_cds_WP_005766951.1_631",551.137397736946,0.3006198966608,0.227285887825831,0.147629203932703,0.276571166861266,"WP_005766951.1"
"lcl|NC_008783.1_cds_WP_005766957.1_632",1499.86674829015,-0.346202412731599,0.217456973493498,0.0838199475990522,0.181431111439265,"WP_005766957.1"
"lcl|NC_008783.1_cds_WP_005766958.1_633",401.496417767814,-0.299286857607124,0.213595143939064,0.129323106640297,0.251426204042875,"WP_005766958.1"
"lcl|NC_008783.1_cds_WP_005766959.1_634",2139.3191478223,0.346199430478146,0.27021561535043,0.143754562424009,0.271893613274802,"WP_005766959.1"
"lcl|NC_008783.1_cds_WP_005766960.1_635",491.14636760335,0.301499101470974,0.226218229445601,0.144917012783604,0.273219336203483,"WP_005766960.1"
"lcl|NC_008783.1_cds_WP_005766961.1_636",2924.43877529486,-0.506514115193834,0.224345240348356,0.0136051613867138,0.0444986493974284,"WP_005766961.1"
"lcl|NC_008783.1_cds_WP_005766962.1_637",1003.8574814261,-0.12427095913144,0.19814826901835,0.502322919580146,0.659368444326932,"WP_005766962.1"
"lcl|NC_008783.1_cds_WP_005766965.1_638",537.439487737208,-0.527536746807211,0.17476187458725,0.00146141636588525,0.0072702394000342,"WP_005766965.1"
"lcl|NC_008783.1_cds_WP_005766967.1_639",304.682882360286,-0.612452495035325,0.249358338082489,0.00601324785436087,0.0242603651787467,"WP_005766967.1"
"lcl|NC_008783.1_cds_WP_005766971.1_640",3042.13763269709,0.275258930378561,0.20381230661485,0.146792775438463,0.275440009697528,"WP_005766971.1"
"lcl|NC_008783.1_cds_WP_005766976.1_641",1201.04938973404,-0.16917332387939,0.132087931118598,0.187337536271529,0.329091458376099,"WP_005766976.1"
"lcl|NC_008783.1_cds_WP_005766978.1_642",799.989032552048,0.279942670383559,0.308213854977967,0.278116424281523,0.434993192007032,"WP_005766978.1"
"lcl|NC_008783.1_cds_WP_005766983.1_643",600.341251478594,0.24469162578082,0.145434606742925,0.0812937844004345,0.176933530753887,"WP_005766983.1"
"lcl|NC_008783.1_cds_WP_005766984.1_644",316.827332907474,-0.27800855468609,0.219377578456486,0.168169574571128,0.303525573616182,"WP_005766984.1"
"lcl|NC_008783.1_cds_WP_005766985.1_645",324.586798598312,-0.505182997012145,0.270867789500375,0.0331226488846827,0.0895606559482026,"WP_005766985.1"
"lcl|NC_008783.1_cds_WP_005766991.1_646",4882.21084098796,-0.8393265617995,0.249990272762098,0.000166429995896624,0.00116988781782481,"WP_005766991.1"
"lcl|NC_008783.1_cds_BARBAKC583_RS03565_647",944.072061090419,0.272775658921537,0.385430214929774,0.337723737498747,0.496110304216522,"BARBAKC583_RS03565"
"lcl|NC_008783.1_cds_WP_005766993.1_648",715.617284743885,-0.648831145867197,0.260537518068489,0.00485103277301728,0.0206605136807642,"WP_005766993.1"
"lcl|NC_008783.1_cds_WP_005766996.1_649",421.899014515708,0.0966272869245191,0.24861407388793,0.66452221631257,0.785223856401281,"WP_005766996.1"
"lcl|NC_008783.1_cds_WP_005766997.1_650",5136.9531862223,0.609409615352599,0.229360186158551,0.00352019351767151,0.0157279589619738,"WP_005766997.1"
"lcl|NC_008783.1_cds_WP_005766998.1_651",259.885956019721,0.71606918609234,0.228005593921184,0.00056373213925438,0.0032879746447152,"WP_005766998.1"
"lcl|NC_008783.1_cds_WP_005767001.1_652",465.429777418219,-0.344219204697904,0.175544647059692,0.0387597396463855,0.101529937480797,"WP_005767001.1"
"lcl|NC_008783.1_cds_WP_005767002.1_653",809.929249676906,-0.585141156066582,0.209888598518118,0.00258612108519112,0.0121506641462948,"WP_005767002.1"
"lcl|NC_008783.1_cds_WP_005767004.1_654",285.818824879578,0.0405145889045901,0.26263011563866,0.86141925930455,0.907812035392305,"WP_005767004.1"
"lcl|NC_008783.1_cds_WP_005767012.1_655",1168.02763692972,-0.561182646254896,0.244058396484755,0.0105254508158684,0.0363327515043387,"WP_005767012.1"
"lcl|NC_008783.1_cds_WP_005767014.1_656",8798.13913697862,-0.295223693225505,0.312572363630007,0.256643850045652,0.41007600331181,"WP_005767014.1"
"lcl|NC_008783.1_cds_WP_005767018.1_657",281.994042943008,0.119831501351836,0.211882615233115,0.541067503069856,0.693046379685839,"WP_005767018.1"
"lcl|NC_008783.1_cds_WP_005767019.1_658",545.463923917523,-0.585300123720125,0.207215275621235,0.00231509624554198,0.0110974654037316,"WP_005767019.1"
"lcl|NC_008783.1_cds_WP_005767020.1_659",802.747515427591,-1.50789862668701,0.173032277525938,2.28675995044614e-20,4.51253963554705e-18,"WP_005767020.1"
"lcl|NC_008783.1_cds_WP_005767022.1_660",11219.2199189702,0.169950624068499,0.270321230399494,0.473168425477552,0.629473500860024,"WP_005767022.1"
"lcl|NC_008783.1_cds_WP_005767024.1_661",1392.4886871345,-0.937489053758861,0.256883975735004,3.71851526880871e-05,0.00036689350652246,"WP_005767024.1"
"lcl|NC_008783.1_cds_WP_005767026.1_662",639.24691844434,-0.553192181289932,0.325468275805643,0.0379333136895641,0.0995854621029797,"WP_005767026.1"
"lcl|NC_008783.1_cds_WP_005767028.1_663",135.008835489966,-0.49221847133611,0.312411200947259,0.0586383860738286,0.137209187967219,"WP_005767028.1"
"lcl|NC_008783.1_cds_WP_005767030.1_664",1101.80939589008,0.589130139123934,0.258121231444716,0.0100450319130005,0.0350835332890636,"WP_005767030.1"
"lcl|NC_008783.1_cds_WP_005767032.1_665",254.875276210806,0.0105645353050112,0.185998677326505,0.951962016740563,0.966657828319749,"WP_005767032.1"
"lcl|NC_008783.1_cds_WP_005767034.1_666",329.577887178632,-0.607126680061768,0.183818342642826,0.00045847780894304,0.00279813260715752,"WP_005767034.1"
"lcl|NC_008783.1_cds_WP_005767036.1_667",1508.07536790345,0.305928064589055,0.1472692870271,0.0311974518812526,0.085504127378248,"WP_005767036.1"
"lcl|NC_008783.1_cds_WP_005767038.1_668",1385.41700372819,-0.28445393393867,0.311050470867358,0.273031759435939,0.42987979145233,"WP_005767038.1"
"lcl|NC_008783.1_cds_WP_005767039.1_669",3354.89980221925,-0.337958197911708,0.368730359375848,0.229639014207576,0.381623649014898,"WP_005767039.1"
"lcl|NC_008783.1_cds_WP_005767040.1_670",763.044768505412,-0.724888562134549,0.357884915355448,0.00967592287539267,0.0340961091799551,"WP_005767040.1"
"lcl|NC_008783.1_cds_WP_005767041.1_671",1205.51163795429,-0.209610534580954,0.196363968156113,0.2540900829037,0.40654413264592,"WP_005767041.1"
"lcl|NC_008783.1_cds_WP_005767042.1_672",1588.4993027443,-0.038635188772645,0.252926167280203,0.864097761277907,0.907863644456795,"WP_005767042.1"
"lcl|NC_008783.1_cds_WP_005767043.1_673",1880.21917819269,0.343838025414042,0.237609455951181,0.109864489118848,0.221573761154964,"WP_005767043.1"
"lcl|NC_008783.1_cds_WP_005767044.1_674",485.319690101354,-0.253112781612252,0.186241687970244,0.149291667500361,0.279243814092302,"WP_005767044.1"
"lcl|NC_008783.1_cds_WP_011807356.1_675",1478.34762067595,-0.413404587976795,0.177991183805239,0.0141942480251677,0.0460438072925988,"WP_011807356.1"
"lcl|NC_008783.1_cds_WP_005767046.1_676",908.185990525059,0.000475809022572669,0.276462339906774,0.998422576740944,1,"WP_005767046.1"
"lcl|NC_008783.1_cds_WP_005767047.1_677",338.798667778828,-0.660177638740361,0.271102000794185,0.00535752921887228,0.0221794216613454,"WP_005767047.1"
"lcl|NC_008783.1_cds_WP_005767048.1_678",594.069636320384,0.05254693900984,0.275035903291981,0.82655891726264,0.888211320127256,"WP_005767048.1"
"lcl|NC_008783.1_cds_BARBAKC583_RS06815_679",36.4907549211323,-0.298331303082219,0.473070946802653,0.283241910780154,0.440899294177289,"BARBAKC583_RS06815"
"lcl|NC_008783.1_cds_BARBAKC583_RS07085_680",0.240252213890593,-0.0229012093434393,0.59504977696032,0.81727486771909,0.886129526904215,"BARBAKC583_RS07085"
"lcl|NC_008783.1_cds_BARBAKC583_RS03770_681",0.756833106017897,-0.0434074792108163,0.566225706179525,0.802219158179802,0.874610942251276,"BARBAKC583_RS03770"
"lcl|NC_008783.1_cds_WP_005767058.1_682",269.790303893032,-0.436290815207467,0.315915350762249,0.0958198299956785,0.198189284457364,"WP_005767058.1"
"lcl|NC_008783.1_cds_WP_005767060.1_683",475.577209621338,0.517173277945235,0.208890059691391,0.00752627370733783,0.0285415863858788,"WP_005767060.1"
"lcl|NC_008783.1_cds_WP_005767062.1_684",945.97150512916,0.18300950615588,0.186734118984771,0.298285936153975,0.455000775055995,"WP_005767062.1"
"lcl|NC_008783.1_cds_WP_005767064.1_685",575.666257963465,-0.233383527768566,0.219342662692116,0.247296953131485,0.401280808040573,"WP_005767064.1"
"lcl|NC_008783.1_cds_WP_005767066.1_686",1198.54319552594,-0.643087713493722,0.164248655026163,4.0599684420039e-05,0.000391399629493749,"WP_005767066.1"
"lcl|NC_008783.1_cds_WP_005767068.1_687",497.78160648895,-0.852135743979176,0.173850441298409,2.25478455335462e-07,4.68362265117872e-06,"WP_005767068.1"
"lcl|NC_008783.1_cds_WP_005767070.1_688",991.72026237646,-0.307605055564184,0.149956514297365,0.0331313913051628,0.0895606559482026,"WP_005767070.1"
"lcl|NC_008783.1_cds_WP_005767072.1_689",1436.16179908708,-0.302141322560237,0.165882857586752,0.0563396703214014,0.134217645192232,"WP_005767072.1"
"lcl|NC_008783.1_cds_WP_005767074.1_690",486.991101237147,-0.67211023102668,0.186215380511862,0.000124556225037806,0.000957627080810147,"WP_005767074.1"
"lcl|NC_008783.1_cds_WP_005767075.1_691",556.199551217668,-0.0963542720497388,0.188496234299549,0.587064039194096,0.73089781535837,"WP_005767075.1"
"lcl|NC_008783.1_cds_WP_005767077.1_692",743.427039824139,0.584378809704337,0.179169515491086,0.000562414845557228,0.0032879746447152,"WP_005767077.1"
"lcl|NC_008783.1_cds_WP_005767079.1_693",256.172089506944,-0.398406933760234,0.195933482987936,0.0297905130377311,0.0827980456259944,"WP_005767079.1"
"lcl|NC_008783.1_cds_WP_005767081.1_694",2297.20173194186,-0.0370662085997304,0.171606778888384,0.820414914058395,0.886500492818421,"WP_005767081.1"
"lcl|NC_008783.1_cds_WP_005767083.1_695",1151.04356926929,-0.273684562010454,0.198255428336908,0.139657884627933,0.265417231780856,"WP_005767083.1"
"lcl|NC_008783.1_cds_WP_005767085.1_696",845.437700539515,-0.784980560646942,0.177593666972358,2.91557451092166e-06,3.92277297833096e-05,"WP_005767085.1"
"lcl|NC_008783.1_cds_WP_172952860.1_697",346.154406322391,-0.383604253364431,0.208845930277292,0.0475363248082168,0.117993728664421,"WP_172952860.1"
"lcl|NC_008783.1_cds_WP_005767088.1_698",455.098799244257,-1.09553976015043,0.211569166741404,1.74473933934928e-08,6.45553555559233e-07,"WP_005767088.1"
"lcl|NC_008783.1_cds_WP_005767091.1_699",1294.77249253042,0.186027485324556,0.26292283120766,0.423153964585946,0.58054958756635,"WP_005767091.1"
"lcl|NC_008783.1_cds_WP_005767093.1_700",394.0536923236,-0.309354168169304,0.261083041186206,0.180564516089426,0.32148629631561,"WP_005767093.1"
"lcl|NC_008783.1_cds_WP_005767095.1_701",170.419970534708,-0.335833475271197,0.26624585806502,0.151797565804157,0.281906503449341,"WP_005767095.1"
"lcl|NC_008783.1_cds_WP_005767097.1_702",24.9245536880473,-0.636852009616034,0.343498028095758,0.0202751686781593,0.0609284256724382,"WP_005767097.1"
"lcl|NC_008783.1_cds_WP_005767099.1_703",939.175134368905,-0.527726058724629,0.295429440273879,0.0358614605495531,0.0954156613273504,"WP_005767099.1"
"lcl|NC_008783.1_cds_WP_080512677.1_704",42.8712297821928,-1.13312333145721,0.453353346342708,0.000274112368502842,0.00180305024615203,"WP_080512677.1"
"lcl|NC_008783.1_cds_WP_196242563.1_705",5.24367912404848,-0.684986909115361,0.54343121959509,0.0148927699953845,0.0477860153781443,"WP_196242563.1"
"lcl|NC_008783.1_cds_WP_080774880.1_706",59.9883715905611,-0.880959863098941,0.424582155200888,0.0033075397490207,0.0150043182484311,"WP_080774880.1"
"lcl|NC_008783.1_cds_WP_005767101.1_707",6203.54526489727,-0.618889368657566,0.19871731630124,0.000841691570922118,0.00463517590684553,"WP_005767101.1"
"lcl|NC_008783.1_cds_BARBAKC583_RS03910_708",3981.50956949742,-0.370143078933437,0.290553009597173,0.136836535020595,0.262648428920096,"BARBAKC583_RS03910"
"lcl|NC_008783.1_cds_WP_005767105.1_709",828.54476703392,-0.336637785353286,0.248293199883636,0.130299673711382,0.252083028879536,"WP_005767105.1"
"lcl|NC_008783.1_cds_WP_005767107.1_710",3567.58312851354,-0.261988076287129,0.165815142547657,0.0978716440889525,0.201530481045774,"WP_005767107.1"
"lcl|NC_008783.1_cds_WP_011807361.1_711",2268.833193484,0.177183595238519,0.287196453853036,0.473027113496027,0.629473500860024,"WP_011807361.1"
"lcl|NC_008783.1_cds_WP_005767112.1_712",247.250534745013,-0.518408873817949,0.26104075971771,0.0247256750077975,0.0714633744311121,"WP_005767112.1"
"lcl|NC_008783.1_cds_WP_005767115.1_713",1109.24877955294,-0.457351414590279,0.18500305135976,0.00872743958618825,0.0316333535753883,"WP_005767115.1"
"lcl|NC_008783.1_cds_WP_005767117.1_714",530.088363217123,-0.586403874519588,0.143747480375204,2.36720263752225e-05,0.000248032559542154,"WP_005767117.1"
"lcl|NC_008783.1_cds_WP_005767119.1_715",1318.22246831935,-0.142437146198344,0.376028242582665,0.613750167150002,0.751479005073012,"WP_005767119.1"
"lcl|NC_008783.1_cds_WP_005767122.1_716",2047.95753724896,-0.274019996254181,0.28657990596957,0.266431959364963,0.42286251995726,"WP_005767122.1"
"lcl|NC_008783.1_cds_WP_005767124.1_717",770.109617624131,-1.0300485701442,0.213219223964136,1.43976219213846e-07,3.34250673625871e-06,"WP_005767124.1"
"lcl|NC_008783.1_cds_WP_005767126.1_718",1042.69145155794,-0.734933409489068,0.251262754869724,0.00103562486438725,0.00550338734348153,"WP_005767126.1"
"lcl|NC_008783.1_cds_WP_005767128.1_719",685.83743365416,-0.786290290651902,0.231374196051851,0.000180343220855066,0.00124143240402557,"WP_005767128.1"
"lcl|NC_008783.1_cds_WP_005767130.1_720",412.847264805025,-0.0421623668109924,0.26233640787866,0.85572758717813,0.906244600374692,"WP_005767130.1"
"lcl|NC_008783.1_cds_WP_005767132.1_721",848.320258964489,-0.316706367342014,0.167906793477039,0.0478500310755481,0.118523926346127,"WP_005767132.1"
"lcl|NC_008783.1_cds_WP_011807364.1_722",718.039132325564,-0.585239824560204,0.212158992269451,0.00282080667567846,0.0130462308750129,"WP_011807364.1"
"lcl|NC_008783.1_cds_WP_005767144.1_723",342.946518443806,-0.97192678270866,0.341037544249656,0.000395355250924889,0.00247672284177285,"WP_005767144.1"
"lcl|NC_008783.1_cds_WP_005767146.1_724",462.931412669713,-0.585596867363296,0.191435851960009,0.00110796086063994,0.00583033626221197,"WP_005767146.1"
"lcl|NC_008783.1_cds_WP_005767147.1_725",1238.98410695997,-0.921024456349407,0.198296695352635,5.95294585124952e-07,1.0771644748654e-05,"WP_005767147.1"
"lcl|NC_008783.1_cds_WP_005767149.1_726",422.756798775615,-0.732993603502391,0.233001018409006,0.000520756039513226,0.00311401591304878,"WP_005767149.1"
"lcl|NC_008783.1_cds_WP_005767151.1_727",428.472370531262,-0.429693513356705,0.21391386487465,0.0295588120216962,0.0825856741369692,"WP_005767151.1"
"lcl|NC_008783.1_cds_WP_005767158.1_728",1144.43498346614,-0.892915450900695,0.300904029481008,0.000444339990704005,0.00274009660934137,"WP_005767158.1"
"lcl|NC_008783.1_cds_WP_005767165.1_729",181.348924130165,-1.17307510679651,0.231205820137366,1.94173577577279e-08,6.96671260156057e-07,"WP_005767165.1"
"lcl|NC_008783.1_cds_WP_005767167.1_730",2069.99764141425,-0.789888754396367,0.290537220679527,0.0014812426126268,0.00733803871694615,"WP_005767167.1"
"lcl|NC_008783.1_cds_WP_005767169.1_731",177.093469564568,-0.372999472980333,0.241837739031024,0.0871113317611609,0.185837507757143,"WP_005767169.1"
"lcl|NC_008783.1_cds_WP_011807366.1_732",512.841980078945,0.431212265834874,0.295590602365835,0.0865266191671479,0.185257716263839,"WP_011807366.1"
"lcl|NC_008783.1_cds_BARBAKC583_RS07220_733",131.527797120479,-0.214441373765586,0.353325163452753,0.437983781880074,0.594548570971154,"BARBAKC583_RS07220"
"lcl|NC_008783.1_cds_WP_005767173.1_734",795.657255615548,0.679454456533606,0.160833176500749,9.8493603012729e-06,0.000112131178814491,"WP_005767173.1"
"lcl|NC_008783.1_cds_WP_005767175.1_735",200.854883816374,0.06547800731407,0.186458366112237,0.70946098732569,0.81194977918987,"WP_005767175.1"
"lcl|NC_008783.1_cds_WP_005767176.1_736",137.365613269342,-0.353938447350501,0.335092779819076,0.190328233541143,0.33286355762587,"WP_005767176.1"
"lcl|NC_008783.1_cds_WP_005767179.1_737",407.89655437278,-0.939986863597599,0.191686741821757,1.54353932569068e-07,3.38435289188476e-06,"WP_005767179.1"
"lcl|NC_008783.1_cds_WP_005767181.1_738",203.119305775427,-0.934426769200731,0.273149252479868,8.52199353914338e-05,0.000705597227296907,"WP_005767181.1"
"lcl|NC_008783.1_cds_WP_035453098.1_739",433.491867196248,0.102226843429031,0.167673137713763,0.522633024672936,0.677762870988781,"WP_035453098.1"
"lcl|NC_008783.1_cds_WP_005767184.1_740",5249.27667177816,0.111480581587901,0.276608610545004,0.643333056173225,0.772552271753173,"WP_005767184.1"
"lcl|NC_008783.1_cds_WP_005767186.1_741",1364.34642147941,0.37410046005116,0.341588070734633,0.170315768225992,0.306931308340297,"WP_005767186.1"
"lcl|NC_008783.1_cds_WP_005767188.1_742",186.966234753474,0.267879125796015,0.183065212888107,0.121276142179855,0.239969601115908,"WP_005767188.1"
"lcl|NC_008783.1_cds_WP_005767190.1_743",1762.46568806973,0.380024935122006,0.157836558424321,0.0120160462878084,0.0403179200653345,"WP_005767190.1"
"lcl|NC_008783.1_cds_WP_005767192.1_744",1548.5305551376,0.225183760936159,0.279331809320608,0.352838347164264,0.510487673934524,"WP_005767192.1"
"lcl|NC_008783.1_cds_WP_005767194.1_745",1326.37048768037,-0.221797154318905,0.188654963398162,0.211513402044359,0.360852835764439,"WP_005767194.1"
"lcl|NC_008783.1_cds_WP_005767196.1_746",193.162605953059,-0.107860458323553,0.210001550345654,0.579405647381265,0.724578085997656,"WP_005767196.1"
"lcl|NC_008783.1_cds_WP_005767198.1_747",871.083845760605,1.06697373075265,0.185676434966121,8.64361777922141e-10,4.72164354351925e-08,"WP_005767198.1"
"lcl|NC_008783.1_cds_WP_005767200.1_748",136.104457238151,0.506460358140451,0.377178038903998,0.0751252891796908,0.165331491428911,"WP_005767200.1"
"lcl|NC_008783.1_cds_WP_005767202.1_749",1134.45431191424,-0.594199756685762,0.26857503550659,0.0116591568254031,0.0395542741583877,"WP_005767202.1"
"lcl|NC_008783.1_cds_BARBAKC583_RS04135_750",632.758339410762,-0.763853279954013,0.195004913457354,2.750771595862e-05,0.000283209875608748,"BARBAKC583_RS04135"
"lcl|NC_008783.1_cds_WP_225866720.1_751",14.0135060468637,-0.218760771792609,0.383268832833005,0.440907277048881,0.596610532601,"WP_225866720.1"
"lcl|NC_008783.1_cds_WP_005767215.1_752",91.0646041832672,-0.530253731788564,0.299573579113967,0.0366283585070157,0.0968035189113987,"WP_005767215.1"
"lcl|NC_008783.1_cds_WP_005767217.1_753",926.347756985765,-0.227755015746026,0.27537155776774,0.342630438954579,0.502694473013905,"WP_005767217.1"
"lcl|NC_008783.1_cds_WP_011807367.1_754",330.086032743202,0.0407738836979099,0.368637982065726,0.884390105470088,0.917719443362475,"WP_011807367.1"
"lcl|NC_008783.1_cds_WP_005767222.1_755",473.373079445986,0.342265038750526,0.221552648740744,0.0923212692777736,0.192776965957777,"WP_005767222.1"
"lcl|NC_008783.1_cds_WP_005767224.1_756",349.800957216339,-0.949809481862427,0.192712222409181,1.30310605143271e-07,3.08575512979265e-06,"WP_005767224.1"
"lcl|NC_008783.1_cds_WP_005767246.1_757",448.684309733055,0.21394713189741,0.214762078059267,0.280506142529434,0.437574799413504,"WP_005767246.1"
"lcl|NC_008783.1_cds_WP_005767248.1_758",662.536515976379,-0.160394407399107,0.157363220812474,0.28797177071567,0.445115635153203,"WP_005767248.1"
"lcl|NC_008783.1_cds_WP_005767250.1_759",1526.15143344482,-0.397726361075208,0.244158633468821,0.0701453151650059,0.156701987085598,"WP_005767250.1"
"lcl|NC_008783.1_cds_WP_035453092.1_760",721.407070175746,0.542976878638465,0.308533915017932,0.0356127787164221,0.0951817832962613,"WP_035453092.1"
"lcl|NC_008783.1_cds_WP_005767254.1_761",1334.40291574425,-0.165645316243269,0.311745827591088,0.523725754445891,0.678421890170141,"WP_005767254.1"
"lcl|NC_008783.1_cds_WP_005767256.1_762",1261.68933376825,-1.01692858314941,0.18907735916998,8.92473510789204e-09,3.77388798848006e-07,"WP_005767256.1"
"lcl|NC_008783.1_cds_WP_005767258.1_763",303.311104654682,-0.617422553721337,0.301826745861362,0.0154315626998622,0.0490584885982127,"WP_005767258.1"
"lcl|NC_008783.1_cds_WP_005767260.1_764",2893.20592918846,0.892183196582883,0.269191828182809,0.000150790708753351,0.00108515232561286,"WP_005767260.1"
"lcl|NC_008783.1_cds_WP_005767262.1_765",91.8976040696189,0.134243198038346,0.211173034050598,0.49231161995245,0.647663286693001,"WP_005767262.1"
"lcl|NC_008783.1_cds_WP_005767264.1_766",729.12815642355,0.0139097683507138,0.187556823391638,0.937237886096489,0.958281223780866,"WP_005767264.1"
"lcl|NC_008783.1_cds_WP_005767266.1_767",3351.04721036083,-0.230879120193822,0.168299245263078,0.150092983406179,0.280299830209646,"WP_005767266.1"
"lcl|NC_008783.1_cds_WP_005767268.1_768",308.246657304822,-0.300595215942843,0.177167699446856,0.0734709862452263,0.162901962011888,"WP_005767268.1"
"lcl|NC_008783.1_cds_WP_005767270.1_769",1088.89040394698,0.105685222629684,0.22689765824613,0.610345678666782,0.748084144452868,"WP_005767270.1"
"lcl|NC_008783.1_cds_WP_005767272.1_770",579.820711031356,-0.746701285809845,0.21200214194803,0.000134433798298854,0.0010264535697737,"WP_005767272.1"
"lcl|NC_008783.1_cds_WP_005767273.1_771",515.456131518769,-0.0855109489524337,0.204640172927288,0.653374573361552,0.778265085372311,"WP_005767273.1"
"lcl|NC_008783.1_cds_WP_005767274.1_772",1347.36338087682,-0.0792026187087643,0.154179854244909,0.592937469647935,0.734349334794095,"WP_005767274.1"
"lcl|NC_008783.1_cds_WP_035453088.1_773",1997.41992029414,0.538994784698624,0.220332595874453,0.00769431733301158,0.0289208626104308,"WP_035453088.1"
"lcl|NC_008783.1_cds_WP_005767276.1_774",1121.56110644774,-0.0873687973642682,0.312446635317833,0.736942972621607,0.831783107325055,"WP_005767276.1"
"lcl|NC_008783.1_cds_WP_005767277.1_775",1014.2030589182,-0.102396498599104,0.321965275660196,0.698629188176377,0.806215359455001,"WP_005767277.1"
"lcl|NC_008783.1_cds_WP_005767278.1_776",1069.74702905292,0.378023409107959,0.215130467174212,0.0567904972272887,0.134548249931386,"WP_005767278.1"
"lcl|NC_008783.1_cds_WP_005767279.1_777",99.3165572530817,-0.646935947482754,0.306917605676035,0.0120204609654249,0.0403179200653345,"WP_005767279.1"
"lcl|NC_008783.1_cds_WP_005767280.1_778",2069.52825543547,-0.27237251974803,0.139985814303686,0.0443625456539513,0.111518586102502,"WP_005767280.1"
"lcl|NC_008783.1_cds_WP_011807371.1_779",333.852255787636,-0.544632133012505,0.226140409681784,0.00837078386013543,0.0309719002825011,"WP_011807371.1"
"lcl|NC_008783.1_cds_WP_005767292.1_780",1142.06643220985,-0.940026285350714,0.216186539512279,2.13550779539622e-06,3.1605515371864e-05,"WP_005767292.1"
"lcl|NC_008783.1_cds_WP_005767294.1_781",1242.04027910374,-0.494636759883012,0.155446780845044,0.000912125522306934,0.00490889372005186,"WP_005767294.1"
"lcl|NC_008783.1_cds_WP_011807373.1_782",267.412820385718,0.176273332955065,0.17385927903741,0.285897498827918,0.443066280906093,"WP_011807373.1"
"lcl|NC_008783.1_cds_BARBAKC583_RS06960_783",13.3666400305654,-0.674858127717395,0.427644137275995,0.0223635497344032,0.0660310296397342,"BARBAKC583_RS06960"
"lcl|NC_008783.1_cds_BARBAKC583_RS07225_784",5.1431217781068,-0.725404263236183,0.532808146600382,0.0119084017843187,0.0401696516029439,"BARBAKC583_RS07225"
"lcl|NC_008783.1_cds_WP_005767302.1_785",1.34091913733716,-0.176546330343141,0.549598214530871,0.402375857635101,0.558514672262555,"WP_005767302.1"
"lcl|NC_008783.1_cds_WP_005767305.1_786",125.636855657184,-0.836250389892487,0.245782600233757,0.000144422444708754,0.00106242848347232,"WP_005767305.1"
"lcl|NC_008783.1_cds_WP_005767307.1_787",1451.32684044394,0.0250920912008843,0.369916365256711,0.928771665108082,0.952196677218606,"WP_005767307.1"
"lcl|NC_008783.1_cds_WP_005767309.1_788",737.487206944768,0.0132418201159633,0.187361335321539,0.940191552310044,0.958817224750295,"WP_005767309.1"
"lcl|NC_008783.1_cds_WP_005767311.1_789",132.998661225687,-0.390270731198113,0.204156691960543,0.0398818410124657,0.104009030305637,"WP_005767311.1"
"lcl|NC_008783.1_cds_WP_005767313.1_790",101.901131767488,-1.34684479279926,0.461783383712933,2.35374034226689e-05,0.000248032559542154,"WP_005767313.1"
"lcl|NC_008783.1_cds_WP_005767315.1_791",590.828222957839,0.100312376645175,0.270269067580044,0.671969868645337,0.790081752210604,"WP_005767315.1"
"lcl|NC_008783.1_cds_WP_005767317.1_792",198.684565146918,-0.616077692409905,0.278054554401342,0.0107068776449493,0.0367447627003476,"WP_005767317.1"
"lcl|NC_008783.1_cds_WP_005767319.1_793",723.320486787366,-1.1876317125314,0.314740825243496,5.63987316837099e-06,7.10384024611836e-05,"WP_005767319.1"
"lcl|NC_008783.1_cds_WP_005767321.1_794",225.835923277472,-0.167081897174529,0.291768542904149,0.50303080779642,0.659566419081907,"WP_005767321.1"
"lcl|NC_008783.1_cds_WP_005767322.1_795",182.80273737223,-0.546951702036816,0.210485252263853,0.00496895934892375,0.0210869099251818,"WP_005767322.1"
"lcl|NC_008783.1_cds_WP_005767325.1_796",734.789801489748,-0.130971435505164,0.168390798854931,0.414544176730442,0.571787465216128,"WP_005767325.1"
"lcl|NC_008783.1_cds_WP_005767328.1_797",655.227462109874,0.246542797526211,0.168872869687271,0.125476959545701,0.245272833078038,"WP_005767328.1"
"lcl|NC_008783.1_cds_WP_005767330.1_798",4625.43368847363,1.45425918329783,0.270897286986833,6.92673965818081e-10,4.10062987764304e-08,"WP_005767330.1"
"lcl|NC_008783.1_cds_WP_005767333.1_799",2546.43338629842,0.692279917684665,0.30485020859836,0.00695513138236299,0.0271697085263417,"WP_005767333.1"
"lcl|NC_008783.1_cds_WP_005767335.1_800",576.034091010382,-0.406930648791015,0.242785604512767,0.0627388603775807,0.144794898591991,"WP_005767335.1"
"lcl|NC_008783.1_cds_WP_005767337.1_801",597.611382151797,-0.154944802057368,0.246310965455772,0.483675878261222,0.638430590703776,"WP_005767337.1"
"lcl|NC_008783.1_cds_WP_005767354.1_802",106.705991441266,0.0947114117381851,0.25812643969906,0.679391740510857,0.796435466103816,"WP_005767354.1"
"lcl|NC_008783.1_cds_BARBAKC583_RS07105_803",1.18766453583852,0.111068513587125,0.555782179202662,0.570894810147201,0.717557808083106,"BARBAKC583_RS07105"
"lcl|NC_008783.1_cds_WP_414945892.1_804",2.99692607840254,-0.234657548107374,0.509910446375802,0.357826734560471,0.516037580657244,"WP_414945892.1"
"lcl|NC_008783.1_cds_WP_414945891.1_805",0.879798003147076,-0.126718872044101,0.56656984873033,0.480498318283417,0.634944206303086,"WP_414945891.1"
"lcl|NC_008783.1_cds_WP_005767360.1_806",647.445675477188,-0.0834437423814096,0.227936645167353,0.688526906432625,0.800801431450125,"WP_005767360.1"
"lcl|NC_008783.1_cds_WP_005767366.1_807",3089.00398500727,0.781087112056627,0.163381469672885,5.33943625761112e-07,9.87795707658057e-06,"WP_005767366.1"
"lcl|NC_008783.1_cds_WP_005767368.1_808",969.374494801669,-0.00241640272766574,0.213130039281858,0.990214965658888,0.993571626559426,"WP_005767368.1"
"lcl|NC_008783.1_cds_WP_005767371.1_809",303.911391200374,0.323945153251813,0.163092829470785,0.0377214272132653,0.0992492662677914,"WP_005767371.1"
"lcl|NC_008783.1_cds_WP_005767374.1_810",137.134862753141,0.035046832770927,0.244412686625811,0.873389003684908,0.912760066614328,"WP_005767374.1"
"lcl|NC_008783.1_cds_BARBAKC583_RS04450_811",165.991455675847,0.347413391647248,0.221600055272529,0.0875756408815494,0.186204652872263,"BARBAKC583_RS04450"
"lcl|NC_008783.1_cds_WP_005767377.1_812",5.03334186349698,-0.395474458126351,0.548472328449722,0.0997558851780898,0.203289101636589,"WP_005767377.1"
"lcl|NC_008783.1_cds_WP_005767379.1_813",553.629935126489,0.600547229952005,0.165968124543227,0.000147209690919451,0.00107590292622611,"WP_005767379.1"
"lcl|NC_008783.1_cds_WP_005767382.1_814",1766.14705612113,0.222015310571525,0.149858459889165,0.123948998556202,0.243122017180196,"WP_005767382.1"
"lcl|NC_008783.1_cds_WP_005767384.1_815",1828.1893601718,0.028402388997852,0.146207090791556,0.840447745235863,0.896411920861238,"WP_005767384.1"
"lcl|NC_008783.1_cds_WP_005767386.1_816",178.908741106941,0.532680153948962,0.315762383623039,0.0420161470612125,0.107677744849514,"WP_005767386.1"
"lcl|NC_008783.1_cds_WP_005767388.1_817",1018.68135540289,0.766249353536859,0.308389412942539,0.00301562280391355,0.0138391372086575,"WP_005767388.1"
"lcl|NC_008783.1_cds_WP_005767390.1_818",8810.56833690207,-0.425201132736691,0.198958690363832,0.0220829596199977,0.0653655604751932,"WP_005767390.1"
"lcl|NC_008783.1_cds_WP_005767392.1_819",114.469698126589,-0.102196955507837,0.34807173962717,0.70977028839655,0.81194977918987,"WP_005767392.1"
"lcl|NC_008783.1_cds_WP_005767394.1_820",513.938563530331,-0.231225765641511,0.218393124558023,0.25000680691077,0.403308474788289,"WP_005767394.1"
"lcl|NC_008783.1_cds_WP_005767396.1_821",15.7032587401699,-0.196569084071166,0.347902545017228,0.474217089184967,0.630160531531988,"WP_005767396.1"
"lcl|NC_008783.1_cds_WP_005767398.1_822",1315.89915294206,0.72631127423069,0.21305638837647,0.000217409383302888,0.00145430909508824,"WP_005767398.1"
"lcl|NC_008783.1_cds_WP_005767400.1_823",323.43773842673,0.738193715464177,0.349548311469892,0.00772519484414724,0.0289450338464251,"WP_005767400.1"
"lcl|NC_008783.1_cds_WP_005767402.1_824",3833.33339462848,0.281614588639593,0.353022711417202,0.308551858571562,0.462437215884468,"WP_005767402.1"
"lcl|NC_008783.1_cds_WP_005767404.1_825",708.827548212566,0.202192525170246,0.386504129528055,0.476981289960073,0.632305033660836,"WP_005767404.1"
"lcl|NC_008783.1_cds_WP_005767406.1_826",957.758320047342,-0.0711632351179088,0.33318266192819,0.791473873682278,0.867689876333164,"WP_005767406.1"
"lcl|NC_008783.1_cds_WP_005767408.1_827",251.239281876484,0.138628622688429,0.155389926625292,0.352870622949844,0.510487673934524,"WP_005767408.1"
"lcl|NC_008783.1_cds_WP_005767411.1_828",289.998197015333,0.322070284564464,0.173010098548893,0.0501256720523741,0.122621478739692,"WP_005767411.1"
"lcl|NC_008783.1_cds_WP_035453042.1_829",1320.48237601593,0.0816609107640754,0.164128596857176,0.602625466416148,0.741742980023411,"WP_035453042.1"
"lcl|NC_008783.1_cds_WP_005767415.1_830",430.314659350941,0.204149481509115,0.16113694561715,0.185632248363119,0.326580359675977,"WP_005767415.1"
"lcl|NC_008783.1_cds_WP_005767417.1_831",1632.51525912314,-0.636541068480157,0.266793794959529,0.00661385505231313,0.0260284361629566,"WP_005767417.1"
"lcl|NC_008783.1_cds_WP_005767421.1_832",259.949224314998,-0.387343277280117,0.221634082247898,0.0568193623021055,0.134548249931386,"WP_005767421.1"
"lcl|NC_008783.1_cds_WP_011807385.1_833",341.566405486471,0.722533960493025,0.196998175006354,8.48359701203065e-05,0.000705597227296907,"WP_011807385.1"
"lcl|NC_008783.1_cds_WP_005767425.1_834",522.708787057012,0.303366291829729,0.18756906640305,0.0858274782529984,0.184427829857623,"WP_005767425.1"
"lcl|NC_008783.1_cds_WP_005767427.1_835",100.055079667398,-0.208906413433585,0.22783699872363,0.315350924165393,0.470246214372575,"WP_005767427.1"
"lcl|NC_008783.1_cds_WP_005767428.1_836",319.84572181564,-0.460486749924138,0.181959407483557,0.0073764041688341,0.0282642800514549,"WP_005767428.1"
"lcl|NC_008783.1_cds_WP_005767430.1_837",327.258276096861,0.26468208138441,0.155837349577701,0.0768261733081669,0.167826917337398,"WP_005767430.1"
"lcl|NC_008783.1_cds_WP_172952867.1_838",381.258272849587,-0.0984616888923519,0.216977803695851,0.622445966416783,0.756648895521018,"WP_172952867.1"
"lcl|NC_008783.1_cds_WP_005767434.1_839",593.372039277834,0.847690541748454,0.23072465745273,5.13407039332965e-05,0.000474901511382992,"WP_005767434.1"
"lcl|NC_008783.1_cds_WP_005767435.1_840",451.791672767679,0.289788462777093,0.200518788421151,0.12140046979919,0.239969601115908,"WP_005767435.1"
"lcl|NC_008783.1_cds_WP_005767436.1_841",372.875716152878,0.227670056571119,0.209843924476503,0.241666930155209,0.396856650906751,"WP_005767436.1"
"lcl|NC_008783.1_cds_WP_005767438.1_842",175.974452362221,-0.21254525822674,0.201567302621755,0.25812523507641,0.41188716756128,"WP_005767438.1"
"lcl|NC_008783.1_cds_WP_005767440.1_843",229.062524386698,-0.100554014728723,0.224852468863699,0.62526715115415,0.757744428829595,"WP_005767440.1"
"lcl|NC_008783.1_cds_WP_005767442.1_844",75.5637524182749,-0.350943188510309,0.283739780278219,0.151905700338412,0.281906503449341,"WP_005767442.1"
"lcl|NC_008783.1_cds_WP_005767445.1_845",187.121177191356,-0.185990663617847,0.194916955058703,0.308492609992526,0.462437215884468,"WP_005767445.1"
"lcl|NC_008783.1_cds_WP_005767447.1_846",116.642242481633,-0.771798886153567,0.240697527822331,0.000367352387834593,0.00233841519997934,"WP_005767447.1"
"lcl|NC_008783.1_cds_WP_005767450.1_847",581.69300500767,-0.366674884291248,0.266831601320123,0.118178817819093,0.235959056151444,"WP_005767450.1"
"lcl|NC_008783.1_cds_WP_005767452.1_848",211.785130938942,-0.542120409182341,0.216622205423268,0.00655951076398845,0.0259747850988707,"WP_005767452.1"
"lcl|NC_008783.1_cds_WP_005767454.1_849",380.406276119971,0.495534682233051,0.215312804679194,0.0125378074435158,0.0414658212657057,"WP_005767454.1"
"lcl|NC_008783.1_cds_WP_005767457.1_850",1614.25329809712,-0.402341551540343,0.245006525229098,0.0676803806771049,0.152635372803223,"WP_005767457.1"
"lcl|NC_008783.1_cds_WP_005767459.1_851",3.06381290789903,-0.074176121673324,0.50788366840922,0.767299309508623,0.851633270118312,"WP_005767459.1"
"lcl|NC_008783.1_cds_WP_005767461.1_852",4896.54996250868,-0.321875469814593,0.260019803683326,0.162285939346136,0.294329702046115,"WP_005767461.1"
"lcl|NC_008783.1_cds_WP_005767462.1_853",3228.84831335993,-0.0807547160425425,0.156273517526595,0.590325397612667,0.731879864684186,"WP_005767462.1"
"lcl|NC_008783.1_cds_WP_035453153.1_854",2134.44352226261,0.54281155527304,0.147634702253403,0.000135242193314778,0.0010264535697737,"WP_035453153.1"
"lcl|NC_008783.1_cds_WP_005767464.1_855",507.088179237546,-0.370846947696732,0.24758250457057,0.0948248872871067,0.196969590434972,"WP_005767464.1"
"lcl|NC_008783.1_cds_WP_005767465.1_856",321.733395714046,-0.849105987751105,0.195042151344411,3.09187056028746e-06,4.11323004874197e-05,"WP_005767465.1"
"lcl|NC_008783.1_cds_WP_005767466.1_857",61.5795667713716,-0.265077734807921,0.293551726398207,0.289895119192585,0.445926541359449,"WP_005767466.1"
"lcl|NC_008783.1_cds_WP_035453032.1_858",116.697071361818,0.409689932461999,0.245216068711358,0.0629808891679689,0.144794898591991,"WP_035453032.1"
"lcl|NC_008783.1_cds_WP_005767468.1_859",3987.91930808467,-0.283075479213529,0.234129197559512,0.183039399852817,0.323397952059826,"WP_005767468.1"
"lcl|NC_008783.1_cds_WP_005767469.1_860",975.989280038825,0.833541786142784,0.194253836056581,4.34209388071612e-06,5.58808603779118e-05,"WP_005767469.1"
"lcl|NC_008783.1_cds_WP_005767473.1_861",4872.15819198569,-0.268636061282682,0.1689841467759,0.0952037193158517,0.197410164045479,"WP_005767473.1"
"lcl|NC_008783.1_cds_WP_005767476.1_862",3961.95481665366,0.206289926184132,0.323723359266534,0.436837318345057,0.593817893134957,"WP_005767476.1"
"lcl|NC_008783.1_cds_WP_005767479.1_863",3281.98522050766,-0.985432884480323,0.222098342372811,1.15511142228355e-06,1.87263747189309e-05,"WP_005767479.1"
"lcl|NC_008783.1_cds_WP_005767481.1_864",1153.85010447229,-0.013338456576027,0.195258544118736,0.941873746053122,0.959706123345006,"WP_005767481.1"
"lcl|NC_008783.1_cds_WP_005767483.1_865",3336.4447317006,0.810523891558462,0.349586374020442,0.00348190262269915,0.0156158057018022,"WP_005767483.1"
"lcl|NC_008783.1_cds_WP_005767485.1_866",423.208056193207,-0.188943318048917,0.173194080477395,0.2510459002694,0.403308474788289,"WP_005767485.1"
"lcl|NC_008783.1_cds_WP_005767487.1_867",441.795734794383,-0.0688094495444965,0.176801001791673,0.681545743043511,0.796594432145624,"WP_005767487.1"
"lcl|NC_008783.1_cds_WP_005767489.1_868",1688.79273831019,0.347804501862503,0.284348688036384,0.15619866571037,0.288516724182649,"WP_005767489.1"
"lcl|NC_008783.1_cds_WP_080512680.1_869",7.350695256709,-0.167411141500506,0.439892427228513,0.555612286542895,0.70643996399456,"WP_080512680.1"
"lcl|NC_008783.1_cds_WP_005767491.1_870",1031.73538183773,0.371802704463074,0.321351599912041,0.159699261198572,0.292434395062467,"WP_005767491.1"
"lcl|NC_008783.1_cds_WP_005767493.1_871",23588.3843301274,-0.563698399846558,0.357478328603882,0.0434793204716232,0.110234508433409,"WP_005767493.1"
"lcl|NC_008783.1_cds_WP_005767496.1_872",646.820409233997,0.583894242345571,0.155766642766411,9.2701116658965e-05,0.000750572928068459,"WP_005767496.1"
"lcl|NC_008783.1_cds_WP_005767499.1_873",580.601691583253,-0.602230447105287,0.280951232430447,0.0132566220907952,0.0435995570986152,"WP_005767499.1"
"lcl|NC_008783.1_cds_WP_005767501.1_874",473.310896643908,0.336993303199919,0.269327399431432,0.153758408170888,0.284453055116143,"WP_005767501.1"
"lcl|NC_008783.1_cds_WP_005767503.1_875",1171.18114026465,0.436650394475849,0.262564247551151,0.0597216276050677,0.139193714733071,"WP_005767503.1"
"lcl|NC_008783.1_cds_WP_005767509.1_876",1555.37051636875,-0.124804383440176,0.369362347901498,0.656595942033001,0.778548138581848,"WP_005767509.1"
"lcl|NC_008783.1_cds_WP_005767511.1_877",577.643847105289,-0.328586215333685,0.176245826740448,0.0493220736177994,0.121156297019657,"WP_005767511.1"
"lcl|NC_008783.1_cds_WP_005767513.1_878",179.820945226181,-0.252228570363883,0.250130458698079,0.259729675472216,0.413889550146842,"WP_005767513.1"
"lcl|NC_008783.1_cds_WP_005767516.1_879",248.768994921352,-0.361787407696784,0.246436053335529,0.101961111744335,0.207070250952474,"WP_005767516.1"
"lcl|NC_008783.1_cds_WP_005767518.1_880",1580.91794390794,-0.971026045870534,0.166767324813528,8.77332415180943e-10,4.72164354351925e-08,"WP_005767518.1"
"lcl|NC_008783.1_cds_WP_005767521.1_881",1512.96974417277,-0.518058563289342,0.225926637515764,0.0120867011944127,0.0403827044240754,"WP_005767521.1"
"lcl|NC_008783.1_cds_WP_005767523.1_882",63.9236784572303,-1.06752479137489,0.295616146817925,2.11591254872859e-05,0.00022569733853105,"WP_005767523.1"
"lcl|NC_008783.1_cds_WP_005767525.1_883",1339.66262476202,-0.190695853060075,0.27744183962558,0.429262403447553,0.587423271574352,"WP_005767525.1"
"lcl|NC_008783.1_cds_WP_005767527.1_884",2712.32914419371,0.537675757171302,0.274735073330618,0.0247466076999628,0.0714633744311121,"WP_005767527.1"
"lcl|NC_008783.1_cds_WP_005767530.1_885",184.56625069291,0.609474655455662,0.205808612850441,0.0014170129792968,0.00716984345080089,"WP_005767530.1"
"lcl|NC_008783.1_cds_WP_005767534.1_886",197.853751459589,0.71688472009005,0.300237181042614,0.0047694535535367,0.0204602645195197,"WP_005767534.1"
"lcl|NC_008783.1_cds_WP_005767536.1_887",729.731343768939,0.938269051196347,0.215961102067049,2.18765108117286e-06,3.19775170383787e-05,"WP_005767536.1"
"lcl|NC_008783.1_cds_WP_005767538.1_888",535.045954783734,-0.169059096443423,0.205118327812525,0.375526041575903,0.53248243500104,"WP_005767538.1"
"lcl|NC_008783.1_cds_WP_005767539.1_889",143.012966876492,0.543373170450898,0.217890634306707,0.00669529948776935,0.0262491211705924,"WP_005767539.1"
"lcl|NC_008783.1_cds_WP_005767541.1_890",515.495085362027,-0.346327534284277,0.191464253842882,0.0540368911227274,0.130039998149003,"WP_005767541.1"
"lcl|NC_008783.1_cds_BARBAKC583_RS04875_891",537.640912136289,-0.176026194291877,0.14538748879132,0.209725693458542,0.359877131963644,"BARBAKC583_RS04875"
"lcl|NC_008783.1_cds_WP_011807393.1_892",177.383933783902,0.340927966348302,0.234640567066575,0.109366810836652,0.220973215069277,"WP_011807393.1"
"lcl|NC_008783.1_cds_WP_172952861.1_893",1705.99406207353,0.504482937209322,0.332222752886315,0.0611128571911922,0.142117730851521,"WP_172952861.1"
"lcl|NC_008783.1_cds_WP_005767548.1_894",124.305434359842,0.408247954107172,0.2309625384018,0.0521517186946636,0.126015581498942,"WP_005767548.1"
"lcl|NC_008783.1_cds_WP_011807395.1_895",2362.834027625,0.455093596606531,0.325553379341355,0.087597965920482,0.186204652872263,"WP_011807395.1"
"lcl|NC_008783.1_cds_WP_005767552.1_896",1179.4987301291,0.591388963727691,0.192348388074332,0.00103653325810505,0.00550338734348153,"WP_005767552.1"
"lcl|NC_008783.1_cds_WP_005767554.1_897",246.960212629862,-0.339968368798074,0.25729516814887,0.136870000543665,0.262648428920096,"WP_005767554.1"
"lcl|NC_008783.1_cds_WP_005767556.1_898",541.06175568918,0.877311510727825,0.360162634766437,0.00185422135686124,0.00907189291951947,"WP_005767556.1"
"lcl|NC_008783.1_cds_WP_005767557.1_899",1584.90972605379,-0.609285375926481,0.226618692755562,0.00321892689341618,0.0147150943699025,"WP_005767557.1"
"lcl|NC_008783.1_cds_WP_005767559.1_900",748.434266210164,0.32836322324366,0.20806313078805,0.0889059996683567,0.188143147640501,"WP_005767559.1"
"lcl|NC_008783.1_cds_WP_011807396.1_901",557.651353596606,-1.19770524715046,0.239266158357792,2.37496884777694e-08,7.92909204881622e-07,"WP_011807396.1"
"lcl|NC_008783.1_cds_BARBAKC583_RS04955_902",439.675672569425,0.194737409597408,0.248580610717308,0.382020077585013,0.539108190537134,"BARBAKC583_RS04955"
"lcl|NC_008783.1_cds_WP_005767565.1_903",523.100830523737,-0.615110753971167,0.17131405958165,0.000157486068192529,0.00111654793257458,"WP_005767565.1"
"lcl|NC_008783.1_cds_WP_005767566.1_904",665.189286552049,1.20402470717771,0.149148929425042,3.44887705100272e-17,5.10433803548403e-15,"WP_005767566.1"
"lcl|NC_008783.1_cds_WP_005767569.1_905",155.987873635452,0.128150151720063,0.257865607915028,0.575726208576196,0.722560543115698,"WP_005767569.1"
"lcl|NC_008783.1_cds_WP_005767571.1_906",189.927576919766,0.406599026401181,0.241284145896069,0.0616934839772681,0.142945371876879,"WP_005767571.1"
"lcl|NC_008783.1_cds_WP_005767573.1_907",446.725431113584,-0.119230338738402,0.238773931279919,0.580906614749923,0.725520497746739,"WP_005767573.1"
"lcl|NC_008783.1_cds_WP_005767576.1_908",480.6036200522,-0.00970288748042885,0.189297785106969,0.95654795516226,0.969651351808318,"WP_005767576.1"
"lcl|NC_008783.1_cds_WP_005767578.1_909",2457.68003639829,0.120770838223156,0.22978662891264,0.564321112855697,0.712862610531486,"WP_005767578.1"
"lcl|NC_008783.1_cds_BARBAKC583_RS05005_910",2184.91561616501,-0.144958575800536,0.243842157561469,0.509032214223526,0.663513335242316,"BARBAKC583_RS05005"
"lcl|NC_008783.1_cds_WP_035453010.1_911",245.474537561301,0.0353629604568501,0.266849978251147,0.880266948633819,0.915044835103109,"WP_035453010.1"
"lcl|NC_008783.1_cds_WP_005767582.1_912",193.745184181782,-0.126968166563822,0.204127964076127,0.503980069226368,0.660077557178027,"WP_005767582.1"
"lcl|NC_008783.1_cds_WP_005767584.1_913",130.830350080081,-0.170695573819082,0.33691259123841,0.528292334977123,0.682858214642919,"WP_005767584.1"
"lcl|NC_008783.1_cds_WP_005767586.1_914",548.072349586505,-0.529928291088005,0.203235196589523,0.00506434531595847,0.0212630668584923,"WP_005767586.1"
"lcl|NC_008783.1_cds_WP_005767588.1_915",718.431603905971,0.263482663795587,0.213530557540561,0.181699081490355,0.323020589316187,"WP_005767588.1"
"lcl|NC_008783.1_cds_WP_005767590.1_916",471.107209617704,-0.287058475594258,0.261971135537277,0.215202600738845,0.363999827535419,"WP_005767590.1"
"lcl|NC_008783.1_cds_WP_005767593.1_917",385.993210986396,-0.2159972030278,0.201733986333329,0.25080470233656,0.403308474788289,"WP_005767593.1"
"lcl|NC_008783.1_cds_WP_011807398.1_918",73530.967605492,-0.0490780760726103,0.274944857485319,0.837807340697551,0.894466989527412,"WP_011807398.1"
"lcl|NC_008783.1_cds_WP_005767595.1_919",226.520076141181,0.240290019759704,0.207902381985348,0.212968334931583,0.362290960573268,"WP_005767595.1"
"lcl|NC_008783.1_cds_WP_005767598.1_920",81.0705097841406,0.838026392388357,0.23116807657778,6.42394384581477e-05,0.000567608172645126,"WP_005767598.1"
"lcl|NC_008783.1_cds_WP_005767599.1_921",573.014606266263,0.446523574765642,0.317116793424559,0.0889866238840208,0.188143147640501,"WP_005767599.1"
"lcl|NC_008783.1_cds_WP_005767601.1_922",124.702076587013,-0.220964266696282,0.22917956708736,0.290497222017457,0.44610727739127,"WP_005767601.1"
"lcl|NC_008783.1_cds_WP_005767603.1_923",572.22682429369,0.333719259030901,0.132297716933734,0.00938842041210996,0.033181760501308,"WP_005767603.1"
"lcl|NC_008783.1_cds_WP_005767604.1_924",36.8621387133282,-0.0479939178240201,0.351619835468836,0.861808047112289,0.907812035392305,"WP_005767604.1"
"lcl|NC_008783.1_cds_WP_005767606.1_925",289.423934429496,-0.564702132817872,0.354160044325537,0.0422646156186324,0.107967707945234,"WP_005767606.1"
"lcl|NC_008783.1_cds_WP_005767608.1_926",1332.94834383072,-1.25573563465127,0.371415326049586,1.35259061119439e-05,0.000148284007745755,"WP_005767608.1"
"lcl|NC_008783.1_cds_WP_005767609.1_927",388.004748217307,0.482052871818968,0.175034323843402,0.00369350739608211,0.0163786994642742,"WP_005767609.1"
"lcl|NC_008783.1_cds_WP_005767611.1_928",411.929338605997,-0.0434159610788711,0.193851943902344,0.81124356651887,0.882823881211711,"WP_005767611.1"
"lcl|NC_008783.1_cds_WP_005767613.1_929",841.706974975785,0.689858150819974,0.205833287733309,0.000301481404917385,0.00197212145537118,"WP_005767613.1"
"lcl|NC_008783.1_cds_WP_005767615.1_930",328.22305252901,-0.0756859264868674,0.198772808700277,0.68367583050919,0.797509540219587,"WP_005767615.1"
"lcl|NC_008783.1_cds_WP_011807401.1_931",285.978150980039,-0.129827275008913,0.323499706740855,0.624401839709077,0.757471084237241,"WP_011807401.1"
"lcl|NC_008783.1_cds_BARBAKC583_RS06975_932",10.6863993761654,-0.093526278386341,0.474155549821519,0.731398334674074,0.830273852592621,"BARBAKC583_RS06975"
"lcl|NC_008783.1_cds_WP_005767620.1_933",4.99990907232705,0.0693510514806643,0.536564965799191,0.75361460512232,0.844162433741558,"WP_005767620.1"
"lcl|NC_008783.1_cds_BARBAKC583_RS07115_934",29.183627491725,0.0509986190105616,0.386290601601847,0.857391861540569,0.907195678341407,"BARBAKC583_RS07115"
"lcl|NC_008783.1_cds_BARBAKC583_RS05130_935",62.0128412636669,0.877318799027975,0.395638359796695,0.00278348862341598,0.0129241197259785,"BARBAKC583_RS05130"
"lcl|NC_008783.1_cds_WP_005767624.1_936",55.2898329304619,0.69450592483505,0.319496011574946,0.00849500715374764,0.0313336089409259,"WP_005767624.1"
"lcl|NC_008783.1_cds_WP_005767625.1_937",14.7742399958973,0.620442584893719,0.425313370203735,0.0348037358640891,0.0936536892342762,"WP_005767625.1"
"lcl|NC_008783.1_cds_WP_172952862.1_938",11.8648255030841,-0.339548908693496,0.408049840406796,0.238058593865973,0.392018602416289,"WP_172952862.1"
"lcl|NC_008783.1_cds_WP_005767633.1_939",8.6837061724566,-0.218508264605441,0.434699670152633,0.444028575091702,0.599463891571921,"WP_005767633.1"
"lcl|NC_008783.1_cds_WP_005767636.1_940",151.31580123014,-0.460816902763613,0.30854086569909,0.0744947668739001,0.164555604437869,"WP_005767636.1"
"lcl|NC_008783.1_cds_WP_005767638.1_941",76.5890282094498,-0.050963383452758,0.354885237494653,0.85388084889576,0.905909431086541,"WP_005767638.1"
"lcl|NC_008783.1_cds_WP_005767639.1_942",85.4925643833252,-0.795608923348101,0.396268539986993,0.0065126574525807,0.0258757933686428,"WP_005767639.1"
"lcl|NC_008783.1_cds_WP_225866722.1_943",12.0752203917355,-0.635634040822196,0.50495752875177,0.0269254445634371,0.0768186177424327,"WP_225866722.1"
"lcl|NC_008783.1_cds_WP_236822979.1_944",35.1006771196781,-0.268711582347912,0.43997553753397,0.346737185099128,0.506835589083169,"WP_236822979.1"
"lcl|NC_008783.1_cds_BARBAKC583_RS05190_945",31.300980001237,-0.513833851669007,0.38919716417977,0.073723116254428,0.163155457280828,"BARBAKC583_RS05190"
"lcl|NC_008783.1_cds_WP_005767646.1_946",1.44492127922262,-0.139644579039504,0.548306726035107,0.504535632809218,0.660077557178027,"WP_005767646.1"
"lcl|NC_008783.1_cds_BARBAKC583_RS05215_947",128.617803263132,-0.427621451950451,0.343179851331398,0.118029338442689,0.235959056151444,"BARBAKC583_RS05215"
"lcl|NC_008783.1_cds_WP_005767654.1_948",220.802727164107,0.021638883043063,0.272027431152419,0.927550914271786,0.952196677218606,"WP_005767654.1"
"lcl|NC_008783.1_cds_WP_005767656.1_949",4.52561163743332,-0.0751097192598123,0.498329659665808,0.771011892605433,0.853353358816068,"WP_005767656.1"
"lcl|NC_008783.1_cds_WP_225866723.1_950",1.59588044837105,-0.0430240953628053,0.581403427075317,0.758567941150668,0.846507485694997,"WP_225866723.1"
"lcl|NC_008783.1_cds_WP_005767662.1_951",2544.14053893998,0.502124967085036,0.343362570135697,0.066735673078624,0.15108037652981,"WP_005767662.1"
"lcl|NC_008783.1_cds_WP_005767664.1_952",4956.48681402724,-0.25040229700603,0.286363437579917,0.309612250006086,0.463192440604675,"WP_005767664.1"
"lcl|NC_008783.1_cds_WP_005767666.1_953",1640.20892808196,-0.331182334334636,0.270548072162765,0.162328796821041,0.294329702046115,"WP_005767666.1"
"lcl|NC_008783.1_cds_WP_005767668.1_954",555.425136621386,-1.19823159009671,0.193234084856942,2.67345382665149e-11,1.86198195926786e-09,"WP_005767668.1"
"lcl|NC_008783.1_cds_WP_005767671.1_955",781.892223659487,0.427846904838289,0.195471879156285,0.0193644518119906,0.059019506073051,"WP_005767671.1"
"lcl|NC_008783.1_cds_WP_005767674.1_956",454.303617908255,0.479798897662263,0.195541549186472,0.00873657653644592,0.0316333535753883,"WP_005767674.1"
"lcl|NC_008783.1_cds_WP_005767675.1_957",239.790938085198,0.698306498160039,0.225286185257728,0.000685966392712661,0.00390473177390284,"WP_005767675.1"
"lcl|NC_008783.1_cds_WP_005767676.1_958",3087.36962534551,0.0585144357543091,0.216843993200104,0.769704945366303,0.853305857035302,"WP_005767676.1"
"lcl|NC_008783.1_cds_WP_005767677.1_959",565.55235725642,-0.439876624824484,0.244644801949325,0.0454840116535714,0.113614071303436,"WP_005767677.1"
"lcl|NC_008783.1_cds_WP_005767678.1_960",1285.31462281838,0.640181397913559,0.21745310917621,0.00136359302561523,0.00695902647555359,"WP_005767678.1"
"lcl|NC_008783.1_cds_WP_005767679.1_961",1421.13260272181,0.0737590539518778,0.24235531445291,0.735682382370091,0.831783107325055,"WP_005767679.1"
"lcl|NC_008783.1_cds_WP_005767680.1_962",147.329762197839,-0.603042209938322,0.271999276843343,0.0111838540834617,0.0381842032891126,"WP_005767680.1"
"lcl|NC_008783.1_cds_BARBAKC583_RS05335_963",14.143175773486,-0.688098684104601,0.40414253240484,0.0186540975038426,0.0572187861257763,"BARBAKC583_RS05335"
"lcl|NC_008783.1_cds_WP_005767682.1_964",3.30533881888843,-0.375273035866321,0.504568997407632,0.160849758961625,0.293898325016302,"WP_005767682.1"
"lcl|NC_008783.1_cds_WP_005767683.1_965",1670.25474599084,-0.29487316482263,0.229625909366511,0.158949332566053,0.291973974124213,"WP_005767683.1"
"lcl|NC_008783.1_cds_WP_005767694.1_966",1311.61318037013,-1.70957361544973,0.165267136128844,9.97468383003827e-28,5.90501282738266e-25,"WP_005767694.1"
"lcl|NC_008783.1_cds_WP_005767696.1_967",362.848718746594,-0.818950739485434,0.165527008597159,2.02547146970347e-07,4.36028767296166e-06,"WP_005767696.1"
"lcl|NC_008783.1_cds_WP_005767698.1_968",119.337073562155,-0.643428958680315,0.284322939164443,0.00865970851931816,0.0315479842673006,"WP_005767698.1"
"lcl|NC_008783.1_cds_WP_005767700.1_969",138.764003177749,0.444054444007401,0.268426311165775,0.0594951194844059,0.138939292839323,"WP_005767700.1"
"lcl|NC_008783.1_cds_WP_005767702.1_970",449.446602876259,-0.120273053207931,0.184745599234916,0.490220700974041,0.645629933207191,"WP_005767702.1"
"lcl|NC_008783.1_cds_WP_005767704.1_971",501.779667522449,-0.200874649652397,0.238767708648575,0.35226924399201,0.510487673934524,"WP_005767704.1"
"lcl|NC_008783.1_cds_WP_005767706.1_972",4035.94295839514,-0.467331761753458,0.144852441186779,0.00082754090769452,0.00458964716556283,"WP_005767706.1"
"lcl|NC_008783.1_cds_WP_011807408.1_973",1750.18882619339,0.518600214902567,0.34340687837225,0.0583408332903108,0.136783260625204,"WP_011807408.1"
"lcl|NC_008783.1_cds_WP_005767710.1_974",3575.08503232423,-0.133588164748263,0.314096147232482,0.60862578032613,0.746749143944185,"WP_005767710.1"
"lcl|NC_008783.1_cds_WP_005767713.1_975",411.073548646526,0.554250936988639,0.284855061379971,0.0239605816778249,0.0700477252013448,"WP_005767713.1"
"lcl|NC_008783.1_cds_WP_005767715.1_976",240.731653015666,0.494404249377277,0.20415242165532,0.00919979758796862,0.0328089166992616,"WP_005767715.1"
"lcl|NC_008783.1_cds_WP_005767717.1_977",270.455559947203,-0.175201384931718,0.213185483945407,0.3739407180775,0.532146406494904,"WP_005767717.1"
"lcl|NC_008783.1_cds_WP_005767719.1_978",92.75839741242,-0.0472843575345272,0.311490715865741,0.855490168908416,0.906244600374692,"WP_005767719.1"
"lcl|NC_008783.1_cds_WP_005767721.1_979",1366.82838958672,-0.787307180609313,0.220676032451207,9.76556216575657e-05,0.000776001718406428,"WP_005767721.1"
"lcl|NC_008783.1_cds_WP_005767722.1_980",135.013184815075,0.469450982372168,0.302321434278069,0.0658123311014421,0.150138343013695,"WP_005767722.1"
"lcl|NC_008783.1_cds_WP_005767724.1_981",203.856993515295,0.882859139683397,0.23555044670051,3.32102669201666e-05,0.000336076547294678,"WP_005767724.1"
"lcl|NC_008783.1_cds_WP_005767726.1_982",2523.95649345571,-0.0618005757137355,0.270223546638362,0.794165295994999,0.869787898792303,"WP_005767726.1"
"lcl|NC_008783.1_cds_WP_005767728.1_983",2169.65159935497,0.280771357653234,0.265781054744205,0.230287152923917,0.381876735380838,"WP_005767728.1"
"lcl|NC_008783.1_cds_WP_005767730.1_984",6501.66701329215,-0.077355268918346,0.219077244694161,0.7011433169406,0.808328809403768,"WP_005767730.1"
"lcl|NC_008783.1_cds_WP_005767732.1_985",1938.35206374089,0.963679347606342,0.239973825354651,7.86765402190036e-06,9.31530236193002e-05,"WP_005767732.1"
"lcl|NC_008783.1_cds_WP_005767738.1_986",69.793066731894,-0.813427312877663,0.244594521173687,0.000207519958857071,0.00139604335958393,"WP_005767738.1"
"lcl|NC_008783.1_cds_WP_005767740.1_987",420.347870687961,-0.236189588772002,0.199788518246017,0.205431248357471,0.354563554016393,"WP_005767740.1"
"lcl|NC_008783.1_cds_WP_005767742.1_988",292.550943606619,-0.25179009777665,0.229737735345624,0.22927900834101,0.381623649014898,"WP_005767742.1"
"lcl|NC_008783.1_cds_WP_005767744.1_989",784.807688198239,-0.061293755105324,0.193711464487393,0.735832185183992,0.831783107325055,"WP_005767744.1"
"lcl|NC_008783.1_cds_WP_005767746.1_990",532.156695196068,0.406247333413567,0.19545175278892,0.0263921469753398,0.0758453932495202,"WP_005767746.1"
"lcl|NC_008783.1_cds_WP_005767748.1_991",1870.04134971062,-0.121165308281353,0.232337826145184,0.566479180109964,0.713778474714224,"WP_005767748.1"
"lcl|NC_008783.1_cds_WP_051007750.1_992",1632.08889352928,-0.61175349622392,0.312450327582857,0.0188063742960622,0.0575368143838181,"WP_051007750.1"
"lcl|NC_008783.1_cds_WP_052467648.1_993",239.611688481658,0.104116702794022,0.314981757250958,0.69029550639209,0.802070539321133,"WP_052467648.1"
"lcl|NC_008783.1_cds_WP_005767753.1_994",1971.70661933439,-0.643512954862796,0.280027946575406,0.00797581533997041,0.0297897960962933,"WP_005767753.1"
"lcl|NC_008783.1_cds_WP_011807413.1_995",2809.25162500941,0.112344472621502,0.15058289240824,0.438379140589373,0.594548570971154,"WP_011807413.1"
"lcl|NC_008783.1_cds_WP_005767757.1_996",96.8432147116182,0.230605871110089,0.223438088770996,0.260159832837696,0.414017798494398,"WP_005767757.1"
"lcl|NC_008783.1_cds_WP_005767758.1_997",145.729479458758,-0.375402546097985,0.357263677545642,0.177259631890198,0.317511957878963,"WP_005767758.1"
"lcl|NC_008783.1_cds_WP_005767760.1_998",141.964585949376,-0.859574651970779,0.309992850526923,0.000909769298896045,0.00490889372005186,"WP_005767760.1"
"lcl|NC_008783.1_cds_WP_005767762.1_999",361.691151328798,0.285953266373757,0.281996352191495,0.241080027538529,0.396442711952247,"WP_005767762.1"
"lcl|NC_008783.1_cds_WP_011807415.1_1000",582.08809672922,0.100974004089831,0.269117768767241,0.668994510705718,0.788148756891115,"WP_011807415.1"
"lcl|NC_008783.1_cds_WP_005767766.1_1001",596.280748855099,0.526236539117473,0.257886162860038,0.0214363931812501,0.063931207875567,"WP_005767766.1"
"lcl|NC_008783.1_cds_WP_005767768.1_1002",159.687073404352,0.458177633930195,0.354573319248724,0.0989807714614465,0.203107856863696,"WP_005767768.1"
"lcl|NC_008783.1_cds_WP_005767770.1_1003",1974.55983045344,-0.0852074855874743,0.27415025322439,0.721760296574896,0.8224871907071,"WP_005767770.1"
"lcl|NC_008783.1_cds_WP_005767773.1_1004",487.382903215122,0.264032216265367,0.242223565556399,0.226588506071321,0.379463636758762,"WP_005767773.1"
"lcl|NC_008783.1_cds_WP_005767776.1_1005",400.878461313396,1.14586651625043,0.238981485193181,9.15300304423834e-08,2.25774075091212e-06,"WP_005767776.1"
"lcl|NC_008783.1_cds_WP_005767779.1_1006",517.322350033419,0.885639827487309,0.25568300981727,9.31876861706617e-05,0.000750572928068459,"WP_005767779.1"
"lcl|NC_008783.1_cds_WP_005767781.1_1007",761.499790094033,0.72901032448161,0.202155146380653,0.000104768972007738,0.000818087591193394,"WP_005767781.1"
"lcl|NC_008783.1_cds_WP_005767784.1_1008",747.380366221792,0.288279830996962,0.269497527054383,0.222634875364779,0.37443138129531,"WP_005767784.1"
"lcl|NC_008783.1_cds_WP_005767788.1_1009",1005.57404396483,0.00895668361931484,0.20523784524824,0.96257642719174,0.974094435722239,"WP_005767788.1"
"lcl|NC_008783.1_cds_WP_005767791.1_1010",625.066132850591,-0.384273842151489,0.309538050052697,0.137630766278353,0.263680950280858,"WP_005767791.1"
"lcl|NC_008783.1_cds_WP_005767793.1_1011",407.539331549313,-0.206742115756211,0.264525426703757,0.375476589173132,0.53248243500104,"WP_005767793.1"
"lcl|NC_008783.1_cds_WP_011807418.1_1012",599.295598489743,-0.449672997731901,0.225210370219351,0.0290243063544256,0.0817898450390899,"WP_011807418.1"
"lcl|NC_008783.1_cds_WP_011807419.1_1013",176.800547284834,0.270562934286618,0.33788242249894,0.318446323491431,0.473668903283736,"WP_011807419.1"
"lcl|NC_008783.1_cds_WP_005767802.1_1014",464.231681233764,0.0260449422620192,0.325538307551617,0.922001267516385,0.949483774585476,"WP_005767802.1"
"lcl|NC_008783.1_cds_WP_005767804.1_1015",286.31172642971,-0.0630885552658988,0.22206779924826,0.756910788319001,0.846253421501131,"WP_005767804.1"
"lcl|NC_008783.1_cds_WP_005767806.1_1016",253.690486981263,-1.07996944287549,0.259233956403514,2.2870511943345e-06,3.30227879767322e-05,"WP_005767806.1"
"lcl|NC_008783.1_cds_WP_005767808.1_1017",225.774780513773,0.626007181954751,0.260762381748785,0.00661702642318407,0.0260284361629566,"WP_005767808.1"
"lcl|NC_008783.1_cds_WP_005767810.1_1018",416.936094182008,-0.380140438201687,0.223710017985415,0.0635843432312547,0.145898958112026,"WP_005767810.1"
"lcl|NC_008783.1_cds_WP_005767811.1_1019",677.868137155286,0.237924804316586,0.160423404577869,0.121403539753741,0.239969601115908,"WP_005767811.1"
"lcl|NC_008783.1_cds_WP_005767813.1_1020",34.7207610340256,0.301388855543941,0.302581364773618,0.237736229229303,0.392018602416289,"WP_005767813.1"
"lcl|NC_008783.1_cds_WP_005767815.1_1021",80.91915487353,0.309066380562705,0.281572910543416,0.204671249596176,0.353767532148719,"WP_005767815.1"
"lcl|NC_008783.1_cds_WP_005767817.1_1022",467.396129374086,0.399410627946436,0.217509681906423,0.0460822577109564,0.114866090799521,"WP_005767817.1"
"lcl|NC_008783.1_cds_WP_005767821.1_1023",567.834371669544,0.32323137004905,0.261165912240968,0.161873048613011,0.294329702046115,"WP_005767821.1"
"lcl|NC_008783.1_cds_WP_005767823.1_1024",152.550615131741,-0.458996128552822,0.301882189527308,0.0718029684217081,0.160103040699251,"WP_005767823.1"
"lcl|NC_008783.1_cds_WP_005767824.1_1025",153.107654015496,0.708808773979716,0.234039495474146,0.000829547714045985,0.00458964716556283,"WP_005767824.1"
"lcl|NC_008783.1_cds_WP_005767826.1_1026",277.708351833374,0.742671826813555,0.177190324677841,9.34298363435476e-06,0.000109525669535406,"WP_005767826.1"
"lcl|NC_008783.1_cds_WP_005767829.1_1027",293.716766916078,0.073944632370376,0.252748588612297,0.743090756384199,0.83712602812454,"WP_005767829.1"
"lcl|NC_008783.1_cds_WP_005767831.1_1028",584.4136296361,-0.0169817653513243,0.287078533662371,0.945154958221707,0.96139473413617,"WP_005767831.1"
"lcl|NC_008783.1_cds_WP_005767835.1_1029",40.6319586045399,-0.69357246468302,0.322081224888076,0.00889808163256132,0.0318313748300758,"WP_005767835.1"
"lcl|NC_008783.1_cds_WP_005767837.1_1030",543.925143163758,-0.521701946961341,0.222985554074199,0.0106393416988769,0.0366191295682276,"WP_005767837.1"
"lcl|NC_008783.1_cds_WP_005767840.1_1031",86627.6465519098,-0.311237038982066,0.28987650872866,0.210275638420019,0.359918178584842,"WP_005767840.1"
"lcl|NC_008783.1_cds_WP_005767842.1_1032",8716.8359788042,0.179613771937225,0.306474194436668,0.48497932467673,0.639438218727448,"WP_005767842.1"
"lcl|NC_008783.1_cds_WP_005767844.1_1033",4827.51787820343,-0.175064536864246,0.248787944492387,0.432247340456725,0.589871206077333,"WP_005767844.1"
"lcl|NC_008783.1_cds_WP_005767846.1_1034",847.952758788925,1.23474323820386,0.134557879799924,1.92602204393021e-21,5.70102525003343e-19,"WP_005767846.1"
"lcl|NC_008783.1_cds_WP_005767848.1_1035",25929.9072400222,-0.113038485019348,0.206693255733105,0.556082809495718,0.70643996399456,"WP_005767848.1"
"lcl|NC_008783.1_cds_WP_005767850.1_1036",833.038621274473,0.775678927485223,0.13130011012333,1.12461922502598e-09,5.78934418448157e-08,"WP_005767850.1"
"lcl|NC_008783.1_cds_WP_005767852.1_1038",0.255118291509546,0,0.602742953032662,1,1,"WP_005767852.1"
"lcl|NC_008783.1_cds_WP_005767854.1_1039",826.930549190942,0.16972998990433,0.382068136616283,0.549289125588829,0.700062782235924,"WP_005767854.1"
"lcl|NC_008783.1_cds_BARBAKC583_RS07000_1041",1.20182890681445,-0.0885579027375769,0.544898972724054,0.674231888367176,0.791170025596369,"BARBAKC583_RS07000"
"lcl|NC_008783.1_cds_BARBAKC583_RS05780_1042",0.558396487292031,-0.10473458814651,0.587270078036882,0.435356606540081,0.59248531280857,"BARBAKC583_RS05780"
"lcl|NC_008783.1_cds_WP_035453368.1_1043",1.32286859298074,0.106213421013283,0.558214757911793,0.579540073851165,0.724578085997656,"WP_035453368.1"
"lcl|NC_008783.1_cds_BARBAKC583_RS07135_1044",29.1975145441777,0.0418253362574023,0.295456484984592,0.867905168647254,0.910185757022452,"BARBAKC583_RS07135"
"lcl|NC_008783.1_cds_WP_005767864.1_1045",74.3240323238471,0.184294234678942,0.238787277948662,0.393469344957116,0.54870370032682,"WP_005767864.1"
"lcl|NC_008783.1_cds_WP_005767865.1_1046",242.964714542383,0.138669193557949,0.319572993595716,0.598602005792499,0.739817092753986,"WP_005767865.1"
"lcl|NC_008783.1_cds_WP_005767866.1_1047",2017.43487243145,-0.938763196466617,0.181049863454504,3.63776817208837e-08,1.06810154061481e-06,"WP_005767866.1"
"lcl|NC_008783.1_cds_WP_005767867.1_1048",118.167541153502,-1.31795211096639,0.332637484324238,1.17039841993318e-06,1.87263747189309e-05,"WP_005767867.1"
"lcl|NC_008783.1_cds_WP_005767868.1_1049",132.682193552844,-0.267002842854191,0.232681181070563,0.20694558138562,0.356657304746106,"WP_005767868.1"
"lcl|NC_008783.1_cds_WP_005767869.1_1050",210.893357830142,0.221405177361092,0.220707656335332,0.274846933905538,0.432163040828894,"WP_005767869.1"
"lcl|NC_008783.1_cds_WP_005767870.1_1051",1000.30648395903,0.112251407028709,0.183920282255311,0.517971719344351,0.67319266268245,"WP_005767870.1"
"lcl|NC_008783.1_cds_BARBAKC583_RS05845_1052",122.816004354809,0.0895799168152239,0.317362711065022,0.732811773827541,0.831081551927019,"BARBAKC583_RS05845"
"lcl|NC_008783.1_cds_WP_005767874.1_1053",390.035381957642,0.449692970461086,0.15477230564163,0.00247382711441887,0.011763097604305,"WP_005767874.1"
"lcl|NC_008783.1_cds_WP_005767876.1_1054",5743.65048634809,0.915516433541837,0.44204839155549,0.00255892002033117,0.0120707621676179,"WP_005767876.1"
"lcl|NC_008783.1_cds_WP_005767877.1_1055",264.708126440914,-0.587853882416089,0.277553424353172,0.0147708944292756,0.047523747294191,"WP_005767877.1"
"lcl|NC_008783.1_cds_WP_005767879.1_1056",117.587001767506,0.0374466312769764,0.231800654235336,0.859129943049878,0.907812035392305,"WP_005767879.1"
"lcl|NC_008783.1_cds_WP_005767881.1_1057",437.418628726063,0.247681109596337,0.210189310338184,0.203360016691061,0.35250940720723,"WP_005767881.1"
"lcl|NC_008783.1_cds_WP_005767883.1_1058",428.590246957849,-0.145724357148488,0.178781216817352,0.389489563875971,0.545746323821479,"WP_005767883.1"
"lcl|NC_008783.1_cds_WP_005767885.1_1059",331.034979100186,0.0133825506959405,0.281521299285731,0.956200395653267,0.969651351808318,"WP_005767885.1"
"lcl|NC_008783.1_cds_BARBAKC583_RS05885_1060",992.595605795625,0.591381925910772,0.31216069721791,0.0230593617535978,0.0675799116739105,"BARBAKC583_RS05885"
"lcl|NC_008783.1_cds_WP_005767886.1_1061",1537.78919942235,0.347534794886221,0.148647956446116,0.0152332689822513,0.0487464607432042,"WP_005767886.1"
"lcl|NC_008783.1_cds_WP_005767888.1_1062",74.2093973741245,0.343441837234821,0.307395846297315,0.182688821356345,0.323397952059826,"WP_005767888.1"
"lcl|NC_008783.1_cds_WP_005767890.1_1063",936.502542697673,-0.376586198918783,0.285295223047016,0.12553660206528,0.245272833078038,"WP_005767890.1"
"lcl|NC_008783.1_cds_WP_005767892.1_1064",101.904744702249,-0.349060624354175,0.251341040099094,0.120099775265306,0.238587473010272,"WP_005767892.1"
"lcl|NC_008783.1_cds_WP_005767894.1_1065",3619.70143228022,0.2146424869428,0.245404009461015,0.330515131840531,0.487334889289152,"WP_005767894.1"
"lcl|NC_008783.1_cds_WP_005767896.1_1066",2991.70157392783,0.374712317241262,0.207020392249872,0.0511945367599976,0.124464746455518,"WP_005767896.1"
"lcl|NC_008783.1_cds_WP_005767899.1_1067",92872.4632235593,-0.117741850798972,0.328597934316059,0.659608359761268,0.780196101855486,"WP_005767899.1"
"lcl|NC_008783.1_cds_WP_005767902.1_1068",5760.11216344924,0.467486331986323,0.348114872210006,0.0897384057441794,0.188721620605876,"WP_005767902.1"
"lcl|NC_008783.1_cds_WP_005767905.1_1069",20.7156567224088,0.196312558135928,0.335487988560796,0.46744126538876,0.62536774940146,"WP_005767905.1"
"lcl|NC_008783.1_cds_WP_005767908.1_1070",1829.32249797885,0.557214605912997,0.32069069388314,0.0350322624070377,0.0940548723127725,"WP_005767908.1"
"lcl|NC_008783.1_cds_WP_172952870.1_1071",648.966709036419,-0.393575206282343,0.178339173004408,0.0197806704934257,0.0598985009314989,"WP_172952870.1"
"lcl|NC_008783.1_cds_WP_005767914.1_1072",2656.42641093496,-0.0576864803385566,0.18035159002077,0.735358489927165,0.831783107325055,"WP_005767914.1"
"lcl|NC_008783.1_cds_WP_005767917.1_1073",67.0273489454833,-0.162455572400274,0.257390811422908,0.477433023727016,0.632305033660836,"WP_005767917.1"
"lcl|NC_008783.1_cds_WP_005767919.1_1074",642.110135637483,-0.876548476241015,0.21591389612853,9.81893098058976e-06,0.000112131178814491,"WP_005767919.1"
"lcl|NC_008783.1_cds_WP_011807428.1_1075",331.273087701259,-0.528025449842688,0.216853785725408,0.00816480948835462,0.0303997938182763,"WP_011807428.1"
"lcl|NC_008783.1_cds_WP_005767923.1_1076",390.226230088721,-0.0485010979415463,0.167743061564168,0.761746831002993,0.848455548360812,"WP_005767923.1"
"lcl|NC_008783.1_cds_WP_005767925.1_1077",263.651671575159,-0.132073633849167,0.172511808286561,0.420748668747638,0.578590503829505,"WP_005767925.1"
"lcl|NC_008783.1_cds_WP_005767927.1_1078",636.031714152766,-0.0475265825229353,0.240514215296264,0.826801203822392,0.888211320127256,"WP_005767927.1"
"lcl|NC_008783.1_cds_WP_011807429.1_1079",1376.14521885187,0.55505133335675,0.227238217933659,0.00743136234102763,0.0283467102176715,"WP_011807429.1"
"lcl|NC_008783.1_cds_WP_005767934.1_1080",784.952531538575,0.170167571348385,0.172619851955711,0.299827529641796,0.455122814225495,"WP_005767934.1"
"lcl|NC_008783.1_cds_WP_005767936.1_1081",883.076706883445,-0.443315580485156,0.154215538287078,0.00275879067453322,0.0128598746403438,"WP_005767936.1"
"lcl|NC_008783.1_cds_WP_005767938.1_1082",188.16348016647,-0.73024908888058,0.213526042186979,0.000206221491708647,0.0013952356924745,"WP_005767938.1"
"lcl|NC_008783.1_cds_BARBAKC583_RS06000_1083",32.9586387216547,-0.21321415990734,0.320574055897129,0.419163659407726,0.577081131091567,"BARBAKC583_RS06000"
"lcl|NC_008783.1_cds_BARBAKC583_RS07250_1084",147.482129965406,-0.300767927325106,0.381278399410518,0.289505915316406,0.445926541359449,"BARBAKC583_RS07250"
"lcl|NC_008783.1_cds_BARBAKC583_RS06010_1085",84.8740100593026,-0.133837924721949,0.265585201439321,0.567285088434193,0.713778474714224,"BARBAKC583_RS06010"
"lcl|NC_008783.1_cds_WP_005767943.1_1086",580.46524280432,1.20807130084655,0.331014247121701,7.706912059606e-06,9.31120803936071e-05,"WP_005767943.1"
"lcl|NC_008783.1_cds_WP_005767945.1_1087",346.548444103962,-0.530179590142022,0.224331515200967,0.00978620843822716,0.0343824059075993,"WP_005767945.1"
"lcl|NC_008783.1_cds_WP_035453357.1_1088",1039.89200774439,0.337891161954663,0.229427701504363,0.106219383175451,0.2153488864379,"WP_035453357.1"
"lcl|NC_008783.1_cds_WP_005767949.1_1089",3955.59160240881,-0.767227209397495,0.343883366469581,0.00526320822038281,0.0218653983611693,"WP_005767949.1"
"lcl|NC_008783.1_cds_WP_005767951.1_1090",218.801443572058,0.192260329641566,0.318255931025301,0.464517263252529,0.622181294825917,"WP_005767951.1"
"lcl|NC_008783.1_cds_WP_005767953.1_1091",1218.67684116013,0.245261053326748,0.336670490240546,0.364903836066934,0.523005531942478,"WP_005767953.1"
"lcl|NC_008783.1_cds_WP_005767955.1_1092",96.3004061626541,0.222474139921578,0.372379001161164,0.429652494242727,0.587423271574352,"WP_005767955.1"
"lcl|NC_008783.1_cds_WP_005767957.1_1093",2074.33374067564,0.420560121105965,0.152506302499699,0.00412098366323335,0.0180712765084011,"WP_005767957.1"
"lcl|NC_008783.1_cds_WP_011807432.1_1094",2790.20277962055,0.630970540889639,0.23337171297418,0.00287852391644571,0.0132613708835476,"WP_011807432.1"
"lcl|NC_008783.1_cds_WP_005767962.1_1095",4439.24232629048,0.304356284612857,0.384312948992904,0.284790350588283,0.441928931974479,"WP_005767962.1"
"lcl|NC_008783.1_cds_WP_005767965.1_1096",2149.78843921404,0.553412181768686,0.15305714259308,0.000166985676699656,0.00116988781782481,"WP_005767965.1"
"lcl|NC_008783.1_cds_WP_005767968.1_1097",524.579739542802,-0.226801594985085,0.213890448551664,0.251002250441287,0.403308474788289,"WP_005767968.1"
"lcl|NC_008783.1_cds_WP_005767971.1_1098",2470.98649220051,0.943698610132358,0.282119248282086,0.000105024758328882,0.000818087591193394,"WP_005767971.1"
"lcl|NC_008783.1_cds_WP_011807433.1_1099",709.302223900815,0.261526216097117,0.238045413766279,0.224723183866503,0.37687287492626,"WP_011807433.1"
"lcl|NC_008783.1_cds_WP_005767976.1_1100",243.450390120543,-0.0799682452094965,0.197744954976246,0.665432394078006,0.78551540836327,"WP_005767976.1"
"lcl|NC_008783.1_cds_WP_011807434.1_1101",478.116335909756,0.0820664347823708,0.195910498159677,0.654628076868221,0.778548138581848,"WP_011807434.1"
"lcl|NC_008783.1_cds_WP_005767980.1_1102",1775.75226906194,-1.01467343442486,0.2310098317636,1.21857906652079e-06,1.92373015301415e-05,"WP_005767980.1"
"lcl|NC_008783.1_cds_WP_005767982.1_1103",273.726444622978,-0.0827618409664673,0.23399032056996,0.697019754581377,0.805491855827114,"WP_005767982.1"
"lcl|NC_008783.1_cds_WP_005767983.1_1104",3455.71901120612,-0.546120942222709,0.253701189248715,0.015660771427617,0.0494462756541295,"WP_005767983.1"
"lcl|NC_008783.1_cds_WP_005767985.1_1105",162.254576859621,0.227882657884297,0.216340935006312,0.253223464307113,0.406048578342206,"WP_005767985.1"
"lcl|NC_008783.1_cds_WP_005767988.1_1106",314.20598208426,-0.146013527752478,0.220254122826835,0.47074192711135,0.628363519391025,"WP_005767988.1"
"lcl|NC_008783.1_cds_WP_005767991.1_1107",2084.53413920953,0.838682852960673,0.186166418007397,1.61505270131143e-06,2.42053468145916e-05,"WP_005767991.1"
"lcl|NC_008783.1_cds_WP_005767993.1_1108",3652.42694348341,-0.772632338769141,0.251040550879964,0.000555382658445434,0.00328786533799697,"WP_005767993.1"
"lcl|NC_008783.1_cds_WP_005767995.1_1109",392.872814421818,0.16803869283144,0.188453341037918,0.343437880283186,0.503255507741698,"WP_005767995.1"
"lcl|NC_008783.1_cds_WP_005767996.1_1110",1644.47854240806,-0.313969546438665,0.237506031238205,0.144209262024465,0.272318606438542,"WP_005767996.1"
"lcl|NC_008783.1_cds_WP_005767998.1_1111",688.130136882723,0.26682563893861,0.176691935205448,0.111272530117364,0.223299450269421,"WP_005767998.1"
"lcl|NC_008783.1_cds_WP_011807436.1_1112",941.63355824011,0.0520954960658961,0.2559838671658,0.819076979918499,0.886500492818421,"WP_011807436.1"
"lcl|NC_008783.1_cds_WP_005768003.1_1113",120.327358575212,-0.654038942615489,0.270098110101303,0.00567421738341701,0.0231664599378129,"WP_005768003.1"
"lcl|NC_008783.1_cds_WP_011807437.1_1114",522.522389609289,-0.655876110478425,0.329107534542232,0.0145114429134863,0.0468162082004573,"WP_011807437.1"
"lcl|NC_008783.1_cds_WP_005768006.1_1115",1015.92490119507,-0.771390490851687,0.218733347072615,0.000120702193360576,0.00093406141790145,"WP_005768006.1"
"lcl|NC_008783.1_cds_WP_005768008.1_1116",128.794738292761,0.465403850188701,0.253812953889263,0.0395862051855793,0.103465931434273,"WP_005768008.1"
"lcl|NC_008783.1_cds_WP_044051781.1_1117",407.500608383597,1.32468434332115,0.174444786056355,7.45948529749377e-16,9.81336732470292e-14,"WP_044051781.1"
"lcl|NC_008783.1_cds_WP_005768012.1_1118",1781.34697053988,0.711322938332728,0.21970969538141,0.000415188837530434,0.00257373603997923,"WP_005768012.1"
"lcl|NC_008783.1_cds_WP_005768014.1_1119",5852.18460261669,0.41734885602973,0.156932052184154,0.00555132811528748,0.0227596764311497,"WP_005768014.1"
"lcl|NC_008783.1_cds_WP_005768015.1_1120",1513.58800501815,-0.750109230517553,0.191880755287382,2.9806638936259e-05,0.000304233280176988,"WP_005768015.1"
"lcl|NC_008783.1_cds_WP_005768019.1_1121",84.3868936716273,0.255493655397659,0.309861963006001,0.323751591010277,0.479752044751148,"WP_005768019.1"
"lcl|NC_008783.1_cds_WP_005768021.1_1122",304.153792391515,-0.262774321692592,0.213765425672524,0.183277048844716,0.323397952059826,"WP_005768021.1"
"lcl|NC_008783.1_cds_WP_005768023.1_1123",1771.64569806316,-0.201106230913472,0.223541225746363,0.326320400636192,0.482351253874221,"WP_005768023.1"
"lcl|NC_008783.1_cds_WP_005768025.1_1124",2123.64411630436,0.487261250890754,0.200781146873625,0.00923025922950484,0.0328186994826839,"WP_005768025.1"
"lcl|NC_008783.1_cds_WP_005768027.1_1125",356.181857795717,0.380071869753679,0.200287867776919,0.0419481449472187,0.107677744849514,"WP_005768027.1"
"lcl|NC_008783.1_cds_WP_005768028.1_1126",342.89590301005,-0.0903755196694454,0.204084373384314,0.634271568401462,0.763358443991843,"WP_005768028.1"
"lcl|NC_008783.1_cds_WP_005768031.1_1127",2055.11012040125,0.501579014302723,0.190826201268115,0.00511021043959825,0.0213798203550683,"WP_005768031.1"
"lcl|NC_008783.1_cds_WP_011807439.1_1128",4610.92761273465,-0.505689074778439,0.29289142002392,0.0431680478486442,0.109680190242049,"WP_011807439.1"
"lcl|NC_008783.1_cds_WP_005768036.1_1129",3431.3400132874,1.84124425414565,0.350868165432788,6.37929819764534e-11,4.19616059222894e-09,"WP_005768036.1"
"lcl|NC_008783.1_cds_WP_005768038.1_1130",4314.58439405074,-0.154288592414566,0.147073164151359,0.276716739946197,0.434526021347875,"WP_005768038.1"
"lcl|NC_008783.1_cds_WP_005768040.1_1131",1133.0089538227,0.397132755011802,0.378631891730212,0.162100994888068,0.294329702046115,"WP_005768040.1"
"lcl|NC_008783.1_cds_WP_005768042.1_1132",318.671918038484,0.0205738827072643,0.292793833761048,0.934420166965385,0.957053181390152,"WP_005768042.1"
"lcl|NC_008783.1_cds_WP_011807442.1_1133",496.228237726161,0.0147898879728606,0.174443955971445,0.928874292388083,0.952196677218606,"WP_011807442.1"
"lcl|NC_008783.1_cds_WP_005768047.1_1134",44.6983016541153,-0.144638014719596,0.269048427826197,0.540188931397793,0.692940081012987,"WP_005768047.1"
"lcl|NC_008783.1_cds_WP_005768049.1_1135",174.960496685565,0.0952080903984052,0.212054220364796,0.627484590409843,0.758878197186164,"WP_005768049.1"
"lcl|NC_008783.1_cds_WP_005768052.1_1136",212.104552433979,-0.479877556174702,0.315271484001361,0.0666908873689337,0.15108037652981,"WP_005768052.1"
"lcl|NC_008783.1_cds_WP_005768054.1_1137",856.353471435192,-0.0762715362032489,0.167658069589692,0.633356474893052,0.763358443991843,"WP_005768054.1"
"lcl|NC_008783.1_cds_WP_005768057.1_1138",440.468009468969,-0.200022322718451,0.166683955423075,0.208505560158017,0.358823522132402,"WP_005768057.1"
"lcl|NC_008783.1_cds_WP_005768059.1_1139",927.534721849772,-0.581561060428542,0.248364269021815,0.00889880495671882,0.0318313748300758,"WP_005768059.1"
"lcl|NC_008783.1_cds_WP_172952863.1_1140",503.169288316866,0.359475807566743,0.156949037188724,0.0169403980839247,0.0527827140299128,"WP_172952863.1"
"lcl|NC_008783.1_cds_WP_005768063.1_1141",1018.71574554601,-0.363036132275949,0.192359493240657,0.0442790736330267,0.111518586102502,"WP_005768063.1"
"lcl|NC_008783.1_cds_WP_005768066.1_1142",297.526886278167,-0.337739854709786,0.273544891579663,0.157373797312256,0.289809729551739,"WP_005768066.1"
"lcl|NC_008783.1_cds_WP_005768069.1_1143",1306.13014843472,-0.574179676120137,0.31069141521295,0.0269212396954355,0.0768186177424327,"WP_005768069.1"
"lcl|NC_008783.1_cds_BARBAKC583_RS06315_1144",2670.94926153403,-0.159526743073894,0.141740582081284,0.244471460363014,0.399165500772428,"BARBAKC583_RS06315"
"lcl|NC_008783.1_cds_WP_005768075.1_1145",1667.32256641661,0.221347766156534,0.146972143602242,0.118384985653216,0.235972766015837,"WP_005768075.1"
"lcl|NC_008783.1_cds_WP_005768077.1_1146",485.434404985903,0.688218943860816,0.317380231152492,0.00884086968142439,0.0318163820753996,"WP_005768077.1"
"lcl|NC_008783.1_cds_WP_005768078.1_1147",426.638398137235,-0.359961466780498,0.17443942234167,0.0297394622625479,0.0827980456259944,"WP_005768078.1"
"lcl|NC_008783.1_cds_WP_005768080.1_1148",147.614791528463,0.410229402316396,0.257851636178191,0.0730587317564794,0.162596876691112,"WP_005768080.1"
"lcl|NC_008783.1_cds_WP_005768082.1_1149",3501.52483235759,-0.684941414507229,0.325060906991489,0.0101717761554042,0.0354217146117604,"WP_005768082.1"
"lcl|NC_008783.1_cds_WP_035453288.1_1150",1381.05487900139,-0.650958642524816,0.270272146398103,0.00592889922325355,0.0240404680833295,"WP_035453288.1"
"lcl|NC_008783.1_cds_WP_005768086.1_1151",855.256239528285,-0.183636480649078,0.161101718042512,0.23372381574604,0.386493013747642,"WP_005768086.1"
"lcl|NC_008783.1_cds_WP_005768088.1_1152",121.722206472245,-0.180223048006413,0.270641567270001,0.447218259862107,0.603082482547534,"WP_005768088.1"
"lcl|NC_008783.1_cds_WP_005768090.1_1153",68.7911708106047,-0.575517810111791,0.216417130178393,0.00386749033785459,0.0170862259702233,"WP_005768090.1"
"lcl|NC_008783.1_cds_WP_005768092.1_1154",159.580693083732,0.0508076208327312,0.21195667031653,0.795591464858162,0.869787898792303,"WP_005768092.1"
"lcl|NC_008783.1_cds_WP_005768094.1_1155",782.944953019419,0.128193118021108,0.167806837252543,0.423064596859708,0.58054958756635,"WP_005768094.1"
"lcl|NC_008783.1_cds_WP_005768096.1_1156",696.77434602861,-0.174817116086174,0.208092861772444,0.365308762598335,0.523005531942478,"WP_005768096.1"
"lcl|NC_008783.1_cds_WP_005768098.1_1157",304.465923270231,-0.285580262203766,0.269629310766004,0.227159664137318,0.379882828161843,"WP_005768098.1"
"lcl|NC_008783.1_cds_WP_005768100.1_1158",927.494640427788,0.432175357722211,0.335136766646888,0.11003832057358,0.221573761154964,"WP_005768100.1"
"lcl|NC_008783.1_cds_WP_005768101.1_1159",299.531320128848,0.459908931271735,0.335932900874536,0.0894801615566368,0.188721620605876,"WP_005768101.1"
"lcl|NC_008783.1_cds_WP_005768102.1_1160",170.104936158579,0.420122034583641,0.24324920945784,0.055031374740651,0.13163060139986,"WP_005768102.1"
"lcl|NC_008783.1_cds_WP_035453351.1_1161",156.723737254747,-0.23350315528734,0.345413636477072,0.393917352430572,0.54870370032682,"WP_035453351.1"
"lcl|NC_008783.1_cds_WP_005768104.1_1162",565.922051448218,1.39306678048178,0.148243896714821,9.26871658722977e-23,3.65805347976002e-20,"WP_005768104.1"
"lcl|NC_008783.1_cds_WP_005768105.1_1163",1481.17858613581,0.746118689492328,0.204295946482765,8.29651146426773e-05,0.000696671600971134,"WP_005768105.1"
"lcl|NC_008783.1_cds_WP_005768106.1_1164",584.619338410071,0.14289264673402,0.256470496306209,0.530963691200836,0.684815915448573,"WP_005768106.1"
"lcl|NC_008783.1_cds_WP_005768107.1_1165",170.460284056953,0.675874129281095,0.331403826118768,0.0121079899244483,0.0403827044240754,"WP_005768107.1"
"lcl|NC_008783.1_cds_WP_005768108.1_1166",386.394904825344,-0.0934565086470453,0.226952052687749,0.652331187078451,0.777804758812574,"WP_005768108.1"
"lcl|NC_008783.1_cds_WP_005768109.1_1167",1819.83984551059,-0.654952357153337,0.157612745367497,1.42830305111417e-05,0.000153737346592653,"WP_005768109.1"
"lcl|NC_008783.1_cds_WP_005768110.1_1168",1128.82627288326,0.515630833851161,0.200137974330566,0.00572813741264589,0.0233062360706967,"WP_005768110.1"
"lcl|NC_008783.1_cds_WP_005768111.1_1169",221.341943228396,-0.157851857295673,0.21683958734934,0.42961754829977,0.587423271574352,"WP_005768111.1"
"lcl|NC_008783.1_cds_WP_005768112.1_1170",348.588948160568,-0.0442385019679936,0.19113656354116,0.805419208364014,0.877291943609008,"WP_005768112.1"
"lcl|NC_008783.1_cds_WP_005768114.1_1171",1102.49103171786,0.0332055010251016,0.209326812464705,0.864157371032777,0.907863644456795,"WP_005768114.1"
"lcl|NC_008783.1_cds_WP_005768116.1_1172",28607.2718924802,0.29051288544381,0.245596930614736,0.188031497566389,0.329821174990526,"WP_005768116.1"
"lcl|NC_008783.1_cds_WP_011807449.1_1173",1481.83526317321,-0.896386182710287,0.219021837916481,7.84496492574381e-06,9.31530236193002e-05,"WP_011807449.1"
"lcl|NC_008783.1_cds_WP_005768120.1_1174",1195.08858421288,-0.273746316161792,0.218303446697526,0.17305503572334,0.310921338841327,"WP_005768120.1"
"lcl|NC_008783.1_cds_WP_011807451.1_1175",1145.87276868607,0.450265202860173,0.146444669848218,0.00142915591253536,0.0071700025442452,"WP_011807451.1"
"lcl|NC_008783.1_cds_WP_005768122.1_1176",3167.23820963576,-0.126116476437749,0.182473771959453,0.464534007285566,0.622181294825917,"WP_005768122.1"
"lcl|NC_008783.1_cds_BARBAKC583_RS06490_1177",663.07761957053,0.179853204759383,0.18210797261964,0.296045601449066,0.453206331418429,"BARBAKC583_RS06490"
"lcl|NC_008783.1_cds_WP_005768124.1_1178",309.676808315965,-0.500307954974005,0.283522634267899,0.040934077983599,0.106052403353569,"WP_005768124.1"
"lcl|NC_008783.1_cds_WP_005768125.1_1179",202.185645987111,-0.379340379382525,0.284625876759154,0.122206515463321,0.241154190514286,"WP_005768125.1"
"lcl|NC_008783.1_cds_WP_005768126.1_1180",852.256274131009,0.869787918806695,0.167566603619976,4.71236104358657e-08,1.32843701800155e-06,"WP_005768126.1"
"lcl|NC_008783.1_cds_WP_005768127.1_1181",231.359896700055,0.105420240942542,0.161333606301335,0.49481288528513,0.65023136090743,"WP_005768127.1"
"lcl|NC_008783.1_cds_WP_005768128.1_1182",626.970221955932,-0.411604949489598,0.159803021220009,0.00714291759879763,0.0276379556763934,"WP_005768128.1"
"lcl|NC_008783.1_cds_WP_005768129.1_1183",5522.549359252,0.710230106651176,0.266894874066238,0.00243919491004248,0.0116451886027835,"WP_005768129.1"
"lcl|NC_008783.1_cds_WP_005768130.1_1184",2098.71427948802,-0.160853756956972,0.161239884726763,0.297298334532404,0.454195133014666,"WP_005768130.1"
"lcl|NC_008783.1_cds_WP_005768131.1_1185",2373.04312953054,0.395466961836162,0.156783598100319,0.00854166093442259,0.0314078464172557,"WP_005768131.1"
"lcl|NC_008783.1_cds_WP_005768133.1_1186",1900.38182421727,1.20690648528208,0.280623360761542,6.08895744515324e-07,1.0771644748654e-05,"WP_005768133.1"
"lcl|NC_008783.1_cds_WP_005768147.1_1187",930.411776871805,0.0642325569290428,0.274280634259985,0.788424476343835,0.865147896191937,"WP_005768147.1"
"lcl|NC_008783.1_cds_WP_005768149.1_1188",3204.89806705485,-0.0040187589841121,0.164033807537079,0.979548894252552,0.987892581597123,"WP_005768149.1"
"lcl|NC_008783.1_cds_WP_005768151.1_1189",352.983622085345,0.192115648214109,0.22708438281805,0.354551918330586,0.511938379638309,"WP_005768151.1"
"lcl|NC_008783.1_cds_WP_005768153.1_1190",345.81180824557,0.579796667704139,0.229659929880894,0.00555536020996812,0.0227596764311497,"WP_005768153.1"
"lcl|NC_008783.1_cds_WP_080512682.1_1191",563.344160810577,-0.291953474689243,0.208759980240653,0.131511310607223,0.254012058334342,"WP_080512682.1"
"lcl|NC_008783.1_cds_WP_005768156.1_1192",134.290727157788,-0.79938312406602,0.294219847728225,0.00142381221932802,0.0071700025442452,"WP_005768156.1"
"lcl|NC_008783.1_cds_WP_005768157.1_1193",1445.72647257951,0.455985371450077,0.196913609880435,0.0132555312005298,0.0435995570986152,"WP_005768157.1"
"lcl|NC_008783.1_cds_WP_005768158.1_1194",1098.53852527913,-0.351074787195965,0.307783444977648,0.173484630580591,0.311220913041545,"WP_005768158.1"
"lcl|NC_008783.1_cds_WP_005768160.1_1195",2339.38826149499,0.574973225358236,0.173322713644293,0.00047417437713396,0.00286440031901331,"WP_005768160.1"
"lcl|NC_008783.1_cds_WP_005768163.1_1196",842.408875500265,0.100103328755804,0.220130623758457,0.620816940865417,0.755689053236587,"WP_005768163.1"
"lcl|NC_008783.1_cds_WP_005768164.1_1197",325.234699161516,-0.905850672555435,0.260264058004863,7.98191321580645e-05,0.000675041803393917,"WP_005768164.1"
"lcl|NC_008783.1_cds_WP_005768165.1_1198",518.221261434431,0.164656720896884,0.203409527912653,0.384721054753398,0.540985426161548,"WP_005768165.1"
"lcl|NC_008783.1_cds_WP_005768166.1_1199",508.512610064395,-0.0704588421808414,0.165868142039953,0.656360817979404,0.778548138581848,"WP_005768166.1"
"lcl|NC_008783.1_cds_WP_005768168.1_1200",462.658876649516,-0.440038736372595,0.259384589469141,0.0555555437878912,0.132616459364643,"WP_005768168.1"
"lcl|NC_008783.1_cds_WP_005768170.1_1201",457.614134164371,0.0533846792415462,0.282636645275788,0.827031625257658,0.888211320127256,"WP_005768170.1"
"lcl|NC_008783.1_cds_WP_005768172.1_1202",1492.06810565919,0.0854540497090521,0.250116485044416,0.702624241029556,0.808967343738382,"WP_005768172.1"
"lcl|NC_008783.1_cds_WP_005768174.1_1203",1193.36331655249,0.113317105740058,0.224963491743493,0.58219865663229,0.726367976240918,"WP_005768174.1"
"lcl|NC_008783.1_cds_WP_005768178.1_1204",1156.50775563469,0.363862178880517,0.231920475918558,0.0845693060010944,0.182402254142115,"WP_005768178.1"
"lcl|NC_008783.1_cds_WP_005768181.1_1205",587.044671258805,-0.447986231560518,0.320212225973765,0.0897000802901674,0.188721620605876,"WP_005768181.1"
"lcl|NC_008783.1_cds_WP_035453280.1_1206",954.171039332336,-0.83668858016064,0.315447511646597,0.00140294897639472,0.00712914844657233,"WP_035453280.1"
"lcl|NC_008783.1_cds_WP_005768183.1_1207",1029.52376509168,-0.835227062512689,0.273335521789128,0.000452886196892124,0.00277832775709987,"WP_005768183.1"
"lcl|NC_008783.1_cds_WP_005768184.1_1208",368.254504924498,0.814451500351652,0.265914691357841,0.000486770757035525,0.00292556637730996,"WP_005768184.1"
"lcl|NC_008783.1_cds_WP_005768187.1_1209",210.370374051605,0.249043468824286,0.235453913485754,0.24358027922782,0.398892186176679,"WP_005768187.1"
"lcl|NC_008783.1_cds_WP_005768189.1_1210",254.862015531175,1.11378037765322,0.214046797944636,1.38251268704786e-08,5.28030652085377e-07,"WP_005768189.1"
"lcl|NC_008783.1_cds_WP_005768191.1_1211",802.894030084022,0.439719885049144,0.178833335376698,0.00938295449374524,0.033181760501308,"WP_005768191.1"
"lcl|NC_008783.1_cds_WP_005768193.1_1212",941.785509300135,0.475828819023109,0.20278587664324,0.0117098525588132,0.0396127583703853,"WP_005768193.1"
"lcl|NC_008783.1_cds_WP_011807453.1_1213",374.797035760804,-0.665206156426478,0.217298760773339,0.000868253507375842,0.00473738319231796,"WP_011807453.1"
"lcl|NC_008783.1_cds_WP_104408433.1_1214",501.013755283794,-0.304643000200743,0.177286417900202,0.069841967549534,0.156319261963418,"WP_104408433.1"
"lcl|NC_008783.1_cds_WP_005768203.1_1215",447.394037731437,0.414040779632324,0.155263209086334,0.00546618123449125,0.0225503783332322,"WP_005768203.1"
"lcl|NC_008783.1_cds_WP_005768206.1_1216",87.8059378928552,-1.13286225686952,0.310193501620123,1.23453353669889e-05,0.000137895066740706,"WP_005768206.1"
