"categoria","termino","descripcion","genes_universo","genes_conjunto","esperados","p","genes","q"
"Keyword","KW-0282","Flagellum",26,26,6.4,6.18254818570403e-17,"RS05045;RS05445;RS05470;RS05495;RS05555;RS05570;RS05620;RS05635;flgA;flgB;flgC;flgD;flgF;flgG;flgK;flhA;flhB;fliE;fliF;fliK;fliN;fliP;fliQ;fliR;motA;motC",3.25614204447079e-15
"Keyword","KW-0966","Cell projection",26,26,6.4,6.18254818570403e-17,"RS05045;RS05445;RS05470;RS05495;RS05555;RS05570;RS05620;RS05635;flgA;flgB;flgC;flgD;flgF;flgG;flgK;flhA;flhB;fliE;fliF;fliK;fliN;fliP;fliQ;fliR;motA;motC",3.25614204447079e-15
"Keyword","KW-0969","Cilium",26,26,6.4,6.18254818570403e-17,"RS05045;RS05445;RS05470;RS05495;RS05555;RS05570;RS05620;RS05635;flgA;flgB;flgC;flgD;flgF;flgG;flgK;flhA;flhB;fliE;fliF;fliK;fliN;fliP;fliQ;fliR;motA;motC",3.25614204447079e-15
"KEGG","bbk02040","Flagellar assembly",25,25,6.2,2.69559100896695e-16,"RS05045;RS05445;RS05470;RS05495;RS05570;RS05600;RS05620;RS05635;flgA;flgB;flgC;flgD;flgF;flgG;flgH;flgK;flhA;flhB;fliE;fliF;fliN;fliP;fliQ;fliR;motA",1.9408255264562e-14
"Component","GO:0009288","Bacterial-type flagellum",19,19,4.7,1.736820352126e-12,"RS05045;RS05445;RS05470;RS05555;RS05570;RS05620;RS05635;flgB;flgC;flgF;flgG;flgH;flgK;fliE;fliF;fliN;fliP;fliQ;fliR",5.8183481796221e-11
"Component","GO:0042995","Cell projection",19,19,4.7,1.736820352126e-12,"RS05045;RS05445;RS05470;RS05555;RS05570;RS05620;RS05635;flgB;flgC;flgF;flgG;flgH;flgK;fliE;fliF;fliN;fliP;fliQ;fliR",5.8183481796221e-11
"Component","GO:0009425","Bacterial-type flagellum basal body",16,16,3.9,1.33877923079028e-10,"RS05470;RS05555;RS05570;RS05620;RS05635;flgB;flgC;flgF;flgG;flgH;fliE;fliF;fliN;fliP;fliQ;fliR",2.98994028209829e-09
"Keyword","KW-0975","Bacterial flagellum",14,14,3.5,2.38932438315666e-09,"RS05045;RS05445;RS05470;RS05570;flgB;flgC;flgF;flgG;flgH;fliE;fliF;fliN;fliQ;fliR",9.4378313134688e-08
"Process","GO:0001539","Cilium or flagellum-dependent cell motility",12,12,3,4.21478263674167e-08,"RS05555;RS05570;RS05620;RS05635;flgB;flgC;flgG;flgH;fliE;fliF;fliN;motA",8.17667831527885e-06
"Process","GO:0048870","Cell motility",12,12,3,4.21478263674167e-08,"RS05555;RS05570;RS05620;RS05635;flgB;flgC;flgG;flgH;fliE;fliF;fliN;motA",8.17667831527885e-06
"Process","GO:0097588","Archaeal or bacterial-type flagellum-dependent cell motility",12,12,3,4.21478263674167e-08,"RS05555;RS05570;RS05620;RS05635;flgB;flgC;flgG;flgH;fliE;fliF;fliN;motA",8.17667831527885e-06
"Process","GO:0071973","Bacterial-type flagellum-dependent cell motility",11,11,2.7,1.76254546627379e-07,"RS05555;RS05570;RS05620;RS05635;flgB;flgC;flgG;flgH;fliE;fliF;fliN",2.56450365342836e-05
"Process","GO:0006810","Transport",131,55,32.3,2.45605344257669e-06,"RS00175;RS00245;RS00555;RS00565;RS00585;RS00855;RS01465;RS01470;RS01505;RS02205;RS02215;RS02325;RS02440;RS03320;RS03540;RS03795;RS03800;RS03805;RS03855;RS03880;RS03885;RS04360;RS04425;RS04985;RS05280;RS05285;RS05350;RS05355;RS05400;RS05405;RS05600;RS06370;RS06380;RS06525;RS06530;RS06630;RS07145;atpA;atpC;atpD;flhA;flhB;fliP;fliQ;fliR;lptF;mnhG;motA;murJ;nuoF;nuoG;nuoL;nuoN;pstA;secD",0.000285884620715926
"Process","GO:0051179","Localization",133,55,32.8,4.40347497511948e-06,"RS00175;RS00245;RS00555;RS00565;RS00585;RS00855;RS01465;RS01470;RS01505;RS02205;RS02215;RS02325;RS02440;RS03320;RS03540;RS03795;RS03800;RS03805;RS03855;RS03880;RS03885;RS04360;RS04425;RS04985;RS05280;RS05285;RS05350;RS05355;RS05400;RS05405;RS05600;RS06370;RS06380;RS06525;RS06530;RS06630;RS07145;atpA;atpC;atpD;flhA;flhB;fliP;fliQ;fliR;lptF;mnhG;motA;murJ;nuoF;nuoG;nuoL;nuoN;pstA;secD",0.000366117490788505
"Process","GO:0051234","Establishment of localization",133,55,32.8,4.40347497511948e-06,"RS00175;RS00245;RS00555;RS00565;RS00585;RS00855;RS01465;RS01470;RS01505;RS02205;RS02215;RS02325;RS02440;RS03320;RS03540;RS03795;RS03800;RS03805;RS03855;RS03880;RS03885;RS04360;RS04425;RS04985;RS05280;RS05285;RS05350;RS05355;RS05400;RS05405;RS05600;RS06370;RS06380;RS06525;RS06530;RS06630;RS07145;atpA;atpC;atpD;flhA;flhB;fliP;fliQ;fliR;lptF;mnhG;motA;murJ;nuoF;nuoG;nuoL;nuoN;pstA;secD",0.000366117490788505
"KEGG","bbk00190","Oxidative phosphorylation",34,20,8.4,1.68139873254263e-05,"RS00465;RS00555;RS00565;RS03795;RS03800;RS03805;RS03810;RS03855;atpA;atpC;atpD;nuoE;nuoF;nuoG;nuoH;nuoL;nuoN;sdhA;sdhC;sdhD",0.000605303543715345
"Process","GO:0030030","Cell projection organization",10,9,2.5,2.39438388521141e-05,"flaF;flgA;flgD;flgK;flhA;flhB;fliP;fliQ;fliR",0.00154836824577004
"Process","GO:0044781","Bacterial-type flagellum organization",10,9,2.5,2.39438388521141e-05,"flaF;flgA;flgD;flgK;flhA;flhB;fliP;fliQ;fliR",0.00154836824577004
"Keyword","KW-1278","Translocase",19,13,4.7,6.12245160192996e-05,"RS02200;RS03540;RS03795;RS03800;RS03805;RS03810;RS03885;RS05350;atpA;atpD;nuoG;nuoH;nuoN",0.00193469470620987
"Process","GO:0006996","Organelle organization",28,17,6.9,4.29567636944832e-05,"RS00540;RS00915;RS04505;addA;flaF;flgA;flgD;flgK;flhA;flhB;fliP;fliQ;fliR;parE;recG;rsfS;topA",0.00250008364701892
"Component","GO:0030694","Bacterial-type flagellum basal body, rod",5,5,1.2,0.000887789552317869,"RS05570;flgB;flgC;flgG;flgH",0.00790902541522993
"Component","GO:0033178","Proton-transporting two-sector ATPase complex, catalytic domain",5,5,1.2,0.000887789552317869,"RS00555;RS00565;atpA;atpC;atpD",0.00790902541522993
"Component","GO:0045261","Proton-transporting ATP synthase complex, catalytic core F(1)",5,5,1.2,0.000887789552317869,"RS00555;RS00565;atpA;atpC;atpD",0.00790902541522993
"Component","GO:0071944","Cell periphery",149,53,36.7,0.000899648420403584,"RS00160;RS00175;RS00245;RS00555;RS00565;RS00855;RS01470;RS01505;RS02205;RS02440;RS03540;RS03795;RS03800;RS03805;RS03810;RS03880;RS03920;RS04425;RS04985;RS05350;RS05355;RS05400;RS05405;RS05495;RS05555;RS05620;RS05635;RS05825;RS06370;RS06530;RS06630;RS07145;atpA;atpC;atpD;flgH;flhA;flhB;fliF;fliN;fliP;fliQ;fliR;lptF;motA;murJ;nuoH;nuoN;pstA;sdhA;secD;ubiB;waaA",0.00790902541522993
"Component","GO:0016020","Membrane",279,89,68.8,0.000944361243609544,"RS00160;RS00165;RS00170;RS00175;RS00245;RS00290;RS00320;RS00325;RS00555;RS00565;RS00580;RS00855;RS01155;RS01220;RS01465;RS01470;RS01505;RS01785;RS01975;RS02050;RS02205;RS02325;RS02440;RS03540;RS03795;RS03800;RS03805;RS03810;RS03855;RS03880;RS03885;RS03920;RS04360;RS04370;RS04425;RS04870;RS04985;RS05280;RS05285;RS05345;RS05350;RS05355;RS05400;RS05405;RS05495;RS05530;RS05555;RS05570;RS05620;RS05635;RS05825;RS05875;RS06305;RS06355;RS06370;RS06525;RS06530;RS06570;RS06630;RS07145;atpA;atpC;atpD;flgH;flhA;flhB;fliF;fliN;fliP;fliQ;fliR;hflC;hflK;lptF;mnhG;motA;murJ;nuoF;nuoG;nuoH;nuoL;nuoN;pstA;sdhA;sdhC;sdhD;secD;ubiB;waaA",0.00790902541522993
"Process","GO:0030031","Cell projection assembly",6,6,1.5,0.000215948810023266,"flgA;flgK;flhA;flhB;fliQ;fliR",0.0104735172861284
"Process","GO:0044780","Bacterial-type flagellum assembly",6,6,1.5,0.000215948810023266,"flgA;flgK;flhA;flhB;fliQ;fliR",0.0104735172861284
"Component","GO:0005886","Plasma membrane",135,48,33.3,0.00166319453329294,"RS00160;RS00175;RS00245;RS00555;RS00565;RS00855;RS01470;RS02205;RS03540;RS03795;RS03800;RS03805;RS03810;RS03880;RS03920;RS04985;RS05350;RS05355;RS05400;RS05405;RS05495;RS05555;RS05620;RS05635;RS05825;RS06370;RS06530;RS06630;atpA;atpC;atpD;flhA;flhB;fliF;fliN;fliP;fliQ;fliR;lptF;motA;murJ;nuoH;nuoN;pstA;sdhA;secD;ubiB;waaA",0.012381559303403
"Function","GO:0008137","NADH dehydrogenase (ubiquinone) activity",9,8,2.2,8.95806677977905e-05,"RS03795;RS03800;RS03805;RS03855;nuoF;nuoG;nuoL;nuoN",0.0135079922066647
"Function","GO:0016655","Oxidoreductase activity, acting on NAD(P)H, quinone or similar compound as acceptor",13,10,3.2,0.000100641389972985,"RS03795;RS03800;RS03805;RS03810;RS03855;nuoF;nuoG;nuoH;nuoL;nuoN",0.0135079922066647
"Function","GO:0003774","Cytoskeletal motor activity",6,6,1.5,0.000215948810023266,"RS05620;RS05635;flgH;fliE;fliF;fliN",0.0135079922066647
"Function","GO:0016651","Oxidoreductase activity, acting on NAD(P)H",14,10,3.5,0.000275821598838557,"RS03795;RS03800;RS03805;RS03810;RS03855;nuoF;nuoG;nuoH;nuoL;nuoN",0.0135079922066647
"Function","GO:0003954","NADH dehydrogenase activity",12,9,3,0.000323948029845581,"RS03795;RS03800;RS03805;RS03810;RS03855;nuoF;nuoG;nuoL;nuoN",0.0135079922066647
"Function","GO:0003955","NAD(P)H dehydrogenase (quinone) activity",12,9,3,0.000323948029845581,"RS03795;RS03800;RS03805;RS03810;RS03855;nuoF;nuoG;nuoL;nuoN",0.0135079922066647
"Function","GO:0050136","NADH dehydrogenase (quinone) activity",12,9,3,0.000323948029845581,"RS03795;RS03800;RS03805;RS03810;RS03855;nuoF;nuoG;nuoL;nuoN",0.0135079922066647
"Function","GO:0015399","Primary active transmembrane transporter activity",29,16,7.2,0.000350856940432849,"RS02325;RS03540;RS03795;RS03800;RS03805;RS03855;RS05350;RS05600;RS06525;atpA;atpD;nuoF;nuoG;nuoL;nuoN;secD",0.0135079922066647
"Pfam","PF00361","Proton-conducting membrane transporter",5,5,1.2,0.000887789552317869,"RS00160;RS00170;RS03855;nuoL;nuoN",0.0145005626878585
"Pfam","PF00460","Flagella basal body rod protein",5,5,1.2,0.000887789552317869,"RS05470;flgB;flgC;flgF;flgG",0.0145005626878585
"Pfam","PF06429","Flagellar basal body rod FlgEFG protein C-terminal",5,5,1.2,0.000887789552317869,"RS05470;flgC;flgF;flgG;flgK",0.0145005626878585
"KEGG","bbk02030","Bacterial chemotaxis",5,5,1.2,0.000887789552317869,"RS05495;RS05620;RS05635;fliN;motA",0.0213069492556289
"Keyword","KW-0139","CF(1)",5,5,1.2,0.000887789552317869,"RS00555;RS00565;atpA;atpC;atpD",0.0229285594461922
"Keyword","KW-0874","Quinone",11,8,2.7,0.00101582225394523,"RS03795;RS03800;RS03805;RS03810;nuoF;nuoG;nuoH;nuoN",0.0229285594461922
"Function","GO:0022804","Active transmembrane transporter activity",37,18,9.1,0.00111818974228928,"RS02325;RS03540;RS03795;RS03800;RS03805;RS03855;RS05350;RS05600;RS06525;atpA;atpD;mnhG;nuoF;nuoG;nuoL;nuoN;pstA;secD",0.0382669378472332
"Keyword","KW-0472","Membrane",251,80,61.9,0.00200506437663797,"RS00160;RS00165;RS00170;RS00175;RS00245;RS00290;RS00320;RS00325;RS00555;RS00565;RS00580;RS00855;RS01155;RS01220;RS01465;RS01470;RS01505;RS01785;RS01975;RS02050;RS02200;RS02205;RS02325;RS02440;RS03540;RS03795;RS03800;RS03805;RS03810;RS03855;RS03880;RS03885;RS04360;RS04370;RS04870;RS05280;RS05285;RS05345;RS05350;RS05355;RS05400;RS05405;RS05495;RS05555;RS05570;RS05825;RS05875;RS06305;RS06355;RS06370;RS06525;RS06570;RS06630;atpA;atpC;atpD;flgH;flhA;flhB;fliF;fliN;fliP;fliQ;fliR;hflC;hflK;lptF;mnhG;motA;murJ;nuoH;nuoL;nuoN;pstA;sdhA;sdhC;sdhD;secD;ubiB;waaA",0.0396000214385998
"Process","GO:0070925","Organelle assembly",9,7,2.2,0.00117307817248314,"flgA;flgK;flhA;flhB;fliQ;fliR;rsfS",0.0487665354560847
"Process","GO:0140694","Non-membrane-bounded organelle assembly",9,7,2.2,0.00117307817248314,"flgA;flgK;flhA;flhB;fliQ;fliR;rsfS",0.0487665354560847
"Function","GO:0005215","Transporter activity",82,32,20.2,0.00196009598097301,"RS00175;RS00245;RS00555;RS00565;RS01465;RS01470;RS02205;RS02325;RS03320;RS03540;RS03795;RS03800;RS03805;RS03855;RS04360;RS05285;RS05350;RS05400;RS05405;RS05600;RS06525;atpA;atpC;atpD;mnhG;murJ;nuoF;nuoG;nuoL;nuoN;pstA;secD",0.0548826874672443
"Function","GO:0022857","Transmembrane transporter activity",82,32,20.2,0.00196009598097301,"RS00175;RS00245;RS00555;RS00565;RS01465;RS01470;RS02205;RS02325;RS03320;RS03540;RS03795;RS03800;RS03805;RS03855;RS04360;RS05285;RS05350;RS05400;RS05405;RS05600;RS06525;atpA;atpC;atpD;mnhG;murJ;nuoF;nuoG;nuoL;nuoN;pstA;secD",0.0548826874672443
"Process","GO:0033036","Macromolecule localization",32,16,7.9,0.00147132803173702,"RS00855;RS01505;RS02440;RS03540;RS03880;RS03885;RS04425;RS05600;RS06530;RS07145;flhA;flhB;fliP;fliQ;fliR;secD",0.0570875276313964
"Function","GO:0048038","Quinone binding",12,8,3,0.00239957070214452,"RS03795;RS03800;RS03805;RS03810;nuoF;nuoG;nuoH;nuoN",0.0615889813550426
"Keyword","KW-1005","Bacterial flagellum biogenesis",4,4,1,0.00363960956688248,"flgA;flhA;flhB;fliP",0.0638953679519369
"KEGG","bbk00650","Butanoate metabolism",4,4,1,0.00363960956688248,"RS00465;sdhA;sdhC;sdhD",0.0655129722038847
"Process","GO:0015031","Protein transport",27,14,6.7,0.00188204123503133,"RS00855;RS01505;RS03880;RS03885;RS04425;RS05600;RS06530;RS07145;flhA;flhB;fliP;fliQ;fliR;secD",0.0684592499242646
"InterPro","IPR001444","Flagellar basal body rod protein, N-terminal",5,5,1.2,0.000887789552317869,"RS05470;flgB;flgC;flgF;flgG",0.0727987432900652
"InterPro","IPR001750","NADH:quinone oxidoreductase/Mrp antiporter, membrane subunit",5,5,1.2,0.000887789552317869,"RS00160;RS00170;RS03855;nuoL;nuoN",0.0727987432900652
"InterPro","IPR010930","Flagellar basal-body/hook protein, C-terminal domain",5,5,1.2,0.000887789552317869,"RS05470;flgC;flgF;flgG;flgK",0.0727987432900652
"Component","GO:0016021","Integral component of membrane",225,69,55.5,0.0131860274967498,"RS00160;RS00165;RS00170;RS00175;RS00245;RS00290;RS00320;RS00325;RS00580;RS00855;RS01155;RS01220;RS01465;RS01470;RS01505;RS01785;RS01975;RS02050;RS02205;RS02325;RS03540;RS03795;RS03855;RS03880;RS04360;RS04370;RS04425;RS04870;RS05280;RS05285;RS05345;RS05355;RS05400;RS05405;RS05495;RS05555;RS05570;RS05825;RS05875;RS06305;RS06355;RS06370;RS06525;RS06530;RS06570;RS06630;RS07145;flhA;flhB;fliF;fliP;fliQ;fliR;hflC;hflK;lptF;mnhG;motA;murJ;nuoF;nuoH;nuoL;nuoN;pstA;sdhC;sdhD;secD;ubiB;waaA",0.0830776566087661
"Component","GO:0031224","Intrinsic component of membrane",226,69,55.7,0.0147787181574941,"RS00160;RS00165;RS00170;RS00175;RS00245;RS00290;RS00320;RS00325;RS00580;RS00855;RS01155;RS01220;RS01465;RS01470;RS01505;RS01785;RS01975;RS02050;RS02205;RS02325;RS03540;RS03795;RS03855;RS03880;RS04360;RS04370;RS04425;RS04870;RS05280;RS05285;RS05345;RS05355;RS05400;RS05405;RS05495;RS05555;RS05570;RS05825;RS05875;RS06305;RS06355;RS06370;RS06525;RS06530;RS06570;RS06630;RS07145;flhA;flhB;fliF;fliP;fliQ;fliR;hflC;hflK;lptF;mnhG;motA;murJ;nuoF;nuoH;nuoL;nuoN;pstA;sdhC;sdhD;secD;ubiB;waaA",0.0830776566087661
"Component","GO:0009426","Bacterial-type flagellum basal body, distal rod",3,3,0.7,0.0148795802881372,"RS05570;flgG;flgH",0.0830776566087661
"Process","GO:0055085","Transmembrane transport",101,37,24.9,0.00331856513348182,"RS00175;RS00245;RS00555;RS00565;RS00585;RS01465;RS01470;RS02205;RS02325;RS03320;RS03540;RS03795;RS03800;RS03805;RS03855;RS04360;RS05280;RS05285;RS05350;RS05355;RS05400;RS05405;RS05600;RS06370;RS06525;atpA;atpC;atpD;lptF;mnhG;murJ;nuoF;nuoG;nuoL;nuoN;pstA;secD",0.085024726522962
"Process","GO:0006935","Chemotaxis",4,4,1,0.00363960956688248,"RS05555;RS05620;RS05635;fliN",0.085024726522962
"Process","GO:0040011","Locomotion",4,4,1,0.00363960956688248,"RS05555;RS05620;RS05635;fliN",0.085024726522962
"Process","GO:0042330","Taxis",4,4,1,0.00363960956688248,"RS05555;RS05620;RS05635;fliN",0.085024726522962
"Process","GO:0009306","Protein secretion",8,6,2,0.00379835548040724,"RS05600;RS06530;flhA;flhB;fliP;fliQ",0.085024726522962
"Process","GO:0032940","Secretion by cell",8,6,2,0.00379835548040724,"RS05600;RS06530;flhA;flhB;fliP;fliQ",0.085024726522962
"Process","GO:0035592","Establishment of protein localization to extracellular region",8,6,2,0.00379835548040724,"RS05600;RS06530;flhA;flhB;fliP;fliQ",0.085024726522962
"Process","GO:0046903","Secretion",8,6,2,0.00379835548040724,"RS05600;RS06530;flhA;flhB;fliP;fliQ",0.085024726522962
"Process","GO:0071692","Protein localization to extracellular region",8,6,2,0.00379835548040724,"RS05600;RS06530;flhA;flhB;fliP;fliQ",0.085024726522962
"Process","GO:0140352","Export from cell",8,6,2,0.00379835548040724,"RS05600;RS06530;flhA;flhB;fliP;fliQ",0.085024726522962
"Process","GO:0008104","Protein localization",29,14,7.2,0.00443907296708156,"RS00855;RS01505;RS03880;RS03885;RS04425;RS05600;RS06530;RS07145;flhA;flhB;fliP;fliQ;fliR;secD",0.0861180155613823
"Process","GO:0045184","Establishment of protein localization",29,14,7.2,0.00443907296708156,"RS00855;RS01505;RS03880;RS03885;RS04425;RS05600;RS06530;RS07145;flhA;flhB;fliP;fliQ;fliR;secD",0.0861180155613823
"Process","GO:0051641","Cellular localization",29,14,7.2,0.00443907296708156,"RS00855;RS01505;RS03880;RS03885;RS04425;RS05600;RS06530;RS07145;flhA;flhB;fliP;fliQ;fliR;secD",0.0861180155613823
"Process","GO:0070727","Cellular macromolecule localization",29,14,7.2,0.00443907296708156,"RS00855;RS01505;RS03880;RS03885;RS04425;RS05600;RS06530;RS07145;flhA;flhB;fliP;fliQ;fliR;secD",0.0861180155613823
"Function","GO:0000104","Succinate dehydrogenase activity",4,4,1,0.00363960956688248,"RS00465;sdhA;sdhC;sdhD",0.0862307497384465
"Function","GO:0015453","Oxidoreduction-driven active transmembrane transporter activity",13,8,3.2,0.00491666307428146,"RS03795;RS03800;RS03805;RS03855;nuoF;nuoG;nuoL;nuoN",0.108166587634192
"Pfam","PF01032","FecCD transport family",5,4,1.2,0.0146468896251409,"RS02205;RS05400;RS05405;RS06370",0.121516572353121
"Pfam","PF03895","YadA-like membrane anchor domain",3,3,0.7,0.0148795802881372,"RS01505;RS04425;RS07145",0.121516572353121
"Pfam","PF05662","Coiled stalk of trimeric autotransporter adhesin",3,3,0.7,0.0148795802881372,"RS01505;RS04425;RS07145",0.121516572353121
"Process","GO:0009145","Purine nucleoside triphosphate biosynthetic process",11,7,2.7,0.00671603974204976,"RS00555;RS00565;RS05600;atpA;atpC;atpD;ndk",0.12214797280853
"Process","GO:0009206","Purine ribonucleoside triphosphate biosynthetic process",11,7,2.7,0.00671603974204976,"RS00555;RS00565;RS05600;atpA;atpC;atpD;ndk",0.12214797280853
"Keyword","KW-0813","Transport",82,30,20.2,0.00838790433979603,"RS00245;RS00555;RS00565;RS00855;RS02200;RS02205;RS03540;RS03795;RS03800;RS03805;RS03810;RS03885;RS04985;RS05285;RS05350;RS05355;RS05400;RS05405;RS06370;RS06380;atpA;atpC;atpD;flhA;flhB;fliP;murJ;nuoN;sdhA;secD",0.132528888568777
"Process","GO:0071702","Organic substance transport",52,21,12.8,0.00760165626749209,"RS00855;RS01505;RS02325;RS02440;RS03540;RS03880;RS03885;RS04425;RS04985;RS05350;RS05600;RS06530;RS06630;RS07145;flhA;flhB;fliP;fliQ;fliR;murJ;secD",0.134065574172133
"Keyword","KW-0830","Ubiquinone",12,7,3,0.0127590963979171,"RS03795;RS03800;RS03805;RS03810;RS03985;nuoH;nuoN",0.183267020988264
"Keyword","KW-1006","Bacterial flagellum protein export",3,3,0.7,0.0148795802881372,"flhA;flhB;fliP",0.185180714994293
"Keyword","KW-1003","Cell membrane",106,36,26.1,0.0152363879425684,"RS00245;RS00555;RS00565;RS02200;RS02205;RS03540;RS03795;RS03800;RS03805;RS03810;RS03880;RS03885;RS05285;RS05350;RS05355;RS05400;RS05405;RS05555;RS06630;atpA;atpC;atpD;flhA;flhB;fliN;fliP;fliQ;fliR;murJ;nuoH;nuoN;pstA;sdhA;secD;ubiB;waaA",0.185180714994293
"InterPro","IPR027417","P-loop containing nucleoside triphosphate hydrolase",101,37,24.9,0.00331856513348182,"RS00250;RS00540;RS00915;RS01095;RS02200;RS02325;RS03525;RS03540;RS03885;RS04285;RS04505;RS04980;RS04985;RS05350;RS05600;RS06375;RS06525;RS06540;RS06615;addA;addB;atpA;atpD;clpX;cmk;coaA;dnaA;ettA;gmk;holA;infB;lpxK;mnmE;recF;recG;sufC;zapE",0.204091755709132
"Process","GO:0022900","Electron transport chain",23,11,5.7,0.0125650398363703,"RS00465;RS03795;RS03800;RS03805;RS03855;nuoF;nuoG;nuoL;nuoN;sdhA;sdhC",0.215083917199044
"Component","GO:0016469","Proton-transporting two-sector ATPase complex",9,5,2.2,0.0456715285417966,"RS00555;RS00565;atpA;atpC;atpD",0.217077732951826
"Component","GO:0045259","Proton-transporting ATP synthase complex",9,5,2.2,0.0456715285417966,"RS00555;RS00565;atpA;atpC;atpD",0.217077732951826
"Component","GO:0009986","Cell surface",4,3,1,0.0485994924519014,"RS01505;RS04425;RS07145",0.217077732951826
"Function","GO:0009055","Electron transfer activity",20,10,4.9,0.0118744840873628,"RS00465;RS03795;RS03800;RS03805;RS03855;nuoF;nuoG;nuoL;nuoN;sdhC",0.229145536437313
"Function","GO:0009678","Pyrophosphate hydrolysis-driven proton transmembrane transporter activity",3,3,0.7,0.0148795802881372,"RS05600;atpA;atpD",0.229145536437313
"Function","GO:0019829","ATPase-coupled cation transmembrane transporter activity",3,3,0.7,0.0148795802881372,"RS05600;atpA;atpD",0.229145536437313
"Function","GO:0042625","ATPase-coupled ion transmembrane transporter activity",3,3,0.7,0.0148795802881372,"RS05600;atpA;atpD",0.229145536437313
"Function","GO:0044769","ATPase activity, coupled to transmembrane movement of ions, rotational mechanism",3,3,0.7,0.0148795802881372,"RS05600;atpA;atpD",0.229145536437313
"Function","GO:0046961","Proton-transporting ATPase activity, rotational mechanism",3,3,0.7,0.0148795802881372,"RS05600;atpA;atpD",0.229145536437313
"Function","GO:0005261","Cation channel activity",10,6,2.5,0.0179893323207546,"RS00555;RS00565;RS05600;atpA;atpC;atpD",0.24090062412141
"Function","GO:0015252","Proton channel activity",10,6,2.5,0.0179893323207546,"RS00555;RS00565;RS05600;atpA;atpC;atpD",0.24090062412141
"Function","GO:0046933","Proton-transporting ATP synthase activity, rotational mechanism",10,6,2.5,0.0179893323207546,"RS00555;RS00565;RS05600;atpA;atpC;atpD",0.24090062412141
"Process","GO:0042773","ATP synthesis coupled electron transport",5,4,1.2,0.0146468896251409,"RS03855;nuoG;nuoL;nuoN",0.243556850338058
"InterPro","IPR017871","ABC transporter-like, conserved site",23,11,5.7,0.0125650398363703,"RS00250;RS02200;RS02325;RS03540;RS03885;RS04980;RS05350;RS06375;RS06525;ettA;sufC",0.24402511672545
"InterPro","IPR003439","ABC transporter-like, ATP-binding domain",26,12,6.4,0.0129120459681344,"RS00250;RS02200;RS02325;RS03540;RS03885;RS04980;RS04985;RS05350;RS06375;RS06525;ettA;sufC",0.24402511672545
"InterPro","IPR000522","ABC transporter, permease protein, BtuC-like",3,3,0.7,0.0148795802881372,"RS02205;RS05400;RS05405",0.24402511672545
"InterPro","IPR005594","Trimeric autotransporter adhesin YadA-like, C-terminal membrane anchor domain",3,3,0.7,0.0148795802881372,"RS01505;RS04425;RS07145",0.24402511672545
"InterPro","IPR008635","Trimeric autotransporter adhesin YadA-like, stalk domain",3,3,0.7,0.0148795802881372,"RS01505;RS04425;RS07145",0.24402511672545
"InterPro","IPR011049","Serralysin-like metalloprotease, C-terminal",3,3,0.7,0.0148795802881372,"RS01505;RS04425;RS07145",0.24402511672545
"InterPro","IPR011335","Restriction endonuclease type II-like",3,3,0.7,0.0148795802881372,"RS00965;RS05060;addA",0.24402511672545
"InterPro","IPR019776","Flagellar basal body rod protein, conserved site",3,3,0.7,0.0148795802881372,"flgB;flgC;flgG",0.24402511672545
"InterPro","IPR020013","Flagellar hook-basal body protein, FlgE/F/G",3,3,0.7,0.0148795802881372,"RS05470;flgF;flgG",0.24402511672545
"InterPro","IPR037925","Flagellar hook-basal body protein, FlgE/F/G-like",3,3,0.7,0.0148795802881372,"RS05470;flgF;flgG",0.24402511672545
"InterPro","IPR045584","Pilin-like",3,3,0.7,0.0148795802881372,"RS01505;RS04425;RS07145",0.24402511672545
"Keyword","KW-1133","Transmembrane helix",215,65,53,0.0229837604725533,"RS00160;RS00165;RS00170;RS00175;RS00245;RS00290;RS00320;RS00325;RS00580;RS00855;RS01155;RS01220;RS01465;RS01470;RS01505;RS01785;RS01975;RS02050;RS02205;RS02325;RS03540;RS03795;RS03855;RS03880;RS04360;RS04370;RS04870;RS05280;RS05285;RS05345;RS05355;RS05400;RS05405;RS05495;RS05555;RS05570;RS05825;RS05875;RS06305;RS06355;RS06370;RS06525;RS06570;RS06630;flhA;flhB;fliF;fliP;fliQ;fliR;hflC;hflK;lptF;mnhG;motA;murJ;nuoH;nuoL;nuoN;pstA;sdhC;sdhD;secD;ubiB;waaA",0.25938815390453
"Process","GO:0009060","Aerobic respiration",21,10,5.2,0.0178267150385443,"RS00465;RS03855;acnA;gltA;nuoG;nuoL;nuoN;sdhA;sdhC;sdhD",0.275520826596821
"Process","GO:0006754","ATP biosynthetic process",10,6,2.5,0.0179893323207546,"RS00555;RS00565;RS05600;atpA;atpC;atpD",0.275520826596821
"Process","GO:0015986","Proton motive force-driven ATP synthesis",10,6,2.5,0.0179893323207546,"RS00555;RS00565;RS05600;atpA;atpC;atpD",0.275520826596821
"Function","GO:0042626","ATPase-coupled transmembrane transporter activity",16,8,3.9,0.0241985575251384,"RS02325;RS03540;RS05350;RS05600;RS06525;atpA;atpD;secD",0.310548154905943
"Keyword","KW-0812","Transmembrane",218,65,53.8,0.0314423961679267,"RS00160;RS00165;RS00170;RS00175;RS00245;RS00290;RS00320;RS00325;RS00580;RS00855;RS01155;RS01220;RS01465;RS01470;RS01505;RS01785;RS01975;RS02050;RS02205;RS02325;RS03540;RS03795;RS03855;RS03880;RS04360;RS04370;RS04870;RS05280;RS05285;RS05345;RS05355;RS05400;RS05405;RS05495;RS05555;RS05570;RS05825;RS05875;RS06305;RS06355;RS06370;RS06525;RS06570;RS06630;flhA;flhB;fliF;fliP;fliQ;fliR;hflC;hflK;lptF;mnhG;motA;murJ;nuoH;nuoL;nuoN;pstA;sdhC;sdhD;secD;ubiB;waaA",0.311233173725105
"Keyword","KW-0347","Helicase",11,6,2.7,0.0315172834152005,"RS00540;RS00915;RS04285;RS04505;addA;recG",0.311233173725105
"Function","GO:0003678","DNA helicase activity",8,5,2,0.0253256294053848,"RS00540;RS00915;RS04505;addA;recG",0.312011754274341
"Process","GO:0009201","Ribonucleoside triphosphate biosynthetic process",13,7,3.2,0.0219086019421587,"RS00555;RS00565;RS05600;atpA;atpC;atpD;ndk",0.318770158258409
"Process","GO:0071103","DNA conformation change",13,7,3.2,0.0219086019421587,"RS00540;RS00915;RS04505;addA;parE;recG;topA",0.318770158258409
"Process","GO:0071705","Nitrogen compound transport",47,18,11.6,0.0239803687604048,"RS00855;RS01505;RS03880;RS03885;RS04425;RS04985;RS05350;RS05600;RS06530;RS06630;RS07145;flhA;flhB;fliP;fliQ;fliR;murJ;secD",0.334989007134863
"Process","GO:0042221","Response to chemical",16,8,3.9,0.0241985575251384,"RS02440;RS03920;RS05555;RS05620;RS05635;RS05755;fliN;parE",0.334989007134863
"Process","GO:0032392","DNA geometric change",8,5,2,0.0253256294053848,"RS00540;RS00915;RS04505;addA;recG",0.334989007134863
"Process","GO:0032508","DNA duplex unwinding",8,5,2,0.0253256294053848,"RS00540;RS00915;RS04505;addA;recG",0.334989007134863
"Pfam","PF00664","ABC transporter transmembrane region",4,3,1,0.0485994924519014,"RS02325;RS03540;RS06525",0.34019644716331
"InterPro","IPR003593","AAA+ ATPase domain",47,18,11.6,0.0239803687604048,"RS00250;RS02200;RS02325;RS03525;RS03540;RS03885;RS04980;RS04985;RS05350;RS05600;RS06375;RS06525;RS06540;atpD;clpX;dnaA;ettA;sufC",0.368698169691225
"Keyword","KW-0175","Coiled coil",77,26,19,0.0402629819750049,"RS00290;RS00320;RS00325;RS00585;RS00755;RS00965;RS01465;RS01505;RS01555;RS02325;RS03870;RS04370;RS04425;RS04870;RS05045;RS05280;RS05610;RS05625;RS06620;RS06990;dnaA;ettA;flgK;flhB;rpsA;secD",0.374208891297104
"Keyword","KW-0066","ATP synthesis",9,5,2.2,0.0456715285417966,"RS00555;RS00565;atpA;atpC;atpD",0.400894528311325
"Keyword","KW-0001","2Fe-2S",4,3,1,0.0485994924519014,"RS00465;nuoE;nuoG",0.404143147757917
"Component","GO:0005576","Extracellular region",5,3,1.2,0.0995283966920421,"RS05045;RS05445;flgK",0.416775161147926
"Process","GO:0051276","Chromosome organization",14,7,3.5,0.0347681999601347,"RS00540;RS00915;RS04505;addA;parE;recG;topA",0.434549229020087
"Process","GO:0006119","Oxidative phosphorylation",6,4,1.5,0.035446682347841,"RS03855;nuoG;nuoL;nuoN",0.434549229020087
"Process","GO:0015980","Energy derivation by oxidation of organic compounds",23,10,5.7,0.0358391116717597,"RS00465;RS03855;acnA;gltA;nuoG;nuoL;nuoN;sdhA;sdhC;sdhD",0.434549229020087
"Process","GO:0045333","Cellular respiration",23,10,5.7,0.0358391116717597,"RS00465;RS03855;acnA;gltA;nuoG;nuoL;nuoN;sdhA;sdhC;sdhD",0.434549229020087
"Component","GO:0098796","Membrane protein complex",24,9,5.9,0.110981788076099,"RS00555;RS00565;RS06370;atpA;atpC;atpD;lptF;nuoF;sdhC",0.437398811829332
"InterPro","IPR029062","Class I glutamine amidotransferase-like",6,4,1.5,0.035446682347841,"RS00330;RS04870;guaA;purQ",0.484437992087161
"InterPro","IPR037294","ABC transporter, BtuC-like",6,4,1.5,0.035446682347841,"RS02205;RS05400;RS05405;RS06370",0.484437992087161
"InterPro","IPR000194","ATPase, F1/V1/A1 complex, alpha/beta subunit, nucleotide-binding domain",4,3,1,0.0485994924519014,"RS05600;atpA;atpD",0.51980326709425
"InterPro","IPR011527","ABC transporter type 1, transmembrane domain",4,3,1,0.0485994924519014,"RS02325;RS03540;RS06525",0.51980326709425
"InterPro","IPR032317","RND efflux pump, membrane fusion protein, barrel-sandwich domain",4,3,1,0.0485994924519014,"RS00585;RS01465;RS05280",0.51980326709425
"InterPro","IPR036640","ABC transporter type 1, transmembrane domain superfamily",4,3,1,0.0485994924519014,"RS02325;RS03540;RS06525",0.51980326709425
"InterPro","IPR039421","Type 1 protein exporter",4,3,1,0.0485994924519014,"RS02325;RS03540;RS06525",0.51980326709425
"Keyword","KW-0004","4Fe-4S",16,7,3.9,0.0732582088831127,"RS00465;RS03800;acnA;miaB;nuoF;nuoG;thiC",0.551899452977547
"Keyword","KW-0375","Hydrogen ion transport",10,5,2.5,0.0733537247628386,"RS00555;RS00565;atpA;atpC;atpD",0.551899452977547
"Function","GO:0004386","Helicase activity",12,6,3,0.0502754704324839,"RS00540;RS00915;RS04285;RS04505;addA;recG",0.573512773822408
"Function","GO:0005216","Ion channel activity",12,6,3,0.0502754704324839,"RS00555;RS00565;RS05600;atpA;atpC;atpD",0.573512773822408
"Process","GO:0010629","Negative regulation of gene expression",4,3,1,0.0485994924519014,"ettA;flbT;rsfS",0.5772429511634
"Process","GO:0009142","Nucleoside triphosphate biosynthetic process",15,7,3.7,0.051794611413999,"RS00555;RS00565;RS05600;atpA;atpC;atpD;ndk",0.602889276858948
"Component","GO:0043228","Non-membrane-bounded organelle",85,25,21,0.176523749941623,"RS00540;RS05045;RS05445;RS05470;RS05555;RS05570;RS05620;RS05635;flgB;flgC;flgF;flgG;flgH;flgK;fliE;fliF;fliN;fliP;fliQ;fliR;parE;rpsA;rpsR;rpsU;topA",0.657060624782707
"Function","GO:0140657","ATP-dependent activity",55,19,13.6,0.0601345295334379,"RS00540;RS00915;RS02325;RS03525;RS03540;RS04285;RS04505;RS05350;RS05600;RS06525;addA;atpA;atpD;clpX;ettA;parE;recG;secD;zapE",0.661479824867817
"Function","GO:0030170","Pyridoxal phosphate binding",7,4,1.7,0.0668808145419306,"RS03970;RS06280;glyA;lysA",0.66865621202502
"Function","GO:0070279","Vitamin B6 binding",7,4,1.7,0.0668808145419306,"RS03970;RS06280;glyA;lysA",0.66865621202502
"Function","GO:0008324","Cation transmembrane transporter activity",22,9,5.4,0.0672998135479728,"RS00175;RS00555;RS00565;RS05350;RS05600;atpA;atpC;atpD;mnhG",0.66865621202502
"Keyword","KW-0411","Iron-sulfur",20,8,4.9,0.0934351210359059,"RS00465;RS03800;acnA;miaB;nuoE;nuoF;nuoG;thiC",0.671034051076051
"Function","GO:0015078","Proton transmembrane transporter activity",13,6,3.2,0.0745899291384769,"RS00555;RS00565;RS05600;atpA;atpC;atpD",0.675697005136791
"Function","GO:0015267","Channel activity",13,6,3.2,0.0745899291384769,"RS00555;RS00565;RS05600;atpA;atpC;atpD",0.675697005136791
"Function","GO:0022803","Passive transmembrane transporter activity",13,6,3.2,0.0745899291384769,"RS00555;RS00565;RS05600;atpA;atpC;atpD",0.675697005136791
"Component","GO:0110165","Cellular anatomical entity",561,145,138.4,0.19692283156057,"RS00160;RS00165;RS00170;RS00175;RS00245;RS00290;RS00320;RS00325;RS00540;RS00555;RS00565;RS00580;RS00855;RS01155;RS01220;RS01465;RS01470;RS01505;RS01785;RS01975;RS02050;RS02205;RS02325;RS02440;RS03520;RS03540;RS03795;RS03800;RS03805;RS03810;RS03855;RS03880;RS03885;RS03920;RS04360;RS04370;RS04425;RS04720;RS04870;RS04985;RS05045;RS05280;RS05285;RS05345;RS05350;RS05355;RS05400;RS05405;RS05445;RS05470;RS05495;RS05530;RS05555;RS05570;RS05600;RS05620;RS05635;RS05825;RS05875;RS06160;RS06280;RS06305;RS06355;RS06370;RS06525;RS06530;RS06570;RS06615;RS06620;RS06625;RS06630;RS07145;argF;argJ;aroA;atpA;atpC;atpD;cmk;coaA;dnaA;ettA;flgA;flgB;flgC;flgF;flgG;flgH;flgK;flhA;flhB;fliE;fliF;fliN;fliP;fliQ;fliR;glmS;gltA;gltX;glyA;glyS;gmk;hflC;hflK;hisS;ileS;infA;infB;lptF;miaB;mnhG;mnmE;motA;murJ;ndk;nrdF;nuoF;nuoG;nuoH;nuoL;nuoN;panC;parE;prfA;pstA;purL;purM;purQ;recF;rlmH;rnhA;rpsA;rpsR;rpsU;rsfS;rsmA;sdhA;sdhC;sdhD;secD;topA;tsaD;ubiB;waaA",0.679289611509166
"Component","GO:0043226","Organelle",87,25,21.5,0.213281019778405,"RS00540;RS05045;RS05445;RS05470;RS05555;RS05570;RS05620;RS05635;flgB;flgC;flgF;flgG;flgH;flgK;fliE;fliF;fliN;fliP;fliQ;fliR;parE;rpsA;rpsR;rpsU;topA",0.679289611509166
"Component","GO:0030313","Cell envelope",17,6,4.2,0.22305032019704,"RS01505;RS02440;RS04425;RS05570;RS07145;flgH",0.679289611509166
"Component","GO:0031975","Envelope",17,6,4.2,0.22305032019704,"RS01505;RS02440;RS04425;RS05570;RS07145;flgH",0.679289611509166
"Component","GO:1990204","Oxidoreductase complex",7,3,1.7,0.236157083406978,"nrdF;nuoF;sdhC",0.687935851663804
"Component","GO:0009279","Cell outer membrane",14,5,3.5,0.247617800549804,"RS01505;RS02440;RS04425;RS07145;flgH",0.691266359868204
"Keyword","KW-0032","Aminotransferase",8,4,2,0.108435999678476,"RS03635;RS04960;RS06280;glmS",0.744908171704316
"Process","GO:0022904","Respiratory electron transport chain",7,4,1.7,0.0668808145419306,"RS03855;nuoG;nuoL;nuoN",0.763228118890267
"Keyword","KW-0408","Iron",31,11,7.6,0.116000999893822,"RS00465;RS03800;acnA;miaB;nrdF;nuoE;nuoF;nuoG;sdhC;thiC;tsaD",0.763673249300995
"Component","GO:0030312","External encapsulating structure",15,5,3.7,0.301644716277512,"RS01505;RS02440;RS04425;RS07145;flgH",0.808407839623732
"Keyword","KW-0663","Pyridoxal phosphate",12,5,3,0.149604536924003,"RS03970;RS04960;RS06280;glyA;lysA",0.828197668550977
"Keyword","KW-0031","Aminopeptidase",3,2,0.7,0.152229552178635,"RS06160;pepN",0.828197668550977
"Keyword","KW-0396","Initiation factor",3,2,0.7,0.152229552178635,"infA;infB",0.828197668550977
"Keyword","KW-0574","Periplasm",3,2,0.7,0.152229552178635,"RS05570;flgA",0.828197668550977
"Keyword","KW-0997","Cell inner membrane",69,21,17,0.157545274632715,"RS00555;RS00565;RS02200;RS03540;RS03795;RS03800;RS03805;RS03810;RS03885;RS05350;RS05555;atpA;atpC;atpD;murJ;nuoH;nuoN;sdhA;secD;ubiB;waaA",0.828197668550977
"Keyword","KW-0315","Glutamine amidotransferase",6,3,1.5,0.163610111036243,"RS00330;guaA;purQ",0.828197668550977
"Keyword","KW-0441","Lipid A biosynthesis",6,3,1.5,0.163610111036243,"lpxB;lpxC;lpxK",0.828197668550977
"Keyword","KW-0067","ATP-binding",153,43,37.7,0.167736236668552,"RS00250;RS00540;RS00915;RS02200;RS02325;RS03540;RS03885;RS04285;RS04505;RS04980;RS04985;RS05350;RS06375;RS06525;RS06620;RS06625;accC;addA;addB;atpA;atpD;clpX;cmk;coaA;dnaA;ettA;gltX;glyS;gmk;guaA;hisS;ileS;lpxK;ndk;panC;parE;purL;purM;purQ;recF;recG;sufC;ubiB",0.828197668550977
"Process","GO:0006099","Tricarboxylic acid cycle",13,6,3.2,0.0745899291384769,"RS00465;acnA;gltA;sdhA;sdhC;sdhD",0.834833437665261
"Function","GO:0005524","ATP binding",162,47,40,0.0996756098030246,"RS00250;RS00540;RS00565;RS00915;RS02200;RS02325;RS03525;RS03540;RS03885;RS04285;RS04505;RS04980;RS04985;RS05350;RS05600;RS06375;RS06525;RS06540;RS06620;RS06625;accC;addA;atpA;atpC;atpD;clpX;cmk;coaA;dnaA;ettA;gltX;glyS;gmk;guaA;hisS;ileS;lpxK;ndk;panC;parE;purL;purM;purQ;recF;recG;sufC;zapE",0.852780217203655
"Function","GO:0032559","Adenyl ribonucleotide binding",162,47,40,0.0996756098030246,"RS00250;RS00540;RS00565;RS00915;RS02200;RS02325;RS03525;RS03540;RS03885;RS04285;RS04505;RS04980;RS04985;RS05350;RS05600;RS06375;RS06525;RS06540;RS06620;RS06625;accC;addA;atpA;atpC;atpD;clpX;cmk;coaA;dnaA;ettA;gltX;glyS;gmk;guaA;hisS;ileS;lpxK;ndk;panC;parE;purL;purM;purQ;recF;recG;sufC;zapE",0.852780217203655
"Function","GO:0016627","Oxidoreductase activity, acting on the CH-CH group of donors",11,5,2.7,0.10821742588587,"RS00465;RS04095;sdhA;sdhC;sdhD",0.859103350104994
"Function","GO:0008483","Transaminase activity",8,4,2,0.108435999678476,"RS03635;RS04960;RS06280;glmS",0.859103350104994
"Function","GO:0030554","Adenyl nucleotide binding",163,47,40.2,0.108782567058749,"RS00250;RS00540;RS00565;RS00915;RS02200;RS02325;RS03525;RS03540;RS03885;RS04285;RS04505;RS04980;RS04985;RS05350;RS05600;RS06375;RS06525;RS06540;RS06620;RS06625;accC;addA;atpA;atpC;atpD;clpX;cmk;coaA;dnaA;ettA;gltX;glyS;gmk;guaA;hisS;ileS;lpxK;ndk;panC;parE;purL;purM;purQ;recF;recG;sufC;zapE",0.859103350104994
"Function","GO:0043168","Anion binding",212,59,52.3,0.136028255681152,"RS00250;RS00540;RS00565;RS00915;RS02145;RS02200;RS02325;RS03525;RS03540;RS03885;RS03920;RS03970;RS03985;RS04285;RS04505;RS04980;RS04985;RS05350;RS05600;RS06280;RS06375;RS06525;RS06540;RS06615;RS06620;RS06625;accC;addA;atpA;atpC;atpD;clpX;cmk;coaA;dnaA;ettA;gltX;glyA;glyS;gmk;guaA;hisS;ileS;infB;lpxK;lysA;mnmE;ndk;nuoF;panC;parE;purL;purM;purQ;recF;recG;sdhA;sufC;zapE",0.903946355036852
"Function","GO:0022853","Active ion transmembrane transporter activity",12,5,3,0.149604536924003,"RS05350;RS05600;atpA;atpD;mnhG",0.903946355036852
"Function","GO:0003743","Translation initiation factor activity",3,2,0.7,0.152229552178635,"infA;infB",0.903946355036852
"Function","GO:0003747","Translation release factor activity",3,2,0.7,0.152229552178635,"RS06615;prfA",0.903946355036852
"Function","GO:0004642","Phosphoribosylformylglycinamidine synthase activity",3,2,0.7,0.152229552178635,"purL;purQ",0.903946355036852
"Function","GO:0008079","Translation termination factor activity",3,2,0.7,0.152229552178635,"RS06615;prfA",0.903946355036852
"Function","GO:0009002","Serine-type D-Ala-D-Ala carboxypeptidase activity",3,2,0.7,0.152229552178635,"RS02770;RS03920",0.903946355036852
"Function","GO:0016149","Translation release factor activity, codon specific",3,2,0.7,0.152229552178635,"RS06615;prfA",0.903946355036852
"Function","GO:0016635","Oxidoreductase activity, acting on the CH-CH group of donors, quinone or related compound as acceptor",3,2,0.7,0.152229552178635,"RS00465;sdhA",0.903946355036852
"Function","GO:0008238","Exopeptidase activity",9,4,2.2,0.15864757658782,"RS02770;RS03920;RS06160;pepN",0.903946355036852
"Function","GO:0016769","Transferase activity, transferring nitrogenous groups",9,4,2.2,0.15864757658782,"RS03635;RS04960;RS06280;glmS",0.903946355036852
"Function","GO:0140359","ABC-type transporter activity",9,4,2.2,0.15864757658782,"RS02325;RS03540;RS05350;RS06525",0.903946355036852
"Function","GO:0019205","Nucleobase-containing compound kinase activity",6,3,1.5,0.163610111036243,"cmk;gmk;ndk",0.903946355036852
"Function","GO:0043565","Sequence-specific DNA binding",6,3,1.5,0.163610111036243,"RS04165;dnaA;sciP",0.903946355036852
"Function","GO:0051537","2 iron, 2 sulfur cluster binding",6,3,1.5,0.163610111036243,"RS00465;nuoE;nuoG",0.903946355036852
"Function","GO:0022890","Inorganic cation transmembrane transporter activity",19,7,4.7,0.163948629353965,"RS00555;RS00565;RS05600;atpA;atpC;atpD;mnhG",0.903946355036852
"Function","GO:0032555","Purine ribonucleotide binding",180,50,44.4,0.16728877349708,"RS00250;RS00540;RS00565;RS00915;RS02200;RS02325;RS03525;RS03540;RS03885;RS04285;RS04505;RS04980;RS04985;RS05350;RS05600;RS06375;RS06525;RS06540;RS06615;RS06620;RS06625;accC;addA;atpA;atpC;atpD;clpX;cmk;coaA;dnaA;ettA;gltX;glyS;gmk;guaA;hisS;ileS;infB;lpxK;mnmE;ndk;panC;parE;purL;purM;purQ;recF;recG;sufC;zapE",0.903946355036852
"Function","GO:0035639","Purine ribonucleoside triphosphate binding",180,50,44.4,0.16728877349708,"RS00250;RS00540;RS00565;RS00915;RS02200;RS02325;RS03525;RS03540;RS03885;RS04285;RS04505;RS04980;RS04985;RS05350;RS05600;RS06375;RS06525;RS06540;RS06615;RS06620;RS06625;accC;addA;atpA;atpC;atpD;clpX;cmk;coaA;dnaA;ettA;gltX;glyS;gmk;guaA;hisS;ileS;infB;lpxK;mnmE;ndk;panC;parE;purL;purM;purQ;recF;recG;sufC;zapE",0.903946355036852
"Function","GO:0097367","Carbohydrate derivative binding",192,53,47.4,0.171551657494569,"RS00250;RS00540;RS00565;RS00915;RS02200;RS02325;RS02770;RS03525;RS03540;RS03885;RS04285;RS04505;RS04980;RS04985;RS05350;RS05600;RS06375;RS06525;RS06540;RS06615;RS06620;RS06625;accC;addA;atpA;atpC;atpD;clpX;cmk;coaA;dnaA;ettA;glmS;gltX;glyS;gmk;guaA;hisS;ileS;infB;lpxK;mnmE;ndk;nuoF;panC;parE;purL;purM;purQ;recF;recG;sufC;zapE",0.910998457040125
"Function","GO:0008094","ATP-dependent activity, acting on DNA",16,6,3.9,0.179347425221156,"RS00540;RS00915;RS04505;addA;parE;recG",0.921489441704742
"Function","GO:0017076","Purine nucleotide binding",181,50,44.6,0.179510930202223,"RS00250;RS00540;RS00565;RS00915;RS02200;RS02325;RS03525;RS03540;RS03885;RS04285;RS04505;RS04980;RS04985;RS05350;RS05600;RS06375;RS06525;RS06540;RS06615;RS06620;RS06625;accC;addA;atpA;atpC;atpD;clpX;cmk;coaA;dnaA;ettA;gltX;glyS;gmk;guaA;hisS;ileS;infB;lpxK;mnmE;ndk;panC;parE;purL;purM;purQ;recF;recG;sufC;zapE",0.921489441704742
"Component","GO:0070469","Respirasome",5,2,1.2,0.360080422047585,"nuoF;sdhC",0.927899549122623
"Pfam","PF01618","MotA/TolQ/ExbB proton channel family",3,2,0.7,0.152229552178635,"RS00855;motA",0.932406007094137
"Keyword","KW-0449","Lipoprotein",13,5,3.2,0.196488666789958,"RS00215;RS00280;RS05345;RS06410;flgH",0.940763919782222
"Component","GO:0005694","Chromosome",9,3,2.2,0.389860812172207,"RS00540;parE;topA",0.967432385760662
"Function","GO:0032553","Ribonucleotide binding",186,51,45.9,0.193599355451187,"RS00250;RS00540;RS00565;RS00915;RS02200;RS02325;RS03525;RS03540;RS03885;RS04285;RS04505;RS04980;RS04985;RS05350;RS05600;RS06375;RS06525;RS06540;RS06615;RS06620;RS06625;accC;addA;atpA;atpC;atpD;clpX;cmk;coaA;dnaA;ettA;gltX;glyS;gmk;guaA;hisS;ileS;infB;lpxK;mnmE;ndk;nuoF;panC;parE;purL;purM;purQ;recF;recG;sufC;zapE",0.977518057032224
"InterPro","IPR011545","DEAD/DEAH box helicase domain",5,3,1.2,0.0995283966920421,"RS00540;RS04285;recG",0.987972441515007
"InterPro","IPR015421","Pyridoxal phosphate-dependent transferase, major domain",8,4,2,0.108435999678476,"RS03970;RS04960;RS06280;glyA",0.987972441515007
"InterPro","IPR015422","Pyridoxal phosphate-dependent transferase, small domain",8,4,2,0.108435999678476,"RS03970;RS04960;RS06280;glyA",0.987972441515007
"InterPro","IPR015424","Pyridoxal phosphate-dependent transferase",8,4,2,0.108435999678476,"RS03970;RS04960;RS06280;glyA",0.987972441515007
"Process","GO:0048523","Negative regulation of cellular process",5,3,1.2,0.0995283966920421,"ettA;flbT;rsfS",1
"Process","GO:1902600","Proton transmembrane transport",14,6,3.5,0.104456226022234,"RS00555;RS00565;RS05600;atpA;atpC;atpD",1
"KEGG","bbk00540","Lipopolysaccharide biosynthesis",11,5,2.7,0.10821742588587,"RS05875;lpxB;lpxC;lpxK;waaA",1
"Process","GO:0009311","Oligosaccharide metabolic process",8,4,2,0.108435999678476,"lpxB;lpxC;lpxK;waaA",1
"Process","GO:0009312","Oligosaccharide biosynthetic process",8,4,2,0.108435999678476,"lpxB;lpxC;lpxK;waaA",1
"Process","GO:0098655","Cation transmembrane transport",24,9,5.9,0.110981788076099,"RS00175;RS00555;RS00565;RS05350;RS05600;atpA;atpC;atpD;mnhG",1
"Process","GO:0009152","Purine ribonucleotide biosynthetic process",38,13,9.4,0.117401624493445,"RS00555;RS00565;RS05600;accC;atpA;atpC;atpD;coaA;guaA;ndk;purL;purM;purQ",1
"Process","GO:0009205","Purine ribonucleoside triphosphate metabolic process",18,7,4.4,0.129561416296747,"RS00555;RS00565;RS05600;atpA;atpC;atpD;ndk",1
"Process","GO:0016043","Cellular component organization",75,23,18.5,0.134241784610951,"RS00540;RS00915;RS02440;RS02770;RS04505;RS06615;addA;flaF;flgA;flgD;flgK;flhA;flhB;fliP;fliQ;fliR;murJ;parE;prfA;recG;rsfS;sufD;topA",1
"Process","GO:0006164","Purine nucleotide biosynthetic process",39,13,9.6,0.13871163191102,"RS00555;RS00565;RS05600;accC;atpA;atpC;atpD;coaA;guaA;ndk;purL;purM;purQ",1
"Process","GO:0072522","Purine-containing compound biosynthetic process",39,13,9.6,0.13871163191102,"RS00555;RS00565;RS05600;accC;atpA;atpC;atpD;coaA;guaA;ndk;purL;purM;purQ",1
"KEGG","bbk00220","Arginine biosynthesis",12,5,3,0.149604536924003,"RS06280;RS06625;argF;argJ;purQ",1
"KEGG","bbk01210","2-Oxocarboxylic acid metabolism",12,5,3,0.149604536924003,"RS03635;RS06280;acnA;argJ;gltA",1
"Process","GO:0009890","Negative regulation of biosynthetic process",3,2,0.7,0.152229552178635,"ettA;rsfS",1
"Process","GO:0010558","Negative regulation of macromolecule biosynthetic process",3,2,0.7,0.152229552178635,"ettA;rsfS",1
"Process","GO:0031327","Negative regulation of cellular biosynthetic process",3,2,0.7,0.152229552178635,"ettA;rsfS",1
"Process","GO:0046037","GMP metabolic process",3,2,0.7,0.152229552178635,"gmk;guaA",1
"Process","GO:0046677","Response to antibiotic",3,2,0.7,0.152229552178635,"RS03920;parE",1
"Process","GO:0051248","Negative regulation of protein metabolic process",3,2,0.7,0.152229552178635,"ettA;rsfS",1
"InterPro","IPR002562","3-5 exonuclease domain",3,2,0.7,0.152229552178635,"RS05940;polA",1
"InterPro","IPR002898","MotA/TolQ/ExbB proton channel",3,2,0.7,0.152229552178635,"RS00855;motA",1
"InterPro","IPR008921","DNA polymerase III, clamp loader complex, gamma/delta/delta subunit, C-terminal",3,2,0.7,0.152229552178635,"RS03525;holA",1
"InterPro","IPR008925","Aminoacyl-tRNA synthetase, class I, anticodon-binding superfamily",3,2,0.7,0.152229552178635,"RS06620;gltX",1
"InterPro","IPR020751","Aminoacyl-tRNA synthetase, class I, anticodon-binding domain, subdomain 2",3,2,0.7,0.152229552178635,"RS06620;gltX",1
"Process","GO:0006541","Glutamine metabolic process",9,4,2.2,0.15864757658782,"RS00330;glmS;guaA;purQ",1
"Process","GO:0010605","Negative regulation of macromolecule metabolic process",6,3,1.5,0.163610111036243,"ettA;flbT;rsfS",1
"Process","GO:0009144","Purine nucleoside triphosphate metabolic process",19,7,4.7,0.163948629353965,"RS00555;RS00565;RS05600;atpA;atpC;atpD;ndk",1
"Process","GO:0006812","Cation transport",33,11,8.1,0.165710844309503,"RS00175;RS00555;RS00565;RS02215;RS05350;RS05600;RS06380;atpA;atpC;atpD;mnhG",1
"KEGG","bbk02010","ABC transporters",33,11,8.1,0.165710844309503,"RS03880;RS03885;RS05345;RS05350;RS05355;RS05825;RS06370;RS06375;RS06380;lptF;pstA",1
"KEGG","bbk00230","Purine metabolism",26,9,6.4,0.167168258705981,"RS00330;RS05750;gmk;guaA;ndk;nrdF;purL;purM;purQ",1
"Process","GO:0006260","DNA replication",23,8,5.7,0.183462016639229,"RS00540;RS00915;RS03525;dnaA;holA;nrdF;polA;recF",1
"Process","GO:0098660","Inorganic ion transmembrane transport",23,8,5.7,0.183462016639229,"RS00555;RS00565;RS05600;atpA;atpC;atpD;mnhG;pstA",1
"Process","GO:0006091","Generation of precursor metabolites and energy",45,14,11.1,0.196078398709252,"RS00465;RS03795;RS03800;RS03805;RS03855;acnA;gltA;nuoF;nuoG;nuoL;nuoN;sdhA;sdhC;sdhD",1
"Process","GO:0009605","Response to external stimulus",13,5,3.2,0.196488666789958,"RS05555;RS05620;RS05635;fliN;recF",1
"Process","GO:0009064","Glutamine family amino acid metabolic process",20,7,4.9,0.201917441525228,"RS00330;RS06280;RS06625;argJ;glmS;guaA;purQ",1
"Process","GO:0009199","Ribonucleoside triphosphate metabolic process",20,7,4.9,0.201917441525228,"RS00555;RS00565;RS05600;atpA;atpC;atpD;ndk",1
"Process","GO:0051246","Regulation of protein metabolic process",20,7,4.9,0.201917441525228,"RS06615;ettA;hflC;infA;infB;prfA;rsfS",1
"Keyword","KW-0269","Exonuclease",10,4,2.5,0.215510144471141,"RS00965;RS05940;addA;addB",1
"Function","GO:0015318","Inorganic molecular entity transmembrane transporter activity",24,8,5.9,0.219702130920794,"RS00555;RS00565;RS05600;atpA;atpC;atpD;mnhG;pstA",1
"Process","GO:0006417","Regulation of translation",17,6,4.2,0.22305032019704,"RS06615;ettA;infA;infB;prfA;rsfS",1
"Process","GO:0010608","Post-transcriptional regulation of gene expression",17,6,4.2,0.22305032019704,"RS06615;ettA;infA;infB;prfA;rsfS",1
"Process","GO:0034248","Regulation of cellular amide metabolic process",17,6,4.2,0.22305032019704,"RS06615;ettA;infA;infB;prfA;rsfS",1
"Process","GO:0046034","ATP metabolic process",17,6,4.2,0.22305032019704,"RS00555;RS00565;RS05600;atpA;atpC;atpD",1
"Process","GO:2000112","Regulation of cellular macromolecule biosynthetic process",17,6,4.2,0.22305032019704,"RS06615;ettA;infA;infB;prfA;rsfS",1
"Function","GO:0015075","Ion transmembrane transporter activity",28,9,6.9,0.234124703650969,"RS00175;RS00555;RS00565;RS05350;RS05600;atpA;atpC;atpD;mnhG",1
"Process","GO:0006261","DNA-templated DNA replication",7,3,1.7,0.236157083406978,"RS00540;dnaA;polA",1
"Process","GO:0009245","Lipid A biosynthetic process",7,3,1.7,0.236157083406978,"lpxB;lpxC;lpxK",1
"Process","GO:0009892","Negative regulation of metabolic process",7,3,1.7,0.236157083406978,"ettA;flbT;rsfS",1
"Process","GO:0046493","Lipid A metabolic process",7,3,1.7,0.236157083406978,"lpxB;lpxC;lpxK",1
"Process","GO:0048519","Negative regulation of biological process",7,3,1.7,0.236157083406978,"ettA;flbT;rsfS",1
"Process","GO:1901269","Lipooligosaccharide metabolic process",7,3,1.7,0.236157083406978,"lpxB;lpxC;lpxK",1
"Process","GO:1901271","Lipooligosaccharide biosynthetic process",7,3,1.7,0.236157083406978,"lpxB;lpxC;lpxK",1
"Function","GO:0022884","Macromolecule transmembrane transporter activity",7,3,1.7,0.236157083406978,"RS03540;murJ;secD",1
"InterPro","IPR014001","Helicase superfamily 1/2, ATP-binding domain",7,3,1.7,0.236157083406978,"RS00540;RS04285;recG",1
"InterPro","IPR036259","MFS transporter superfamily",7,3,1.7,0.236157083406978,"RS00580;RS04360;RS05285",1
"InterPro","IPR036397","Ribonuclease H superfamily",7,3,1.7,0.236157083406978,"RS05940;polA;rnhA",1
"Process","GO:0098662","Inorganic cation transmembrane transport",21,7,5.2,0.242883139719141,"RS00555;RS00565;RS05600;atpA;atpC;atpD;mnhG",1
"Function","GO:0051539","4 iron, 4 sulfur cluster binding",21,7,5.2,0.242883139719141,"RS00465;RS03800;acnA;miaB;nuoF;nuoG;thiC",1
"Process","GO:0034220","Ion transmembrane transport",32,10,7.9,0.2460853822879,"RS00175;RS00555;RS00565;RS05350;RS05600;atpA;atpC;atpD;mnhG;pstA",1
"Keyword","KW-0235","DNA replication",14,5,3.5,0.247617800549804,"RS00540;dnaA;nrdF;polA;recF",1
"Process","GO:0009150","Purine ribonucleotide metabolic process",47,14,11.6,0.249995878503362,"RS00555;RS00565;RS05600;accC;atpA;atpC;atpD;coaA;gmk;guaA;ndk;purL;purM;purQ",1
"Process","GO:0006352","DNA-templated transcription, initiation",4,2,1,0.255859611905368,"RS00625;RS01230",1
"Process","GO:0006401","RNA catabolic process",4,2,1,0.255859611905368,"flbT;rnhA",1
"Process","GO:0006413","Translational initiation",4,2,1,0.255859611905368,"infA;infB",1
"Process","GO:0006415","Translational termination",4,2,1,0.255859611905368,"RS06615;prfA",1
"Process","GO:0022411","Cellular component disassembly",4,2,1,0.255859611905368,"RS06615;prfA",1
"Process","GO:0031324","Negative regulation of cellular metabolic process",4,2,1,0.255859611905368,"ettA;rsfS",1
"Process","GO:0032984","Protein-containing complex disassembly",4,2,1,0.255859611905368,"RS06615;prfA",1
"Process","GO:0051172","Negative regulation of nitrogen compound metabolic process",4,2,1,0.255859611905368,"ettA;rsfS",1
"Process","GO:2000142","Regulation of DNA-templated transcription, initiation",4,2,1,0.255859611905368,"RS00625;RS01230",1
"Function","GO:0003697","Single-stranded DNA binding",4,2,1,0.255859611905368,"RS00915;recF",1
"Function","GO:0004180","Carboxypeptidase activity",4,2,1,0.255859611905368,"RS02770;RS03920",1
"Function","GO:0004185","Serine-type carboxypeptidase activity",4,2,1,0.255859611905368,"RS02770;RS03920",1
"Function","GO:0016987","Sigma factor activity",4,2,1,0.255859611905368,"RS00625;RS01230",1
"Function","GO:0043177","Organic acid binding",4,2,1,0.255859611905368,"RS03920;argF",1
"Function","GO:0070008","Serine-type exopeptidase activity",4,2,1,0.255859611905368,"RS02770;RS03920",1
"Keyword","KW-0964","Secreted",4,2,1,0.255859611905368,"RS05045;RS05445",1
"KEGG","bbk01501","beta-Lactam resistance",4,2,1,0.255859611905368,"RS03320;RS03920",1
"InterPro","IPR002477","Peptidoglycan binding-like",4,2,1,0.255859611905368,"RS02050;RS02190",1
"InterPro","IPR012338","Beta-lactamase/transpeptidase-like",4,2,1,0.255859611905368,"RS02770;RS03920",1
"InterPro","IPR013324","RNA polymerase sigma factor, region 3/4-like",4,2,1,0.255859611905368,"RS00625;RS01230",1
"InterPro","IPR017926","Glutamine amidotransferase",4,2,1,0.255859611905368,"RS00330;guaA",1
"InterPro","IPR036365","PGBD-like superfamily",4,2,1,0.255859611905368,"RS02050;RS02190",1
"InterPro","IPR036366","PGBD superfamily",4,2,1,0.255859611905368,"RS02050;RS02190",1
"Pfam","PF01471","Putative peptidoglycan binding domain",4,2,1,0.255859611905368,"RS02050;RS02190",1
"KEGG","bbk00020","Citrate cycle (TCA cycle)",18,6,4.4,0.269794772147186,"RS00465;acnA;gltA;sdhA;sdhC;sdhD",1
"Process","GO:1903509","Liposaccharide metabolic process",11,4,2.7,0.276820269377011,"lpxB;lpxC;lpxK;waaA",1
"Function","GO:0019842","Vitamin binding",11,4,2.7,0.276820269377011,"RS03970;RS06280;glyA;lysA",1
"Process","GO:0006163","Purine nucleotide metabolic process",48,14,11.8,0.278890138934251,"RS00555;RS00565;RS05600;accC;atpA;atpC;atpD;coaA;gmk;guaA;ndk;purL;purM;purQ",1
"Process","GO:0072521","Purine-containing compound metabolic process",48,14,11.8,0.278890138934251,"RS00555;RS00565;RS05600;accC;atpA;atpC;atpD;coaA;gmk;guaA;ndk;purL;purM;purQ",1
"Function","GO:0016874","Ligase activity",75,21,18.5,0.284653398823161,"RS00555;RS00565;RS03865;RS05600;RS06620;RS06625;accC;atpA;atpC;atpD;cobT;gltX;glyS;guaA;hisS;ileS;panC;pncB;purL;purM;purQ",1
"Function","GO:0016887","ATP hydrolysis activity",22,7,5.4,0.286185455433438,"RS03525;RS04505;RS05600;clpX;ettA;recG;zapE",1
"Process","GO:0071840","Cellular component organization or biogenesis",99,27,24.4,0.301150427644113,"RS00540;RS00915;RS01935;RS02440;RS02770;RS03920;RS04505;RS06615;addA;flaF;flgA;flgD;flgK;flhA;flhB;fliP;fliQ;fliR;murJ;parE;prfA;recG;rlmH;rsfS;rsmA;sufD;topA",1
"Keyword","KW-0406","Ion transport",15,5,3.7,0.301644716277512,"RS00555;RS00565;atpA;atpC;atpD",1
"Keyword","KW-0653","Protein transport",15,5,3.7,0.301644716277512,"RS00855;flhA;flhB;fliP;secD",1
"Process","GO:0006811","Ion transport",45,13,11.1,0.303303212064664,"RS00175;RS00555;RS00565;RS02215;RS05350;RS05600;RS06380;atpA;atpC;atpD;mnhG;motA;pstA",1
"Process","GO:1901605","Alpha-amino acid metabolic process",45,13,11.1,0.303303212064664,"RS00330;RS02145;RS03635;RS03970;RS06280;RS06625;argF;argJ;glmS;glyA;guaA;lysA;purQ",1
"Process","GO:0006525","Arginine metabolic process",8,3,2,0.312789733644078,"RS06280;RS06625;argJ",1
"Process","GO:0006526","Arginine biosynthetic process",8,3,2,0.312789733644078,"RS06280;RS06625;argJ",1
"Process","GO:0006643","Membrane lipid metabolic process",8,3,2,0.312789733644078,"lpxB;lpxC;lpxK",1
"Process","GO:0006664","Glycolipid metabolic process",8,3,2,0.312789733644078,"lpxB;lpxC;lpxK",1
"Process","GO:0009247","Glycolipid biosynthetic process",8,3,2,0.312789733644078,"lpxB;lpxC;lpxK",1
"Process","GO:0046467","Membrane lipid biosynthetic process",8,3,2,0.312789733644078,"lpxB;lpxC;lpxK",1
"Function","GO:0016776","Phosphotransferase activity, phosphate group as acceptor",8,3,2,0.312789733644078,"cmk;gmk;ndk",1
"Keyword","KW-0055","Arginine biosynthesis",8,3,2,0.312789733644078,"RS06280;RS06625;argJ",1
"InterPro","IPR012337","Ribonuclease H-like superfamily",8,3,2,0.312789733644078,"RS05940;polA;rnhA",1
"Keyword","KW-0540","Nuclease",19,6,4.7,0.318646838051749,"RS00965;RS05940;addA;addB;polA;rnhA",1
"KEGG","bbk03440","Homologous recombination",19,6,4.7,0.318646838051749,"RS00540;holA;polA;recF;recG;recO",1
"Process","GO:0009165","Nucleotide biosynthetic process",61,17,15,0.321817183358845,"RS00555;RS00565;RS05600;accC;atpA;atpC;atpD;cmk;coaA;gmk;guaA;ndk;nrdF;pncB;purL;purM;purQ",1
"Process","GO:1901293","Nucleoside phosphate biosynthetic process",61,17,15,0.321817183358845,"RS00555;RS00565;RS05600;accC;atpA;atpC;atpD;cmk;coaA;gmk;guaA;ndk;nrdF;pncB;purL;purM;purQ",1
"Function","GO:0008135","Translation factor activity, RNA binding",12,4,3,0.340428135603514,"RS06615;infA;infB;prfA",1
"Function","GO:0045182","Translation regulator activity",12,4,3,0.340428135603514,"RS06615;infA;infB;prfA",1
"Function","GO:0090079","Translation regulator activity, nucleic acid binding",12,4,3,0.340428135603514,"RS06615;infA;infB;prfA",1
"Function","GO:0043167","Ion binding",312,80,77,0.344825672223974,"RS00250;RS00465;RS00540;RS00565;RS00915;RS00980;RS02145;RS02200;RS02325;RS03525;RS03540;RS03800;RS03885;RS03920;RS03970;RS03985;RS04285;RS04505;RS04980;RS04985;RS05350;RS05600;RS05750;RS06160;RS06280;RS06375;RS06380;RS06525;RS06540;RS06615;RS06620;RS06625;accC;acnA;addA;atpA;atpC;atpD;clpX;cmk;coaA;dnaA;ettA;gltX;glyA;glyS;gmk;guaA;hisS;ileS;infB;lpxC;lpxK;lysA;miaB;mnmE;ndk;nrdF;nuoE;nuoF;nuoG;panC;parE;pepN;purL;purM;purQ;radC;recF;recG;rnhA;sdhA;sdhC;sdhD;sufC;thiC;tkt;topA;tsaD;zapE",1
"Function","GO:0036094","Small molecule binding",240,62,59.2,0.345754747740575,"RS00250;RS00540;RS00565;RS00915;RS02145;RS02200;RS02325;RS03525;RS03540;RS03810;RS03885;RS03920;RS03970;RS03985;RS04285;RS04505;RS04965;RS04980;RS04985;RS05350;RS05600;RS06280;RS06375;RS06525;RS06540;RS06615;RS06620;RS06625;accC;addA;argF;atpA;atpC;atpD;clpX;cmk;coaA;dnaA;ettA;gltX;glyA;glyS;gmk;guaA;hisS;ileS;infB;lpxK;lysA;mnmE;ndk;nuoF;panC;parE;purL;purM;purQ;recF;recG;sdhA;sufC;zapE",1
"Function","GO:0004527","Exonuclease activity",16,5,3.9,0.3572343940304,"RS00965;RS03870;RS05940;addA;polA",1
"Process","GO:0006265","DNA topological change",5,2,1.2,0.360080422047585,"parE;topA",1
"Process","GO:0008643","Carbohydrate transport",5,2,1.2,0.360080422047585,"RS02325;RS03540",1
"Process","GO:0046940","Nucleoside monophosphate phosphorylation",5,2,1.2,0.360080422047585,"cmk;gmk",1
"Process","GO:0051128","Regulation of cellular component organization",5,2,1.2,0.360080422047585,"RS06615;flbT",1
"Process","GO:1901264","Carbohydrate derivative transport",5,2,1.2,0.360080422047585,"RS02440;murJ",1
"Function","GO:0003916","DNA topoisomerase activity",5,2,1.2,0.360080422047585,"parE;topA",1
"Function","GO:0004177","Aminopeptidase activity",5,2,1.2,0.360080422047585,"RS06160;pepN",1
"Function","GO:0016758","Hexosyltransferase activity",5,2,1.2,0.360080422047585,"RS03920;lpxB",1
"Function","GO:0050145","Nucleoside monophosphate kinase activity",5,2,1.2,0.360080422047585,"cmk;gmk",1
"Keyword","KW-0799","Topoisomerase",5,2,1.2,0.360080422047585,"parE;topA",1
"InterPro","IPR006171","TOPRIM domain",5,2,1.2,0.360080422047585,"parE;topA",1
"InterPro","IPR011701","Major facilitator superfamily",5,2,1.2,0.360080422047585,"RS04360;RS05285",1
"Process","GO:0009260","Ribonucleotide biosynthetic process",47,13,11.6,0.367778588962102,"RS00555;RS00565;RS05600;accC;atpA;atpC;atpD;coaA;guaA;ndk;purL;purM;purQ",1
"Process","GO:0009141","Nucleoside triphosphate metabolic process",24,7,5.9,0.37700777184095,"RS00555;RS00565;RS05600;atpA;atpC;atpD;ndk",1
"InterPro","IPR014729","Rossmann-like alpha/beta/alpha sandwich fold",24,7,5.9,0.37700777184095,"RS00500;RS06620;RS06625;gltX;guaA;ileS;panC",1
"Keyword","KW-0547","Nucleotide-binding",178,46,43.9,0.377128121824163,"RS00250;RS00540;RS00915;RS02200;RS02325;RS03540;RS03885;RS04285;RS04505;RS04980;RS04985;RS05350;RS06375;RS06525;RS06615;RS06620;RS06625;accC;addA;addB;atpA;atpD;clpX;cmk;coaA;dnaA;ettA;gltX;glyS;gmk;guaA;hisS;ileS;infB;lpxK;mnmE;ndk;panC;parE;purL;purM;purQ;recF;recG;sufC;ubiB",1
"Function","GO:0051536","Iron-sulfur cluster binding",28,8,6.9,0.383361164173267,"RS00465;RS03800;acnA;miaB;nuoE;nuoF;nuoG;thiC",1
"Function","GO:0051540","Metal cluster binding",28,8,6.9,0.383361164173267,"RS00465;RS03800;acnA;miaB;nuoE;nuoF;nuoG;thiC",1
"Keyword","KW-0520","NAD",28,8,6.9,0.383361164173267,"RS03795;RS03800;RS03805;RS03810;nuoF;nuoG;nuoH;nuoN",1
"InterPro","IPR001412","Aminoacyl-tRNA synthetase, class I, conserved site",9,3,2.2,0.389860812172207,"RS06620;gltX;ileS",1
"Process","GO:0046390","Ribose phosphate biosynthetic process",48,13,11.8,0.400794298972447,"RS00555;RS00565;RS05600;accC;atpA;atpC;atpD;coaA;guaA;ndk;purL;purM;purQ",1
"Process","GO:0009126","Purine nucleoside monophosphate metabolic process",17,5,4.2,0.413144424794301,"gmk;guaA;purL;purM;purQ",1
"Process","GO:0009167","Purine ribonucleoside monophosphate metabolic process",17,5,4.2,0.413144424794301,"gmk;guaA;purL;purM;purQ",1
"Component","GO:0019867","Outer membrane",21,6,5.2,0.418989955300706,"RS01505;RS02440;RS04425;RS05530;RS07145;flgH",1
"InterPro","IPR012340","Nucleic acid-binding, OB-fold",21,6,5.2,0.418989955300706,"RS01940;RS04720;infA;recG;recO;rpsA",1
"Function","GO:0017111","Nucleoside-triphosphatase activity",37,10,9.1,0.430456275099947,"RS03525;RS04505;RS05600;RS06615;clpX;ettA;infB;mnmE;recG;zapE",1
"Process","GO:0006520","Cellular amino acid metabolic process",73,19,18,0.436692672683125,"RS00330;RS02145;RS03635;RS03970;RS06280;RS06620;RS06625;argF;argJ;aroA;glmS;gltX;glyA;glyS;guaA;hisS;ileS;lysA;purQ",1
"Process","GO:0071806","Protein transmembrane transport",6,2,1.5,0.458315577553256,"RS05600;secD",1
"Function","GO:0005506","Iron ion binding",6,2,1.5,0.458315577553256,"RS03800;tsaD",1
"Function","GO:0008408","3-5 exonuclease activity",6,2,1.5,0.458315577553256,"RS05940;polA",1
"Function","GO:0043021","Ribonucleoprotein complex binding",6,2,1.5,0.458315577553256,"ettA;infA",1
"Function","GO:0043022","Ribosome binding",6,2,1.5,0.458315577553256,"ettA;infA",1
"Function","GO:0044877","Protein-containing complex binding",6,2,1.5,0.458315577553256,"ettA;infA",1
"Function","GO:0071949","FAD binding",6,2,1.5,0.458315577553256,"RS02145;RS03985",1
"InterPro","IPR001650","Helicase, C-terminal",6,2,1.5,0.458315577553256,"RS04285;recG",1
"InterPro","IPR010642","Invasion protein B",6,2,1.5,0.458315577553256,"RS01500;RS01510",1
"InterPro","IPR020846","Major facilitator superfamily domain",6,2,1.5,0.458315577553256,"RS04360;RS05285",1
"InterPro","IPR029058","Alpha/Beta hydrolase fold",6,2,1.5,0.458315577553256,"RS02025;RS04065",1
"InterPro","IPR035965","PAS domain superfamily",6,2,1.5,0.458315577553256,"RS01225;RS01975",1
"InterPro","IPR038696","Invasion protein B superfamily",6,2,1.5,0.458315577553256,"RS01500;RS01510",1
"Pfam","PF06776","Invasion associated locus B (IalB) protein",6,2,1.5,0.458315577553256,"RS01500;RS01510",1
"Pfam","PF07690","Major Facilitator Superfamily",6,2,1.5,0.458315577553256,"RS04360;RS05285",1
"Process","GO:1901137","Carbohydrate derivative biosynthetic process",86,22,21.2,0.462612397774252,"RS00555;RS00565;RS02770;RS03920;RS05600;accC;atpA;atpC;atpD;coaA;glmS;guaA;lpxB;lpxC;lpxK;murJ;ndk;nrdF;purL;purM;purQ;waaA",1
"Function","GO:0016811","Hydrolase activity, acting on carbon-nitrogen (but not peptide) bonds, in linear amides",10,3,2.5,0.464582526901235,"RS02190;lpxC;purQ",1
"Function","GO:0016884","Carbon-nitrogen ligase activity, with glutamine as amido-N-donor",10,3,2.5,0.464582526901235,"guaA;purL;purQ",1
"KEGG","bbk00770","Pantothenate and CoA biosynthesis",10,3,2.5,0.464582526901235,"RS03635;coaA;panC",1
"InterPro","IPR005225","Small GTP-binding protein domain",10,3,2.5,0.464582526901235,"RS06615;infB;mnmE",1
"Process","GO:0016051","Carbohydrate biosynthetic process",14,4,3.5,0.467114605775656,"lpxB;lpxC;lpxK;waaA",1
"Function","GO:0008236","Serine-type peptidase activity",14,4,3.5,0.467114605775656,"RS02025;RS02770;RS03520;RS03920",1
"Function","GO:0017171","Serine hydrolase activity",14,4,3.5,0.467114605775656,"RS02025;RS02770;RS03520;RS03920",1
"Function","GO:0016757","Glycosyltransferase activity",18,5,4.4,0.468278906581653,"RS03920;RS06355;lpxB;pncB;waaA",1
"Function","GO:0016879","Ligase activity, forming carbon-nitrogen bonds",34,9,8.4,0.468681101578534,"RS03865;RS06625;accC;guaA;panC;pncB;purL;purM;purQ",1
"Keyword","KW-0234","DNA repair",22,6,5.4,0.468791642750931,"addA;addB;polA;recF;recG;recO",1
"Function","GO:0000166","Nucleotide binding",225,56,55.5,0.496045914617313,"RS00250;RS00540;RS00565;RS00915;RS02145;RS02200;RS02325;RS03525;RS03540;RS03810;RS03885;RS03985;RS04285;RS04505;RS04965;RS04980;RS04985;RS05350;RS05600;RS06375;RS06525;RS06540;RS06615;RS06620;RS06625;accC;addA;atpA;atpC;atpD;clpX;cmk;coaA;dnaA;ettA;gltX;glyS;gmk;guaA;hisS;ileS;infB;lpxK;mnmE;ndk;nuoF;panC;parE;purL;purM;purQ;recF;recG;sdhA;sufC;zapE",1
"Function","GO:1901265","Nucleoside phosphate binding",225,56,55.5,0.496045914617313,"RS00250;RS00540;RS00565;RS00915;RS02145;RS02200;RS02325;RS03525;RS03540;RS03810;RS03885;RS03985;RS04285;RS04505;RS04965;RS04980;RS04985;RS05350;RS05600;RS06375;RS06525;RS06540;RS06615;RS06620;RS06625;accC;addA;atpA;atpC;atpD;clpX;cmk;coaA;dnaA;ettA;gltX;glyS;gmk;guaA;hisS;ileS;infB;lpxK;mnmE;ndk;nuoF;panC;parE;purL;purM;purQ;recF;recG;sdhA;sufC;zapE",1
"Process","GO:0022607","Cellular component assembly",35,9,8.6,0.508184699670732,"RS02440;flgA;flgK;flhA;flhB;fliQ;fliR;rsfS;sufD",1
"Keyword","KW-0227","DNA damage",23,6,5.7,0.517379177872705,"addA;addB;polA;recF;recG;recO",1
"Keyword","KW-0436","Ligase",60,15,14.8,0.527259849710467,"RS03865;RS06620;RS06625;accC;cobT;gltX;glyS;guaA;hisS;ileS;panC;pncB;purL;purM;purQ",1
"Process","GO:0009259","Ribonucleotide metabolic process",56,14,13.8,0.529784858214108,"RS00555;RS00565;RS05600;accC;atpA;atpC;atpD;coaA;gmk;guaA;ndk;purL;purM;purQ",1
"Component","GO:0042597","Periplasmic space",11,3,2.7,0.534993373472819,"RS03520;RS05570;flgA",1
"Process","GO:0006605","Protein targeting",7,2,1.7,0.547178975211767,"fliR;secD",1
"Process","GO:0006886","Intracellular protein transport",7,2,1.7,0.547178975211767,"fliR;secD",1
"Process","GO:0046907","Intracellular transport",7,2,1.7,0.547178975211767,"fliR;secD",1
"Process","GO:0051649","Establishment of localization in cell",7,2,1.7,0.547178975211767,"fliR;secD",1
"Process","GO:0098656","Anion transmembrane transport",7,2,1.7,0.547178975211767,"RS05350;pstA",1
"Component","GO:0005829","Cytosol",7,2,1.7,0.547178975211767,"RS04720;nrdF",1
"Keyword","KW-0998","Cell outer membrane",7,2,1.7,0.547178975211767,"RS02440;flgH",1
"KEGG","bbk03420","Nucleotide excision repair",7,2,1.7,0.547178975211767,"RS04505;polA",1
"InterPro","IPR000795","Translational (tr)-type GTP-binding domain",7,2,1.7,0.547178975211767,"RS06615;infB",1
"InterPro","IPR003959","ATPase, AAA-type, core",7,2,1.7,0.547178975211767,"RS03525;clpX",1
"InterPro","IPR011990","Tetratricopeptide-like helical domain superfamily",7,2,1.7,0.547178975211767,"RS00325;RS00990",1
"Keyword","KW-0378","Hydrolase",110,27,27.1,0.552151629820626,"RS00540;RS00915;RS00965;RS02025;RS02190;RS02770;RS03520;RS03920;RS04065;RS04285;RS04505;RS05600;RS05940;RS05945;RS05960;RS06160;addA;addB;atpC;lpxC;mnmE;pepN;polA;purQ;radC;recG;rnhA",1
"Process","GO:0019693","Ribose phosphate metabolic process",57,14,14.1,0.560531091018296,"RS00555;RS00565;RS05600;accC;atpA;atpC;atpD;coaA;gmk;guaA;ndk;purL;purM;purQ",1
"Process","GO:0034654","Nucleobase-containing compound biosynthetic process",90,22,22.2,0.563563852663945,"RS00540;RS00555;RS00565;RS00625;RS01230;RS05600;accC;atpA;atpC;atpD;cmk;coaA;gmk;guaA;holA;ndk;nrdF;pncB;polA;purL;purM;purQ",1
"Process","GO:0000096","Sulfur amino acid metabolic process",3,1,0.7,0.572801181434574,"RS03970",1
"Process","GO:0000271","Polysaccharide biosynthetic process",3,1,0.7,0.572801181434574,"waaA",1
"Process","GO:0002949","tRNA threonylcarbamoyladenosine modification",3,1,0.7,0.572801181434574,"tsaD",1
"Process","GO:0003333","Amino acid transmembrane transport",3,1,0.7,0.572801181434574,"RS05350",1
"Process","GO:0005976","Polysaccharide metabolic process",3,1,0.7,0.572801181434574,"waaA",1
"Process","GO:0006241","CTP biosynthetic process",3,1,0.7,0.572801181434574,"ndk",1
"Process","GO:0006269","DNA replication, synthesis of RNA primer",3,1,0.7,0.572801181434574,"RS00540",1
"Process","GO:0006549","Isoleucine metabolic process",3,1,0.7,0.572801181434574,"RS03635",1
"Process","GO:0006591","Ornithine metabolic process",3,1,0.7,0.572801181434574,"argF",1
"Process","GO:0008653","Lipopolysaccharide metabolic process",3,1,0.7,0.572801181434574,"waaA",1
"Process","GO:0009081","Branched-chain amino acid metabolic process",3,1,0.7,0.572801181434574,"RS03635",1
"Process","GO:0009082","Branched-chain amino acid biosynthetic process",3,1,0.7,0.572801181434574,"RS03635",1
"Process","GO:0009097","Isoleucine biosynthetic process",3,1,0.7,0.572801181434574,"RS03635",1
"Process","GO:0009103","Lipopolysaccharide biosynthetic process",3,1,0.7,0.572801181434574,"waaA",1
"Process","GO:0009208","Pyrimidine ribonucleoside triphosphate metabolic process",3,1,0.7,0.572801181434574,"ndk",1
"Process","GO:0009209","Pyrimidine ribonucleoside triphosphate biosynthetic process",3,1,0.7,0.572801181434574,"ndk",1
"Process","GO:0009235","Cobalamin metabolic process",3,1,0.7,0.572801181434574,"cobT",1
"Process","GO:0009236","Cobalamin biosynthetic process",3,1,0.7,0.572801181434574,"cobT",1
"Process","GO:0009435","NAD biosynthetic process",3,1,0.7,0.572801181434574,"pncB",1
"Process","GO:0015939","Pantothenate metabolic process",3,1,0.7,0.572801181434574,"panC",1
"Process","GO:0016071","mRNA metabolic process",3,1,0.7,0.572801181434574,"flbT",1
"Process","GO:0030162","Regulation of proteolysis",3,1,0.7,0.572801181434574,"hflC",1
"Process","GO:0033692","Cellular polysaccharide biosynthetic process",3,1,0.7,0.572801181434574,"waaA",1
"Process","GO:0034637","Cellular carbohydrate biosynthetic process",3,1,0.7,0.572801181434574,"waaA",1
"Process","GO:0042255","Ribosome assembly",3,1,0.7,0.572801181434574,"rsfS",1
"Process","GO:0042886","Amide transport",3,1,0.7,0.572801181434574,"RS04985",1
"Process","GO:0043952","Protein transport by the Sec complex",3,1,0.7,0.572801181434574,"secD",1
"Process","GO:0044264","Cellular polysaccharide metabolic process",3,1,0.7,0.572801181434574,"waaA",1
"Process","GO:0046036","CTP metabolic process",3,1,0.7,0.572801181434574,"ndk",1
"Process","GO:0050790","Regulation of catalytic activity",3,1,0.7,0.572801181434574,"hflC",1
"Process","GO:0065009","Regulation of molecular function",3,1,0.7,0.572801181434574,"hflC",1
"Process","GO:0070525","tRNA threonylcarbamoyladenosine metabolic process",3,1,0.7,0.572801181434574,"tsaD",1
"Process","GO:0098661","Inorganic anion transmembrane transport",3,1,0.7,0.572801181434574,"pstA",1
"Process","GO:0106074","aminoacyl-tRNA metabolism involved in translational fidelity",3,1,0.7,0.572801181434574,"ileS",1
"Process","GO:2001293","malonyl-CoA metabolic process",3,1,0.7,0.572801181434574,"accC",1
"Process","GO:2001295","malonyl-CoA biosynthetic process",3,1,0.7,0.572801181434574,"accC",1
"Component","GO:0005657","Replication fork",3,1,0.7,0.572801181434574,"RS00540",1
"Component","GO:0009360","DNA polymerase III complex",3,1,0.7,0.572801181434574,"holA",1
"Component","GO:0030288","Outer membrane-bounded periplasmic space",3,1,0.7,0.572801181434574,"RS05570",1
"Component","GO:0030894","Replisome",3,1,0.7,0.572801181434574,"RS00540",1
"Component","GO:0032993","protein-DNA complex",3,1,0.7,0.572801181434574,"RS00540",1
"Component","GO:0042575","DNA polymerase complex",3,1,0.7,0.572801181434574,"holA",1
"Component","GO:1990077","Primosome complex",3,1,0.7,0.572801181434574,"RS00540",1
"Function","GO:0002161","aminoacyl-tRNA editing activity",3,1,0.7,0.572801181434574,"ileS",1
"Function","GO:0003690","Double-stranded DNA binding",3,1,0.7,0.572801181434574,"dnaA",1
"Function","GO:0004359","Glutaminase activity",3,1,0.7,0.572801181434574,"purQ",1
"Function","GO:0004601","Peroxidase activity",3,1,0.7,0.572801181434574,"RS05755",1
"Function","GO:0005315","Inorganic phosphate transmembrane transporter activity",3,1,0.7,0.572801181434574,"pstA",1
"Function","GO:0008186","ATP-dependent activity, acting on RNA",3,1,0.7,0.572801181434574,"RS04285",1
"Function","GO:0008235","Metalloexopeptidase activity",3,1,0.7,0.572801181434574,"RS06160",1
"Function","GO:0008514","Organic anion transmembrane transporter activity",3,1,0.7,0.572801181434574,"RS05350",1
"Function","GO:0008745","N-acetylmuramoyl-L-alanine amidase activity",3,1,0.7,0.572801181434574,"RS02190",1
"Function","GO:0008955","Peptidoglycan glycosyltransferase activity",3,1,0.7,0.572801181434574,"RS03920",1
"Function","GO:0015171","Amino acid transmembrane transporter activity",3,1,0.7,0.572801181434574,"RS05350",1
"Function","GO:0015424","ABC-type amino acid transporter activity",3,1,0.7,0.572801181434574,"RS05350",1
"Function","GO:0015450","Protein-transporting ATPase activity",3,1,0.7,0.572801181434574,"secD",1
"Function","GO:0016433","rRNA (adenine) methyltransferase activity",3,1,0.7,0.572801181434574,"rsmA",1
"Function","GO:0016684","Oxidoreductase activity, acting on peroxide as acceptor",3,1,0.7,0.572801181434574,"RS05755",1
"Function","GO:0016705","Oxidoreductase activity, acting on paired donors, with incorporation or reduction of molecular oxygen",3,1,0.7,0.572801181434574,"RS03985",1
"Function","GO:0016744","Transketolase or transaldolase activity",3,1,0.7,0.572801181434574,"tkt",1
"Function","GO:0016868","Intramolecular transferase activity, phosphotransferases",3,1,0.7,0.572801181434574,"RS05750",1
"Function","GO:0033218","Amide binding",3,1,0.7,0.572801181434574,"RS03920",1
"Function","GO:0033283","ATPase-coupled organic acid transmembrane transporter activity",3,1,0.7,0.572801181434574,"RS05350",1
"Function","GO:0033284","ATPase-coupled carboxylic acid transmembrane transporter activity",3,1,0.7,0.572801181434574,"RS05350",1
"Function","GO:0070006","Metalloaminopeptidase activity",3,1,0.7,0.572801181434574,"RS06160",1
"Function","GO:1901505","Carbohydrate derivative transmembrane transporter activity",3,1,0.7,0.572801181434574,"murJ",1
"Keyword","KW-0173","Coenzyme A biosynthesis",3,1,0.7,0.572801181434574,"coaA",1
"Keyword","KW-0448","Lipopolysaccharide biosynthesis",3,1,0.7,0.572801181434574,"waaA",1
"Keyword","KW-0639","Primosome",3,1,0.7,0.572801181434574,"RS00540",1
"Keyword","KW-0731","Sigma factor",3,1,0.7,0.572801181434574,"RS00625",1
"Keyword","KW-0784","Thiamine biosynthesis",3,1,0.7,0.572801181434574,"thiC",1
"KEGG","bbk00450","Selenocompound metabolism",3,1,0.7,0.572801181434574,"RS03970",1
"KEGG","bbk00500","Starch and sucrose metabolism",3,1,0.7,0.572801181434574,"RS05750",1
"InterPro","IPR000794","Beta-ketoacyl synthase",3,1,0.7,0.572801181434574,"RS02985",1
"InterPro","IPR000943","RNA polymerase sigma-70",3,1,0.7,0.572801181434574,"RS00625",1
"InterPro","IPR001279","Metallo-beta-lactamase",3,1,0.7,0.572801181434574,"RS03870",1
"InterPro","IPR001387","Cro/C1-type helix-turn-helix domain",3,1,0.7,0.572801181434574,"RS04650",1
"InterPro","IPR001626","ABC transporter, TroCD-like",3,1,0.7,0.572801181434574,"RS06370",1
"InterPro","IPR001940","Peptidase S1C",3,1,0.7,0.572801181434574,"RS03520",1
"InterPro","IPR002300","Aminoacyl-tRNA synthetase, class Ia",3,1,0.7,0.572801181434574,"ileS",1
"InterPro","IPR002938","FAD-binding domain",3,1,0.7,0.572801181434574,"RS03985",1
"InterPro","IPR003029","S1 domain",3,1,0.7,0.572801181434574,"rpsA",1
"InterPro","IPR004154","Anticodon-binding",3,1,0.7,0.572801181434574,"hisS",1
"InterPro","IPR004821","Cytidyltransferase-like domain",3,1,0.7,0.572801181434574,"panC",1
"InterPro","IPR007627","RNA polymerase sigma-70 region 2",3,1,0.7,0.572801181434574,"RS00625",1
"InterPro","IPR007630","RNA polymerase sigma-70 region 4",3,1,0.7,0.572801181434574,"RS00625",1
"InterPro","IPR008915","Peptidase M50",3,1,0.7,0.572801181434574,"RS03520",1
"InterPro","IPR008949","Isoprenoid synthase domain superfamily",3,1,0.7,0.572801181434574,"RS02530",1
"InterPro","IPR009003","Peptidase S1, PA clan",3,1,0.7,0.572801181434574,"RS03520",1
"InterPro","IPR009008","Valyl/Leucyl/Isoleucyl-tRNA synthetase, editing domain",3,1,0.7,0.572801181434574,"ileS",1
"InterPro","IPR009014","Transketolase C-terminal/Pyruvate-ferredoxin oxidoreductase domain II",3,1,0.7,0.572801181434574,"tkt",1
"InterPro","IPR011054","Rudiment single hybrid motif",3,1,0.7,0.572801181434574,"accC",1
"InterPro","IPR011055","Duplicated hybrid motif",3,1,0.7,0.572801181434574,"RS01555",1
"InterPro","IPR011129","Cold shock domain",3,1,0.7,0.572801181434574,"RS04720",1
"InterPro","IPR011250","Outer membrane protein/outer membrane enzyme PagP, beta-barrel",3,1,0.7,0.572801181434574,"RS05920",1
"InterPro","IPR011782","Peptidase S1C, Do",3,1,0.7,0.572801181434574,"RS03520",1
"InterPro","IPR013155","Methionyl/Valyl/Leucyl/Isoleucyl-tRNA synthetase, anticodon-binding",3,1,0.7,0.572801181434574,"ileS",1
"InterPro","IPR013325","RNA polymerase sigma factor, region 2",3,1,0.7,0.572801181434574,"RS00625",1
"InterPro","IPR013740","Redoxin",3,1,0.7,0.572801181434574,"RS05755",1
"InterPro","IPR014030","Beta-ketoacyl synthase, N-terminal",3,1,0.7,0.572801181434574,"RS02985",1
"InterPro","IPR014031","Beta-ketoacyl synthase, C-terminal",3,1,0.7,0.572801181434574,"RS02985",1
"InterPro","IPR014284","RNA polymerase sigma-70 like domain",3,1,0.7,0.572801181434574,"RS00625",1
"InterPro","IPR016047","Peptidase M23",3,1,0.7,0.572801181434574,"RS01555",1
"InterPro","IPR017896","4Fe-4S ferredoxin-type, iron-sulphur binding domain",3,1,0.7,0.572801181434574,"RS00465",1
"InterPro","IPR017900","4Fe-4S ferredoxin, iron-sulphur binding, conserved site",3,1,0.7,0.572801181434574,"RS00465",1
"InterPro","IPR017911","MacB, ATP-binding domain",3,1,0.7,0.572801181434574,"RS03885",1
"InterPro","IPR020841","Polyketide synthase, beta-ketoacyl synthase domain",3,1,0.7,0.572801181434574,"RS02985",1
"InterPro","IPR022643","Orn/DAP/Arg decarboxylase 2, C-terminal",3,1,0.7,0.572801181434574,"lysA",1
"InterPro","IPR022644","Orn/DAP/Arg decarboxylase 2, N-terminal",3,1,0.7,0.572801181434574,"lysA",1
"InterPro","IPR022967","RNA-binding domain, S1",3,1,0.7,0.572801181434574,"rpsA",1
"InterPro","IPR027266","GTP-binding protein TrmE/Aminomethyltransferase GcvT, domain 1",3,1,0.7,0.572801181434574,"mnmE",1
"InterPro","IPR027385","Outer membrane protein beta-barrel domain",3,1,0.7,0.572801181434574,"RS05920",1
"InterPro","IPR029055","Nucleophile aminohydrolases, N-terminal",3,1,0.7,0.572801181434574,"glmS",1
"InterPro","IPR033248","Transketolase, C-terminal domain",3,1,0.7,0.572801181434574,"tkt",1
"InterPro","IPR036621","Anticodon-binding domain superfamily",3,1,0.7,0.572801181434574,"hisS",1
"InterPro","IPR036866","Ribonuclease Z/Hydroxyacylglutathione hydrolase-like",3,1,0.7,0.572801181434574,"RS03870",1
"InterPro","IPR043519","Nucleotidyltransferase superfamily",3,1,0.7,0.572801181434574,"rsfS",1
"InterPro","IPR043990","Autochaperone domain type 1",3,1,0.7,0.572801181434574,"RS05530",1
"InterPro","IPR045865","ACT-like domain",3,1,0.7,0.572801181434574,"RS05350",1
"InterPro","IPR046348","SIS domain superfamily",3,1,0.7,0.572801181434574,"glmS",1
"Pfam","PF00009","Elongation factor Tu GTP binding domain",3,1,0.7,0.572801181434574,"RS06615",1
"Pfam","PF00109","Beta-ketoacyl synthase, N-terminal domain",3,1,0.7,0.572801181434574,"RS02985",1
"Pfam","PF01551","Peptidase family M23",3,1,0.7,0.572801181434574,"RS01555",1
"Pfam","PF02462","Opacity family porin protein",3,1,0.7,0.572801181434574,"RS05920",1
"Pfam","PF02780","Transketolase, C-terminal domain",3,1,0.7,0.572801181434574,"tkt",1
"Pfam","PF02801","Beta-ketoacyl synthase, C-terminal domain",3,1,0.7,0.572801181434574,"RS02985",1
"Pfam","PF03129","Anticodon binding domain",3,1,0.7,0.572801181434574,"hisS",1
"Pfam","PF04542","Sigma-70 region 2 ",3,1,0.7,0.572801181434574,"RS00625",1
"Pfam","PF04545","Sigma-70, region 4",3,1,0.7,0.572801181434574,"RS00625",1
"Pfam","PF08264","Anticodon-binding domain of tRNA ligase",3,1,0.7,0.572801181434574,"ileS",1
"Pfam","PF13365","Trypsin-like peptidase domain",3,1,0.7,0.572801181434574,"RS03520",1
"Pfam","PF13541","Subunit ChlI of Mg-chelatase",3,1,0.7,0.572801181434574,"RS06540",1
"Function","GO:0016462","Pyrophosphatase activity",45,11,11.1,0.57308281998167,"RS03525;RS04505;RS05600;RS06615;clpX;ettA;guaA;infB;mnmE;recG;zapE",1
"Function","GO:0016817","Hydrolase activity, acting on acid anhydrides",45,11,11.1,0.57308281998167,"RS03525;RS04505;RS05600;RS06615;clpX;ettA;guaA;infB;mnmE;recG;zapE",1
"Function","GO:0016818","Hydrolase activity, acting on acid anhydrides, in phosphorus-containing anhydrides",45,11,11.1,0.57308281998167,"RS03525;RS04505;RS05600;RS06615;clpX;ettA;guaA;infB;mnmE;recG;zapE",1
"Process","GO:0009127","Purine nucleoside monophosphate biosynthetic process",16,4,3.9,0.583969168235296,"guaA;purL;purM;purQ",1
"Process","GO:0009168","Purine ribonucleoside monophosphate biosynthetic process",16,4,3.9,0.583969168235296,"guaA;purL;purM;purQ",1
"Component","GO:0005887","Integral component of plasma membrane",16,4,3.9,0.583969168235296,"RS06370;RS06530;murJ;pstA",1
"Keyword","KW-0658","Purine biosynthesis",16,4,3.9,0.583969168235296,"guaA;purL;purM;purQ",1
"Process","GO:0005975","Carbohydrate metabolic process",29,7,7.2,0.599013029637506,"RS05750;RS06355;glmS;lpxB;lpxC;lpxK;waaA",1
"Process","GO:0006188","IMP biosynthetic process",12,3,3,0.599848452762588,"purL;purM;purQ",1
"Process","GO:0006189","De novo IMP biosynthetic process",12,3,3,0.599848452762588,"purL;purM;purQ",1
"Process","GO:0046040","IMP metabolic process",12,3,3,0.599848452762588,"purL;purM;purQ",1
"KEGG","bbk00630","Glyoxylate and dicarboxylate metabolism",12,3,3,0.599848452762588,"acnA;gltA;glyA",1
"Process","GO:0006418","tRNA aminoacylation for protein translation",21,5,5.2,0.620779014821249,"RS06620;gltX;glyS;hisS;ileS",1
"Process","GO:0043038","Amino acid activation",21,5,5.2,0.620779014821249,"RS06620;gltX;glyS;hisS;ileS",1
"Process","GO:0043039","tRNA aminoacylation",21,5,5.2,0.620779014821249,"RS06620;gltX;glyS;hisS;ileS",1
"Function","GO:0004812","aminoacyl-tRNA ligase activity",21,5,5.2,0.620779014821249,"RS06620;gltX;glyS;hisS;ileS",1
"Function","GO:0016875","Ligase activity, forming carbon-oxygen bonds",21,5,5.2,0.620779014821249,"RS06620;gltX;glyS;hisS;ileS",1
"Keyword","KW-0030","Aminoacyl-tRNA synthetase",21,5,5.2,0.620779014821249,"RS06620;gltX;glyS;hisS;ileS",1
"Process","GO:0006743","Ubiquinone metabolic process",8,2,2,0.625308722400997,"RS03985;ubiB",1
"Process","GO:0006744","Ubiquinone biosynthetic process",8,2,2,0.625308722400997,"RS03985;ubiB",1
"Process","GO:0006865","Amino acid transport",8,2,2,0.625308722400997,"RS05350;RS06630",1
"Process","GO:0009069","Serine family amino acid metabolic process",8,2,2,0.625308722400997,"RS03970;glyA",1
"Process","GO:0019439","Aromatic compound catabolic process",8,2,2,0.625308722400997,"flbT;rnhA",1
"Process","GO:0034655","Nucleobase-containing compound catabolic process",8,2,2,0.625308722400997,"flbT;rnhA",1
"Process","GO:0042180","Cellular ketone metabolic process",8,2,2,0.625308722400997,"RS03985;ubiB",1
"Process","GO:0042181","Ketone biosynthetic process",8,2,2,0.625308722400997,"RS03985;ubiB",1
"Process","GO:0044265","Cellular macromolecule catabolic process",8,2,2,0.625308722400997,"flbT;rnhA",1
"Process","GO:0044270","Cellular nitrogen compound catabolic process",8,2,2,0.625308722400997,"flbT;rnhA",1
"Process","GO:0046700","Heterocycle catabolic process",8,2,2,0.625308722400997,"flbT;rnhA",1
"Process","GO:0071897","DNA biosynthetic process",8,2,2,0.625308722400997,"holA;polA",1
"Process","GO:1901361","Organic cyclic compound catabolic process",8,2,2,0.625308722400997,"flbT;rnhA",1
"Process","GO:1901661","Quinone metabolic process",8,2,2,0.625308722400997,"RS03985;ubiB",1
"Process","GO:1901663","Quinone biosynthetic process",8,2,2,0.625308722400997,"RS03985;ubiB",1
"Function","GO:0003887","DNA-directed DNA polymerase activity",8,2,2,0.625308722400997,"holA;polA",1
"Function","GO:0008649","rRNA methyltransferase activity",8,2,2,0.625308722400997,"rlmH;rsmA",1
"Function","GO:0015291","Secondary active transmembrane transporter activity",8,2,2,0.625308722400997,"mnhG;pstA",1
"Function","GO:0016782","Transferase activity, transferring sulphur-containing groups",8,2,2,0.625308722400997,"RS03970;miaB",1
"Function","GO:0034061","DNA polymerase activity",8,2,2,0.625308722400997,"holA;polA",1
"Function","GO:0140102","Catalytic activity, acting on a rRNA",8,2,2,0.625308722400997,"rlmH;rsmA",1
"Keyword","KW-0816","Tricarboxylic acid cycle",8,2,2,0.625308722400997,"gltA;sdhA",1
"KEGG","bbk00480","Glutathione metabolism",8,2,2,0.625308722400997,"RS06160;pepN",1
"KEGG","bbk00780","Biotin metabolism",8,2,2,0.625308722400997,"RS02985;RS03865",1
"KEGG","bbk00860","Porphyrin and chlorophyll metabolism",8,2,2,0.625308722400997,"cobT;gltX",1
"InterPro","IPR023346","Lysozyme-like domain superfamily",8,2,2,0.625308722400997,"RS03920;RS06410",1
"Component","GO:0031226","Intrinsic component of plasma membrane",17,4,4.2,0.636530627755601,"RS06370;RS06530;murJ;pstA",1
"Process","GO:0006508","Proteolysis",30,7,7.4,0.638617850020202,"RS02025;RS02770;RS03520;RS03920;RS06160;pepN;radC",1
"Process","GO:0090407","Organophosphate biosynthetic process",89,21,22,0.638960582359339,"RS00555;RS00565;RS05600;accC;atpA;atpC;atpD;cmk;coaA;gmk;guaA;lpxB;lpxC;lpxK;ndk;nrdF;pncB;purL;purM;purQ;thiC",1
"Keyword","KW-0648","Protein biosynthesis",39,9,9.6,0.654377739610108,"RS06615;RS06620;gltX;glyS;hisS;ileS;infA;infB;prfA",1
"Process","GO:0006753","Nucleoside phosphate metabolic process",73,17,18,0.657237081842276,"RS00555;RS00565;RS05600;accC;atpA;atpC;atpD;cmk;coaA;gmk;guaA;ndk;nrdF;pncB;purL;purM;purQ",1
"Process","GO:0009117","Nucleotide metabolic process",73,17,18,0.657237081842276,"RS00555;RS00565;RS05600;accC;atpA;atpC;atpD;cmk;coaA;gmk;guaA;ndk;nrdF;pncB;purL;purM;purQ",1
"Function","GO:0016491","Oxidoreductase activity",94,22,23.2,0.657663402702504,"RS00465;RS02145;RS02980;RS03795;RS03800;RS03805;RS03810;RS03855;RS03985;RS04095;RS05755;nrdF;nuoE;nuoF;nuoG;nuoH;nuoL;nuoN;sdhA;sdhC;sdhD;ubiB",1
"Process","GO:0009084","Glutamine family amino acid biosynthetic process",13,3,3.2,0.658482618735169,"RS06280;RS06625;argJ",1
"Component","GO:1902495","Transmembrane transporter complex",13,3,3.2,0.658482618735169,"RS06370;lptF;nuoF",1
"Component","GO:1990351","Transporter complex",13,3,3.2,0.658482618735169,"RS06370;lptF;nuoF",1
"InterPro","IPR020568","Ribosomal protein S5 domain 2-type fold",13,3,3.2,0.658482618735169,"RS06540;lpxC;parE",1
"InterPro","IPR036188","FAD/NAD(P)-binding domain superfamily",13,3,3.2,0.658482618735169,"RS02145;RS03985;sdhA",1
"Keyword","KW-0645","Protease",22,5,5.4,0.665481183077224,"RS02770;RS03520;RS06160;pepN;radC",1
"KEGG","bbk01230","Biosynthesis of amino acids",48,11,11.8,0.66862084600504,"RS03635;RS06280;RS06625;acnA;argF;argJ;aroA;gltA;glyA;lysA;tkt",1
"KEGG","bbk01100","Metabolic pathways",269,64,66.3,0.675916774233039,"RS00330;RS00465;RS00555;RS00565;RS02145;RS02530;RS02770;RS02985;RS03635;RS03795;RS03800;RS03805;RS03810;RS03855;RS03865;RS03920;RS03970;RS03985;RS05750;RS05875;RS06160;RS06280;RS06625;accC;acnA;argF;argJ;aroA;atpA;atpC;atpD;cmk;coaA;cobT;glmS;gltA;gltX;glyA;gmk;guaA;lpxB;lpxC;lpxK;lysA;ndk;nrdF;nuoE;nuoF;nuoG;nuoH;nuoL;nuoN;panC;pepN;pncB;purL;purM;purQ;sdhA;sdhC;sdhD;thiC;tkt;waaA",1
"Process","GO:0006450","Regulation of translational fidelity",4,1,1,0.678448371277642,"ileS",1
"Process","GO:0007059","Chromosome segregation",4,1,1,0.678448371277642,"parE",1
"Process","GO:0009070","Serine family amino acid biosynthetic process",4,1,1,0.678448371277642,"glyA",1
"Process","GO:0009228","Thiamine biosynthetic process",4,1,1,0.678448371277642,"thiC",1
"Process","GO:0009229","Thiamine diphosphate biosynthetic process",4,1,1,0.678448371277642,"thiC",1
"Process","GO:0009263","Deoxyribonucleotide biosynthetic process",4,1,1,0.678448371277642,"nrdF",1
"Process","GO:0015711","Organic anion transport",4,1,1,0.678448371277642,"RS05350",1
"Process","GO:0015936","Coenzyme A metabolic process",4,1,1,0.678448371277642,"coaA",1
"Process","GO:0015937","Coenzyme A biosynthetic process",4,1,1,0.678448371277642,"coaA",1
"Process","GO:0019359","Nicotinamide nucleotide biosynthetic process",4,1,1,0.678448371277642,"pncB",1
"Process","GO:0019362","Pyridine nucleotide metabolic process",4,1,1,0.678448371277642,"pncB",1
"Process","GO:0019363","Pyridine nucleotide biosynthetic process",4,1,1,0.678448371277642,"pncB",1
"Process","GO:0034309","Primary alcohol biosynthetic process",4,1,1,0.678448371277642,"thiC",1
"Process","GO:0042357","Thiamine diphosphate metabolic process",4,1,1,0.678448371277642,"thiC",1
"Process","GO:0043163","Cell envelope organization",4,1,1,0.678448371277642,"RS02440",1
"Process","GO:0043165","Gram-negative-bacterium-type cell outer membrane assembly",4,1,1,0.678448371277642,"RS02440",1
"Process","GO:0043244","Regulation of protein-containing complex disassembly",4,1,1,0.678448371277642,"RS06615",1
"Process","GO:0044091","Membrane biogenesis",4,1,1,0.678448371277642,"RS02440",1
"Process","GO:0046165","Alcohol biosynthetic process",4,1,1,0.678448371277642,"thiC",1
"Process","GO:0046496","Nicotinamide nucleotide metabolic process",4,1,1,0.678448371277642,"pncB",1
"Process","GO:0061024","Membrane organization",4,1,1,0.678448371277642,"RS02440",1
"Process","GO:0065002","Intracellular protein transmembrane transport",4,1,1,0.678448371277642,"secD",1
"Process","GO:0071709","Membrane assembly",4,1,1,0.678448371277642,"RS02440",1
"Process","GO:1903825","Organic acid transmembrane transport",4,1,1,0.678448371277642,"RS05350",1
"Process","GO:1905039","Carboxylic acid transmembrane transport",4,1,1,0.678448371277642,"RS05350",1
"Function","GO:0003918","DNA topoisomerase type II (double strand cut, ATP-hydrolyzing) activity",4,1,1,0.678448371277642,"parE",1
"Function","GO:0003989","acetyl-CoA carboxylase activity",4,1,1,0.678448371277642,"accC",1
"Function","GO:0005342","Organic acid transmembrane transporter activity",4,1,1,0.678448371277642,"RS05350",1
"Function","GO:0008320","Protein transmembrane transporter activity",4,1,1,0.678448371277642,"secD",1
"Function","GO:0016421","CoA carboxylase activity",4,1,1,0.678448371277642,"accC",1
"Function","GO:0016638","Oxidoreductase activity, acting on the CH-NH2 group of donors",4,1,1,0.678448371277642,"RS02145",1
"Function","GO:0016743","Carboxyl- or carbamoyltransferase activity",4,1,1,0.678448371277642,"argF",1
"Function","GO:0016885","Ligase activity, forming carbon-carbon bonds",4,1,1,0.678448371277642,"accC",1
"Function","GO:0016891","Endoribonuclease activity, producing 5-phosphomonoesters",4,1,1,0.678448371277642,"rnhA",1
"Function","GO:0016893","Endonuclease activity, active with either ribo- or deoxyribonucleic acids and producing 5-phosphomonoesters",4,1,1,0.678448371277642,"rnhA",1
"Function","GO:0044183","Protein folding chaperone",4,1,1,0.678448371277642,"clpX",1
"Function","GO:0046943","Carboxylic acid transmembrane transporter activity",4,1,1,0.678448371277642,"RS05350",1
"Function","GO:0046983","Protein dimerization activity",4,1,1,0.678448371277642,"clpX",1
"Function","GO:0052689","Carboxylic ester hydrolase activity",4,1,1,0.678448371277642,"ileS",1
"Function","GO:0140318","Protein transporter activity",4,1,1,0.678448371277642,"secD",1
"Function","GO:0140662","ATP-dependent protein folding chaperone",4,1,1,0.678448371277642,"clpX",1
"Keyword","KW-0554","One-carbon metabolism",4,1,1,0.678448371277642,"glyA",1
"Keyword","KW-0786","Thiamine pyrophosphate",4,1,1,0.678448371277642,"tkt",1
"Keyword","KW-0810","Translation regulation",4,1,1,0.678448371277642,"rsfS",1
"KEGG","bbk00280","Valine, leucine and isoleucine degradation",4,1,1,0.678448371277642,"RS03635",1
"KEGG","bbk00471","D-Glutamine and D-glutamate metabolism",4,1,1,0.678448371277642,"purQ",1
"InterPro","IPR001478","PDZ domain",4,1,1,0.678448371277642,"RS03520",1
"InterPro","IPR005475","Transketolase-like, pyrimidine-binding domain",4,1,1,0.678448371277642,"tkt",1
"InterPro","IPR006638","Elp3/MiaA/NifB-like, radical SAM core domain",4,1,1,0.678448371277642,"miaB",1
"InterPro","IPR010982","Lambda repressor-like, DNA-binding domain superfamily",4,1,1,0.678448371277642,"RS04650",1
"InterPro","IPR010994","RuvA domain 2-like",4,1,1,0.678448371277642,"radC",1
"InterPro","IPR013760","DNA topoisomerase, type IIA-like domain superfamily",4,1,1,0.678448371277642,"parE",1
"InterPro","IPR016039","Thiolase-like",4,1,1,0.678448371277642,"RS02985",1
"InterPro","IPR019489","Clp ATPase, C-terminal",4,1,1,0.678448371277642,"clpX",1
"InterPro","IPR035647","EF-G domain III/V-like",4,1,1,0.678448371277642,"RS06615",1
"InterPro","IPR036034","PDZ superfamily",4,1,1,0.678448371277642,"RS03520",1
"InterPro","IPR043129","ATPase, nucleotide binding domain",4,1,1,0.678448371277642,"tsaD",1
"Pfam","PF00578","AhpC/TSA family",4,1,1,0.678448371277642,"RS05755",1
"Pfam","PF01168","Alanine racemase, N-terminal domain",4,1,1,0.678448371277642,"lysA",1
"Keyword","KW-0028","Amino-acid biosynthesis",27,6,6.7,0.68971380881728,"RS06280;RS06625;argJ;aroA;glyA;lysA",1
"Process","GO:0015849","Organic acid transport",9,2,2.2,0.692579553894936,"RS05350;RS06630",1
"Process","GO:0031167","rRNA methylation",9,2,2.2,0.692579553894936,"rlmH;rsmA",1
"Function","GO:0003700","DNA-binding transcription factor activity",9,2,2.2,0.692579553894936,"RS00625;RS01230",1
"Function","GO:0004252","Serine-type endopeptidase activity",9,2,2.2,0.692579553894936,"RS02025;RS03520",1
"Function","GO:0016866","Intramolecular transferase activity",9,2,2.2,0.692579553894936,"RS05750;truB",1
"Function","GO:0140110","Transcription regulator activity",9,2,2.2,0.692579553894936,"RS00625;RS01230",1
"Keyword","KW-0328","Glycosyltransferase",9,2,2.2,0.692579553894936,"RS03920;lpxB",1
"KEGG","bbk00030","Pentose phosphate pathway",9,2,2.2,0.692579553894936,"RS05750;tkt",1
"KEGG","bbk00520","Amino sugar and nucleotide sugar metabolism",9,2,2.2,0.692579553894936,"RS05750;glmS",1
"InterPro","IPR009000","Translation protein, beta-barrel domain superfamily",9,2,2.2,0.692579553894936,"RS06615;infB",1
"Process","GO:0009057","Macromolecule catabolic process",14,3,3.5,0.710673894996854,"RS02190;flbT;rnhA",1
"Function","GO:0003924","GTPase activity",14,3,3.5,0.710673894996854,"RS06615;infB;mnmE",1
"Function","GO:0008237","Metallopeptidase activity",14,3,3.5,0.710673894996854,"RS06160;pepN;radC",1
"KEGG","bbk03030","DNA replication",14,3,3.5,0.710673894996854,"holA;polA;rnhA",1
"Process","GO:0060255","Regulation of macromolecule metabolic process",55,12,13.6,0.741487440790087,"RS00625;RS01230;RS04165;RS06615;dnaA;ettA;flbT;hflC;infA;infB;prfA;rsfS",1
"Keyword","KW-0949","S-adenosyl-L-methionine",24,5,5.9,0.74410772960353,"RS01940;miaB;rlmH;rsmA;thiC",1
"Process","GO:0006820","Anion transport",10,2,2.5,0.749578810643362,"RS05350;pstA",1
"Process","GO:0009132","Nucleoside diphosphate metabolic process",10,2,2.5,0.749578810643362,"gmk;ndk",1
"KEGG","bbk00730","Thiamine metabolism",10,2,2.5,0.749578810643362,"RS02145;thiC",1
"KEGG","bbk03018","RNA degradation",10,2,2.5,0.749578810643362,"RS03870;RS04285",1
"KEGG","bbk00250","Alanine, aspartate and glutamate metabolism",15,3,3.7,0.75652100007505,"RS06625;glmS;purQ",1
"Process","GO:0006259","DNA metabolic process",60,13,14.8,0.756575686616838,"RS00540;RS00915;RS03525;addA;dnaA;holA;nrdF;parE;polA;recF;recG;recO;topA",1
"KEGG","bbk01120","Microbial metabolism in diverse environments",60,13,14.8,0.756575686616838,"RS00465;RS05750;RS06280;accC;acnA;gltA;gltX;glyA;lysA;sdhA;sdhC;sdhD;tkt",1
"Process","GO:0001522","Pseudouridine synthesis",5,1,1.2,0.758040358585156,"truB",1
"Process","GO:0006026","Aminoglycan catabolic process",5,1,1.2,0.758040358585156,"RS02190",1
"Process","GO:0006027","Glycosaminoglycan catabolic process",5,1,1.2,0.758040358585156,"RS02190",1
"Process","GO:0006544","Glycine metabolic process",5,1,1.2,0.758040358585156,"glyA",1
"Process","GO:0006730","One-carbon metabolic process",5,1,1.2,0.758040358585156,"glyA",1
"Process","GO:0006772","Thiamine metabolic process",5,1,1.2,0.758040358585156,"thiC",1
"Process","GO:0006817","Phosphate ion transport",5,1,1.2,0.758040358585156,"pstA",1
"Process","GO:0009148","Pyrimidine nucleoside triphosphate biosynthetic process",5,1,1.2,0.758040358585156,"ndk",1
"Process","GO:0009253","Peptidoglycan catabolic process",5,1,1.2,0.758040358585156,"RS02190",1
"Process","GO:0009262","Deoxyribonucleotide metabolic process",5,1,1.2,0.758040358585156,"nrdF",1
"Process","GO:0034308","Primary alcohol metabolic process",5,1,1.2,0.758040358585156,"thiC",1
"Process","GO:0042723","Thiamine-containing compound metabolic process",5,1,1.2,0.758040358585156,"thiC",1
"Process","GO:0042724","Thiamine-containing compound biosynthetic process",5,1,1.2,0.758040358585156,"thiC",1
"Process","GO:0044262","Cellular carbohydrate metabolic process",5,1,1.2,0.758040358585156,"waaA",1
"Process","GO:0046653","Tetrahydrofolate metabolic process",5,1,1.2,0.758040358585156,"glyA",1
"Process","GO:0090502","RNA phosphodiester bond hydrolysis, endonucleolytic",5,1,1.2,0.758040358585156,"rnhA",1
"Function","GO:0004521","Endoribonuclease activity",5,1,1.2,0.758040358585156,"rnhA",1
"Function","GO:0008080","N-acetyltransferase activity",5,1,1.2,0.758040358585156,"argJ",1
"Function","GO:0008509","Anion transmembrane transporter activity",5,1,1.2,0.758040358585156,"RS05350",1
"Function","GO:0009982","Pseudouridine synthase activity",5,1,1.2,0.758040358585156,"truB",1
"Function","GO:0016725","Oxidoreductase activity, acting on CH or CH2 groups",5,1,1.2,0.758040358585156,"nrdF",1
"Function","GO:1901681","Sulfur compound binding",5,1,1.2,0.758040358585156,"RS03920",1
"Keyword","KW-0210","Decarboxylase",5,1,1.2,0.758040358585156,"lysA",1
"Keyword","KW-0239","DNA-directed DNA polymerase",5,1,1.2,0.758040358585156,"polA",1
"Keyword","KW-0482","Metalloprotease",5,1,1.2,0.758040358585156,"radC",1
"Keyword","KW-0488","Methylation",5,1,1.2,0.758040358585156,"prfA",1
"Keyword","KW-0546","Nucleotide metabolism",5,1,1.2,0.758040358585156,"ndk",1
"Keyword","KW-0630","Potassium",5,1,1.2,0.758040358585156,"mnmE",1
"Keyword","KW-0678","Repressor",5,1,1.2,0.758040358585156,"rsfS",1
"Keyword","KW-0831","Ubiquinone biosynthesis",5,1,1.2,0.758040358585156,"ubiB",1
"KEGG","bbk00760","Nicotinate and nicotinamide metabolism",5,1,1.2,0.758040358585156,"pncB",1
"InterPro","IPR000014","PAS domain",5,1,1.2,0.758040358585156,"RS01975",1
"InterPro","IPR002942","RNA-binding S4 domain",5,1,1.2,0.758040358585156,"RS01935",1
"InterPro","IPR005546","Autotransporter beta-domain",5,1,1.2,0.758040358585156,"RS05530",1
"InterPro","IPR006315","Outer membrane autotransporter barrel",5,1,1.2,0.758040358585156,"RS05530",1
"InterPro","IPR007197","Radical SAM",5,1,1.2,0.758040358585156,"miaB",1
"InterPro","IPR009006","Alanine racemase/group IV decarboxylase, C-terminal",5,1,1.2,0.758040358585156,"lysA",1
"InterPro","IPR011050","Pectin lyase fold/virulence factor",5,1,1.2,0.758040358585156,"RS05530",1
"InterPro","IPR012675","Beta-grasp domain superfamily",5,1,1.2,0.758040358585156,"RS00465",1
"InterPro","IPR015947","PUA-like superfamily",5,1,1.2,0.758040358585156,"RS00310",1
"InterPro","IPR020103","Pseudouridine synthase, catalytic domain superfamily",5,1,1.2,0.758040358585156,"truB",1
"InterPro","IPR029061","Thiamin diphosphate-binding fold",5,1,1.2,0.758040358585156,"tkt",1
"InterPro","IPR036709","Autotransporter beta-domain superfamily",5,1,1.2,0.758040358585156,"RS05530",1
"Pfam","PF00890","FAD binding domain",5,1,1.2,0.758040358585156,"sdhA",1
"Process","GO:0090305","Nucleic acid phosphodiester bond hydrolysis",29,6,7.2,0.75890460932378,"RS00965;RS03870;RS05940;addA;polA;rnhA",1
"Process","GO:1901607","Alpha-amino acid biosynthetic process",29,6,7.2,0.75890460932378,"RS03635;RS06280;RS06625;argJ;glyA;lysA",1
"Function","GO:0004518","Nuclease activity",29,6,7.2,0.75890460932378,"RS00965;RS03870;RS05940;addA;polA;rnhA",1
"Process","GO:0019222","Regulation of metabolic process",56,12,13.8,0.765331107787247,"RS00625;RS01230;RS04165;RS06615;dnaA;ettA;flbT;hflC;infA;infB;prfA;rsfS",1
"Function","GO:0046914","Transition metal ion binding",34,7,8.4,0.772554058560082,"RS00540;RS03800;RS06160;clpX;pepN;thiC;tsaD",1
"Process","GO:0009161","Ribonucleoside monophosphate metabolic process",25,5,6.2,0.777959509206413,"gmk;guaA;purL;purM;purQ",1
"KEGG","bbk00970","Aminoacyl-tRNA biosynthesis",25,5,6.2,0.777959509206413,"RS06620;gltX;glyS;hisS;ileS",1
"Process","GO:0055086","Nucleobase-containing small molecule metabolic process",79,17,19.5,0.788434596251391,"RS00555;RS00565;RS05600;accC;atpA;atpC;atpD;cmk;coaA;gmk;guaA;ndk;nrdF;pncB;purL;purM;purQ",1
"Process","GO:0009123","Nucleoside monophosphate metabolic process",30,6,7.4,0.788976299149675,"cmk;gmk;guaA;purL;purM;purQ",1
"Process","GO:0019438","Aromatic compound biosynthetic process",114,25,28.1,0.795144524749733,"RS00540;RS00555;RS00565;RS00625;RS01230;RS05600;accC;aroA;atpA;atpC;atpD;cmk;coaA;cobT;gmk;guaA;holA;ndk;nrdF;pncB;polA;purL;purM;purQ;thiC",1
"Process","GO:0032774","RNA biosynthetic process",16,3,3.9,0.796340653576532,"RS00540;RS00625;RS01230",1
"Function","GO:0050660","Flavin adenine dinucleotide binding",16,3,3.9,0.796340653576532,"RS02145;RS03985;sdhA",1
"Keyword","KW-0012","Acyltransferase",16,3,3.9,0.796340653576532,"argJ;gltA;tsaD",1
"KEGG","bbk01200","Carbon metabolism",44,9,10.9,0.796921941094223,"RS00465;accC;acnA;gltA;glyA;sdhA;sdhC;sdhD;tkt",1
"Process","GO:0000154","rRNA modification",11,2,2.7,0.797264463347927,"rlmH;rsmA",1
"Process","GO:0033866","Nucleoside bisphosphate biosynthetic process",11,2,2.7,0.797264463347927,"accC;coaA",1
"Process","GO:0034030","Ribonucleoside bisphosphate biosynthetic process",11,2,2.7,0.797264463347927,"accC;coaA",1
"Process","GO:0034033","Purine nucleoside bisphosphate biosynthetic process",11,2,2.7,0.797264463347927,"accC;coaA",1
"InterPro","IPR000515","ABC transporter type 1, transmembrane domain MetI-like",11,2,2.7,0.797264463347927,"RS05355;pstA",1
"InterPro","IPR014721","Ribosomal protein S5 domain 2-type fold, subgroup",11,2,2.7,0.797264463347927,"RS06540;parE",1
"InterPro","IPR035906","MetI-like superfamily",11,2,2.7,0.797264463347927,"RS05355;pstA",1
"InterPro","IPR045864","Class II Aminoacyl-tRNA synthetase/Biotinyl protein ligase (BPL) and lipoyl protein ligase (LPL)",11,2,2.7,0.797264463347927,"RS03865;hisS",1
"Pfam","PF00528","Binding-protein-dependent transport system inner membrane component",11,2,2.7,0.797264463347927,"RS05355;pstA",1
"Process","GO:0051171","Regulation of nitrogen compound metabolic process",53,11,13.1,0.797306932293854,"RS00625;RS01230;RS04165;RS06615;dnaA;ettA;hflC;infA;infB;prfA;rsfS",1
"Process","GO:0080090","Regulation of primary metabolic process",53,11,13.1,0.797306932293854,"RS00625;RS01230;RS04165;RS06615;dnaA;ettA;hflC;infA;infB;prfA;rsfS",1
"Process","GO:0008652","Cellular amino acid biosynthetic process",35,7,8.6,0.799616799529239,"RS03635;RS06280;RS06625;argJ;aroA;glyA;lysA",1
"Function","GO:0008233","Peptidase activity",35,7,8.6,0.799616799529239,"RS02025;RS02770;RS03520;RS03920;RS06160;pepN;radC",1
"Keyword","KW-0418","Kinase",35,7,8.6,0.799616799529239,"RS01225;cmk;coaA;gmk;lpxK;ndk;ubiB",1
"Process","GO:0006760","Folic acid-containing compound metabolic process",6,1,1.5,0.817985314791537,"glyA",1
"Process","GO:0009147","Pyrimidine nucleoside triphosphate metabolic process",6,1,1.5,0.817985314791537,"ndk",1
"Process","GO:0009423","Chorismate biosynthetic process",6,1,1.5,0.817985314791537,"aroA",1
"Process","GO:0015698","Inorganic anion transport",6,1,1.5,0.817985314791537,"pstA",1
"Process","GO:0033013","Tetrapyrrole metabolic process",6,1,1.5,0.817985314791537,"cobT",1
"Process","GO:0033014","Tetrapyrrole biosynthetic process",6,1,1.5,0.817985314791537,"cobT",1
"Process","GO:0042558","Pteridine-containing compound metabolic process",6,1,1.5,0.817985314791537,"glyA",1
"Process","GO:0046417","Chorismate metabolic process",6,1,1.5,0.817985314791537,"aroA",1
"Process","GO:0090501","RNA phosphodiester bond hydrolysis",6,1,1.5,0.817985314791537,"rnhA",1
"Function","GO:0004540","Ribonuclease activity",6,1,1.5,0.817985314791537,"rnhA",1
"Function","GO:0008170","N-methyltransferase activity",6,1,1.5,0.817985314791537,"rsmA",1
"Function","GO:0010181","FMN binding",6,1,1.5,0.817985314791537,"nuoF",1
"Function","GO:0016407","Acetyltransferase activity",6,1,1.5,0.817985314791537,"argJ",1
"Function","GO:0016742","Hydroxymethyl-, formyl- and related transferase activity",6,1,1.5,0.817985314791537,"glyA",1
"Function","GO:0016783","Sulfurtransferase activity",6,1,1.5,0.817985314791537,"RS03970",1
"Function","GO:0020037","Heme binding",6,1,1.5,0.817985314791537,"sdhD",1
"Function","GO:0046906","Tetrapyrrole binding",6,1,1.5,0.817985314791537,"sdhD",1
"Keyword","KW-0057","Aromatic amino acid biosynthesis",6,1,1.5,0.817985314791537,"aroA",1
"Keyword","KW-0349","Heme",6,1,1.5,0.817985314791537,"sdhC",1
"Keyword","KW-0720","Serine protease",6,1,1.5,0.817985314791537,"RS03520",1
"KEGG","bbk00130","Ubiquinone and other terpenoid-quinone biosynthesis",6,1,1.5,0.817985314791537,"RS03985",1
"KEGG","bbk01503","Cationic antimicrobial peptide (CAMP) resistance",6,1,1.5,0.817985314791537,"RS03320",1
"InterPro","IPR006195","Aminoacyl-tRNA synthetase, class II",6,1,1.5,0.817985314791537,"hisS",1
"InterPro","IPR009080","Aminoacyl-tRNA synthetase, class Ia, anticodon-binding",6,1,1.5,0.817985314791537,"ileS",1
"InterPro","IPR012332","Autotransporter, pectate lyase C-like domain superfamily",6,1,1.5,0.817985314791537,"RS05530",1
"InterPro","IPR016185","Pre-ATP-grasp domain superfamily",6,1,1.5,0.817985314791537,"accC",1
"InterPro","IPR029066","PLP-binding barrel",6,1,1.5,0.817985314791537,"lysA",1
"InterPro","IPR031157","Tr-type G domain, conserved site",6,1,1.5,0.817985314791537,"RS06615",1
"InterPro","IPR036986","RNA-binding S4 domain superfamily",6,1,1.5,0.817985314791537,"RS01935",1
"Function","GO:0140097","Catalytic activity, acting on DNA",45,9,11.1,0.819423251345922,"RS00540;RS00915;RS04505;addA;holA;parE;polA;recG;topA",1
"Keyword","KW-0732","Signal",68,14,16.8,0.82840687083843,"RS02210;RS02440;RS02685;RS02770;RS03320;RS03520;RS04340;RS04360;RS05530;RS05570;RS05920;RS05960;flgH;fliP",1
"Process","GO:1901135","Carbohydrate derivative metabolic process",112,24,27.6,0.829382525584052,"RS00555;RS00565;RS02190;RS02770;RS03920;RS05600;accC;atpA;atpC;atpD;coaA;glmS;gmk;guaA;lpxB;lpxC;lpxK;murJ;ndk;nrdF;purL;purM;purQ;waaA",1
"Function","GO:0008173","RNA methyltransferase activity",17,3,4.2,0.830585659109588,"RS01940;rlmH;rsmA",1
"Keyword","KW-0342","GTP-binding",17,3,4.2,0.830585659109588,"RS06615;infB;mnmE",1
"Process","GO:0006400","tRNA modification",22,4,5.4,0.83140522129836,"miaB;mnmE;truB;tsaD",1
"Function","GO:0000049","tRNA binding",22,4,5.4,0.83140522129836,"RS06620;ettA;gltX;ileS",1
"Keyword","KW-0819","tRNA processing",22,4,5.4,0.83140522129836,"miaB;mnmE;truB;tsaD",1
"Process","GO:0006351","Transcription, DNA-templated",12,2,3,0.836747665464994,"RS00625;RS01230",1
"Process","GO:0097659","Nucleic acid-templated transcription",12,2,3,0.836747665464994,"RS00625;RS01230",1
"Component","GO:0043190","ATP-binding cassette (ABC) transporter complex",12,2,3,0.836747665464994,"RS06370;lptF",1
"Component","GO:0098533","ATPase dependent transmembrane transport complex",12,2,3,0.836747665464994,"RS06370;lptF",1
"Component","GO:0098797","Plasma membrane protein complex",12,2,3,0.836747665464994,"RS06370;lptF",1
"Function","GO:0016830","Carbon-carbon lyase activity",12,2,3,0.836747665464994,"lysA;thiC",1
"Function","GO:0051287","NAD binding",12,2,3,0.836747665464994,"RS03810;nuoF",1
"Keyword","KW-0233","DNA recombination",12,2,3,0.836747665464994,"recG;recO",1
"KEGG","bbk00300","Lysine biosynthesis",12,2,3,0.836747665464994,"RS06280;lysA",1
"KEGG","bbk03070","Bacterial secretion system",12,2,3,0.836747665464994,"RS03320;secD",1
"Process","GO:0018130","Heterocycle biosynthetic process",113,24,27.9,0.842921215776664,"RS00540;RS00555;RS00565;RS00625;RS01230;RS05600;accC;atpA;atpC;atpD;cmk;coaA;cobT;gmk;guaA;holA;ndk;nrdF;pncB;polA;purL;purM;purQ;thiC",1
"Process","GO:0010468","Regulation of gene expression",51,10,12.6,0.847537294136588,"RS00625;RS01230;RS04165;RS06615;ettA;flbT;infA;infB;prfA;rsfS",1
"Process","GO:0031323","Regulation of cellular metabolic process",51,10,12.6,0.847537294136588,"RS00625;RS01230;RS04165;RS06615;dnaA;ettA;infA;infB;prfA;rsfS",1
"Keyword","KW-0238","DNA-binding",56,11,13.8,0.854797042136186,"RS00540;RS00625;RS04505;RS04650;RS04720;addA;dnaA;parE;polA;recF;topA",1
"Process","GO:0090304","Nucleic acid metabolic process",153,33,37.7,0.855178176553347,"RS00540;RS00625;RS00915;RS00965;RS01230;RS01935;RS01940;RS03525;RS03870;RS05940;RS06620;addA;dnaA;flbT;gltX;glyS;hisS;holA;ileS;miaB;mnmE;nrdF;parE;polA;recF;recG;recO;rlmH;rnhA;rsmA;topA;truB;tsaD",1
"Process","GO:0006281","DNA repair",28,5,6.9,0.859005314767218,"addA;polA;recF;recG;recO",1
"Process","GO:0006974","Cellular response to DNA damage stimulus",28,5,6.9,0.859005314767218,"addA;polA;recF;recG;recO",1
"Process","GO:0006364","rRNA processing",18,3,4.4,0.859782281313303,"RS01935;rlmH;rsmA",1
"Process","GO:0009110","Vitamin biosynthetic process",18,3,4.4,0.859782281313303,"cobT;panC;thiC",1
"Process","GO:0016072","rRNA metabolic process",18,3,4.4,0.859782281313303,"RS01935;rlmH;rsmA",1
"Process","GO:0042364","Water-soluble vitamin biosynthetic process",18,3,4.4,0.859782281313303,"cobT;panC;thiC",1
"Keyword","KW-0597","Phosphoprotein",18,3,4.4,0.859782281313303,"RS01230;ndk;pncB",1
"KEGG","bbk00240","Pyrimidine metabolism",18,3,4.4,0.859782281313303,"cmk;ndk;nrdF",1
"InterPro","IPR036388","Winged helix-like DNA-binding domain superfamily",18,3,4.4,0.859782281313303,"RS04165;dprA;sciP",1
"Process","GO:0050896","Response to stimulus",70,14,17.3,0.860538552051189,"RS01230;RS02440;RS03920;RS05555;RS05620;RS05635;RS05755;addA;fliN;parE;polA;recF;recG;recO",1
"Function","GO:0016301","Kinase activity",33,6,8.1,0.862116166985014,"RS01225;cmk;coaA;gmk;lpxK;ndk",1
"Process","GO:0009072","Aromatic amino acid family metabolic process",7,1,1.7,0.863119704721498,"aroA",1
"Process","GO:0009073","Aromatic amino acid family biosynthetic process",7,1,1.7,0.863119704721498,"aroA",1
"Process","GO:0009432","SOS response",7,1,1.7,0.863119704721498,"recF",1
"Process","GO:0009636","Response to toxic substance",7,1,1.7,0.863119704721498,"RS05755",1
"Process","GO:0009991","Response to extracellular stimulus",7,1,1.7,0.863119704721498,"recF",1
"Process","GO:0016226","Iron-sulfur cluster assembly",7,1,1.7,0.863119704721498,"sufD",1
"Process","GO:0031163","Metallo-sulfur cluster assembly",7,1,1.7,0.863119704721498,"sufD",1
"Process","GO:0031668","Cellular response to extracellular stimulus",7,1,1.7,0.863119704721498,"recF",1
"Process","GO:0035384","Thioester biosynthetic process",7,1,1.7,0.863119704721498,"accC",1
"Process","GO:0071496","Cellular response to external stimulus",7,1,1.7,0.863119704721498,"recF",1
"Process","GO:0071616","acyl-CoA biosynthetic process",7,1,1.7,0.863119704721498,"accC",1
"Process","GO:0072524","Pyridine-containing compound metabolic process",7,1,1.7,0.863119704721498,"pncB",1
"Process","GO:0072525","Pyridine-containing compound biosynthetic process",7,1,1.7,0.863119704721498,"pncB",1
"Process","GO:0097237","Cellular response to toxic substance",7,1,1.7,0.863119704721498,"RS05755",1
"Process","GO:0098754","Detoxification",7,1,1.7,0.863119704721498,"RS05755",1
"Process","GO:0098869","Cellular oxidant detoxification",7,1,1.7,0.863119704721498,"RS05755",1
"Process","GO:1901136","Carbohydrate derivative catabolic process",7,1,1.7,0.863119704721498,"RS02190",1
"Process","GO:1901617","Organic hydroxy compound biosynthetic process",7,1,1.7,0.863119704721498,"thiC",1
"Process","GO:1990748","Cellular detoxification",7,1,1.7,0.863119704721498,"RS05755",1
"Function","GO:0016209","Antioxidant activity",7,1,1.7,0.863119704721498,"RS05755",1
"Function","GO:0016763","Pentosyltransferase activity",7,1,1.7,0.863119704721498,"pncB",1
"Function","GO:0016831","Carboxy-lyase activity",7,1,1.7,0.863119704721498,"lysA",1
"Function","GO:0051082","Unfolded protein binding",7,1,1.7,0.863119704721498,"clpX",1
"Keyword","KW-0249","Electron transport",7,1,1.7,0.863119704721498,"sdhA",1
"Keyword","KW-0255","Endonuclease",7,1,1.7,0.863119704721498,"rnhA",1
"Keyword","KW-0288","FMN",7,1,1.7,0.863119704721498,"nuoF",1
"Keyword","KW-0457","Lysine biosynthesis",7,1,1.7,0.863119704721498,"lysA",1
"Keyword","KW-0511","Multifunctional enzyme",7,1,1.7,0.863119704721498,"argJ",1
"Keyword","KW-0742","SOS response",7,1,1.7,0.863119704721498,"recF",1
"Keyword","KW-0811","Translocation",7,1,1.7,0.863119704721498,"secD",1
"InterPro","IPR006073","GTP binding domain",7,1,1.7,0.863119704721498,"mnmE",1
"InterPro","IPR011761","ATP-grasp fold",7,1,1.7,0.863119704721498,"accC",1
"InterPro","IPR013766","Thioredoxin domain",7,1,1.7,0.863119704721498,"RS05755",1
"Function","GO:0016788","Hydrolase activity, acting on ester bonds",38,7,9.4,0.86618650448992,"RS00965;RS03870;RS05940;addA;ileS;polA;rnhA",1
"Keyword","KW-0479","Metal-binding",115,24,28.4,0.867620131937826,"RS00465;RS00540;RS00980;RS03800;RS06160;acnA;clpX;lpxC;miaB;mnmE;ndk;nrdF;nuoE;nuoF;nuoG;parE;purL;radC;rnhA;sdhC;thiC;tkt;topA;tsaD",1
"Process","GO:0033865","Nucleoside bisphosphate metabolic process",13,2,3.2,0.869159492143144,"accC;coaA",1
"Process","GO:0033875","Ribonucleoside bisphosphate metabolic process",13,2,3.2,0.869159492143144,"accC;coaA",1
"Process","GO:0034032","Purine nucleoside bisphosphate metabolic process",13,2,3.2,0.869159492143144,"accC;coaA",1
"Keyword","KW-0698","rRNA processing",13,2,3.2,0.869159492143144,"rlmH;rsmA",1
"InterPro","IPR036249","Thioredoxin-like superfamily",13,2,3.2,0.869159492143144,"RS05755;nuoE",1
"Function","GO:0016787","Hydrolase activity",159,34,39.2,0.872765556907106,"RS00540;RS00965;RS02025;RS02190;RS02770;RS03520;RS03525;RS03870;RS03920;RS04065;RS04285;RS04505;RS05600;RS05940;RS05945;RS05960;RS06160;RS06615;addA;atpC;clpX;ettA;guaA;ileS;infB;lpxC;mnmE;pepN;polA;purQ;radC;recG;rnhA;zapE",1
"Process","GO:1901362","Organic cyclic compound biosynthetic process",120,25,29.6,0.874489326178779,"RS00540;RS00555;RS00565;RS00625;RS01230;RS05600;accC;aroA;atpA;atpC;atpD;cmk;coaA;cobT;gmk;guaA;holA;ndk;nrdF;pncB;polA;purL;purM;purQ;thiC",1
"Process","GO:0006399","tRNA metabolic process",48,9,11.8,0.875606312277811,"RS06620;gltX;glyS;hisS;ileS;miaB;mnmE;truB;tsaD",1
"Keyword","KW-0560","Oxidoreductase",62,12,15.3,0.876708760977745,"RS00465;RS03795;RS03855;RS03985;RS05755;nrdF;nuoE;nuoF;nuoG;nuoL;sdhA;ubiB",1
"Process","GO:0009156","Ribonucleoside monophosphate biosynthetic process",24,4,5.9,0.880389248226207,"guaA;purL;purM;purQ",1
"Function","GO:0008270","Zinc ion binding",24,4,5.9,0.880389248226207,"RS00540;clpX;pepN;thiC",1
"Keyword","KW-0443","Lipid metabolism",24,4,5.9,0.880389248226207,"accC;lpxB;lpxC;lpxK",1
"Keyword","KW-0444","Lipid biosynthesis",24,4,5.9,0.880389248226207,"accC;lpxB;lpxC;lpxK",1
"Process","GO:0044085","Cellular component biogenesis",76,15,18.7,0.880826732228685,"RS01935;RS02440;RS02770;RS03920;flgA;flgK;flhA;flhB;fliQ;fliR;murJ;rlmH;rsfS;rsmA;sufD",1
"Process","GO:0006023","Aminoglycan biosynthetic process",19,3,4.7,0.884484300440762,"RS02770;RS03920;murJ",1
"Process","GO:0006024","Glycosaminoglycan biosynthetic process",19,3,4.7,0.884484300440762,"RS02770;RS03920;murJ",1
"Process","GO:0006766","Vitamin metabolic process",19,3,4.7,0.884484300440762,"cobT;panC;thiC",1
"Process","GO:0006767","Water-soluble vitamin metabolic process",19,3,4.7,0.884484300440762,"cobT;panC;thiC",1
"Process","GO:0009252","Peptidoglycan biosynthetic process",19,3,4.7,0.884484300440762,"RS02770;RS03920;murJ",1
"Process","GO:0009273","Peptidoglycan-based cell wall biogenesis",19,3,4.7,0.884484300440762,"RS02770;RS03920;murJ",1
"Process","GO:0042546","Cell wall biogenesis",19,3,4.7,0.884484300440762,"RS02770;RS03920;murJ",1
"Process","GO:0044038","Cell wall macromolecule biosynthetic process",19,3,4.7,0.884484300440762,"RS02770;RS03920;murJ",1
"Process","GO:0070589","Cellular component macromolecule biosynthetic process",19,3,4.7,0.884484300440762,"RS02770;RS03920;murJ",1
"Function","GO:0005525","GTP binding",19,3,4.7,0.884484300440762,"RS06615;infB;mnmE",1
"Function","GO:0016773","Phosphotransferase activity, alcohol group as acceptor",19,3,4.7,0.884484300440762,"RS01225;coaA;lpxK",1
"Function","GO:0019001","Guanyl nucleotide binding",19,3,4.7,0.884484300440762,"RS06615;infB;mnmE",1
"Function","GO:0032561","Guanyl ribonucleotide binding",19,3,4.7,0.884484300440762,"RS06615;infB;mnmE",1
"KEGG","bbk02024","Quorum sensing",19,3,4.7,0.884484300440762,"RS04980;RS04985;secD",1
"Function","GO:0005488","Binding",475,109,117.2,0.888123150873333,"RS00250;RS00465;RS00540;RS00565;RS00625;RS00915;RS00980;RS01230;RS01935;RS02145;RS02200;RS02325;RS02770;RS03525;RS03540;RS03795;RS03800;RS03805;RS03810;RS03870;RS03885;RS03920;RS03970;RS03985;RS04165;RS04285;RS04505;RS04650;RS04720;RS04965;RS04980;RS04985;RS05060;RS05350;RS05600;RS05750;RS05940;RS06160;RS06280;RS06355;RS06375;RS06380;RS06525;RS06540;RS06615;RS06620;RS06625;accC;acnA;addA;argF;atpA;atpC;atpD;clpX;cmk;coaA;dnaA;ettA;flbT;glmS;gltX;glyA;glyS;gmk;guaA;hisS;holA;ileS;infA;infB;lpxC;lpxK;lysA;miaB;mnmE;ndk;nrdF;nuoE;nuoF;nuoG;nuoH;nuoN;panC;parE;pepN;polA;prfA;purL;purM;purQ;radC;recF;recG;rnhA;rpsA;rpsR;rsmA;sciP;sdhA;sdhC;sdhD;sufC;thiC;tkt;topA;truB;tsaD;zapE",1
"Process","GO:0009889","Regulation of biosynthetic process",49,9,12.1,0.890849951196437,"RS00625;RS01230;RS04165;RS06615;ettA;infA;infB;prfA;rsfS",1
"Process","GO:0010556","Regulation of macromolecule biosynthetic process",49,9,12.1,0.890849951196437,"RS00625;RS01230;RS04165;RS06615;ettA;infA;infB;prfA;rsfS",1
"Process","GO:0031326","Regulation of cellular biosynthetic process",49,9,12.1,0.890849951196437,"RS00625;RS01230;RS04165;RS06615;ettA;infA;infB;prfA;rsfS",1
"Function","GO:0003677","DNA binding",86,17,21.2,0.892131559143944,"RS00540;RS00625;RS00915;RS01230;RS03525;RS04165;RS04505;RS04650;RS04720;addA;dnaA;holA;parE;polA;recF;sciP;topA",1
"Process","GO:0019637","Organophosphate metabolic process",104,21,25.7,0.89256647201035,"RS00555;RS00565;RS05600;accC;atpA;atpC;atpD;cmk;coaA;gmk;guaA;lpxB;lpxC;lpxK;ndk;nrdF;pncB;purL;purM;purQ;thiC",1
"Process","GO:0006575","Cellular modified amino acid metabolic process",14,2,3.5,0.895573758334193,"glyA;panC",1
"KEGG","bbk00061","Fatty acid biosynthesis",14,2,3.5,0.895573758334193,"RS02985;accC",1
"KEGG","bbk00550","Peptidoglycan biosynthesis",14,2,3.5,0.895573758334193,"RS02770;RS03920",1
"KEGG","bbk01212","Fatty acid metabolism",14,2,3.5,0.895573758334193,"RS02985;accC",1
"InterPro","IPR011455","Protein of unknown function DUF1561",14,2,3.5,0.895573758334193,"RS04340;RS05935",1
"Pfam","PF07598","Protein of unknown function (DUF1561)",14,2,3.5,0.895573758334193,"RS04340;RS05935",1
"Process","GO:0000041","Transition metal ion transport",8,1,2,0.897092702195856,"RS02215",1
"Process","GO:0006066","Alcohol metabolic process",8,1,2,0.897092702195856,"thiC",1
"Process","GO:0006165","Nucleoside diphosphate phosphorylation",8,1,2,0.897092702195856,"ndk",1
"Process","GO:0006637","acyl-CoA metabolic process",8,1,2,0.897092702195856,"accC",1
"Process","GO:0006826","Iron ion transport",8,1,2,0.897092702195856,"RS02215",1
"Process","GO:0009085","Lysine biosynthetic process",8,1,2,0.897092702195856,"lysA",1
"Process","GO:0009089","Lysine biosynthetic process via diaminopimelate",8,1,2,0.897092702195856,"lysA",1
"Process","GO:0009135","Purine nucleoside diphosphate metabolic process",8,1,2,0.897092702195856,"gmk",1
"Process","GO:0009179","Purine ribonucleoside diphosphate metabolic process",8,1,2,0.897092702195856,"gmk",1
"Process","GO:0009185","Ribonucleoside diphosphate metabolic process",8,1,2,0.897092702195856,"gmk",1
"Process","GO:0035383","Thioester metabolic process",8,1,2,0.897092702195856,"accC",1
"Process","GO:0042398","Cellular modified amino acid biosynthetic process",8,1,2,0.897092702195856,"panC",1
"Process","GO:0046451","Diaminopimelate metabolic process",8,1,2,0.897092702195856,"lysA",1
"Process","GO:0046939","Nucleotide phosphorylation",8,1,2,0.897092702195856,"ndk",1
"Process","GO:0070887","Cellular response to chemical stimulus",8,1,2,0.897092702195856,"RS05755",1
"Component","GO:0061695","Transferase complex, transferring phosphorus-containing groups",8,1,2,0.897092702195856,"holA",1
"Function","GO:0016410","N-acyltransferase activity",8,1,2,0.897092702195856,"argJ",1
"Function","GO:0016836","Hydro-lyase activity",8,1,2,0.897092702195856,"acnA",1
"Function","GO:0061783","Peptidoglycan muralytic activity",8,1,2,0.897092702195856,"RS02190",1
"Keyword","KW-0863","Zinc-finger",8,1,2,0.897092702195856,"RS00540",1
"KEGG","bbk00400","Phenylalanine, tyrosine and tryptophan biosynthesis",8,1,2,0.897092702195856,"aroA",1
"KEGG","bbk00680","Methane metabolism",8,1,2,0.897092702195856,"glyA",1
"InterPro","IPR029026","tRNA (guanine-N1-)-methyltransferase, N-terminal",8,1,2,0.897092702195856,"rlmH",1
"InterPro","IPR029028","Alpha/beta knot methyltransferases",8,1,2,0.897092702195856,"rlmH",1
"InterPro","IPR036390","Winged helix DNA-binding domain superfamily",8,1,2,0.897092702195856,"RS04165",1
"Process","GO:0016070","RNA metabolic process",91,18,22.4,0.897394469473175,"RS00540;RS00625;RS01230;RS01935;RS01940;RS06620;flbT;gltX;glyS;hisS;ileS;miaB;mnmE;rlmH;rnhA;rsmA;truB;tsaD",1
"Process","GO:0009451","RNA modification",40,7,9.9,0.899629540282978,"RS01940;miaB;mnmE;rlmH;rsmA;truB;tsaD",1
"Process","GO:0022613","Ribonucleoprotein complex biogenesis",25,4,6.2,0.899899674706168,"RS01935;rlmH;rsfS;rsmA",1
"Process","GO:0042254","Ribosome biogenesis",25,4,6.2,0.899899674706168,"RS01935;rlmH;rsfS;rsmA",1
"InterPro","IPR029063","S-adenosyl-L-methionine-dependent methyltransferase superfamily",25,4,6.2,0.899899674706168,"RS00295;RS01935;RS01940;rsmA",1
"Process","GO:0001510","RNA methylation",20,3,4.9,0.905240784525106,"RS01940;rlmH;rsmA",1
"Process","GO:0006644","Phospholipid metabolic process",20,3,4.9,0.905240784525106,"lpxB;lpxC;lpxK",1
"Process","GO:0008654","Phospholipid biosynthetic process",20,3,4.9,0.905240784525106,"lpxB;lpxC;lpxK",1
"Process","GO:0072527","Pyrimidine-containing compound metabolic process",20,3,4.9,0.905240784525106,"cmk;ndk;thiC",1
"Function","GO:0016810","Hydrolase activity, acting on carbon-nitrogen (but not peptide) bonds",20,3,4.9,0.905240784525106,"RS02190;lpxC;purQ",1
"Process","GO:0034660","ncRNA metabolic process",65,12,16,0.913963111644059,"RS01935;RS06620;gltX;glyS;hisS;ileS;miaB;mnmE;rlmH;rsmA;truB;tsaD",1
"Process","GO:0000270","Peptidoglycan metabolic process",26,4,6.4,0.916558389559262,"RS02190;RS02770;RS03920;murJ",1
"Process","GO:0006022","Aminoglycan metabolic process",26,4,6.4,0.916558389559262,"RS02190;RS02770;RS03920;murJ",1
"Process","GO:0009124","Nucleoside monophosphate biosynthetic process",26,4,6.4,0.916558389559262,"guaA;purL;purM;purQ",1
"Process","GO:0030203","Glycosaminoglycan metabolic process",26,4,6.4,0.916558389559262,"RS02190;RS02770;RS03920;murJ",1
"Process","GO:0006220","Pyrimidine nucleotide metabolic process",15,2,3.7,0.916966490374061,"cmk;ndk",1
"Process","GO:0030001","Metal ion transport",15,2,3.7,0.916966490374061,"RS02215;RS06380",1
"KEGG","bbk03430","Mismatch repair",15,2,3.7,0.916966490374061,"RS04505;holA",1
"Process","GO:0006139","Nucleobase-containing compound metabolic process",230,49,56.7,0.922471213453555,"RS00540;RS00555;RS00565;RS00625;RS00915;RS00965;RS01230;RS01935;RS01940;RS03525;RS03870;RS05600;RS05940;RS06620;accC;addA;atpA;atpC;atpD;cmk;coaA;dnaA;flbT;gltX;glyS;gmk;guaA;hisS;holA;ileS;miaB;mnmE;ndk;nrdF;parE;pncB;polA;purL;purM;purQ;recF;recG;recO;rlmH;rnhA;rsmA;topA;truB;tsaD",1
"Process","GO:0044036","Cell wall macromolecule metabolic process",21,3,5.2,0.92257471288778,"RS02770;RS03920;murJ",1
"Process","GO:0006553","Lysine metabolic process",9,1,2.2,0.92265684573347,"lysA",1
"Process","GO:0009067","Aspartate family amino acid biosynthetic process",9,1,2.2,0.92265684573347,"lysA",1
"Process","GO:0009218","Pyrimidine ribonucleotide metabolic process",9,1,2.2,0.92265684573347,"ndk",1
"Process","GO:0009220","Pyrimidine ribonucleotide biosynthetic process",9,1,2.2,0.92265684573347,"ndk",1
"Process","GO:0018106","Peptidyl-histidine phosphorylation",9,1,2.2,0.92265684573347,"RS01225",1
"Process","GO:0018202","Peptidyl-histidine modification",9,1,2.2,0.92265684573347,"RS01225",1
"Function","GO:0004673","Protein histidine kinase activity",9,1,2.2,0.92265684573347,"RS01225",1
"Function","GO:0016775","Phosphotransferase activity, nitrogenous group as acceptor",9,1,2.2,0.92265684573347,"RS01225",1
"KEGG","bbk00270","Cysteine and methionine metabolism",9,1,2.2,0.92265684573347,"RS03635",1
"KEGG","bbk00640","Propanoate metabolism",9,1,2.2,0.92265684573347,"accC",1
"KEGG","bbk00670","One carbon pool by folate",9,1,2.2,0.92265684573347,"glyA",1
"Function","GO:0140101","Catalytic activity, acting on a tRNA",37,6,9.1,0.925925413415575,"RS06620;gltX;glyS;hisS;ileS;truB",1
"Process","GO:0033554","Cellular response to stress",32,5,7.9,0.92737286820776,"addA;polA;recF;recG;recO",1
"Process","GO:0008033","tRNA processing",27,4,6.7,0.930703698278694,"miaB;mnmE;truB;tsaD",1
"Process","GO:0044248","Cellular catabolic process",16,2,3.9,0.934198752773708,"flbT;rnhA",1
"Keyword","KW-0285","Flavoprotein",16,2,3.9,0.934198752773708,"nuoF;sdhA",1
"Component","GO:0032991","Protein-containing complex",72,13,17.8,0.935383041698532,"RS00540;RS00555;RS00565;RS05600;RS06370;atpA;atpC;atpD;holA;lptF;nrdF;nuoF;sdhC",1
"Process","GO:0045229","External encapsulating structure organization",22,3,5.4,0.93696989577032,"RS02440;RS02770;murJ",1
"Process","GO:0071554","Cell wall organization or biogenesis",22,3,5.4,0.93696989577032,"RS02770;RS03920;murJ",1
"Function","GO:0046872","Metal ion binding",146,29,36,0.941447995213752,"RS00465;RS00540;RS00980;RS03800;RS05750;RS06160;RS06380;accC;acnA;clpX;lpxC;miaB;mnmE;ndk;nrdF;nuoE;nuoF;nuoG;parE;pepN;purL;radC;rnhA;sdhC;sdhD;thiC;tkt;topA;tsaD",1
"Process","GO:0006468","Protein phosphorylation",10,1,2.5,0.94188773852126,"RS01225",1
"Component","GO:1990234","Transferase complex",10,1,2.5,0.94188773852126,"holA",1
"Function","GO:0004672","Protein kinase activity",10,1,2.5,0.94188773852126,"RS01225",1
"Keyword","KW-0676","Redox-active center",10,1,2.5,0.94188773852126,"RS05755",1
"Component","GO:1902494","Catalytic complex",28,4,6.9,0.94265342886394,"holA;nrdF;nuoF;sdhC",1
"KEGG","bbk02020","Two-component system",28,4,6.9,0.94265342886394,"RS03320;RS05045;dnaA;motA",1
"Process","GO:0034470","ncRNA processing",44,7,10.9,0.945725777520353,"RS01935;miaB;mnmE;rlmH;rsmA;truB;tsaD",1
"KEGG","bbk01110","Biosynthesis of secondary metabolites",129,25,31.8,0.946754930686153,"RS00465;RS02530;RS03635;RS03985;RS05750;RS06280;RS06625;accC;acnA;argF;argJ;aroA;gltA;gltX;glyA;lysA;ndk;panC;purL;purM;purQ;sdhA;sdhC;sdhD;tkt",1
"Process","GO:0016310","Phosphorylation",39,6,9.6,0.946803082982659,"RS01225;cmk;coaA;gmk;lpxK;ndk",1
"Function","GO:0097159","Organic cyclic compound binding",379,83,93.5,0.947039426247848,"RS00250;RS00540;RS00565;RS00625;RS00915;RS01230;RS01935;RS02145;RS02200;RS02325;RS03525;RS03540;RS03810;RS03870;RS03885;RS03920;RS03970;RS03985;RS04165;RS04285;RS04505;RS04650;RS04720;RS04965;RS04980;RS04985;RS05060;RS05350;RS05600;RS05940;RS06280;RS06375;RS06525;RS06540;RS06615;RS06620;RS06625;accC;addA;atpA;atpC;atpD;clpX;cmk;coaA;dnaA;ettA;flbT;gltX;glyA;glyS;gmk;guaA;hisS;holA;ileS;infA;infB;lpxK;lysA;mnmE;ndk;nuoF;panC;parE;polA;prfA;purL;purM;purQ;recF;recG;rnhA;rpsA;rpsR;rsmA;sciP;sdhA;sdhD;sufC;topA;truB;zapE",1
"Function","GO:1901363","Heterocyclic compound binding",379,83,93.5,0.947039426247848,"RS00250;RS00540;RS00565;RS00625;RS00915;RS01230;RS01935;RS02145;RS02200;RS02325;RS03525;RS03540;RS03810;RS03870;RS03885;RS03920;RS03970;RS03985;RS04165;RS04285;RS04505;RS04650;RS04720;RS04965;RS04980;RS04985;RS05060;RS05350;RS05600;RS05940;RS06280;RS06375;RS06525;RS06540;RS06615;RS06620;RS06625;accC;addA;atpA;atpC;atpD;clpX;cmk;coaA;dnaA;ettA;flbT;gltX;glyA;glyS;gmk;guaA;hisS;holA;ileS;infA;infB;lpxK;lysA;mnmE;ndk;nuoF;panC;parE;polA;prfA;purL;purM;purQ;recF;recG;rnhA;rpsA;rpsR;rsmA;sciP;sdhA;sdhD;sufC;topA;truB;zapE",1
"Function","GO:0140098","Catalytic activity, acting on RNA",64,11,15.8,0.94741345325899,"RS01940;RS04285;RS06620;gltX;glyS;hisS;ileS;rlmH;rnhA;rsmA;truB",1
"Process","GO:0006310","DNA recombination",17,2,4.2,0.948013831928924,"recG;recO",1
"Process","GO:0008360","Regulation of cell shape",17,2,4.2,0.948013831928924,"RS02770;murJ",1
"Process","GO:0022603","Regulation of anatomical structure morphogenesis",17,2,4.2,0.948013831928924,"RS02770;murJ",1
"Process","GO:0022604","Regulation of cell morphogenesis",17,2,4.2,0.948013831928924,"RS02770;murJ",1
"Process","GO:0050793","Regulation of developmental process",17,2,4.2,0.948013831928924,"RS02770;murJ",1
"Function","GO:0004175","Endopeptidase activity",17,2,4.2,0.948013831928924,"RS02025;RS03520",1
"Function","GO:0043169","Cation binding",148,29,36.5,0.95187740633072,"RS00465;RS00540;RS00980;RS03800;RS05750;RS06160;RS06380;accC;acnA;clpX;lpxC;miaB;mnmE;ndk;nrdF;nuoE;nuoF;nuoG;parE;pepN;purL;radC;rnhA;sdhC;sdhD;thiC;tkt;topA;tsaD",1
"Function","GO:0016746","Acyltransferase activity",29,4,7.2,0.952700436937968,"RS02985;argJ;gltA;tsaD",1
"Function","GO:0016853","Isomerase activity",29,4,7.2,0.952700436937968,"RS05750;parE;topA;truB",1
"Process","GO:0006396","RNA processing",50,8,12.3,0.953228834676108,"RS01935;RS01940;miaB;mnmE;rlmH;rsmA;truB;tsaD",1
"Process","GO:0009066","Aspartate family amino acid metabolic process",11,1,2.7,0.956350066038594,"lysA",1
"Function","GO:0005515","Protein binding",11,1,2.7,0.956350066038594,"clpX",1
"Function","GO:0016765","Transferase activity, transferring alkyl or aryl (other than methyl) groups",11,1,2.7,0.956350066038594,"aroA",1
"Function","GO:0016881","Acid-amino acid ligase activity",11,1,2.7,0.956350066038594,"panC",1
"Keyword","KW-0274","FAD",11,1,2.7,0.956350066038594,"sdhA",1
"KEGG","bbk00260","Glycine, serine and threonine metabolism",11,1,2.7,0.956350066038594,"glyA",1
"KEGG","bbk03410","Base excision repair",11,1,2.7,0.956350066038594,"polA",1
"InterPro","IPR003594","Histidine kinase/HSP90-like ATPase",11,1,2.7,0.956350066038594,"parE",1
"Process","GO:0043648","Dicarboxylic acid metabolic process",18,2,4.4,0.959042775755876,"aroA;lysA",1
"Process","GO:0044272","Sulfur compound biosynthetic process",18,2,4.4,0.959042775755876,"accC;thiC",1
"Process","GO:0071555","Cell wall organization",18,2,4.4,0.959042775755876,"RS02770;murJ",1
"Process","GO:0046394","Carboxylic acid biosynthetic process",56,9,13.8,0.959741062899322,"RS03635;RS06280;RS06625;accC;argJ;aroA;glyA;lysA;panC",1
"Process","GO:0050794","Regulation of cellular process",66,11,16.3,0.960255552664171,"RS00625;RS01230;RS04165;RS06615;dnaA;ettA;flbT;infA;infB;prfA;rsfS",1
"Function","GO:0016741","Transferase activity, transferring one-carbon groups",46,7,11.3,0.960804998113746,"RS00295;RS01935;RS01940;argF;glyA;rlmH;rsmA",1
"Process","GO:0006790","Sulfur compound metabolic process",30,4,7.4,0.961110305043565,"RS03970;accC;sufD;thiC",1
"Process","GO:0006725","Cellular aromatic compound metabolic process",256,53,63.1,0.962065985418785,"RS00540;RS00555;RS00565;RS00625;RS00915;RS00965;RS01230;RS01935;RS01940;RS03525;RS03870;RS05600;RS05940;RS06620;accC;addA;aroA;atpA;atpC;atpD;cmk;coaA;cobT;dnaA;flbT;gltX;glyA;glyS;gmk;guaA;hisS;holA;ileS;miaB;mnmE;ndk;nrdF;parE;pncB;polA;purL;purM;purQ;recF;recG;recO;rlmH;rnhA;rsmA;thiC;topA;truB;tsaD",1
"Process","GO:0006082","Organic acid metabolic process",114,21,28.1,0.962811866640468,"RS00330;RS02145;RS03635;RS03970;RS06280;RS06620;RS06625;accC;argF;argJ;aroA;glmS;gltX;glyA;glyS;guaA;hisS;ileS;lysA;panC;purQ",1
"Process","GO:0019752","Carboxylic acid metabolic process",114,21,28.1,0.962811866640468,"RS00330;RS02145;RS03635;RS03970;RS06280;RS06620;RS06625;accC;argF;argJ;aroA;glmS;gltX;glyA;glyS;guaA;hisS;ileS;lysA;panC;purQ",1
"Process","GO:0043436","Oxoacid metabolic process",114,21,28.1,0.962811866640468,"RS00330;RS02145;RS03635;RS03970;RS06280;RS06620;RS06625;accC;argF;argJ;aroA;glmS;gltX;glyA;glyS;guaA;hisS;ileS;lysA;panC;purQ",1
"Process","GO:0032259","Methylation",36,5,8.9,0.964603217512785,"RS00295;RS01935;RS01940;rlmH;rsmA",1
"Function","GO:0008168","Methyltransferase activity",36,5,8.9,0.964603217512785,"RS00295;RS01935;RS01940;rlmH;rsmA",1
"Process","GO:0016053","Organic acid biosynthetic process",57,9,14.1,0.965464189028695,"RS03635;RS06280;RS06625;accC;argJ;aroA;glyA;lysA;panC",1
"Process","GO:0044281","Small molecule metabolic process",196,39,48.3,0.965743262800693,"RS00330;RS00555;RS00565;RS02145;RS03635;RS03970;RS03985;RS05600;RS06280;RS06620;RS06625;accC;argF;argJ;aroA;atpA;atpC;atpD;cmk;coaA;cobT;glmS;gltX;glyA;glyS;gmk;guaA;hisS;ileS;lysA;ndk;nrdF;panC;pncB;purL;purM;purQ;thiC;ubiB",1
"Process","GO:0043414","Macromolecule methylation",25,3,6.2,0.966657024668935,"RS01940;rlmH;rsmA",1
"Function","GO:0016747","Acyltransferase activity, transferring groups other than amino-acyl groups",25,3,6.2,0.966657024668935,"RS02985;argJ;tsaD",1
"Function","GO:0016779","Nucleotidyltransferase activity",25,3,6.2,0.966657024668935,"holA;polA;waaA",1
"Keyword","KW-0548","Nucleotidyltransferase",25,3,6.2,0.966657024668935,"holA;polA;waaA",1
"Process","GO:0043650","Dicarboxylic acid biosynthetic process",12,1,3,0.967223011545285,"aroA",1
"Process","GO:0065008","Regulation of biological quality",12,1,3,0.967223011545285,"ileS",1
"Process","GO:1901615","Organic hydroxy compound metabolic process",12,1,3,0.967223011545285,"thiC",1
"Function","GO:0016835","Carbon-oxygen lyase activity",12,1,3,0.967223011545285,"acnA",1
"Keyword","KW-0275","Fatty acid biosynthesis",12,1,3,0.967223011545285,"accC",1
"Keyword","KW-0276","Fatty acid metabolism",12,1,3,0.967223011545285,"accC",1
"KEGG","bbk03060","Protein export",12,1,3,0.967223011545285,"secD",1
"Process","GO:0043933","Protein-containing complex organization",19,2,4.7,0.967814361087066,"RS06615;prfA",1
"Process","GO:0072330","Monocarboxylic acid biosynthetic process",19,2,4.7,0.967814361087066,"accC;panC",1
"Process","GO:0072528","Pyrimidine-containing compound biosynthetic process",19,2,4.7,0.967814361087066,"ndk;thiC",1
"Function","GO:0008757","S-adenosylmethionine-dependent methyltransferase activity",19,2,4.7,0.967814361087066,"rlmH;rsmA",1
"Function","GO:0140640","Catalytic activity, acting on a nucleic acid",111,20,27.4,0.969396933782373,"RS00540;RS00915;RS01940;RS04285;RS04505;RS06620;addA;gltX;glyS;hisS;holA;ileS;parE;polA;recG;rlmH;rnhA;rsmA;topA;truB",1
"Process","GO:0006950","Response to stress",37,5,9.1,0.970646624402974,"addA;polA;recF;recG;recO",1
"Keyword","KW-0862","Zinc",37,5,9.1,0.970646624402974,"RS00540;clpX;lpxC;radC;thiC",1
"Process","GO:0046483","Heterocycle metabolic process",255,52,62.9,0.97170107095068,"RS00540;RS00555;RS00565;RS00625;RS00915;RS00965;RS01230;RS01935;RS01940;RS03525;RS03870;RS05600;RS05940;RS06620;accC;addA;atpA;atpC;atpD;cmk;coaA;cobT;dnaA;flbT;gltX;glyA;glyS;gmk;guaA;hisS;holA;ileS;miaB;mnmE;ndk;nrdF;parE;pncB;polA;purL;purM;purQ;recF;recG;recO;rlmH;rnhA;rsmA;thiC;topA;truB;tsaD",1
"Process","GO:0006796","Phosphate-containing compound metabolic process",121,22,29.8,0.971757875301407,"RS00555;RS00565;RS01225;RS05600;accC;atpA;atpC;atpD;cmk;coaA;gmk;guaA;lpxB;lpxC;lpxK;ndk;nrdF;pncB;purL;purM;purQ;thiC",1
"Keyword","KW-0413","Isomerase",26,3,6.4,0.973191629248458,"parE;topA;truB",1
"Keyword","KW-0489","Methyltransferase",32,4,7.9,0.973941797717666,"RS00295;RS01940;rlmH;rsmA",1
"Process","GO:0018193","Peptidyl-amino acid modification",13,1,3.2,0.975394971495463,"RS01225",1
"Component","GO:0140535","Intracellular protein-containing complex",13,1,3.2,0.975394971495463,"holA",1
"Keyword","KW-0133","Cell shape",13,1,3.2,0.975394971495463,"murJ",1
"Keyword","KW-0346","Stress response",13,1,3.2,0.975394971495463,"RS03520",1
"Keyword","KW-0573","Peptidoglycan synthesis",13,1,3.2,0.975394971495463,"murJ",1
"InterPro","IPR001789","Signal transduction response regulator, receiver domain",13,1,3.2,0.975394971495463,"RS01230",1
"InterPro","IPR011006","CheY-like superfamily",13,1,3.2,0.975394971495463,"RS01230",1
"InterPro","IPR036890","Histidine kinase/HSP90-like ATPase superfamily",13,1,3.2,0.975394971495463,"parE",1
"Process","GO:1901360","Organic cyclic compound metabolic process",261,53,64.4,0.975658698309485,"RS00540;RS00555;RS00565;RS00625;RS00915;RS00965;RS01230;RS01935;RS01940;RS03525;RS03870;RS05600;RS05940;RS06620;accC;addA;aroA;atpA;atpC;atpD;cmk;coaA;cobT;dnaA;flbT;gltX;glyA;glyS;gmk;guaA;hisS;holA;ileS;miaB;mnmE;ndk;nrdF;parE;pncB;polA;purL;purM;purQ;recF;recG;recO;rlmH;rnhA;rsmA;thiC;topA;truB;tsaD",1
"Process","GO:0006793","Phosphorus metabolic process",124,22,30.6,0.980314787129207,"RS00555;RS00565;RS01225;RS05600;accC;atpA;atpC;atpD;cmk;coaA;gmk;guaA;lpxB;lpxC;lpxK;ndk;nrdF;pncB;purL;purM;purQ;thiC",1
"Process","GO:0006221","Pyrimidine nucleotide biosynthetic process",14,1,3.5,0.981535064815561,"ndk",1
"Process","GO:0006457","Protein folding",14,1,3.5,0.981535064815561,"clpX",1
"Function","GO:0004519","Endonuclease activity",14,1,3.5,0.981535064815561,"rnhA",1
"Keyword","KW-0456","Lyase",28,3,6.9,0.982804523630367,"acnA;lysA;thiC",1
"Process","GO:0009987","Cellular process",683,154,168.5,0.983181359998917,"RS00175;RS00245;RS00330;RS00465;RS00540;RS00555;RS00565;RS00585;RS00625;RS00855;RS00915;RS00965;RS01225;RS01230;RS01465;RS01470;RS01505;RS01935;RS01940;RS02145;RS02205;RS02325;RS02440;RS02770;RS03320;RS03525;RS03540;RS03635;RS03795;RS03800;RS03805;RS03855;RS03870;RS03880;RS03885;RS03920;RS03970;RS03985;RS04360;RS04425;RS04505;RS05280;RS05285;RS05350;RS05355;RS05400;RS05405;RS05555;RS05570;RS05600;RS05620;RS05635;RS05755;RS05940;RS06280;RS06370;RS06380;RS06525;RS06530;RS06615;RS06620;RS06625;RS07145;accC;acnA;addA;argF;argJ;aroA;atpA;atpC;atpD;clpX;cmk;coaA;cobT;dnaA;dprA;ettA;flaF;flbT;flgA;flgB;flgC;flgD;flgG;flgH;flgK;flhA;flhB;fliE;fliF;fliN;fliP;fliQ;fliR;glmS;gltA;gltX;glyA;glyS;gmk;guaA;hisS;holA;ileS;infA;infB;lptF;lpxB;lpxC;lpxK;lysA;miaB;mnhG;mnmE;motA;murJ;ndk;nrdF;nuoF;nuoG;nuoL;nuoN;panC;parE;pncB;polA;prfA;pstA;purL;purM;purQ;recF;recG;recO;rlmH;rnhA;rpsA;rpsR;rpsU;rsfS;rsmA;sdhA;sdhC;sdhD;secD;sufD;thiC;topA;truB;tsaD;ubiB;waaA",1
"Process","GO:0050789","Regulation of biological process",87,14,21.5,0.983716311543865,"RS00625;RS01230;RS02770;RS04165;RS06615;dnaA;ettA;flbT;hflC;infA;infB;murJ;prfA;rsfS",1
"Process","GO:0019219","Regulation of nucleobase-containing compound metabolic process",35,4,8.6,0.985991773591552,"RS00625;RS01230;RS04165;dnaA",1
"Process","GO:0065007","Biological regulation",93,15,22.9,0.986034527895468,"RS00625;RS01230;RS02770;RS04165;RS06615;dnaA;ettA;flbT;hflC;ileS;infA;infB;murJ;prfA;rsfS",1
"Process","GO:1901565","Organonitrogen compound catabolic process",15,1,3.7,0.986147105847096,"RS02190",1
"Keyword","KW-0961","Cell wall biogenesis/degradation",15,1,3.7,0.986147105847096,"murJ",1
"Keyword","KW-0460","Magnesium",52,7,12.8,0.986147319933574,"mnmE;ndk;parE;purL;rnhA;tkt;topA",1
"Process","GO:0008610","Lipid biosynthetic process",41,5,10.1,0.986482706823914,"accC;lpxB;lpxC;lpxK;waaA",1
"Function","GO:0016772","Transferase activity, transferring phosphorus-containing groups",63,9,15.5,0.986915073263714,"RS01225;cmk;coaA;gmk;holA;lpxK;ndk;polA;waaA",1
"Function","GO:0003676","Nucleic acid binding",197,37,48.6,0.987672408130674,"RS00540;RS00625;RS00915;RS01230;RS01935;RS03525;RS03870;RS04165;RS04285;RS04505;RS04650;RS04720;RS05060;RS05940;RS06615;RS06620;addA;dnaA;ettA;flbT;gltX;holA;ileS;infA;infB;parE;polA;prfA;recF;recG;rnhA;rpsA;rpsR;rsmA;sciP;topA;truB",1
"InterPro","IPR036291","NAD(P)-binding domain superfamily",23,2,5.7,0.987992478091102,"RS02980;RS04965",1
"Keyword","KW-0808","Transferase",170,31,41.9,0.988122897988834,"RS00295;RS00330;RS01225;RS01940;RS02985;RS03635;RS03920;RS03970;RS04960;RS06280;argF;argJ;aroA;cmk;coaA;glmS;gltA;glyA;gmk;holA;lpxB;lpxK;miaB;ndk;polA;rlmH;rsmA;tkt;tsaD;ubiB;waaA",1
"Process","GO:0044255","Cellular lipid metabolic process",42,5,10.4,0.988933027193633,"accC;lpxB;lpxC;lpxK;waaA",1
"Process","GO:0044283","Small molecule biosynthetic process",85,13,21,0.989584748725413,"RS03635;RS03985;RS06280;RS06625;accC;argJ;aroA;cobT;glyA;lysA;panC;thiC;ubiB",1
"Process","GO:0006631","Fatty acid metabolic process",16,1,3.9,0.989610329385322,"accC",1
"Process","GO:0006633","Fatty acid biosynthetic process",16,1,3.9,0.989610329385322,"accC",1
"Keyword","KW-0143","Chaperone",16,1,3.9,0.989610329385322,"clpX",1
"KEGG","bbk00620","Pyruvate metabolism",16,1,3.9,0.989610329385322,"accC",1
"Process","GO:0006629","Lipid metabolic process",43,5,10.6,0.99095979682107,"accC;lpxB;lpxC;lpxK;waaA",1
"Function","GO:0016829","Lyase activity",31,3,7.6,0.991319541634046,"acnA;lysA;thiC",1
"KEGG","bbk00010","Glycolysis / Gluconeogenesis",17,1,4.2,0.992210110476347,"RS05750",1
"Function","GO:0000287","Magnesium ion binding",25,2,6.2,0.992747570426004,"purL;rnhA",1
"Keyword","KW-0963","Cytoplasm",188,34,46.4,0.992778552248158,"RS04720;RS06280;RS06615;RS06620;RS06625;argF;argJ;aroA;cmk;coaA;dnaA;glmS;gltX;glyA;glyS;gmk;hisS;ileS;infA;infB;miaB;mnmE;ndk;panC;prfA;purL;purM;purQ;recF;rlmH;rnhA;rsfS;rsmA;tsaD",1
"Process","GO:0009056","Catabolic process",32,3,7.9,0.993117239280568,"RS02190;flbT;rnhA",1
"Process","GO:1901575","Organic substance catabolic process",32,3,7.9,0.993117239280568,"RS02190;flbT;rnhA",1
"Function","GO:0140096","Catalytic activity, acting on a protein",67,9,16.5,0.993444031659087,"RS01225;RS02025;RS02770;RS03520;RS03865;RS03920;RS06160;pepN;radC",1
"Function","GO:0005198","Structural molecule activity",62,8,15.3,0.993938089924379,"RS05045;RS05445;RS05570;flgK;fliE;rpsA;rpsR;rpsU",1
"Process","GO:0051716","Cellular response to stimulus",57,7,14.1,0.994538154745063,"RS01230;RS05755;addA;polA;recF;recG;recO",1
"Component","GO:0005737","Cytoplasm",214,39,52.8,0.99502761107111,"RS04720;RS05600;RS06160;RS06280;RS06615;RS06620;RS06625;argF;argJ;aroA;cmk;coaA;dnaA;ettA;glmS;gltA;gltX;glyA;glyS;gmk;hisS;ileS;infA;infB;miaB;mnmE;ndk;nrdF;panC;prfA;purL;purM;purQ;recF;rlmH;rnhA;rsfS;rsmA;tsaD",1
"Function","GO:0003723","RNA binding",85,12,21,0.995431313761914,"RS01935;RS03870;RS06620;ettA;flbT;gltX;ileS;infA;rpsA;rpsR;rsmA;truB",1
"Function","GO:0016740","Transferase activity",192,34,47.4,0.995564328882125,"RS00295;RS00330;RS01225;RS01935;RS01940;RS02985;RS03635;RS03920;RS03970;RS04960;RS06280;RS06355;argF;argJ;aroA;cmk;coaA;glmS;gltA;glyA;gmk;holA;lpxB;lpxK;miaB;ndk;pncB;polA;rlmH;rsmA;tkt;tsaD;ubiB;waaA",1
"Process","GO:0007154","Cell communication",27,2,6.7,0.995647201116489,"RS01230;recF",1
"Process","GO:0006355","Regulation of transcription, DNA-templated",34,3,8.4,0.995697504921413,"RS00625;RS01230;RS04165",1
"Process","GO:0051252","Regulation of RNA metabolic process",34,3,8.4,0.995697504921413,"RS00625;RS01230;RS04165",1
"Process","GO:1903506","Regulation of nucleic acid-templated transcription",34,3,8.4,0.995697504921413,"RS00625;RS01230;RS04165",1
"Process","GO:2001141","Regulation of RNA biosynthetic process",34,3,8.4,0.995697504921413,"RS00625;RS01230;RS04165",1
"Process","GO:0044271","Cellular nitrogen compound biosynthetic process",212,38,52.3,0.996353580858474,"RS00540;RS00555;RS00565;RS00625;RS01230;RS05600;RS06615;RS06620;accC;atpA;atpC;atpD;cmk;coaA;cobT;ettA;gltX;glyS;gmk;guaA;hisS;holA;ileS;infA;infB;ndk;nrdF;panC;pncB;polA;prfA;purL;purM;purQ;rpsA;rpsR;rpsU;thiC",1
"Process","GO:0043412","Macromolecule modification",65,8,16,0.996535416080011,"RS01225;RS01940;miaB;mnmE;rlmH;rsmA;truB;tsaD",1
"Process","GO:0000160","Phosphorelay signal transduction system",20,1,4.9,0.996722621603995,"RS01230",1
"Process","GO:0007165","Signal transduction",20,1,4.9,0.996722621603995,"RS01230",1
"Process","GO:0023052","Signaling",20,1,4.9,0.996722621603995,"RS01230",1
"Process","GO:0035556","Intracellular signal transduction",20,1,4.9,0.996722621603995,"RS01230",1
"Process","GO:0036211","Protein modification process",22,1,5.4,0.998162645744586,"RS01225",1
"Process","GO:0006412","Translation",97,13,23.9,0.99855325889791,"RS06615;RS06620;ettA;gltX;glyS;hisS;ileS;infA;infB;prfA;rpsA;rpsR;rpsU",1
"Keyword","KW-0805","Transcription regulation",23,1,5.7,0.998624926092471,"RS00625",1
"Process","GO:0009059","Macromolecule biosynthetic process",144,22,35.5,0.998767680300308,"RS00540;RS00625;RS01230;RS02770;RS03920;RS06615;RS06620;ettA;gltX;glyS;hisS;holA;ileS;infA;infB;murJ;polA;prfA;rpsA;rpsR;rpsU;waaA",1
"Component","GO:0005622","Intracellular anatomical structure",280,51,69.1,0.998804567327929,"RS00540;RS00555;RS00565;RS04720;RS05600;RS06160;RS06280;RS06615;RS06620;RS06625;argF;argJ;aroA;atpA;atpC;atpD;cmk;coaA;dnaA;ettA;glmS;gltA;gltX;glyA;glyS;gmk;hisS;ileS;infA;infB;miaB;mnmE;ndk;nrdF;panC;parE;prfA;purL;purM;purQ;recF;rlmH;rnhA;rpsA;rpsR;rpsU;rsfS;rsmA;sdhC;topA;tsaD",1
"Process","GO:0043604","Amide biosynthetic process",109,15,26.9,0.998875629107809,"RS06615;RS06620;accC;ettA;gltX;glyS;hisS;ileS;infA;infB;panC;prfA;rpsA;rpsR;rpsU",1
"Process","GO:0043043","Peptide biosynthetic process",99,13,24.4,0.998982854161492,"RS06615;RS06620;ettA;gltX;glyS;hisS;ileS;infA;infB;prfA;rpsA;rpsR;rpsU",1
"Process","GO:1901566","Organonitrogen compound biosynthetic process",232,40,57.2,0.999088420346157,"RS00555;RS00565;RS02770;RS03635;RS03920;RS05600;RS06280;RS06615;RS06620;RS06625;accC;argJ;aroA;atpA;atpC;atpD;coaA;cobT;ettA;gltX;glyA;glyS;guaA;hisS;ileS;infA;infB;lysA;murJ;ndk;panC;pncB;prfA;purL;purM;purQ;rpsA;rpsR;rpsU;thiC",1
"Process","GO:0034645","Cellular macromolecule biosynthetic process",121,17,29.8,0.99914306147637,"RS02770;RS03920;RS06615;RS06620;ettA;gltX;glyS;hisS;ileS;infA;infB;murJ;prfA;rpsA;rpsR;rpsU;waaA",1
"Function","GO:0019843","rRNA binding",41,3,10.1,0.999211304165864,"ettA;infA;rpsR",1
"Process","GO:0044260","Cellular macromolecule metabolic process",213,35,52.5,0.999504008480127,"RS00540;RS00915;RS01940;RS02770;RS03525;RS03920;RS06615;RS06620;addA;dnaA;ettA;flbT;gltX;glyS;hisS;holA;ileS;infA;infB;murJ;nrdF;parE;polA;prfA;recF;recG;recO;rlmH;rnhA;rpsA;rpsR;rpsU;rsmA;topA;waaA",1
"Process","GO:0006518","Peptide metabolic process",103,13,25.4,0.999506347711876,"RS06615;RS06620;ettA;gltX;glyS;hisS;ileS;infA;infB;prfA;rpsA;rpsR;rpsU",1
"Process","GO:0032787","Monocarboxylic acid metabolic process",36,2,8.9,0.999589253728302,"accC;panC",1
"Process","GO:0043603","Cellular amide metabolic process",115,15,28.4,0.999606164823196,"RS06615;RS06620;accC;ettA;gltX;glyS;hisS;ileS;infA;infB;panC;prfA;rpsA;rpsR;rpsU",1
"Function","GO:0003824","Catalytic activity",543,110,133.9,0.999668667486443,"RS00295;RS00330;RS00465;RS00540;RS00555;RS00565;RS00915;RS00965;RS01225;RS01935;RS01940;RS02025;RS02145;RS02190;RS02770;RS02980;RS02985;RS03520;RS03525;RS03635;RS03795;RS03800;RS03805;RS03810;RS03855;RS03865;RS03870;RS03920;RS03970;RS03985;RS04065;RS04095;RS04285;RS04505;RS04960;RS05600;RS05750;RS05755;RS05940;RS05945;RS05960;RS06160;RS06280;RS06355;RS06615;RS06620;RS06625;accC;acnA;addA;argF;argJ;aroA;atpA;atpC;atpD;clpX;cmk;coaA;cobT;ettA;glmS;gltA;gltX;glyA;glyS;gmk;guaA;hisS;holA;ileS;infB;lpxB;lpxC;lpxK;lysA;miaB;mnmE;ndk;nrdF;nuoE;nuoF;nuoG;nuoH;nuoL;nuoN;panC;parE;pepN;pncB;polA;purL;purM;purQ;radC;recG;rlmH;rnhA;rsmA;sdhA;sdhC;sdhD;thiC;tkt;topA;truB;tsaD;ubiB;waaA;zapE",1
"Keyword","KW-0804","Transcription",28,1,6.9,0.999678648631472,"RS00625",1
"Process","GO:1901576","Organic substance biosynthetic process",309,55,76.2,0.99971404339276,"RS00540;RS00555;RS00565;RS00625;RS01230;RS02770;RS03635;RS03920;RS03985;RS05600;RS06280;RS06615;RS06620;RS06625;accC;argJ;aroA;atpA;atpC;atpD;cmk;coaA;cobT;ettA;glmS;gltX;glyA;glyS;gmk;guaA;hisS;holA;ileS;infA;infB;lpxB;lpxC;lpxK;lysA;murJ;ndk;nrdF;panC;pncB;polA;prfA;purL;purM;purQ;rpsA;rpsR;rpsU;thiC;ubiB;waaA",1
"Process","GO:0044238","Primary metabolic process",458,89,113,0.999754459037138,"RS00330;RS00465;RS00540;RS00555;RS00565;RS00625;RS00915;RS00965;RS01225;RS01230;RS01935;RS01940;RS02025;RS02145;RS02770;RS03520;RS03525;RS03635;RS03870;RS03920;RS03970;RS05600;RS05750;RS05940;RS06160;RS06280;RS06355;RS06615;RS06620;RS06625;accC;acnA;addA;argF;argJ;aroA;atpA;atpC;atpD;cmk;coaA;dnaA;ettA;flbT;glmS;gltA;gltX;glyA;glyS;gmk;guaA;hisS;holA;ileS;infA;infB;lpxB;lpxC;lpxK;lysA;miaB;mnmE;ndk;nrdF;parE;pepN;pncB;polA;prfA;purL;purM;purQ;radC;recF;recG;recO;rlmH;rnhA;rpsA;rpsR;rpsU;rsmA;sdhA;sdhC;sdhD;topA;truB;tsaD;waaA",1
"Component","GO:0043232","Intracellular non-membrane-bounded organelle",66,6,16.3,0.9997586094103,"RS00540;parE;rpsA;rpsR;rpsU;topA",1
"Keyword","KW-0699","rRNA-binding",38,2,9.4,0.999759748005963,"infA;rpsR",1
"Process","GO:0009058","Biosynthetic process",315,56,77.7,0.99976690730324,"RS00540;RS00555;RS00565;RS00625;RS01230;RS02530;RS02770;RS03635;RS03920;RS03985;RS05600;RS06280;RS06615;RS06620;RS06625;accC;argJ;aroA;atpA;atpC;atpD;cmk;coaA;cobT;ettA;glmS;gltX;glyA;glyS;gmk;guaA;hisS;holA;ileS;infA;infB;lpxB;lpxC;lpxK;lysA;murJ;ndk;nrdF;panC;pncB;polA;prfA;purL;purM;purQ;rpsA;rpsR;rpsU;thiC;ubiB;waaA",1
"Process","GO:0019538","Protein metabolic process",150,21,37,0.999793175374719,"RS01225;RS02025;RS02770;RS03520;RS03920;RS06160;RS06615;RS06620;ettA;gltX;glyS;hisS;ileS;infA;infB;pepN;prfA;radC;rpsA;rpsR;rpsU",1
"Process","GO:0044249","Cellular biosynthetic process",307,54,75.7,0.999796602312407,"RS00540;RS00555;RS00565;RS00625;RS01230;RS02770;RS03635;RS03920;RS03985;RS05600;RS06280;RS06615;RS06620;RS06625;accC;argJ;aroA;atpA;atpC;atpD;cmk;coaA;cobT;ettA;gltX;glyA;glyS;gmk;guaA;hisS;holA;ileS;infA;infB;lpxB;lpxC;lpxK;lysA;murJ;ndk;nrdF;panC;pncB;polA;prfA;purL;purM;purQ;rpsA;rpsR;rpsU;thiC;ubiB;waaA",1
"Process","GO:0034641","Cellular nitrogen compound metabolic process",335,60,82.6,0.999825400316175,"RS00540;RS00555;RS00565;RS00625;RS00915;RS00965;RS01230;RS01935;RS01940;RS03525;RS03870;RS05600;RS05940;RS06615;RS06620;accC;addA;atpA;atpC;atpD;cmk;coaA;cobT;dnaA;ettA;flbT;gltX;glyS;gmk;guaA;hisS;holA;ileS;infA;infB;miaB;mnmE;ndk;nrdF;panC;parE;pncB;polA;prfA;purL;purM;purQ;recF;recG;recO;rlmH;rnhA;rpsA;rpsR;rpsU;rsmA;thiC;topA;truB;tsaD",1
"Component","GO:0043229","Intracellular organelle",68,6,16.8,0.999846136690623,"RS00540;parE;rpsA;rpsR;rpsU;topA",1
"Process","GO:0010467","Gene expression",162,23,40,0.999847762550248,"RS00625;RS01230;RS01935;RS01940;RS06615;RS06620;ettA;gltX;glyS;hisS;ileS;infA;infB;miaB;mnmE;prfA;rlmH;rpsA;rpsR;rpsU;rsmA;truB;tsaD",1
"Keyword","KW-0694","RNA-binding",63,5,15.5,0.999892085197407,"RS01935;infA;rpsA;rpsR;rsmA",1
"Process","GO:1901564","Organonitrogen compound metabolic process",312,54,77,0.999899233449152,"RS00330;RS00555;RS00565;RS01225;RS02025;RS02145;RS02190;RS02770;RS03520;RS03635;RS03920;RS03970;RS05600;RS06160;RS06280;RS06615;RS06620;RS06625;accC;argF;argJ;aroA;atpA;atpC;atpD;cmk;coaA;cobT;ettA;glmS;gltX;glyA;glyS;gmk;guaA;hisS;ileS;infA;infB;lysA;murJ;ndk;panC;pepN;pncB;prfA;purL;purM;purQ;radC;rpsA;rpsR;rpsU;thiC",1
"Process","GO:0043170","Macromolecule metabolic process",308,52,76,0.99995216546445,"RS00540;RS00625;RS00915;RS00965;RS01225;RS01230;RS01935;RS01940;RS02025;RS02190;RS02770;RS03520;RS03525;RS03870;RS03920;RS05940;RS06160;RS06615;RS06620;addA;dnaA;ettA;flbT;gltX;glyS;hisS;holA;ileS;infA;infB;miaB;mnmE;murJ;nrdF;parE;pepN;polA;prfA;radC;recF;recG;recO;rlmH;rnhA;rpsA;rpsR;rpsU;rsmA;topA;truB;tsaD;waaA",1
"Function","GO:0003735","Structural constituent of ribosome",54,3,13.3,0.999971431561321,"rpsA;rpsR;rpsU",1
"KEGG","bbk03010","Ribosome",54,3,13.3,0.999971431561321,"rpsA;rpsR;rpsU",1
"Process","GO:0044237","Cellular metabolic process",508,97,125.3,0.999973733923328,"RS00330;RS00465;RS00540;RS00555;RS00565;RS00625;RS00915;RS00965;RS01225;RS01230;RS01935;RS01940;RS02145;RS02770;RS03525;RS03635;RS03795;RS03800;RS03805;RS03855;RS03870;RS03920;RS03970;RS03985;RS05600;RS05940;RS06280;RS06615;RS06620;RS06625;accC;acnA;addA;argF;argJ;aroA;atpA;atpC;atpD;cmk;coaA;cobT;dnaA;ettA;flbT;glmS;gltA;gltX;glyA;glyS;gmk;guaA;hisS;holA;ileS;infA;infB;lpxB;lpxC;lpxK;lysA;miaB;mnmE;murJ;ndk;nrdF;nuoF;nuoG;nuoL;nuoN;panC;parE;pncB;polA;prfA;purL;purM;purQ;recF;recG;recO;rlmH;rnhA;rpsA;rpsR;rpsU;rsmA;sdhA;sdhC;sdhD;sufD;thiC;topA;truB;tsaD;ubiB;waaA",1
"Keyword","KW-0689","Ribosomal protein",55,3,13.6,0.999978028475206,"rpsA;rpsR;rpsU",1
"Component","GO:0005840","Ribosome",56,3,13.8,0.99998311765726,"rpsA;rpsR;rpsU",1
"Keyword","KW-0687","Ribonucleoprotein",56,3,13.8,0.99998311765726,"rpsA;rpsR;rpsU",1
"Process","GO:0006807","Nitrogen compound metabolic process",450,82,111,0.999988260099662,"RS00330;RS00540;RS00555;RS00565;RS00625;RS00915;RS00965;RS01225;RS01230;RS01935;RS01940;RS02025;RS02145;RS02190;RS02770;RS03520;RS03525;RS03635;RS03870;RS03920;RS03970;RS05600;RS05940;RS06160;RS06280;RS06615;RS06620;RS06625;accC;addA;argF;argJ;aroA;atpA;atpC;atpD;cmk;coaA;cobT;dnaA;ettA;flbT;glmS;gltX;glyA;glyS;gmk;guaA;hisS;holA;ileS;infA;infB;lysA;miaB;mnmE;murJ;ndk;nrdF;panC;parE;pepN;pncB;polA;prfA;purL;purM;purQ;radC;recF;recG;recO;rlmH;rnhA;rpsA;rpsR;rpsU;rsmA;thiC;topA;truB;tsaD",1
"Process","GO:0008152","Metabolic process",555,107,136.9,0.999988604199647,"RS00295;RS00330;RS00465;RS00540;RS00555;RS00565;RS00625;RS00915;RS00965;RS01225;RS01230;RS01935;RS01940;RS02025;RS02145;RS02190;RS02530;RS02770;RS03520;RS03525;RS03635;RS03795;RS03800;RS03805;RS03855;RS03870;RS03920;RS03970;RS03985;RS05600;RS05750;RS05940;RS06160;RS06280;RS06355;RS06615;RS06620;RS06625;accC;acnA;addA;argF;argJ;aroA;atpA;atpC;atpD;cmk;coaA;cobT;dnaA;ettA;flbT;glmS;gltA;gltX;glyA;glyS;gmk;guaA;hisS;holA;ileS;infA;infB;lpxB;lpxC;lpxK;lysA;miaB;mnmE;murJ;ndk;nrdF;nuoF;nuoG;nuoL;nuoN;panC;parE;pepN;pncB;polA;prfA;purL;purM;purQ;radC;recF;recG;recO;rlmH;rnhA;rpsA;rpsR;rpsU;rsmA;sdhA;sdhC;sdhD;sufD;thiC;topA;truB;tsaD;ubiB;waaA",1
"Process","GO:0071704","Organic substance metabolic process",507,90,125,0.999999724563096,"RS00330;RS00540;RS00555;RS00565;RS00625;RS00915;RS00965;RS01225;RS01230;RS01935;RS01940;RS02025;RS02145;RS02190;RS02770;RS03520;RS03525;RS03635;RS03870;RS03920;RS03970;RS03985;RS05600;RS05750;RS05940;RS06160;RS06280;RS06355;RS06615;RS06620;RS06625;accC;addA;argF;argJ;aroA;atpA;atpC;atpD;cmk;coaA;cobT;dnaA;ettA;flbT;glmS;gltX;glyA;glyS;gmk;guaA;hisS;holA;ileS;infA;infB;lpxB;lpxC;lpxK;lysA;miaB;mnmE;murJ;ndk;nrdF;panC;parE;pepN;pncB;polA;prfA;purL;purM;purQ;radC;recF;recG;recO;rlmH;rnhA;rpsA;rpsR;rpsU;rsmA;thiC;topA;truB;tsaD;ubiB;waaA",1
"Process","GO:0000003","Reproduction",3,0,0.7,1,"",1
"Process","GO:0000910","Cytokinesis",4,0,1,1,"",1
"Process","GO:0005996","Monosaccharide metabolic process",7,0,1.7,1,"",1
"Process","GO:0006006","Glucose metabolic process",5,0,1.2,1,"",1
"Process","GO:0006081","Cellular aldehyde metabolic process",6,0,1.5,1,"",1
"Process","GO:0006084","acetyl-CoA metabolic process",5,0,1.2,1,"",1
"Process","GO:0006085","acetyl-CoA biosynthetic process",4,0,1,1,"",1
"Process","GO:0006086","acetyl-CoA biosynthetic process from pyruvate",3,0,0.7,1,"",1
"Process","GO:0006090","Pyruvate metabolic process",15,0,3.7,1,"",1
"Process","GO:0006094","Gluconeogenesis",4,0,1,1,"",1
"Process","GO:0006096","Glycolytic process",7,0,1.7,1,"",1
"Process","GO:0006098","Pentose-phosphate shunt",3,0,0.7,1,"",1
"Process","GO:0006167","AMP biosynthetic process",3,0,0.7,1,"",1
"Process","GO:0006206","Pyrimidine nucleobase metabolic process",5,0,1.2,1,"",1
"Process","GO:0006207","De novo pyrimidine nucleobase biosynthetic process",4,0,1,1,"",1
"Process","GO:0006222","UMP biosynthetic process",6,0,1.5,1,"",1
"Process","GO:0006284","Base-excision repair",5,0,1.2,1,"",1
"Process","GO:0006289","Nucleotide-excision repair",4,0,1,1,"",1
"Process","GO:0006353","DNA-templated transcription, termination",4,0,1,1,"",1
"Process","GO:0006414","Translational elongation",7,0,1.7,1,"",1
"Process","GO:0006479","Protein methylation",4,0,1,1,"",1
"Process","GO:0006546","Glycine catabolic process",3,0,0.7,1,"",1
"Process","GO:0006560","Proline metabolic process",3,0,0.7,1,"",1
"Process","GO:0006561","Proline biosynthetic process",3,0,0.7,1,"",1
"Process","GO:0006650","Glycerophospholipid metabolic process",4,0,1,1,"",1
"Process","GO:0006720","Isoprenoid metabolic process",7,0,1.7,1,"",1
"Process","GO:0006721","Terpenoid metabolic process",5,0,1.2,1,"",1
"Process","GO:0006739","NADP metabolic process",4,0,1,1,"",1
"Process","GO:0006740","NADPH regeneration",3,0,0.7,1,"",1
"Process","GO:0006749","Glutathione metabolic process",5,0,1.2,1,"",1
"Process","GO:0006757","ATP generation from ADP",7,0,1.7,1,"",1
"Process","GO:0006771","Riboflavin metabolic process",4,0,1,1,"",1
"Process","GO:0006778","Porphyrin-containing compound metabolic process",3,0,0.7,1,"",1
"Process","GO:0006779","Porphyrin-containing compound biosynthetic process",3,0,0.7,1,"",1
"Process","GO:0007049","Cell cycle",22,0,5.4,1,"",1
"Process","GO:0008213","Protein alkylation",4,0,1,1,"",1
"Process","GO:0008299","Isoprenoid biosynthetic process",7,0,1.7,1,"",1
"Process","GO:0008614","Pyridoxine metabolic process",3,0,0.7,1,"",1
"Process","GO:0008615","Pyridoxine biosynthetic process",3,0,0.7,1,"",1
"Process","GO:0009063","Cellular amino acid catabolic process",5,0,1.2,1,"",1
"Process","GO:0009071","Serine family amino acid catabolic process",3,0,0.7,1,"",1
"Process","GO:0009112","Nucleobase metabolic process",7,0,1.7,1,"",1
"Process","GO:0009129","Pyrimidine nucleoside monophosphate metabolic process",8,0,2,1,"",1
"Process","GO:0009130","Pyrimidine nucleoside monophosphate biosynthetic process",8,0,2,1,"",1
"Process","GO:0009173","Pyrimidine ribonucleoside monophosphate metabolic process",6,0,1.5,1,"",1
"Process","GO:0009174","Pyrimidine ribonucleoside monophosphate biosynthetic process",6,0,1.5,1,"",1
"Process","GO:0009200","Deoxyribonucleoside triphosphate metabolic process",3,0,0.7,1,"",1
"Process","GO:0009211","Pyrimidine deoxyribonucleoside triphosphate metabolic process",3,0,0.7,1,"",1
"Process","GO:0009219","Pyrimidine deoxyribonucleotide metabolic process",3,0,0.7,1,"",1
"Process","GO:0009221","Pyrimidine deoxyribonucleotide biosynthetic process",3,0,0.7,1,"",1
"Process","GO:0009225","Nucleotide-sugar metabolic process",4,0,1,1,"",1
"Process","GO:0009226","Nucleotide-sugar biosynthetic process",3,0,0.7,1,"",1
"Process","GO:0009231","Riboflavin biosynthetic process",4,0,1,1,"",1
"Process","GO:0009240","Isopentenyl diphosphate biosynthetic process",4,0,1,1,"",1
"Process","GO:0009265","2-deoxyribonucleotide biosynthetic process",3,0,0.7,1,"",1
"Process","GO:0009266","Response to temperature stimulus",4,0,1,1,"",1
"Process","GO:0009308","Amine metabolic process",3,0,0.7,1,"",1
"Process","GO:0009394","2-deoxyribonucleotide metabolic process",4,0,1,1,"",1
"Process","GO:0009396","Folic acid-containing compound biosynthetic process",4,0,1,1,"",1
"Process","GO:0009408","Response to heat",4,0,1,1,"",1
"Process","GO:0009628","Response to abiotic stimulus",5,0,1.2,1,"",1
"Process","GO:0015074","DNA integration",4,0,1,1,"",1
"Process","GO:0015886","Heme transport",6,0,1.5,1,"",1
"Process","GO:0016052","Carbohydrate catabolic process",8,0,2,1,"",1
"Process","GO:0016054","Organic acid catabolic process",6,0,1.5,1,"",1
"Process","GO:0016114","Terpenoid biosynthetic process",5,0,1.2,1,"",1
"Process","GO:0017004","Cytochrome complex assembly",9,0,2.2,1,"",1
"Process","GO:0019288","Isopentenyl diphosphate biosynthetic process, methylerythritol 4-phosphate pathway",4,0,1,1,"",1
"Process","GO:0019318","Hexose metabolic process",5,0,1.2,1,"",1
"Process","GO:0019319","Hexose biosynthetic process",4,0,1,1,"",1
"Process","GO:0019682","glyceraldehyde-3-phosphate metabolic process",4,0,1,1,"",1
"Process","GO:0019692","Deoxyribose phosphate metabolic process",4,0,1,1,"",1
"Process","GO:0019725","Cellular homeostasis",6,0,1.5,1,"",1
"Process","GO:0019856","Pyrimidine nucleobase biosynthetic process",5,0,1.2,1,"",1
"Process","GO:0019877","Diaminopimelate biosynthetic process",5,0,1.2,1,"",1
"Process","GO:0019954","Asexual reproduction",3,0,0.7,1,"",1
"Process","GO:0022402","Cell cycle process",4,0,1,1,"",1
"Process","GO:0022414","Reproductive process",3,0,0.7,1,"",1
"Process","GO:0030163","Protein catabolic process",3,0,0.7,1,"",1
"Process","GO:0030488","tRNA methylation",5,0,1.2,1,"",1
"Process","GO:0031554","Regulation of DNA-templated transcription, termination",3,0,0.7,1,"",1
"Process","GO:0031564","Transcription antitermination",3,0,0.7,1,"",1
"Process","GO:0032505","Reproduction of a single-celled organism",3,0,0.7,1,"",1
"Process","GO:0032506","Cytokinetic process",3,0,0.7,1,"",1
"Process","GO:0042274","Ribosomal small subunit biogenesis",4,0,1,1,"",1
"Process","GO:0042559","Pteridine-containing compound biosynthetic process",4,0,1,1,"",1
"Process","GO:0042592","Homeostatic process",7,0,1.7,1,"",1
"Process","GO:0042726","Flavin-containing compound metabolic process",4,0,1,1,"",1
"Process","GO:0042727","Flavin-containing compound biosynthetic process",4,0,1,1,"",1
"Process","GO:0042816","Vitamin B6 metabolic process",3,0,0.7,1,"",1
"Process","GO:0042819","Vitamin B6 biosynthetic process",3,0,0.7,1,"",1
"Process","GO:0043093","FtsZ-dependent cytokinesis",3,0,0.7,1,"",1
"Process","GO:0044205","De novo UMP biosynthetic process",6,0,1.5,1,"",1
"Process","GO:0044282","Small molecule catabolic process",8,0,2,1,"",1
"Process","GO:0045017","Glycerolipid biosynthetic process",3,0,0.7,1,"",1
"Process","GO:0045454","Cell redox homeostasis",5,0,1.2,1,"",1
"Process","GO:0046031","ADP metabolic process",7,0,1.7,1,"",1
"Process","GO:0046033","AMP metabolic process",3,0,0.7,1,"",1
"Process","GO:0046049","UMP metabolic process",6,0,1.5,1,"",1
"Process","GO:0046112","Nucleobase biosynthetic process",7,0,1.7,1,"",1
"Process","GO:0046364","Monosaccharide biosynthetic process",5,0,1.2,1,"",1
"Process","GO:0046385","Deoxyribose phosphate biosynthetic process",3,0,0.7,1,"",1
"Process","GO:0046395","Carboxylic acid catabolic process",6,0,1.5,1,"",1
"Process","GO:0046434","Organophosphate catabolic process",4,0,1,1,"",1
"Process","GO:0046474","Glycerophospholipid biosynthetic process",3,0,0.7,1,"",1
"Process","GO:0046486","Glycerolipid metabolic process",4,0,1,1,"",1
"Process","GO:0046490","Isopentenyl diphosphate metabolic process",4,0,1,1,"",1
"Process","GO:0046654","Tetrahydrofolate biosynthetic process",3,0,0.7,1,"",1
"Process","GO:0051156","Glucose 6-phosphate metabolic process",3,0,0.7,1,"",1
"Process","GO:0051301","Cell division",25,0,6.2,1,"",1
"Process","GO:0051604","Protein maturation",4,0,1,1,"",1
"Process","GO:0051668","Localization within membrane",5,0,1.2,1,"",1
"Process","GO:0062197","Cellular response to chemical stress",3,0,0.7,1,"",1
"Process","GO:0065003","Protein-containing complex assembly",15,0,3.7,1,"",1
"Process","GO:0070475","rRNA base methylation",4,0,1,1,"",1
"Process","GO:0072657","Protein localization to membrane",5,0,1.2,1,"",1
"Process","GO:0090150","Establishment of protein localization to membrane",5,0,1.2,1,"",1
"Process","GO:0090529","Cell septum assembly",3,0,0.7,1,"",1
"Process","GO:1901606","Alpha-amino acid catabolic process",5,0,1.2,1,"",1
"Process","GO:1901678","Iron coordination entity transport",6,0,1.5,1,"",1
"Component","GO:0000428","DNA-directed RNA polymerase complex",5,0,1.2,1,"",1
"Component","GO:0009317","acetyl-CoA carboxylase complex",3,0,0.7,1,"",1
"Component","GO:0009380","Excinuclease repair complex",3,0,0.7,1,"",1
"Component","GO:0015934","Large ribosomal subunit",8,0,2,1,"",1
"Component","GO:0015935","Small ribosomal subunit",6,0,1.5,1,"",1
"Component","GO:0030880","RNA polymerase complex",5,0,1.2,1,"",1
"Component","GO:0032153","Cell division site",3,0,0.7,1,"",1
"Component","GO:0033177","Proton-transporting two-sector ATPase complex, proton-transporting domain",4,0,1,1,"",1
"Component","GO:0044391","Ribosomal subunit",14,0,3.5,1,"",1
"Component","GO:0045263","Proton-transporting ATP synthase complex, coupling factor F(o)",4,0,1,1,"",1
"Component","GO:1905347","Endodeoxyribonuclease complex",3,0,0.7,1,"",1
"Component","GO:1990391","DNA repair complex",4,0,1,1,"",1
"Component","GO:1990904","Ribonucleoprotein complex",15,0,3.7,1,"",1
"Function","GO:0000155","Phosphorelay sensor kinase activity",8,0,2,1,"",1
"Function","GO:0003684","Damaged DNA binding",5,0,1.2,1,"",1
"Function","GO:0003746","Translation elongation factor activity",6,0,1.5,1,"",1
"Function","GO:0003755","Peptidyl-prolyl cis-trans isomerase activity",5,0,1.2,1,"",1
"Function","GO:0003899","DNA-directed 5-3 RNA polymerase activity",5,0,1.2,1,"",1
"Function","GO:0004129","Cytochrome-c oxidase activity",3,0,0.7,1,"",1
"Function","GO:0004176","ATP-dependent peptidase activity",3,0,0.7,1,"",1
"Function","GO:0004222","Metalloendopeptidase activity",6,0,1.5,1,"",1
"Function","GO:0004312","Fatty acid synthase activity",9,0,2.2,1,"",1
"Function","GO:0004315","3-oxoacyl-[acyl-carrier-protein] synthase activity",3,0,0.7,1,"",1
"Function","GO:0004520","Endodeoxyribonuclease activity",4,0,1,1,"",1
"Function","GO:0004529","Exodeoxyribonuclease activity",4,0,1,1,"",1
"Function","GO:0004536","Deoxyribonuclease activity",9,0,2.2,1,"",1
"Function","GO:0004553","Hydrolase activity, hydrolyzing O-glycosyl compounds",3,0,0.7,1,"",1
"Function","GO:0008169","C-methyltransferase activity",3,0,0.7,1,"",1
"Function","GO:0008171","O-methyltransferase activity",5,0,1.2,1,"",1
"Function","GO:0008175","tRNA methyltransferase activity",5,0,1.2,1,"",1
"Function","GO:0008276","Protein methyltransferase activity",4,0,1,1,"",1
"Function","GO:0008933","Lytic transglycosylase activity",3,0,0.7,1,"",1
"Function","GO:0009381","Excinuclease ABC activity",3,0,0.7,1,"",1
"Function","GO:0015035","Protein-disulfide reductase activity",7,0,1.7,1,"",1
"Function","GO:0015036","Disulfide oxidoreductase activity",10,0,2.5,1,"",1
"Function","GO:0015232","Heme transmembrane transporter activity",5,0,1.2,1,"",1
"Function","GO:0015293","Symporter activity",3,0,0.7,1,"",1
"Function","GO:0016417","S-acyltransferase activity",3,0,0.7,1,"",1
"Function","GO:0016614","Oxidoreductase activity, acting on CH-OH group of donors",11,0,2.7,1,"",1
"Function","GO:0016616","Oxidoreductase activity, acting on the CH-OH group of donors, NAD or NADP as acceptor",11,0,2.7,1,"",1
"Function","GO:0016620","Oxidoreductase activity, acting on the aldehyde or oxo group of donors, NAD or NADP as acceptor",5,0,1.2,1,"",1
"Function","GO:0016624","Oxidoreductase activity, acting on the aldehyde or oxo group of donors, disulfide as acceptor",3,0,0.7,1,"",1
"Function","GO:0016628","Oxidoreductase activity, acting on the CH-CH group of donors, NAD or NADP as acceptor",3,0,0.7,1,"",1
"Function","GO:0016645","Oxidoreductase activity, acting on the CH-NH group of donors",6,0,1.5,1,"",1
"Function","GO:0016646","Oxidoreductase activity, acting on the CH-NH group of donors, NAD or NADP as acceptor",5,0,1.2,1,"",1
"Function","GO:0016667","Oxidoreductase activity, acting on a sulfur group of donors",12,0,3,1,"",1
"Function","GO:0016668","Oxidoreductase activity, acting on a sulfur group of donors, NAD(P) as acceptor",5,0,1.2,1,"",1
"Function","GO:0016675","Oxidoreductase activity, acting on a heme group of donors",4,0,1,1,"",1
"Function","GO:0016774","Phosphotransferase activity, carboxyl group as acceptor",4,0,1,1,"",1
"Function","GO:0016780","Phosphotransferase activity, for other substituted phosphate groups",5,0,1.2,1,"",1
"Function","GO:0016796","Exonuclease activity, active with either ribo- or deoxyribonucleic acids and producing 5-phosphomonoesters",5,0,1.2,1,"",1
"Function","GO:0016798","Hydrolase activity, acting on glycosyl bonds",10,0,2.5,1,"",1
"Function","GO:0016799","Hydrolase activity, hydrolyzing N-glycosyl compounds",7,0,1.7,1,"",1
"Function","GO:0016812","Hydrolase activity, acting on carbon-nitrogen (but not peptide) bonds, in cyclic amides",3,0,0.7,1,"",1
"Function","GO:0016814","Hydrolase activity, acting on carbon-nitrogen (but not peptide) bonds, in cyclic amidines",7,0,1.7,1,"",1
"Function","GO:0016854","Racemase and epimerase activity",4,0,1,1,"",1
"Function","GO:0016855","Racemase and epimerase activity, acting on amino acids and derivatives",3,0,0.7,1,"",1
"Function","GO:0016859","Cis-trans isomerase activity",5,0,1.2,1,"",1
"Function","GO:0016860","Intramolecular oxidoreductase activity",4,0,1,1,"",1
"Function","GO:0016861","Intramolecular oxidoreductase activity, interconverting aldoses and ketoses",3,0,0.7,1,"",1
"Function","GO:0016877","Ligase activity, forming carbon-sulfur bonds",4,0,1,1,"",1
"Function","GO:0016878","Acid-thiol ligase activity",3,0,0.7,1,"",1
"Function","GO:0016880","Acid-ammonia (or amide) ligase activity",3,0,0.7,1,"",1
"Function","GO:0016895","Exodeoxyribonuclease activity, producing 5-phosphomonoesters",4,0,1,1,"",1
"Function","GO:0016903","Oxidoreductase activity, acting on the aldehyde or oxo group of donors",8,0,2,1,"",1
"Function","GO:0019104","DNA N-glycosylase activity",6,0,1.5,1,"",1
"Function","GO:0019238","Cyclohydrolase activity",3,0,0.7,1,"",1
"Function","GO:0019239","Deaminase activity",4,0,1,1,"",1
"Function","GO:0030527","Structural constituent of chromatin",3,0,0.7,1,"",1
"Function","GO:0034062","5-3 RNA polymerase activity",5,0,1.2,1,"",1
"Function","GO:0036361","Racemase activity, acting on amino acids and derivatives",3,0,0.7,1,"",1
"Function","GO:0042578","Phosphoric ester hydrolase activity",4,0,1,1,"",1
"Function","GO:0046873","Metal ion transmembrane transporter activity",5,0,1.2,1,"",1
"Function","GO:0047134","Protein-disulfide reductase (NAD(P)) activity",3,0,0.7,1,"",1
"Function","GO:0047429","Nucleoside-triphosphate diphosphatase activity",5,0,1.2,1,"",1
"Function","GO:0047661","Amino-acid racemase activity",3,0,0.7,1,"",1
"Function","GO:0050567","glutaminyl-tRNA synthase (glutamine-hydrolyzing) activity",3,0,0.7,1,"",1
"Function","GO:0050661","NADP binding",9,0,2.2,1,"",1
"Function","GO:0070566","Adenylyltransferase activity",4,0,1,1,"",1
"Function","GO:0070567","Cytidylyltransferase activity",4,0,1,1,"",1
"Function","GO:0097573","Glutathione oxidoreductase activity",3,0,0.7,1,"",1
"Function","GO:0097747","RNA polymerase activity",5,0,1.2,1,"",1
"Function","GO:0098772","Molecular function regulator activity",3,0,0.7,1,"",1
"Function","GO:0140104","Molecular carrier activity",3,0,0.7,1,"",1
"Function","GO:0140299","Small molecule sensor activity",12,0,3,1,"",1
"Function","GO:0140612","DNA damage sensor activity",4,0,1,1,"",1
"Function","GO:0140664","ATP-dependent DNA damage sensor activity",4,0,1,1,"",1
"Keyword","KW-0129","CBS domain",5,0,1.2,1,"",1
"Keyword","KW-0131","Cell cycle",25,0,6.2,1,"",1
"Keyword","KW-0132","Cell division",25,0,6.2,1,"",1
"Keyword","KW-0138","CF(0)",4,0,1,1,"",1
"Keyword","KW-0159","Chromosome partition",3,0,0.7,1,"",1
"Keyword","KW-0170","Cobalt",4,0,1,1,"",1
"Keyword","KW-0201","Cytochrome c-type biogenesis",5,0,1.2,1,"",1
"Keyword","KW-0220","Diaminopimelate biosynthesis",5,0,1.2,1,"",1
"Keyword","KW-0228","DNA excision",3,0,0.7,1,"",1
"Keyword","KW-0240","DNA-directed RNA polymerase",5,0,1.2,1,"",1
"Keyword","KW-0251","Elongation factor",5,0,1.2,1,"",1
"Keyword","KW-0267","Excision nuclease",3,0,0.7,1,"",1
"Keyword","KW-0312","Gluconeogenesis",3,0,0.7,1,"",1
"Keyword","KW-0324","Glycolysis",5,0,1.2,1,"",1
"Keyword","KW-0326","Glycosidase",6,0,1.5,1,"",1
"Keyword","KW-0414","Isoprene biosynthesis",5,0,1.2,1,"",1
"Keyword","KW-0450","Lipoyl",4,0,1,1,"",1
"Keyword","KW-0464","Manganese",10,0,2.5,1,"",1
"Keyword","KW-0521","NADP",19,0,4.7,1,"",1
"Keyword","KW-0545","Nucleotide biosynthesis",4,0,1,1,"",1
"Keyword","KW-0592","Phosphate transport",3,0,0.7,1,"",1
"Keyword","KW-0594","Phospholipid biosynthesis",6,0,1.5,1,"",1
"Keyword","KW-0664","Pyridoxine biosynthesis",3,0,0.7,1,"",1
"Keyword","KW-0665","Pyrimidine biosynthesis",9,0,2.2,1,"",1
"Keyword","KW-0670","Pyruvate",7,0,1.7,1,"",1
"Keyword","KW-0677","Repeat",13,0,3.2,1,"",1
"Keyword","KW-0686","Riboflavin biosynthesis",3,0,0.7,1,"",1
"Keyword","KW-0690","Ribosome biogenesis",7,0,1.7,1,"",1
"Keyword","KW-0697","Rotamase",4,0,1,1,"",1
"Keyword","KW-0704","Schiff base",3,0,0.7,1,"",1
"Keyword","KW-0717","Septation",4,0,1,1,"",1
"Keyword","KW-0806","Transcription termination",3,0,0.7,1,"",1
"Keyword","KW-0820","tRNA-binding",12,0,3,1,"",1
"Keyword","KW-0889","Transcription antitermination",3,0,0.7,1,"",1
"Keyword","KW-0902","Two-component regulatory system",9,0,2.2,1,"",1
"Keyword","KW-1015","Disulfide bond",6,0,1.5,1,"",1
"Keyword","KW-1134","Transmembrane beta strand",3,0,0.7,1,"",1
"Keyword","KW-1208","Phospholipid metabolism",6,0,1.5,1,"",1
"KEGG","bbk00051","Fructose and mannose metabolism",3,0,0.7,1,"",1
"KEGG","bbk00261","Monobactam biosynthesis",4,0,1,1,"",1
"KEGG","bbk00310","Lysine degradation",4,0,1,1,"",1
"KEGG","bbk00330","Arginine and proline metabolism",9,0,2.2,1,"",1
"KEGG","bbk00380","Tryptophan metabolism",4,0,1,1,"",1
"KEGG","bbk00561","Glycerolipid metabolism",4,0,1,1,"",1
"KEGG","bbk00564","Glycerophospholipid metabolism",9,0,2.2,1,"",1
"KEGG","bbk00740","Riboflavin metabolism",5,0,1.2,1,"",1
"KEGG","bbk00750","Vitamin B6 metabolism",4,0,1,1,"",1
"KEGG","bbk00790","Folate biosynthesis",4,0,1,1,"",1
"KEGG","bbk00900","Terpenoid backbone biosynthesis",7,0,1.7,1,"",1
"KEGG","bbk00910","Nitrogen metabolism",4,0,1,1,"",1
"KEGG","bbk01502","Vancomycin resistance",5,0,1.2,1,"",1
"KEGG","bbk03020","RNA polymerase",4,0,1,1,"",1
"KEGG","bbk04122","Sulfur relay system",3,0,0.7,1,"",1
"InterPro","IPR000089","Biotin/lipoyl attachment",5,0,1.2,1,"",1
"InterPro","IPR000119","Histone-like DNA-binding protein",3,0,0.7,1,"",1
"InterPro","IPR000182","GNAT domain",3,0,0.7,1,"",1
"InterPro","IPR000362","Fumarate lyase family",3,0,0.7,1,"",1
"InterPro","IPR000462","CDP-alcohol phosphatidyltransferase",3,0,0.7,1,"",1
"InterPro","IPR000640","Elongation factor EFG, domain V-like",3,0,0.7,1,"",1
"InterPro","IPR000644","CBS domain",5,0,1.2,1,"",1
"InterPro","IPR000713","Mur ligase, N-terminal catalytic domain",3,0,0.7,1,"",1
"InterPro","IPR000836","Phosphoribosyltransferase domain",4,0,1,1,"",1
"InterPro","IPR001048","Aspartate/glutamate/uridylate kinase",4,0,1,1,"",1
"InterPro","IPR001100","Pyridine nucleotide-disulphide oxidoreductase, class I",3,0,0.7,1,"",1
"InterPro","IPR001451","Hexapeptide repeat",5,0,1.2,1,"",1
"InterPro","IPR001537","tRNA/rRNA methyltransferase, SpoU type",5,0,1.2,1,"",1
"InterPro","IPR001623","DnaJ domain",3,0,0.7,1,"",1
"InterPro","IPR001867","OmpR/PhoB-type DNA-binding domain",7,0,1.7,1,"",1
"InterPro","IPR002052","DNA methylase, N-6 adenine-specific, conserved site",6,0,1.5,1,"",1
"InterPro","IPR002104","Integrase, catalytic domain",3,0,0.7,1,"",1
"InterPro","IPR002109","Glutaredoxin",3,0,0.7,1,"",1
"InterPro","IPR002314","Aminoacyl-tRNA synthetase, class II (G/ P/ S/T)",3,0,0.7,1,"",1
"InterPro","IPR002347","Short-chain dehydrogenase/reductase SDR",4,0,1,1,"",1
"InterPro","IPR002481","Ferric-uptake regulator",3,0,0.7,1,"",1
"InterPro","IPR003016","2-oxo acid dehydrogenase, lipoyl-binding site",4,0,1,1,"",1
"InterPro","IPR003660","HAMP domain",4,0,1,1,"",1
"InterPro","IPR003661","Signal transduction histidine kinase, dimerisation/phosphoacceptor domain",7,0,1.7,1,"",1
"InterPro","IPR004087","K Homology domain",4,0,1,1,"",1
"InterPro","IPR004099","Pyridine nucleotide-disulphide oxidoreductase, dimerisation domain",3,0,0.7,1,"",1
"InterPro","IPR004101","Mur ligase, C-terminal",4,0,1,1,"",1
"InterPro","IPR004161","Translation elongation factor EFTu-like, domain 2",5,0,1.2,1,"",1
"InterPro","IPR004358","Signal transduction histidine kinase-related protein, C-terminal",8,0,2,1,"",1
"InterPro","IPR004841","Amino acid permease/ SLC12A domain",3,0,0.7,1,"",1
"InterPro","IPR005122","Uracil-DNA glycosylase-like",3,0,0.7,1,"",1
"InterPro","IPR005135","Endonuclease/exonuclease/phosphatase",3,0,0.7,1,"",1
"InterPro","IPR005467","Histidine kinase domain",9,0,2.2,1,"",1
"InterPro","IPR006145","Pseudouridine synthase, RsuA/RluA-like",3,0,0.7,1,"",1
"InterPro","IPR007848","Methyltransferase small domain",3,0,0.7,1,"",1
"InterPro","IPR008948","L-Aspartase-like",3,0,0.7,1,"",1
"InterPro","IPR008991","Translation protein SH3-like domain superfamily",5,0,1.2,1,"",1
"InterPro","IPR009019","K homology domain superfamily, prokaryotic type",3,0,0.7,1,"",1
"InterPro","IPR010065","Amino acid ABC transporter, permease protein, 3-TM domain",4,0,1,1,"",1
"InterPro","IPR010978","Class I and II aminoacyl-tRNA synthetase, tRNA-binding arm",3,0,0.7,1,"",1
"InterPro","IPR010992","Integration host factor (IHF)-like DNA-binding domain superfamily",3,0,0.7,1,"",1
"InterPro","IPR011004","Trimeric LpxA-like superfamily",5,0,1.2,1,"",1
"InterPro","IPR011010","DNA breaking-rejoining enzyme, catalytic core",3,0,0.7,1,"",1
"InterPro","IPR011053","Single hybrid motif",5,0,1.2,1,"",1
"InterPro","IPR011257","DNA glycosylase",3,0,0.7,1,"",1
"InterPro","IPR012676","TGS-like",3,0,0.7,1,"",1
"InterPro","IPR012999","Pyridine nucleotide-disulphide oxidoreductase, class I, active site",3,0,0.7,1,"",1
"InterPro","IPR013221","Mur ligase, central",5,0,1.2,1,"",1
"InterPro","IPR013762","Integrase-like, catalytic domain superfamily",3,0,0.7,1,"",1
"InterPro","IPR013785","Aldolase-type TIM barrel",17,0,4.2,1,"",1
"InterPro","IPR013815","ATP-grasp fold, subdomain 1",8,0,2,1,"",1
"InterPro","IPR014722","Ribosomal protein L2, domain 2",4,0,1,1,"",1
"InterPro","IPR014746","Glutamine synthetase/guanido kinase, catalytic domain",4,0,1,1,"",1
"InterPro","IPR015797","NUDIX hydrolase-like domain superfamily",3,0,0.7,1,"",1
"InterPro","IPR015946","K homology domain-like, alpha/beta",5,0,1.2,1,"",1
"InterPro","IPR016032","Signal transduction response regulator, C-terminal effector",4,0,1,1,"",1
"InterPro","IPR016156","FAD/NAD-linked reductase, dimerisation domain superfamily",3,0,0.7,1,"",1
"InterPro","IPR016169","FAD-binding, type PCMH, subdomain 2",4,0,1,1,"",1
"InterPro","IPR016181","Acyl-CoA N-acyltransferase",3,0,0.7,1,"",1
"InterPro","IPR016193","Cytidine deaminase-like",3,0,0.7,1,"",1
"InterPro","IPR017937","Thioredoxin, conserved site",4,0,1,1,"",1
"InterPro","IPR018357","Hexapeptide transferase, conserved site",4,0,1,1,"",1
"InterPro","IPR020557","Fumarate lyase, conserved site",3,0,0.7,1,"",1
"InterPro","IPR022761","Fumarate lyase, N-terminal",3,0,0.7,1,"",1
"InterPro","IPR023753","FAD/NAD(P)-binding domain",4,0,1,1,"",1
"InterPro","IPR024083","Fumarase/histidase, N-terminal",3,0,0.7,1,"",1
"InterPro","IPR027304","Trigger factor/SurA domain superfamily",4,0,1,1,"",1
"InterPro","IPR029001","Inosine triphosphate pyrophosphatase-like",3,0,0.7,1,"",1
"InterPro","IPR029044","Nucleotide-diphospho-sugar transferases",4,0,1,1,"",1
"InterPro","IPR029045","ClpP/crotonase-like domain superfamily",5,0,1.2,1,"",1
"InterPro","IPR029057","Phosphoribosyltransferase-like",4,0,1,1,"",1
"InterPro","IPR029064","50S ribosomal protein L30e-like",4,0,1,1,"",1
"InterPro","IPR029069","HotDog domain superfamily",4,0,1,1,"",1
"InterPro","IPR032466","Metal-dependent hydrolase",3,0,0.7,1,"",1
"InterPro","IPR034904","Fe-S cluster assembly domain superfamily",3,0,0.7,1,"",1
"InterPro","IPR036097","Signal transduction histidine kinase, dimerisation/phosphoacceptor domain superfamily",8,0,2,1,"",1
"InterPro","IPR036318","FAD-binding, type PCMH-like superfamily",4,0,1,1,"",1
"InterPro","IPR036393","Acetylglutamate kinase-like superfamily",4,0,1,1,"",1
"InterPro","IPR036565","Mur-like, catalytic domain superfamily",5,0,1.2,1,"",1
"InterPro","IPR036615","Mur ligase, C-terminal domain superfamily",5,0,1.2,1,"",1
"InterPro","IPR036691","Endonuclease/exonuclease/phosphatase superfamily",3,0,0.7,1,"",1
"InterPro","IPR036869","Chaperone J-domain superfamily",3,0,0.7,1,"",1
"InterPro","IPR036895","Uracil-DNA glycosylase-like domain superfamily",3,0,0.7,1,"",1
"InterPro","IPR039420","Transcriptional regulatory protein WalR-like",7,0,1.7,1,"",1
"InterPro","IPR043130","CDP-alcohol phosphatidyltransferase, transmembrane domain",3,0,0.7,1,"",1
"InterPro","IPR043429","ABC transporter membrane protein permease protein ArtM/GltK/GlnP/TcyL/YhdX-like",3,0,0.7,1,"",1
"InterPro","IPR046342","CBS domain superfamily",5,0,1.2,1,"",1
"InterPro","IPR046346","Aminoacid dehydrogenase-like, N-terminal domain superfamily",4,0,1,1,"",1
"InterPro","IPR046357","Peptidyl-prolyl cis-trans isomerase domain superfamily",3,0,0.7,1,"",1
"Pfam","PF00132","Bacterial transferase hexapeptide (six repeats)",4,0,1,1,"",1
"Pfam","PF00133","tRNA synthetases class I (I, L, M and V)",3,0,0.7,1,"",1
"Pfam","PF00206","Lyase",3,0,0.7,1,"",1
"Pfam","PF00324","Amino acid permease",3,0,0.7,1,"",1
"Pfam","PF00364","Biotin-requiring enzyme",3,0,0.7,1,"",1
"Pfam","PF00587","tRNA synthetase class II core domain (G, H, P, S and T)",3,0,0.7,1,"",1
"Pfam","PF00588","SpoU rRNA Methylase family",5,0,1.2,1,"",1
"Pfam","PF00696","Amino acid kinase family",4,0,1,1,"",1
"Pfam","PF00849","RNA pseudouridylate synthase",3,0,0.7,1,"",1
"Pfam","PF01066","CDP-alcohol phosphatidyltransferase",3,0,0.7,1,"",1
"Pfam","PF01134","Glucose inhibited division protein A",3,0,0.7,1,"",1
"Pfam","PF01225","Mur ligase family, catalytic domain",3,0,0.7,1,"",1
"Pfam","PF01406","tRNA synthetases class I (C) catalytic domain",3,0,0.7,1,"",1
"Pfam","PF01475","Ferric uptake regulator family",3,0,0.7,1,"",1
"Pfam","PF01926","50S ribosome-binding GTPase",7,0,1.7,1,"",1
"Pfam","PF02852","Pyridine nucleotide-disulphide oxidoreductase, dimerisation domain",3,0,0.7,1,"",1
"Pfam","PF02875","Mur ligase family, glutamate ligase domain",4,0,1,1,"",1
"Pfam","PF03144","Elongation factor Tu domain 2",5,0,1.2,1,"",1
"Pfam","PF03372","Endonuclease/Exonuclease/phosphatase family",3,0,0.7,1,"",1
"Pfam","PF08245","Mur ligase middle domain",5,0,1.2,1,"",1
"Pfam","PF14602","Hexapeptide repeat of succinyl-transferase",4,0,1,1,"",1
