"transcrito","locus","locus_antiguo","gen","producto","proteina","ubicacion","hebra","longitud_nt","pseudogen","copias_identicas","en_cuantificacion","analizable","en_universo","conjunto_flagelar","categoria","TPM_Pl25","TPM_Pl30","TPM_Pl37","TPM_pH06","TPM_pH07","TPM_pH08","log2FC_37vs25","padj_37vs25","log2FC_30vs25","padj_30vs25","log2FC_37vs30","padj_37vs30","log2FC_pH6vspH8","padj_pH6vspH8"
"lcl|NC_008783.1_cds_WP_005765660.1_1","BARBAKC583_RS00005","BARBAKC583_0001",NA,"Bax inhibitor-1/YccA family protein","WP_005765660.1","213..986","+",774,FALSE,"",TRUE,TRUE,TRUE,FALSE,"",21300.2,34948,35886.1,27238.1,29116.5,32672.9,1.09,2.96e-05,0.809,0.00189,0.141,0.576,-0.192,0.526
"lcl|NC_008783.1_cds_WP_005765663.1_2","BARBAKC583_RS00010","BARBAKC583_0003",NA,"endonuclease/exonuclease/phosphatase family protein","WP_005765663.1","1105..2004","+",900,FALSE,"",TRUE,TRUE,TRUE,FALSE,"",568.4,383.8,295.3,454.8,503.6,257.6,-0.36,0.283,-0.235,0.503,-0.062,0.832,0.593,0.0715
"lcl|NC_008783.1_cds_WP_005765665.1_3","BARBAKC583_RS00015","BARBAKC583_0002","polA","DNA polymerase I","WP_005765665.1","complement(1970..4876)","-",2907,FALSE,"",TRUE,TRUE,TRUE,FALSE,"",360.7,233.5,175.8,232.1,192.7,205.4,-0.567,0.00145,-0.378,0.0392,-0.128,0.552,0.189,0.364
"lcl|NC_008783.1_cds_WP_005765667.1_4","BARBAKC583_RS00030","BARBAKC583_0004","dnaQ","DNA polymerase III subunit epsilon","WP_005765667.1","complement(5177..5881)","-",705,FALSE,"",TRUE,TRUE,TRUE,FALSE,"",198.1,125.8,126,158.2,105.9,74.9,-0.163,0.456,-0.384,0.122,0.125,0.61,0.959,3.49e-05
"lcl|NC_008783.1_cds_WP_005765670.1_5","BARBAKC583_RS00035","BARBAKC583_0005","coaE","dephospho-CoA kinase","WP_005765670.1","complement(5886..6488)","-",603,FALSE,"",TRUE,TRUE,TRUE,FALSE,"",222.6,142.7,111.9,96.1,88.2,73,-0.435,0.171,-0.316,0.32,-0.056,0.849,0.312,0.362
"lcl|NC_008783.1_cds_WP_005765671.1_6","BARBAKC583_RS00040","BARBAKC583_0006",NA,"shikimate dehydrogenase","WP_005765671.1","complement(6485..7360)","-",876,FALSE,"",TRUE,TRUE,TRUE,FALSE,"",148.9,95.3,74.4,85,61,45.9,-0.463,0.129,-0.334,0.272,-0.061,0.834,0.702,0.0184
"lcl|NC_008783.1_cds_WP_005765673.1_7","BARBAKC583_RS00045","BARBAKC583_0007",NA,"Maf family nucleotide pyrophosphatase","WP_005765673.1","complement(7353..7949)","-",597,FALSE,"",TRUE,TRUE,TRUE,FALSE,"",285.2,208.6,170,128.1,116.9,145.7,-0.212,0.535,-0.171,0.644,-0.025,0.935,-0.109,0.797
"lcl|NC_008783.1_cds_WP_011807237.1_8","BARBAKC583_RS00050","BARBAKC583_0008",NA,"pyruvate, water dikinase regulatory protein","WP_011807237.1","complement(7946..8785)","-",840,FALSE,"",TRUE,TRUE,TRUE,FALSE,"",401,253.7,214.9,154,112.2,86.7,-0.356,0.225,-0.349,0.243,-0.005,0.989,0.662,0.0244
"lcl|NC_008783.1_cds_WP_011807238.1_9","BARBAKC583_RS00055","BARBAKC583_0009","rho","transcription termination factor Rho","WP_011807238.1","9401..10666","+",1266,FALSE,"",TRUE,TRUE,TRUE,FALSE,"",2532.8,2433.1,1569.6,1249.1,1086.6,2018,-0.171,0.559,0.108,0.746,-0.188,0.476,-0.5,0.106
"lcl|NC_008783.1_cds_WP_005765686.1_10","BARBAKC583_RS00060","BARBAKC583_0010","mnmE","tRNA uridine-5-carboxymethylaminomethyl(34) synthesis GTPase MnmE","WP_005765686.1","10700..12007","+",1308,FALSE,"",TRUE,TRUE,TRUE,FALSE,"Traduccion",898.9,470.7,386.3,404.8,297.2,397.8,-0.643,0.0471,-0.556,0.0764,-0.026,0.935,0.042,0.909
"lcl|NC_008783.1_cds_WP_005765688.1_11","BARBAKC583_RS00065","BARBAKC583_0011","mnmG","tRNA uridine-5-carboxymethylaminomethyl(34) synthesis enzyme MnmG","WP_005765688.1","12116..13984","+",1869,FALSE,"",TRUE,TRUE,TRUE,FALSE,"Traduccion",361.8,190.6,196,205.3,138.2,121.1,-0.4,0.0546,-0.647,0.00197,0.17,0.455,0.707,0.000568
"lcl|NC_008783.1_cds_WP_005765690.1_12","BARBAKC583_RS00070","BARBAKC583_0012","rsmG","16S rRNA (guanine(527)-N(7))-methyltransferase RsmG","WP_005765690.1","13984..14631","+",648,FALSE,"",TRUE,TRUE,TRUE,FALSE,"",654.6,348.6,338,223.5,179.2,240.3,-0.425,0.121,-0.58,0.0374,0.088,0.746,-0.062,0.859
"lcl|NC_008783.1_cds_WP_005765692.1_13","BARBAKC583_RS00075","BARBAKC583_0013",NA,"ParA family protein","WP_005765692.1","14637..15434","+",798,FALSE,"",TRUE,TRUE,TRUE,FALSE,"",981.8,1159.9,1070.7,739.6,747,460,0.545,0.000619,0.426,0.00907,0.083,0.689,0.671,1.96e-05
"lcl|NC_008783.1_cds_WP_005765693.1_14","BARBAKC583_RS00080","BARBAKC583_0014",NA,"ParB/RepB/Spo0J family partition protein","WP_005765693.1","15486..16397","+",912,FALSE,"",TRUE,TRUE,TRUE,FALSE,"",674.6,593.5,540,411.9,383.4,361.9,0.072,0.536,0.02,0.902,0.069,0.739,0.204,0.236
"lcl|NC_008783.1_cds_WP_005765696.1_15","BARBAKC583_RS00085","BARBAKC583_0015",NA,"hypothetical protein","WP_005765696.1","complement(16398..16877)","-",480,FALSE,"",TRUE,TRUE,TRUE,FALSE,"Hipotetica",731.6,754,380.4,210.9,324.6,433.1,-0.419,0.0969,0.21,0.421,-0.528,0.0256,-0.858,0.000449
"lcl|NC_008783.1_cds_WP_005765698.1_16","BARBAKC583_RS00090","BARBAKC583_0016",NA,"septation protein A","WP_005765698.1","complement(17303..17968)","-",666,FALSE,"",TRUE,TRUE,TRUE,FALSE,"",1086.7,764.7,1010.9,587.1,533.5,1150.2,0.212,0.493,-0.211,0.529,0.288,0.277,-0.697,0.0248
"lcl|NC_008783.1_cds_WP_005765700.1_17","BARBAKC583_RS00095","BARBAKC583_0017","ftsY","signal recognition particle-docking protein FtsY","WP_005765700.1","complement(17965..19128)","-",1164,FALSE,"",TRUE,TRUE,TRUE,FALSE,"",738.8,545.9,594.9,349.3,447.5,484.8,0.075,0.791,-0.165,0.595,0.165,0.531,-0.346,0.265
"lcl|NC_008783.1_cds_WP_005765702.1_18","BARBAKC583_RS00100","BARBAKC583_0018","mtaB","tRNA (N(6)-L-threonylcarbamoyladenosine(37)-C(2))-methylthiotransferase MtaB","WP_005765702.1","complement(19143..20426)","-",1284,FALSE,"",TRUE,TRUE,TRUE,FALSE,"Traduccion",793.1,606.5,667.2,414.1,454.8,406.2,0.122,0.607,-0.133,0.639,0.198,0.428,0.045,0.89
"lcl|NC_008783.1_cds_WP_005765704.1_19","BARBAKC583_RS00105","BARBAKC583_0019","dapF","diaminopimelate epimerase","WP_005765704.1","complement(20426..21274)","-",849,FALSE,"",TRUE,TRUE,TRUE,FALSE,"",516.5,511.5,572.7,388.6,385.9,190.5,0.54,0.0161,0.166,0.48,0.247,0.276,0.939,1.08e-05
"lcl|NC_008783.1_cds_WP_005765706.1_20","BARBAKC583_RS00110","BARBAKC583_0020",NA,"AprI/Inh family metalloprotease inhibitor","WP_005765706.1","21533..22066","+",534,FALSE,"",TRUE,TRUE,TRUE,FALSE,"",2362.2,1777.8,1509.7,1575.5,1590.1,1797.1,-0.152,0.296,-0.165,0.343,-0.01,0.965,-0.148,0.462
"lcl|NC_008783.1_cds_WP_005765708.1_21","BARBAKC583_RS00115","BARBAKC583_0021","zapE","cell division protein ZapE","WP_005765708.1","22159..23370","+",1212,FALSE,"",TRUE,TRUE,TRUE,FALSE,"",344.8,164.3,132.7,133.3,105.6,111.6,-0.888,4.12e-05,-0.787,0.000329,-0.048,0.852,0.251,0.309
"lcl|NC_008783.1_cds_WP_005765710.1_22","BARBAKC583_RS00120","BARBAKC583_0022","mdh","malate dehydrogenase","WP_005765710.1","23638..24603","+",966,FALSE,"",TRUE,TRUE,TRUE,FALSE,"",1327.9,866.8,807.7,1346.1,1030.9,1776,-0.225,0.223,-0.356,0.0788,0.074,0.762,-0.329,0.122
"lcl|NC_008783.1_cds_WP_005765712.1_23","BARBAKC583_RS00125","BARBAKC583_0023","sucC","ADP-forming succinate--CoA ligase subunit beta","WP_005765712.1","24684..25880","+",1197,FALSE,"",TRUE,TRUE,TRUE,FALSE,"",2185.3,1157.4,1315,1728.4,1291.9,1736.5,-0.207,0.468,-0.559,0.0614,0.189,0.468,0.019,0.958
"lcl|NC_008783.1_cds_WP_005765714.1_24","BARBAKC583_RS00130","BARBAKC583_0024","sucD","succinate--CoA ligase subunit alpha","WP_005765714.1","25884..26786","+",903,FALSE,"",TRUE,TRUE,TRUE,FALSE,"",2077.3,1314.1,1397.7,2224.3,1825.2,2222.4,-0.09,0.67,-0.38,0.115,0.181,0.453,0.029,0.918
"lcl|NC_008783.1_cds_WP_005765715.1_25","BARBAKC583_RS00135","BARBAKC583_0025",NA,"2-oxoglutarate dehydrogenase E1 component","WP_005765715.1","26939..29938","+",3000,FALSE,"",TRUE,TRUE,TRUE,FALSE,"",1278.1,660.5,877.8,1073,765.3,1141.2,-0.07,0.77,-0.632,0.0146,0.391,0.0914,-0.046,0.888
"lcl|NC_008783.1_cds_WP_005765716.1_26","BARBAKC583_RS00140","BARBAKC583_0026","odhB","2-oxoglutarate dehydrogenase complex dihydrolipoyllysine-residue succinyltransferase","WP_005765716.1","29972..31177","+",1206,FALSE,"",TRUE,TRUE,TRUE,FALSE,"",1840.1,816.8,1416.2,1807.8,1246.5,2153.3,0.029,0.935,-0.74,0.025,0.557,0.0476,-0.157,0.693
"lcl|NC_008783.1_cds_WP_005765717.1_27","BARBAKC583_RS00145","BARBAKC583_0027","lpdA","dihydrolipoyl dehydrogenase","WP_005765717.1","31210..32616","+",1407,FALSE,"",TRUE,TRUE,TRUE,FALSE,"",1034.3,384.3,703.6,1204.6,707.5,1202.2,-0.085,0.772,-1.022,0.000713,0.733,0.00949,0.03,0.929
"lcl|NC_008783.1_cds_WP_005765729.1_28","BARBAKC583_RS00150","BARBAKC583_0028",NA,"saccharopine dehydrogenase family protein","WP_005765729.1","complement(32755..33993)","-",1239,FALSE,"",TRUE,TRUE,TRUE,FALSE,"",1006.9,831.8,679.4,604.7,715.8,917.8,-0.082,0.741,-0.047,0.87,-0.034,0.911,-0.474,0.0782
"lcl|NC_008783.1_cds_WP_005765731.1_29","BARBAKC583_RS00155","BARBAKC583_0029",NA,"carboxynorspermidine decarboxylase","WP_005765731.1","complement(34049..35146)","-",1098,FALSE,"",TRUE,TRUE,TRUE,FALSE,"",321.5,242.1,197.1,250.6,241.8,408.2,-0.188,0.494,-0.147,0.642,-0.034,0.911,-0.528,0.0715
"lcl|NC_008783.1_cds_WP_005765733.1_30","BARBAKC583_RS00160","BARBAKC583_0030",NA,"monovalent cation/H+ antiporter subunit A","WP_005765733.1","35897..38818","+",2922,FALSE,"",TRUE,TRUE,TRUE,FALSE,"",337.9,91,113.5,126.2,96.2,145.4,-0.962,0.005,-1.425,3.93e-05,0.227,0.399,-0.117,0.773
"lcl|NC_008783.1_cds_WP_005765735.1_31","BARBAKC583_RS00165","BARBAKC583_0031",NA,"Na+/H+ antiporter subunit C","WP_005765735.1","38818..39156","+",339,FALSE,"",TRUE,TRUE,TRUE,FALSE,"",294.9,97.1,89.3,118.7,91.4,156.4,-0.947,0.024,-0.957,0.0186,0.029,0.927,-0.205,0.625
"lcl|NC_008783.1_cds_WP_011807240.1_32","BARBAKC583_RS00170","BARBAKC583_0032",NA,"monovalent cation/H+ antiporter subunit D","WP_011807240.1","39159..40781","+",1623,FALSE,"",TRUE,TRUE,TRUE,FALSE,"",238,47.9,56.8,92.9,50.6,105.4,-1.257,0.00286,-1.631,0.00016,0.135,0.607,-0.083,0.852
"lcl|NC_008783.1_cds_WP_005765739.1_33","BARBAKC583_RS00175","BARBAKC583_0033",NA,"Na+/H+ antiporter subunit E","WP_005765739.1","40778..41263","+",486,FALSE,"",TRUE,TRUE,TRUE,FALSE,"",216.5,83.1,72.6,111.5,76,119.5,-0.882,0.0248,-0.854,0.0246,0.014,0.963,-0.043,0.913
"lcl|NC_008783.1_cds_WP_005765740.1_34","BARBAKC583_RS00180","BARBAKC583_0034",NA,"K+/H+ antiporter subunit F","WP_005765740.1","41260..41541","+",282,FALSE,"",TRUE,TRUE,TRUE,FALSE,"",206.8,60.6,76.6,74,50.6,80.3,-0.622,0.155,-0.93,0.0325,0.12,0.641,-0.041,0.919
"lcl|NC_008783.1_cds_WP_005765741.1_35","BARBAKC583_RS00185","BARBAKC583_0035","mnhG","monovalent cation/H(+) antiporter subunit G","WP_005765741.1","41538..41930","+",393,FALSE,"",TRUE,TRUE,TRUE,FALSE,"",329.9,52,76.5,132.7,91.5,464.5,-1.208,0.00715,-1.785,0.000164,0.189,0.469,-0.985,0.00653
"lcl|NC_008783.1_cds_WP_005765743.1_36","BARBAKC583_RS00190","BARBAKC583_0036",NA,"MliC family protein","WP_005765743.1","complement(41962..42354)","-",393,FALSE,"",TRUE,TRUE,TRUE,FALSE,"",1211,2881.3,4916.8,1805.8,2015.9,1758.7,2.289,1.06e-14,1.282,1.78e-05,0.684,0.0119,0.053,0.887
"lcl|NC_008783.1_cds_WP_005765745.1_37","BARBAKC583_RS00195","BARBAKC583_0037","aroB","3-dehydroquinate synthase","WP_005765745.1","complement(42771..43904)","-",1134,FALSE,"",TRUE,TRUE,TRUE,FALSE,"",132.2,218.3,140,76.4,157.2,53.9,0.436,0.125,0.802,0.00503,-0.208,0.424,0.422,0.153
"lcl|NC_008783.1_cds_WP_005765747.1_38","BARBAKC583_RS00200","BARBAKC583_0038",NA,"shikimate kinase","WP_005765747.1","complement(43873..44499)","-",627,FALSE,"",TRUE,TRUE,TRUE,FALSE,"",270.9,312.5,183.8,151.8,223.8,133.8,-0.081,0.662,0.364,0.0974,-0.381,0.0669,0.185,0.461
"lcl|NC_008783.1_cds_WP_005765749.1_39","BARBAKC583_RS00205","BARBAKC583_0039",NA,"site-specific tyrosine recombinase XerD","WP_005765749.1","44758..45696","+",939,FALSE,"",TRUE,TRUE,TRUE,FALSE,"",1072.7,1937.6,1329.1,1366.8,2135.5,639.3,0.51,0.187,0.735,0.0509,-0.102,0.715,0.699,0.0453
"lcl|NC_008783.1_cds_WP_005765751.1_40","BARBAKC583_RS00210","BARBAKC583_0040",NA,"acetyl-CoA carboxylase carboxyltransferase subunit alpha","WP_005765751.1","45772..46728","+",957,FALSE,"",TRUE,TRUE,TRUE,FALSE,"",753.4,737.7,564.4,724.5,876,983.6,0.011,0.953,0.151,0.503,-0.105,0.659,-0.364,0.107
"lcl|NC_008783.1_cds_WP_005765753.1_41","BARBAKC583_RS00215","BARBAKC583_0041",NA,"L,D-transpeptidase family protein","WP_005765753.1","46764..47507","+",744,FALSE,"",TRUE,TRUE,TRUE,FALSE,"",320.6,196.8,142.1,178.4,160.2,187.2,-0.677,0.00825,-0.425,0.0956,-0.131,0.599,-0.036,0.908
"lcl|NC_008783.1_cds_WP_005765755.1_42","BARBAKC583_RS00220","BARBAKC583_0042",NA,"D-alanyl-D-alanine carboxypeptidase family protein","WP_005765755.1","complement(48142..49230)","-",1089,FALSE,"",TRUE,TRUE,TRUE,FALSE,"",471,555.7,376.6,217.3,389.9,227.5,0.078,0.671,0.403,0.0632,-0.218,0.333,-0.031,0.908
"lcl|NC_008783.1_cds_WP_005765757.1_43","BARBAKC583_RS00225","BARBAKC583_0043",NA,"lysophospholipid acyltransferase family protein","WP_005765757.1","complement(49321..50127)","-",807,FALSE,"",TRUE,TRUE,TRUE,FALSE,"",1046.5,1110.3,957.7,972.4,1200.2,853.9,0.241,0.25,0.251,0.269,0.006,0.986,0.187,0.474
"lcl|NC_008783.1_cds_WP_035453345.1_44","BARBAKC583_RS00240","BARBAKC583_0047",NA,"ABC transporter substrate-binding protein","WP_035453345.1","51060..52037","+",978,FALSE,"",TRUE,TRUE,TRUE,FALSE,"TranspABC",712.1,604.9,461.2,687.6,351.5,974.1,-0.126,0.672,-0.02,0.958,-0.072,0.808,-0.351,0.282
"lcl|NC_008783.1_cds_WP_005765763.1_45","BARBAKC583_RS00245","BARBAKC583_0048",NA,"ABC transporter permease","WP_005765763.1","52089..52982","+",894,FALSE,"",TRUE,TRUE,TRUE,FALSE,"TranspABC",339,107.4,119.3,241.8,120.3,232.5,-0.835,0.029,-1.104,0.00354,0.123,0.647,0.06,0.888
"lcl|NC_008783.1_cds_WP_005765764.1_46","BARBAKC583_RS00250","BARBAKC583_0049",NA,"ABC transporter ATP-binding protein","WP_005765764.1","52979..53773","+",795,FALSE,"",TRUE,TRUE,TRUE,FALSE,"TranspABC",331.2,67.8,78.9,293.2,105.7,186.2,-1.305,0.00108,-1.668,5.6e-05,0.138,0.599,0.429,0.242
"lcl|NC_008783.1_cds_WP_005765766.1_47","BARBAKC583_RS00255","BARBAKC583_0050","holA","DNA polymerase III subunit delta","WP_005765766.1","53777..54820","+",1044,FALSE,"",TRUE,TRUE,TRUE,FALSE,"",337.7,110.1,93.8,139.9,95.6,112.9,-1.162,0.00159,-1.105,0.00234,-0.002,0.999,0.228,0.548
"lcl|NC_008783.1_cds_WP_005765768.1_48","BARBAKC583_RS00260","BARBAKC583_0051",NA,"YihY/virulence factor BrkB family protein","WP_005765768.1","54956..55813","+",858,FALSE,"",TRUE,TRUE,TRUE,FALSE,"",332.7,222.2,258.5,143.7,145.2,91.5,0.039,0.9,-0.282,0.353,0.21,0.425,0.526,0.0826
"lcl|NC_008783.1_cds_WP_005765769.1_49","BARBAKC583_RS00265","BARBAKC583_0052",NA,"YaiI/YqxD family protein","WP_005765769.1","55832..56329","+",498,FALSE,"",TRUE,TRUE,TRUE,FALSE,"",148.3,108.9,75.2,68.7,89.5,91,-0.446,0.13,-0.192,0.542,-0.138,0.599,-0.291,0.364
"lcl|NC_008783.1_cds_WP_005765771.1_50","BARBAKC583_RS00270","BARBAKC583_0053",NA,"TlpA disulfide reductase family protein","WP_005765771.1","complement(56331..57029)","-",699,FALSE,"",TRUE,TRUE,TRUE,FALSE,"",235.9,322.6,236.4,72.6,163.1,231.1,0.323,0.263,0.516,0.0824,-0.099,0.718,-1.333,2.5e-06
"lcl|NC_008783.1_cds_WP_005765773.1_51","BARBAKC583_RS00275","BARBAKC583_0054","argH","argininosuccinate lyase","WP_005765773.1","57063..58463","+",1401,FALSE,"",TRUE,TRUE,TRUE,FALSE,"",213.1,156.8,124.1,207.2,178.9,220.6,-0.287,0.151,-0.199,0.356,-0.068,0.793,-0.052,0.852
"lcl|NC_008783.1_cds_WP_005765774.1_52","BARBAKC583_RS00280","BARBAKC583_0055",NA,"lipoprotein","WP_005765774.1","58522..58701","+",180,FALSE,"",TRUE,TRUE,TRUE,FALSE,"",680.2,354.6,240.9,523.5,514,272.4,-0.902,0.00783,-0.541,0.0978,-0.138,0.599,0.717,0.0215
"lcl|NC_008783.1_cds_WP_005765777.1_53","BARBAKC583_RS00285","BARBAKC583_0056","lysA","diaminopimelate decarboxylase","WP_005765777.1","58710..59984","+",1275,FALSE,"",TRUE,TRUE,TRUE,FALSE,"",311.5,147,126.1,242.5,207.4,355.5,-0.744,0.0166,-0.713,0.0189,0.004,0.992,-0.396,0.203
"lcl|NC_008783.1_cds_WP_005765779.1_54","BARBAKC583_RS00290","BARBAKC583_0057",NA,"TIGR02302 family protein","WP_005765779.1","60099..62516","+",2418,FALSE,"",TRUE,TRUE,TRUE,FALSE,"",236.9,182.1,132.1,128.9,154.5,112.9,-0.365,0.0471,-0.133,0.496,-0.169,0.427,0.203,0.34
"lcl|NC_008783.1_cds_WP_005765781.1_55","BARBAKC583_RS00295","BARBAKC583_0058",NA,"class I SAM-dependent methyltransferase","WP_005765781.1","62798..63532","+",735,FALSE,"",TRUE,TRUE,TRUE,FALSE,"",193.4,67.3,71.7,108.1,72.4,85,-0.841,0.0119,-1.085,0.00119,0.13,0.624,0.278,0.426
"lcl|NC_008783.1_cds_WP_005765783.1_56","BARBAKC583_RS00300","BARBAKC583_0059",NA,"response regulator transcription factor","WP_005765783.1","complement(63674..64360)","-",687,FALSE,"",TRUE,TRUE,TRUE,FALSE,"",260.5,440.6,407.1,179.8,241.2,178.1,1.013,2.03e-06,0.878,5.07e-05,0.072,0.786,0.037,0.894
"lcl|NC_008783.1_cds_WP_414945798.1_57","BARBAKC583_RS00305","BARBAKC583_0061",NA,"L,D-transpeptidase family protein","WP_414945798.1","64505..64999","+",495,FALSE,"",TRUE,TRUE,TRUE,FALSE,"",40.1,37.1,45.1,27.9,27.4,21.2,0.337,0.396,0.012,0.982,0.155,0.558,0.245,0.541
"lcl|NC_008783.1_cds_WP_005765787.1_58","BARBAKC583_RS00310","BARBAKC583_0060",NA,"EVE domain-containing protein","WP_005765787.1","complement(64996..65424)","-",429,FALSE,"",TRUE,TRUE,TRUE,FALSE,"",185.4,79.5,39.4,108.9,95.7,158.2,-1.504,8.82e-05,-0.749,0.0393,-0.298,0.277,-0.337,0.36
"lcl|NC_008783.1_cds_WP_005765789.1_59","BARBAKC583_RS00315","BARBAKC583_0062","tsaD","tRNA (adenosine(37)-N6)-threonylcarbamoyltransferase complex transferase subunit TsaD","WP_005765789.1","complement(65516..66610)","-",1095,FALSE,"",TRUE,TRUE,TRUE,FALSE,"Traduccion",154.3,56.2,43.2,112.9,94.7,113,-1.201,0.000429,-0.999,0.003,-0.063,0.832,0.026,0.948
"lcl|NC_008783.1_cds_WP_005765791.1_60","BARBAKC583_RS00320","BARBAKC583_0063",NA,"COG4223 family protein","WP_005765791.1","66994..68352","+",1359,FALSE,"",TRUE,TRUE,TRUE,FALSE,"",617.3,245.1,224.9,586.2,380.6,617.5,-0.98,4.26e-08,-1.054,6.38e-09,0.062,0.803,-0.044,0.859
"lcl|NC_008783.1_cds_WP_005765792.1_61","BARBAKC583_RS00325","BARBAKC583_0064",NA,"heme biosynthesis protein HemY","WP_005765792.1","68364..69959","+",1596,FALSE,"",TRUE,TRUE,TRUE,FALSE,"HierroHemo",307.8,78,100.6,174.7,105.4,187.6,-1.109,7.16e-07,-1.667,5.08e-13,0.389,0.074,-0.061,0.838
"lcl|NC_008783.1_cds_WP_005765794.1_62","BARBAKC583_RS00330","BARBAKC583_0065",NA,"glutamine amidotransferase","WP_005765794.1","70042..70809","+",768,FALSE,"",TRUE,TRUE,TRUE,FALSE,"",403.2,326.3,214,211.2,274.6,147.2,-0.461,0.00643,-0.075,0.686,-0.299,0.0878,0.511,0.00257
"lcl|NC_008783.1_cds_WP_005765796.1_63","BARBAKC583_RS00335","BARBAKC583_0066",NA,"NAD-glutamate dehydrogenase","WP_005765796.1","complement(71085..75794)","-",4710,FALSE,"",TRUE,TRUE,TRUE,FALSE,"",2268.3,2835.9,2218.1,2251.9,2709.1,2456.5,0.35,0.104,0.478,0.0313,-0.079,0.757,-0.084,0.773
"lcl|NC_008783.1_cds_WP_005765797.1_64","BARBAKC583_RS00340","BARBAKC583_0067",NA,"carbonic anhydrase","WP_005765797.1","76074..76730","+",657,FALSE,"",TRUE,TRUE,TRUE,FALSE,"",252,232.7,166.8,234.6,241.5,170.7,-0.105,0.559,0.072,0.756,-0.161,0.483,0.436,0.0414
"lcl|NC_008783.1_cds_WP_005765799.1_65","BARBAKC583_RS00345","BARBAKC583_0068","ffh","signal recognition particle protein","WP_005765799.1","76976..78523","+",1548,FALSE,"",TRUE,TRUE,TRUE,FALSE,"",433.3,193,316.2,225.7,130.6,296.6,-0.012,0.972,-0.68,0.0573,0.408,0.132,-0.232,0.548
"lcl|NC_008783.1_cds_WP_005765801.1_66","BARBAKC583_RS00350","BARBAKC583_0069","rpsP","30S ribosomal protein S16","WP_005765801.1","78953..79315","+",363,FALSE,"",TRUE,TRUE,TRUE,FALSE,"Ribosoma",1729.4,803.4,772.2,394.1,408.9,1157.4,-0.499,0.187,-0.61,0.0946,0.056,0.847,-1,0.00325
"lcl|NC_008783.1_cds_WP_005765802.1_67","BARBAKC583_RS00355","BARBAKC583_0070",NA,"DUF1674 domain-containing protein","WP_005765802.1","complement(79464..79670)","-",207,FALSE,"",TRUE,TRUE,TRUE,FALSE,"",506.6,674.7,278.3,408.1,702.3,393.7,-0.243,0.494,0.437,0.215,-0.477,0.0882,0.051,0.902
"lcl|NC_008783.1_cds_WP_011807246.1_68","BARBAKC583_RS00360","BARBAKC583_0071","htpX","zinc metalloprotease HtpX","WP_011807246.1","79755..80786","+",1032,FALSE,"",TRUE,TRUE,TRUE,FALSE,"Chaperona",696.7,1090.8,2705.6,1147.7,1308.1,458.9,2.125,7.45e-10,0.66,0.045,1.083,0.000763,1.005,0.00109
"lcl|NC_008783.1_cds_WP_005765806.1_69","BARBAKC583_RS00365","BARBAKC583_0072",NA,"RsmB/NOP family class I SAM-dependent RNA methyltransferase","WP_005765806.1","80897..82267","+",1371,FALSE,"",TRUE,TRUE,TRUE,FALSE,"",141.7,125.6,346.1,187,190.1,97.9,1.64,3.57e-15,0.034,0.89,1.53,3.59e-13,0.859,3.49e-05
"lcl|NC_008783.1_cds_WP_005765808.1_70","BARBAKC583_RS00370","BARBAKC583_0073",NA,"heparinase II/III family protein","WP_005765808.1","82335..84044","+",1710,FALSE,"",TRUE,TRUE,TRUE,FALSE,"",379.1,171.4,244,251.8,184.7,202,-0.138,0.59,-0.793,0.00415,0.442,0.0735,0.285,0.352
"lcl|NC_008783.1_cds_WP_005765810.1_71","BARBAKC583_RS00375","BARBAKC583_0074","purH","bifunctional phosphoribosylaminoimidazolecarboxamide formyltransferase/IMP cyclohydrolase","WP_005765810.1","84215..85831","+",1617,FALSE,"",TRUE,TRUE,TRUE,FALSE,"",331.7,232.1,230.8,363.5,253.2,373.1,-0.06,0.794,-0.245,0.336,0.116,0.646,-0.003,0.994
"lcl|NC_008783.1_cds_WP_005765812.1_72","BARBAKC583_RS06725","BARBAKC583_0075",NA,"DUF1127 domain-containing protein","WP_005765812.1","85996..86148","+",153,FALSE,"",TRUE,TRUE,TRUE,FALSE,"",2288.1,684.6,320.2,3191.4,5709.9,3913.2,-2.108,1.47e-08,-1.28,0.000442,-0.353,0.189,-0.184,0.635
"lcl|NC_008783.1_cds_WP_005765814.1_73","BARBAKC583_RS00380","BARBAKC583_0076",NA,"SURF1 family protein","WP_005765814.1","complement(86488..87294)","-",807,FALSE,"",TRUE,TRUE,TRUE,FALSE,"",332.3,328.7,317.2,310,528.8,404.3,0.292,0.218,0.161,0.542,0.093,0.722,-0.297,0.269
"lcl|NC_008783.1_cds_WP_005765816.1_74","BARBAKC583_RS00385","BARBAKC583_0077","rpmB","50S ribosomal protein L28","WP_005765816.1","87569..87865","+",297,FALSE,"",TRUE,TRUE,TRUE,FALSE,"Ribosoma",1280.6,1149.3,780,689.8,608.6,970.2,-0.193,0.516,0.028,0.938,-0.144,0.584,-0.347,0.292
"lcl|NC_008783.1_cds_WP_005765818.1_75","BARBAKC583_RS00390","BARBAKC583_0078",NA,"VUT family protein","WP_005765818.1","87990..88652","+",663,FALSE,"",TRUE,TRUE,TRUE,FALSE,"",367.3,341.1,372.2,134.4,123.5,215.3,0.316,0.304,0.066,0.849,0.149,0.575,-0.476,0.136
"lcl|NC_008783.1_cds_WP_005765820.1_76","BARBAKC583_RS00395","BARBAKC583_0079","cobT","cobaltochelatase subunit CobT","WP_005765820.1","complement(88851..90746)","-",1896,FALSE,"",TRUE,TRUE,TRUE,FALSE,"",318,209.9,83.1,302,335.2,154.3,-1.325,1.38e-05,-0.277,0.361,-0.778,0.00655,0.777,0.00694
"lcl|NC_008783.1_cds_WP_005765822.1_77","BARBAKC583_RS00400","BARBAKC583_0080","cobS","cobaltochelatase subunit CobS","WP_005765822.1","complement(90761..91747)","-",987,FALSE,"",TRUE,TRUE,TRUE,FALSE,"",917.2,1759.5,1013.5,936.4,1344.9,622,0.449,0.165,0.936,0.00403,-0.256,0.34,0.452,0.165
"lcl|NC_008783.1_cds_WP_005765824.1_78","BARBAKC583_RS00405","BARBAKC583_0081",NA,"J domain-containing protein","WP_005765824.1","complement(92015..92635)","-",621,FALSE,"",TRUE,TRUE,TRUE,FALSE,"",1234.9,1374.3,918.9,915.7,1040.4,634.2,0.009,0.968,0.302,0.237,-0.203,0.415,0.465,0.0727
"lcl|NC_008783.1_cds_WP_005765825.1_79","BARBAKC583_RS00410","BARBAKC583_0082",NA,"BolA family protein","WP_005765825.1","92751..93029","+",279,FALSE,"",TRUE,TRUE,TRUE,FALSE,"",226.1,280.5,183.8,163.6,241.6,207.6,0.071,0.825,0.33,0.301,-0.145,0.583,-0.231,0.51
"lcl|NC_008783.1_cds_WP_005765827.1_80","BARBAKC583_RS00415","BARBAKC583_0083",NA,"tyrosine recombinase XerC","WP_005765827.1","complement(93072..94040)","-",969,FALSE,"",TRUE,TRUE,TRUE,FALSE,"",541,427.2,494,398.9,466.4,308.4,0.238,0.236,-0.092,0.7,0.281,0.185,0.357,0.119
"lcl|NC_008783.1_cds_WP_005765829.1_81","BARBAKC583_RS00420","BARBAKC583_0084",NA,"SapC family protein","WP_005765829.1","complement(94043..94864)","-",822,FALSE,"",TRUE,TRUE,TRUE,FALSE,"",3100.8,5931.5,6989.6,2830,3777.5,4074.9,1.486,3.55e-08,1.009,0.000182,0.257,0.302,-0.407,0.147
"lcl|NC_008783.1_cds_WP_011807247.1_82","BARBAKC583_RS00425","BARBAKC583_0085","rimM","ribosome maturation factor RimM","WP_011807247.1","94994..95569","+",576,FALSE,"",TRUE,TRUE,TRUE,FALSE,"",104.2,125.5,150.6,74,75,69.7,0.849,0.00577,0.371,0.22,0.239,0.362,0.09,0.811
"lcl|NC_008783.1_cds_WP_005765833.1_83","BARBAKC583_RS00430","BARBAKC583_0086","trmD","tRNA (guanosine(37)-N1)-methyltransferase TrmD","WP_005765833.1","95619..96317","+",699,FALSE,"",TRUE,TRUE,TRUE,FALSE,"Traduccion",47.8,27.9,65.5,43.4,43.9,45.7,0.741,0.0208,-0.364,0.254,0.989,0.00155,-0.031,0.929
"lcl|NC_008783.1_cds_WP_011807248.1_84","BARBAKC583_RS00435","BARBAKC583_0087","rplS","50S ribosomal protein L19","WP_011807248.1","96523..96963","+",441,FALSE,"",TRUE,TRUE,TRUE,FALSE,"Ribosoma",1614.8,708.1,890.1,472.9,281.7,790,-0.258,0.494,-0.66,0.0764,0.186,0.489,-0.43,0.243
"lcl|NC_008783.1_cds_WP_005765837.1_85","BARBAKC583_RS00450","BARBAKC583_0088","sdhC","succinate dehydrogenase, cytochrome b556 subunit","WP_005765837.1","97559..97960","+",402,FALSE,"",TRUE,TRUE,TRUE,FALSE,"",1394.5,639.8,317.9,949.6,882.2,1319.9,-1.471,2.53e-05,-0.695,0.039,-0.373,0.16,-0.312,0.382
"lcl|NC_008783.1_cds_WP_005765839.1_86","BARBAKC583_RS00455","BARBAKC583_0089","sdhD","succinate dehydrogenase, hydrophobic membrane anchor protein","WP_005765839.1","97979..98365","+",387,FALSE,"",TRUE,TRUE,TRUE,FALSE,"",820.4,320.1,183.3,317.4,242.8,374.2,-1.546,1.13e-06,-0.951,0.00242,-0.281,0.285,-0.153,0.685
"lcl|NC_008783.1_cds_WP_005765841.1_87","BARBAKC583_RS00460","BARBAKC583_0090","sdhA","succinate dehydrogenase flavoprotein subunit","WP_005765841.1","98370..100217","+",1848,FALSE,"",TRUE,TRUE,TRUE,FALSE,"",831.1,276.2,179.2,500.7,361.1,727.3,-1.601,2.29e-07,-1.179,0.000134,-0.191,0.465,-0.384,0.223
"lcl|NC_008783.1_cds_WP_005765843.1_88","BARBAKC583_RS00465","BARBAKC583_0091",NA,"succinate dehydrogenase iron-sulfur subunit","WP_005765843.1","100233..101012","+",780,FALSE,"",TRUE,TRUE,TRUE,FALSE,"HierroHemo",809.8,342.7,274.1,692.4,563.4,866.9,-0.953,0.0048,-0.811,0.0134,-0.04,0.897,-0.209,0.566
"lcl|NC_008783.1_cds_WP_044051782.1_89","BARBAKC583_RS00470","BARBAKC583_0092",NA,"ubiquinone biosynthesis hydroxylase","WP_044051782.1","complement(101601..102845)","-",1245,FALSE,"",TRUE,TRUE,TRUE,FALSE,"",315.7,445.2,535.9,122.5,184.8,289.7,1.134,6.54e-07,0.632,0.00627,0.326,0.132,-1.062,1.72e-06
"lcl|NC_008783.1_cds_WP_005765846.1_90","BARBAKC583_RS00475","BARBAKC583_0093",NA,"DNA translocase FtsK","WP_005765846.1","103019..105439","+",2421,FALSE,"",TRUE,TRUE,TRUE,FALSE,"",395.3,473.5,343.1,358,377.7,241.1,0.157,0.581,0.367,0.219,-0.111,0.678,0.463,0.129
"lcl|NC_008783.1_cds_WP_005765847.1_91","BARBAKC583_RS00480","BARBAKC583_0094",NA,"LolA family protein","WP_005765847.1","105736..106368","+",633,FALSE,"",TRUE,TRUE,TRUE,FALSE,"",483.3,485.6,431,273.9,292.3,256.1,0.187,0.449,0.16,0.574,0.03,0.923,0.106,0.759
"lcl|NC_008783.1_cds_WP_005765848.1_92","BARBAKC583_RS00485","BARBAKC583_0095",NA,"exodeoxyribonuclease III","WP_005765848.1","106374..107189","+",816,FALSE,"",TRUE,TRUE,TRUE,FALSE,"",174,79.4,91.1,81.7,72.4,129.9,-0.364,0.268,-0.705,0.0364,0.168,0.532,-0.448,0.181
"lcl|NC_008783.1_cds_WP_005765849.1_93","BARBAKC583_RS00490","BARBAKC583_0096",NA,"efflux RND transporter periplasmic adaptor subunit","WP_005765849.1","107648..108847","+",1200,FALSE,"",TRUE,TRUE,TRUE,FALSE,"",869,1009.3,1358.6,913.7,807.3,751.4,0.994,5.15e-05,0.358,0.152,0.43,0.0597,0.266,0.334
"lcl|NC_008783.1_cds_WP_005765850.1_94","BARBAKC583_RS00495","BARBAKC583_0097",NA,"MacB family efflux pump subunit","WP_005765850.1","108876..110882","+",2007,FALSE,"",TRUE,TRUE,TRUE,FALSE,"",302,238.5,250.1,200.8,184.5,212.3,0.106,0.633,-0.099,0.711,0.166,0.505,-0.039,0.902
"lcl|NC_008783.1_cds_WP_005765851.1_95","BARBAKC583_RS00500","BARBAKC583_0098",NA,"YdcF family protein","WP_005765851.1","complement(111411..112019)","-",609,FALSE,"",TRUE,TRUE,TRUE,FALSE,"",76.8,81.5,37.2,29.7,35.2,79.1,-0.538,0.0421,0.251,0.342,-0.688,0.00655,-1.186,1.07e-06
"lcl|NC_008783.1_cds_WP_005765852.1_96","BARBAKC583_RS00505","BARBAKC583_0099",NA,"cell division protein FtsX","WP_005765852.1","complement(112169..113143)","-",975,FALSE,"",TRUE,TRUE,TRUE,FALSE,"",308.9,302.1,223.7,163.6,175.2,211.1,-0.015,0.941,0.143,0.529,-0.127,0.584,-0.299,0.193
"lcl|NC_008783.1_cds_WP_005765853.1_97","BARBAKC583_RS00510","BARBAKC583_0100","ftsE","cell division ATP-binding protein FtsE","WP_005765853.1","complement(113136..113795)","-",660,FALSE,"",TRUE,TRUE,TRUE,FALSE,"",505.9,363.7,343.6,503.3,402.8,408.2,-0.076,0.798,-0.184,0.563,0.059,0.837,0.254,0.444
"lcl|NC_008783.1_cds_WP_005765854.1_98","BARBAKC583_RS00515","BARBAKC583_0101","acs","acetate--CoA ligase","WP_005765854.1","complement(113949..115907)","-",1959,FALSE,"",TRUE,TRUE,TRUE,FALSE,"",629.3,726.2,551.5,764.8,751.5,961.7,0.19,0.302,0.378,0.0723,-0.11,0.639,-0.268,0.241
"lcl|NC_008783.1_cds_WP_005765855.1_99","BARBAKC583_RS00520","BARBAKC583_0102",NA,"YggS family pyridoxal phosphate-dependent enzyme","WP_005765855.1","complement(116070..116750)","-",681,FALSE,"",TRUE,TRUE,TRUE,FALSE,"",86,102.5,136.1,93,123.6,100.9,0.956,0.00128,0.379,0.2,0.314,0.212,-0.066,0.855
"lcl|NC_008783.1_cds_WP_005765856.1_100","BARBAKC583_RS00525","BARBAKC583_0104","leuS","leucine--tRNA ligase","WP_005765856.1","117102..119729","+",2628,FALSE,"",TRUE,TRUE,TRUE,FALSE,"Traduccion",285.7,265.3,222.8,369.1,367.9,358.9,0.044,0.816,0.085,0.711,-0.023,0.935,0.067,0.809
"lcl|NC_008783.1_cds_WP_005765857.1_101","BARBAKC583_RS00530","BARBAKC583_0105","lptE","LPS assembly lipoprotein LptE","WP_005765857.1","119716..120294","+",579,FALSE,"",TRUE,TRUE,TRUE,FALSE,"",165.8,85.3,96.1,163.7,141.1,122.7,-0.255,0.419,-0.572,0.0771,0.16,0.551,0.329,0.333
"lcl|NC_008783.1_cds_WP_005765858.1_102","BARBAKC583_RS00535","BARBAKC583_0106","fsa","fructose-6-phosphate aldolase","WP_005765858.1","complement(120668..121321)","-",654,FALSE,"",TRUE,TRUE,TRUE,FALSE,"",543.4,853.9,890.6,869.1,1105.4,785.2,1.039,0.000288,0.734,0.0096,0.141,0.584,0.137,0.698
"lcl|NC_008783.1_cds_WP_011807252.1_103","BARBAKC583_RS00540","BARBAKC583_0108",NA,"primosomal protein N'","WP_011807252.1","121855..124092","+",2238,FALSE,"",TRUE,TRUE,TRUE,FALSE,"",70.8,30.9,28.7,73,55,38.8,-0.775,0.00737,-0.841,0.00329,0.054,0.85,0.765,0.00476
"lcl|NC_008783.1_cds_WP_005765864.1_104","BARBAKC583_RS00545","BARBAKC583_0109",NA,"hypothetical protein","WP_005765864.1","124223..124855","+",633,FALSE,"",TRUE,TRUE,TRUE,FALSE,"Hipotetica",39.2,10.7,12.9,78.6,36.1,103.3,-0.954,0.0112,-1.287,0.00111,0.151,0.573,-0.246,0.509
"lcl|NC_008783.1_cds_WP_005765868.1_105","BARBAKC583_RS00555","BARBAKC583_0111",NA,"F0F1 ATP synthase subunit delta","WP_005765868.1","125149..125733","+",585,FALSE,"",TRUE,TRUE,TRUE,FALSE,"",1749.4,641.7,713.1,822.9,555.2,736.5,-0.718,0.0291,-1.013,0.00183,0.156,0.557,0.144,0.713
"lcl|NC_008783.1_cds_WP_005765870.1_106","BARBAKC583_RS00560","BARBAKC583_0112","atpA","F0F1 ATP synthase subunit alpha","WP_005765870.1","125733..127268","+",1536,FALSE,"",TRUE,TRUE,TRUE,FALSE,"",1555.6,439,458.1,1398.2,900.6,2090.6,-1.141,0.000758,-1.36,7.03e-05,0.107,0.692,-0.39,0.248
"lcl|NC_008783.1_cds_WP_005765871.1_107","BARBAKC583_RS00565","BARBAKC583_0113",NA,"F0F1 ATP synthase subunit gamma","WP_005765871.1","127285..128193","+",909,FALSE,"",TRUE,TRUE,TRUE,FALSE,"",911.1,275.6,261.9,555.3,411.8,633.5,-1.206,0.000112,-1.308,3.44e-05,0.06,0.837,-0.119,0.757
"lcl|NC_008783.1_cds_WP_005765873.1_108","BARBAKC583_RS00570","BARBAKC583_0114","atpD","F0F1 ATP synthase subunit beta","WP_005765873.1","128216..129829","+",1614,FALSE,"",TRUE,TRUE,TRUE,FALSE,"",1286.4,299.9,344,1267.5,719.9,1832.6,-1.225,0.000885,-1.571,3.21e-05,0.146,0.584,-0.333,0.362
"lcl|NC_008783.1_cds_WP_005765875.1_109","BARBAKC583_RS00575","BARBAKC583_0115","atpC","ATP synthase F1 subunit epsilon","WP_005765875.1","129877..130293","+",417,FALSE,"",TRUE,TRUE,TRUE,FALSE,"",695.2,148.8,187.2,487.5,257.1,618.1,-1.302,2.31e-05,-1.808,1.94e-08,0.258,0.328,-0.238,0.474
"lcl|NC_008783.1_cds_WP_011807254.1_110","BARBAKC583_RS00580","BARBAKC583_0116",NA,"MFS transporter","WP_011807254.1","130318..131937","+",1620,FALSE,"",TRUE,TRUE,TRUE,FALSE,"",112,21,29.1,85.9,45.7,58.5,-1.255,0.000794,-1.847,2.77e-06,0.251,0.36,0.392,0.275
"lcl|NC_008783.1_cds_WP_005765879.1_111","BARBAKC583_RS00585","BARBAKC583_0117",NA,"HlyD family secretion protein","WP_005765879.1","131954..132955","+",1002,FALSE,"",TRUE,TRUE,TRUE,FALSE,"",465.2,160.1,133,272.2,168.1,331.1,-1.205,0.000122,-1.118,0.000362,-0.022,0.941,-0.186,0.599
"lcl|NC_008783.1_cds_WP_005765881.1_112","BARBAKC583_RS00590","BARBAKC583_0119","ispG","flavodoxin-dependent (E)-4-hydroxy-3-methylbut-2-enyl-diphosphate synthase","WP_005765881.1","133498..134754","+",1257,FALSE,"",TRUE,TRUE,TRUE,FALSE,"",256.9,203.2,185.5,337,302.4,209.5,-0.016,0.926,-0.095,0.646,0.061,0.808,0.657,0.000413
"lcl|NC_008783.1_cds_WP_005765883.1_113","BARBAKC583_RS00595","BARBAKC583_0120",NA,"polyprenyl synthetase family protein","WP_005765883.1","complement(135152..136054)","-",903,FALSE,"",TRUE,TRUE,TRUE,FALSE,"",195.6,155.3,124.9,192.3,200.4,224.3,-0.15,0.453,-0.096,0.701,-0.056,0.836,-0.165,0.529
"lcl|NC_008783.1_cds_WP_005765885.1_114","BARBAKC583_RS00600","BARBAKC583_0121","mtgA","monofunctional biosynthetic peptidoglycan transglycosylase","WP_005765885.1","136049..136849","+",801,FALSE,"",TRUE,TRUE,TRUE,FALSE,"",87.4,68.9,86.1,84.4,93.8,42.6,0.301,0.286,-0.085,0.793,0.265,0.306,0.802,0.00443
"lcl|NC_008783.1_cds_WP_005765887.1_115","BARBAKC583_RS00605","BARBAKC583_0122","rpmF","50S ribosomal protein L32","WP_005765887.1","137075..137260","+",186,FALSE,"",TRUE,TRUE,TRUE,FALSE,"Ribosoma",7687.9,5011.7,3656.7,4067.8,4873.5,3633,-0.51,0.0976,-0.306,0.316,-0.099,0.72,0.149,0.693
"lcl|NC_008783.1_cds_WP_005765889.1_116","BARBAKC583_RS00610","BARBAKC583_0123",NA,"CarD family transcriptional regulator","WP_005765889.1","complement(137770..138348)","-",579,FALSE,"",TRUE,TRUE,TRUE,FALSE,"",4727.9,5665.4,8250.3,2250.1,3168.7,2892.6,1.153,2.54e-06,0.398,0.109,0.551,0.0182,-0.283,0.3
"lcl|NC_008783.1_cds_WP_005765891.1_117","BARBAKC583_RS00615","BARBAKC583_0124","fdxA","ferredoxin FdxA","WP_005765891.1","complement(138644..138982)","-",339,FALSE,"",TRUE,TRUE,TRUE,FALSE,"HierroHemo",580.7,734.5,452.7,357.3,431.6,282.4,0.053,0.769,0.505,0.0175,-0.331,0.101,0.33,0.142
"lcl|NC_008783.1_cds_WP_005765893.1_118","BARBAKC583_RS00620","BARBAKC583_0125",NA,"hypothetical protein","WP_005765893.1","complement(139004..140584)","-",1581,FALSE,"",TRUE,TRUE,TRUE,FALSE,"Hipotetica",1029.9,1131.5,775.1,939.1,1193,1519.7,0.019,0.91,0.316,0.104,-0.225,0.277,-0.605,0.00134
"lcl|NC_008783.1_cds_WP_011807258.1_119","BARBAKC583_RS00625","BARBAKC583_0126",NA,"RNA polymerase factor sigma-32","WP_011807258.1","141073..141984","+",912,FALSE,"",TRUE,TRUE,TRUE,FALSE,"",399.5,61.1,135.5,501.9,181.1,119,-0.819,0.0351,-2.067,6.89e-07,0.715,0.023,1.479,2.37e-05
"lcl|NC_008783.1_cds_WP_462677150.1_120","BARBAKC583_RS00630","BARBAKC583_0127",NA,"M48 family metalloprotease","WP_462677150.1","complement(142085..143515)","-",1431,FALSE,"",TRUE,TRUE,TRUE,FALSE,"",177.3,67.2,77.3,147.5,113.1,187.3,-0.601,0.0761,-0.94,0.00518,0.171,0.531,-0.219,0.548
"lcl|NC_008783.1_cds_WP_005765897.1_121","BARBAKC583_RS00635","BARBAKC583_0128",NA,"thiamine diphosphokinase","WP_005765897.1","143768..144403","+",636,FALSE,"",TRUE,TRUE,TRUE,FALSE,"",127.5,77.5,62.1,100.8,98.2,81.8,-0.486,0.12,-0.411,0.189,-0.029,0.927,0.253,0.455
"lcl|NC_008783.1_cds_WP_005765899.1_122","BARBAKC583_RS00640","BARBAKC583_0129",NA,"glycine zipper domain-containing protein","WP_005765899.1","144855..145235","+",381,FALSE,"",TRUE,TRUE,TRUE,FALSE,"",3082.2,5998.6,8182.9,6266.4,6088.8,4610.3,1.762,3.53e-15,1.076,2.5e-06,0.489,0.0251,0.412,0.0866
"lcl|NC_008783.1_cds_WP_035453254.1_123","BARBAKC583_RS00645","BARBAKC583_0131",NA,"ABC-F family ATP-binding cassette domain-containing protein","WP_035453254.1","145302..147134","+",1833,FALSE,"",TRUE,TRUE,TRUE,FALSE,"",220.7,143.2,247.2,308.9,251.3,171.2,0.5,0.0564,-0.333,0.206,0.755,0.00298,0.74,0.0033
"lcl|NC_008783.1_cds_WP_005765903.1_124","BARBAKC583_RS00655","BARBAKC583_0130",NA,"DUF2312 domain-containing protein","WP_005765903.1","complement(147131..147388)","-",258,FALSE,"",TRUE,TRUE,TRUE,FALSE,"",914.8,754.1,504,491.7,722.7,514.8,-0.27,0.472,-0.049,0.903,-0.112,0.678,-0.026,0.951
"lcl|NC_008783.1_cds_WP_005765907.1_125","BARBAKC583_RS00660","BARBAKC583_0134",NA,"DUF1036 domain-containing protein","WP_005765907.1","147710..148258","+",549,FALSE,"",TRUE,TRUE,TRUE,FALSE,"",151.2,84.4,67.5,143.6,94.7,98,-0.627,0.0459,-0.514,0.0954,-0.038,0.9,0.443,0.151
"lcl|NC_008783.1_cds_WP_005765909.1_126","BARBAKC583_RS00665","BARBAKC583_0135","zapA","cell division protein ZapA","WP_005765909.1","complement(148633..149016)","-",384,FALSE,"",TRUE,TRUE,TRUE,FALSE,"",670.7,1047,687.1,520,746.3,531.4,0.333,0.306,0.65,0.0512,-0.155,0.558,-0.008,0.984
"lcl|NC_008783.1_cds_WP_005765911.1_127","BARBAKC583_RS00670","BARBAKC583_0136",NA,"DUF4164 domain-containing protein","WP_005765911.1","complement(149030..149305)","-",276,FALSE,"",TRUE,TRUE,TRUE,FALSE,"",1584,3223,1913.7,1083.1,1688,942.6,0.645,0.0148,1.113,2.05e-05,-0.307,0.191,0.187,0.537
"lcl|NC_008783.1_cds_WP_011807262.1_128","BARBAKC583_RS00675","BARBAKC583_0137","tkt","transketolase","WP_011807262.1","149603..151603","+",2001,FALSE,"",TRUE,TRUE,TRUE,FALSE,"",624.4,367.9,294.1,749.9,606.2,519.4,-0.604,0.00921,-0.482,0.0386,-0.063,0.817,0.489,0.0363
"lcl|NC_008783.1_cds_WP_005765915.1_129","BARBAKC583_RS00680","BARBAKC583_0138","gap","type I glyceraldehyde-3-phosphate dehydrogenase","WP_005765915.1","151605..152612","+",1008,FALSE,"",TRUE,TRUE,TRUE,FALSE,"",602,430.1,384.8,763.8,653.9,868.2,-0.145,0.548,-0.216,0.428,0.032,0.914,-0.124,0.713
"lcl|NC_008783.1_cds_WP_005765917.1_130","BARBAKC583_RS00690","BARBAKC583_0140",NA,"phosphoglycerate kinase","WP_005765917.1","152911..154113","+",1203,FALSE,"",TRUE,TRUE,TRUE,FALSE,"",141.2,124,228.2,195.4,176.6,220.7,0.964,0.00155,0.023,0.949,0.727,0.0101,-0.109,0.773
"lcl|NC_008783.1_cds_WP_005765918.1_131","BARBAKC583_RS00695","BARBAKC583_0141",NA,"class I fructose-bisphosphate aldolase","WP_005765918.1","154252..155280","+",1029,FALSE,"",TRUE,TRUE,TRUE,FALSE,"",179.6,178.5,280,279.4,193,393.4,0.885,0.00753,0.14,0.688,0.449,0.0903,-0.336,0.321
"lcl|NC_008783.1_cds_WP_005765923.1_132","BARBAKC583_RS00705","BARBAKC583_0144","tolB","Tol-Pal system beta propeller repeat protein TolB","WP_005765923.1","complement(156268..157587)","-",1320,FALSE,"",TRUE,TRUE,TRUE,FALSE,"",642.3,740.4,827.2,757.6,1056.6,1003.7,0.782,2.06e-08,0.396,0.0072,0.317,0.036,-0.356,0.0181
"lcl|NC_008783.1_cds_WP_005765925.1_133","BARBAKC583_RS00715","BARBAKC583_0145",NA,"hypothetical protein","WP_005765925.1","complement(157638..159155)","-",1518,FALSE,"",TRUE,TRUE,TRUE,FALSE,"Hipotetica",198.1,286.6,247.2,186.7,272.1,148.6,0.701,0.00519,0.658,0.00772,0.009,0.977,0.302,0.265
"lcl|NC_008783.1_cds_WP_005765927.1_134","BARBAKC583_RS00720","BARBAKC583_0146",NA,"ExbD/TolR family protein","WP_005765927.1","complement(159281..159733)","-",453,FALSE,"",TRUE,TRUE,TRUE,FALSE,"",519.6,221.2,379.6,471.2,528.9,384.5,-0.015,0.953,-0.845,0.00189,0.688,0.00812,0.261,0.382
"lcl|NC_008783.1_cds_WP_005765929.1_135","BARBAKC583_RS00725","BARBAKC583_0147","tolQ","protein TolQ","WP_005765929.1","complement(159746..160453)","-",708,FALSE,"",TRUE,TRUE,TRUE,FALSE,"",908.3,866.5,1227,1124,1174.4,953.7,0.819,0.000207,0.124,0.604,0.543,0.0117,0.233,0.359
"lcl|NC_008783.1_cds_WP_005765932.1_136","BARBAKC583_RS00735","BARBAKC583_0148","ybgC","tol-pal system-associated acyl-CoA thioesterase","WP_005765932.1","complement(160943..161383)","-",441,FALSE,"",TRUE,TRUE,TRUE,FALSE,"",148.6,144.1,123.4,151.5,182.1,165.2,0.116,0.634,0.116,0.693,0.011,0.968,-0.077,0.817
"lcl|NC_008783.1_cds_WP_005765934.1_137","BARBAKC583_RS00740","BARBAKC583_0149","ruvB","Holliday junction branch migration DNA helicase RuvB","WP_005765934.1","complement(161376..162485)","-",1110,FALSE,"",TRUE,TRUE,TRUE,FALSE,"",267.1,249.4,236.3,267,460.6,142.1,0.17,0.595,0.087,0.806,0.053,0.852,0.683,0.031
"lcl|NC_008783.1_cds_WP_005765936.1_138","BARBAKC583_RS00745","BARBAKC583_0150","ruvA","Holliday junction branch migration protein RuvA","WP_005765936.1","complement(162493..163146)","-",654,FALSE,"",TRUE,TRUE,TRUE,FALSE,"",161.5,130,141.8,206.8,217.8,104.2,0.185,0.463,-0.058,0.848,0.179,0.482,0.843,0.00106
"lcl|NC_008783.1_cds_WP_005765938.1_139","BARBAKC583_RS00750","BARBAKC583_0151","ruvC","crossover junction endodeoxyribonuclease RuvC","WP_005765938.1","complement(163151..163654)","-",504,FALSE,"",TRUE,TRUE,TRUE,FALSE,"",763.2,1041.3,981.1,809,1387.8,281.7,0.624,0.0742,0.481,0.153,0.05,0.861,1.131,0.000391
"lcl|NC_008783.1_cds_WP_005765942.1_140","BARBAKC583_RS00755","BARBAKC583_0153",NA,"DUF1465 family protein","WP_005765942.1","complement(164316..164834)","-",519,FALSE,"",TRUE,TRUE,TRUE,FALSE,"",883.9,501.8,342.6,495.9,465.3,364.9,-0.855,0.000168,-0.526,0.0233,-0.196,0.414,0.412,0.0848
"lcl|NC_008783.1_cds_WP_005765945.1_141","BARBAKC583_RS00760","BARBAKC583_0154",NA,"OpgC family protein","WP_005765945.1","complement(165212..166318)","-",1107,FALSE,"",TRUE,TRUE,TRUE,FALSE,"",146.2,115.4,131.5,330,318.7,91.1,0.185,0.449,-0.108,0.711,0.224,0.377,1.652,3.91e-11
"lcl|NC_008783.1_cds_WP_005765953.1_142","BARBAKC583_RS00765","BARBAKC583_0155",NA,"thiamine phosphate synthase","WP_005765953.1","166422..167099","+",678,FALSE,"",TRUE,TRUE,TRUE,FALSE,"",1654.5,2394.7,828.9,517,608.5,126.5,-0.216,0.656,0.27,0.536,-0.195,0.394,0.654,0.0606
"lcl|NC_008783.1_cds_WP_005765954.1_143","BARBAKC583_RS00770","BARBAKC583_0156",NA,"tetratricopeptide repeat protein","WP_005765954.1","167096..168199","+",1104,FALSE,"",TRUE,TRUE,TRUE,FALSE,"",463,425.5,188.2,164.4,168.9,54.2,-0.366,0.44,0.039,0.933,-0.149,0.528,0.549,0.124
"lcl|NC_008783.1_cds_WP_005765956.1_144","BARBAKC583_RS00775","BARBAKC583_0158","efp","elongation factor P","WP_005765956.1","168871..169443","+",573,FALSE,"",TRUE,TRUE,TRUE,FALSE,"Traduccion",313.8,403.7,348.7,214.8,254.4,340.4,0.566,0.00302,0.54,0.0051,0.007,0.981,-0.578,0.00201
"lcl|NC_008783.1_cds_WP_005765958.1_145","BARBAKC583_RS00780","BARBAKC583_0159",NA,"inositol monophosphatase family protein","WP_005765958.1","169447..170238","+",792,FALSE,"",TRUE,TRUE,TRUE,FALSE,"",132.7,89.1,100.1,98.6,80.2,58.3,0.017,0.958,-0.239,0.465,0.156,0.557,0.594,0.0541
"lcl|NC_008783.1_cds_WP_005765960.1_146","BARBAKC583_RS00785","BARBAKC583_0160",NA,"ABC transporter transmembrane domain-containing protein","WP_005765960.1","complement(170500..172320)","-",1821,FALSE,"",TRUE,TRUE,TRUE,FALSE,"TranspABC",115.1,122.4,93.7,76.3,87.6,90.6,0.104,0.638,0.256,0.301,-0.088,0.737,-0.181,0.524
"lcl|NC_008783.1_cds_WP_005765962.1_147","BARBAKC583_RS00800","BARBAKC583_0161","rpmE","50S ribosomal protein L31","WP_005765962.1","172494..172715","+",222,FALSE,"",TRUE,TRUE,TRUE,FALSE,"Ribosoma",3198.8,3479.2,2834.8,2688.9,4549.6,1787.1,0.192,0.377,0.268,0.266,-0.034,0.909,0.532,0.0277
"lcl|NC_008783.1_cds_WP_005765964.1_148","BARBAKC583_RS00805","BARBAKC583_0163",NA,"YebC/PmpR family DNA-binding transcriptional regulator","WP_005765964.1","complement(173273..174019)","-",747,FALSE,"",TRUE,TRUE,TRUE,FALSE,"",498.9,401.8,695.6,460.3,407.7,586.9,0.75,0.0243,-0.071,0.837,0.588,0.036,-0.227,0.524
"lcl|NC_008783.1_cds_WP_005765971.1_149","BARBAKC583_RS00810","BARBAKC583_0164",NA,"DUF1013 domain-containing protein","WP_005765971.1","174562..175263","+",702,FALSE,"",TRUE,TRUE,TRUE,FALSE,"",915.2,733.3,907.9,970.4,735.1,1255.8,0.349,0.143,-0.081,0.762,0.333,0.136,-0.288,0.282
"lcl|NC_008783.1_cds_WP_005765972.1_150","BARBAKC583_RS00815","BARBAKC583_0165","pal","peptidoglycan-associated lipoprotein Pal","WP_005765972.1","175581..176105","+",525,FALSE,"",TRUE,TRUE,TRUE,FALSE,"",952.3,434.2,626.9,455,355.3,993.3,-0.108,0.716,-0.745,0.0149,0.408,0.112,-0.841,0.00363
"lcl|NC_008783.1_cds_WP_080512684.1_151","BARBAKC583_RS07200","BARBAKC583_0167",NA,"tRNA lysidine(34) synthetase","WP_080512684.1","177440..179143","+",1704,FALSE,"",TRUE,TRUE,TRUE,FALSE,"Traduccion",127,97.1,81.5,153.5,219.9,72,-0.137,0.459,-0.133,0.562,-0.021,0.939,1.004,7.08e-07
"lcl|NC_008783.1_cds_WP_005765977.1_152","BARBAKC583_RS00835","BARBAKC583_0168","ftsH","ATP-dependent zinc metalloprotease FtsH","WP_005765977.1","179267..181561","+",2295,FALSE,"",TRUE,TRUE,TRUE,FALSE,"",1788.9,1609.9,1464.4,2700.4,2691.1,2051.9,0.095,0.689,0.051,0.855,0.041,0.888,0.354,0.198
"lcl|NC_008783.1_cds_WP_005765980.1_153","BARBAKC583_RS00845","BARBAKC583_0171","glmM","phosphoglucosamine mutase","WP_005765980.1","182309..183661","+",1353,FALSE,"",TRUE,TRUE,TRUE,FALSE,"",193.4,129.8,156.9,185,193.5,244.4,0.086,0.589,-0.33,0.0954,0.375,0.0486,-0.335,0.098
"lcl|NC_008783.1_cds_WP_005765983.1_154","BARBAKC583_RS00855","BARBAKC583_0173",NA,"MotA/TolQ/ExbB proton channel family protein","WP_005765983.1","184498..185469","+",972,FALSE,"",TRUE,TRUE,TRUE,FALSE,"",1457.8,975.9,618.6,1400.7,1165.9,1149.1,-0.75,0.000218,-0.32,0.124,-0.297,0.139,0.287,0.198
"lcl|NC_008783.1_cds_WP_005765984.1_155","BARBAKC583_RS00860","BARBAKC583_0174",NA,"biopolymer transporter ExbD","WP_005765984.1","185469..185927","+",459,FALSE,"",TRUE,TRUE,TRUE,FALSE,"",511.5,637,405.2,418.9,406.7,187.1,0.067,0.744,0.465,0.0475,-0.27,0.231,1.048,2.06e-06
"lcl|NC_008783.1_cds_WP_005765991.1_156","BARBAKC583_RS00875","BARBAKC583_0178","dut","dUTP diphosphatase","WP_005765991.1","complement(187140..187694)","-",555,FALSE,"",TRUE,TRUE,TRUE,FALSE,"",588.5,281.4,401,600.9,391.2,1283,-0.081,0.749,-0.725,0.00714,0.456,0.0612,-0.878,0.000587
"lcl|NC_008783.1_cds_WP_005766000.1_157","BARBAKC583_RS00885","BARBAKC583_0180",NA,"VIT1/CCC1 transporter family protein","WP_005766000.1","complement(188775..189578)","-",804,FALSE,"",TRUE,TRUE,TRUE,FALSE,"",3551.8,6637.9,5142.5,3849.9,7418.3,4376.6,0.789,0.0275,0.857,0.0137,-0.048,0.868,-0.102,0.805
"lcl|NC_008783.1_cds_WP_005766002.1_158","BARBAKC583_RS00890","BARBAKC583_0182",NA,"disulfide bond formation protein B","WP_005766002.1","complement(190035..190607)","-",573,FALSE,"",TRUE,TRUE,TRUE,FALSE,"",81.8,44.3,55.7,59.1,47.6,68.8,-0.091,0.833,-0.402,0.299,0.147,0.579,-0.1,0.823
"lcl|NC_008783.1_cds_WP_005766004.1_159","BARBAKC583_RS00895","BARBAKC583_0183",NA,"YqaA family protein","WP_005766004.1","complement(190620..191240)","-",621,FALSE,"",TRUE,TRUE,TRUE,FALSE,"",171.3,161.3,148.9,83.8,132.6,174.1,0.15,0.49,0.089,0.742,0.058,0.834,-0.882,0.000144
"lcl|NC_008783.1_cds_BARBAKC583_RS06735_160","BARBAKC583_RS06735",NA,NA,"hypothetical protein",NA,"complement(192709..>192927)","-",219,TRUE,"",TRUE,TRUE,FALSE,FALSE,"Hipotetica",3.8,0,0,3.8,10.2,13.2,-0.382,0.247,-0.252,0.366,0,NA,-0.194,0.455
"lcl|NC_008783.1_cds_WP_005766008.1_161","BARBAKC583_RS00910","BARBAKC583_0186",NA,"hypothetical protein","WP_005766008.1","complement(192958..193590)","-",633,FALSE,"",TRUE,TRUE,TRUE,FALSE,"Hipotetica",44.3,7.7,8.8,37.3,160.6,96,-1.675,6.08e-07,-1.845,4.61e-07,0.079,0.788,-1.067,0.000112
"lcl|NC_008783.1_cds_WP_005766010.1_162","BARBAKC583_RS00915","BARBAKC583_0187",NA,"toprim domain-containing protein","WP_005766010.1","complement(193655..196021)","-",2367,FALSE,"",TRUE,TRUE,TRUE,FALSE,"",56.6,5.9,8,65,191,107.3,-2.11,1.39e-09,-2.722,2.03e-13,0.295,0.277,-0.498,0.124
"lcl|NC_008783.1_cds_WP_005766021.1_163","BARBAKC583_RS00920","BARBAKC583_0188",NA,"YdaU family protein","WP_005766021.1","complement(196797..197813)","-",1017,FALSE,"",TRUE,TRUE,TRUE,FALSE,"",64,7.1,10.9,60.9,199.6,100.4,-1.806,5.85e-07,-2.463,3.69e-10,0.295,0.28,-0.49,0.136
"lcl|NC_008783.1_cds_WP_005766023.1_164","BARBAKC583_RS00925","BARBAKC583_0190",NA,"hypothetical protein","WP_005766023.1","197896..198225","+",330,FALSE,"",TRUE,TRUE,TRUE,FALSE,"Hipotetica",4.7,5.1,4,3,1.7,3.5,0.02,0.968,0.02,0.968,-0.001,NA,-0.035,0.913
"lcl|NC_008783.1_cds_WP_005766025.1_165","BARBAKC583_RS00930","BARBAKC583_0192",NA,"hypothetical protein","WP_005766025.1","198720..199034","+",315,FALSE,"",TRUE,TRUE,TRUE,FALSE,"Hipotetica",206.6,160.2,105.8,129.2,177.2,205.4,-0.41,0.201,-0.102,0.767,-0.169,0.531,-0.479,0.131
"lcl|NC_008783.1_cds_WP_005766027.1_166","BARBAKC583_RS00935","BARBAKC583_0193",NA,"hypothetical protein","WP_005766027.1","199345..199758","+",414,FALSE,"",TRUE,TRUE,TRUE,FALSE,"Hipotetica",236.2,58.6,63.6,303,904.2,563.9,-1.195,0.000631,-1.5,4.28e-05,0.14,0.599,-0.624,0.0504
"lcl|NC_008783.1_cds_WP_005766029.1_167","BARBAKC583_RS00945","BARBAKC583_0194",NA,"hypothetical protein","WP_005766029.1","199764..199952","+",189,FALSE,"",TRUE,TRUE,TRUE,FALSE,"Hipotetica",4.6,0.7,0,13.6,24,20.6,-0.377,0.272,-0.134,0.688,-0.05,NA,-0.086,0.797
"lcl|NC_008783.1_cds_WP_005766030.1_168","BARBAKC583_RS00950","BARBAKC583_0195",NA,"hypothetical protein","WP_005766030.1","199958..200158","+",201,FALSE,"",TRUE,TRUE,TRUE,FALSE,"Hipotetica",1.2,0,0,2.8,9.6,5.1,-0.131,0.647,-0.073,0.761,0,NA,-0.041,0.844
"lcl|NC_008783.1_cds_WP_005766031.1_169","BARBAKC583_RS00965","BARBAKC583_0196",NA,"lambda exonuclease family protein","WP_005766031.1","200567..201226","+",660,FALSE,"",TRUE,TRUE,TRUE,FALSE,"",36.2,7.6,10.3,63.1,109.8,56.1,-0.992,0.0135,-1.35,0.00142,0.149,0.574,0.131,0.76
"lcl|NC_008783.1_cds_WP_005766033.1_170","BARBAKC583_RS06935","BARBAKC583_0200",NA,"hypothetical protein","WP_005766033.1","202405..202575","+",171,FALSE,"",TRUE,TRUE,TRUE,FALSE,"Hipotetica",335.8,690.6,768.2,360.8,895.7,318.5,1.058,0.0248,0.698,0.0974,0.078,0.775,0.091,0.842
"lcl|NC_008783.1_cds_WP_005766034.1_171","BARBAKC583_RS00975","BARBAKC583_0201","murA","UDP-N-acetylglucosamine 1-carboxyvinyltransferase","WP_005766034.1","202726..204021","+",1296,FALSE,"",TRUE,TRUE,TRUE,FALSE,"",125.2,155.8,192.8,137.3,194.4,152.7,0.984,3.27e-05,0.459,0.0583,0.338,0.127,-0.101,0.746
"lcl|NC_008783.1_cds_WP_005766036.1_172","BARBAKC583_RS00980","BARBAKC583_0202",NA,"TIGR00282 family metallophosphoesterase","WP_005766036.1","complement(204599..205447)","-",849,FALSE,"",TRUE,TRUE,TRUE,FALSE,"",179.7,104,78.9,143.1,197.5,120.1,-0.644,0.0344,-0.447,0.133,-0.084,0.763,0.22,0.51
"lcl|NC_008783.1_cds_WP_005766037.1_173","BARBAKC583_RS00985","BARBAKC583_0203",NA,"5-formyltetrahydrofolate cyclo-ligase","WP_005766037.1","complement(205450..206088)","-",639,FALSE,"",TRUE,TRUE,TRUE,FALSE,"",304.9,162.3,160.8,447,480,262.2,-0.367,0.242,-0.527,0.0963,0.08,0.784,0.599,0.0533
"lcl|NC_008783.1_cds_WP_005766038.1_174","BARBAKC583_RS00990","BARBAKC583_0204",NA,"tetratricopeptide repeat protein","WP_005766038.1","complement(207002..207853)","-",852,FALSE,"",TRUE,TRUE,TRUE,FALSE,"",215.3,72.3,81.5,94.4,93,144,-0.84,0.00707,-1.138,0.000268,0.165,0.532,-0.441,0.152
"lcl|NC_008783.1_cds_WP_005766039.1_175","BARBAKC583_RS06745","BARBAKC583_0205","ykgO","type B 50S ribosomal protein L36","WP_005766039.1","complement(208027..208152)","-",126,FALSE,"",TRUE,TRUE,TRUE,FALSE,"Ribosoma",1870.3,718.4,1165.5,945.2,922.6,1024.7,-0.139,0.763,-0.652,0.112,0.228,0.387,-0.04,0.92
"lcl|NC_008783.1_cds_WP_005766040.1_176","BARBAKC583_RS01015","BARBAKC583_0208",NA,"5-(carboxyamino)imidazole ribonucleotide synthase","WP_005766040.1","complement(209516..210667)","-",1152,FALSE,"",TRUE,TRUE,TRUE,FALSE,"",283.5,304.2,365.1,283.2,246.3,138.6,0.755,0.000908,0.268,0.25,0.322,0.132,0.933,1.96e-05
"lcl|NC_008783.1_cds_WP_005766045.1_177","BARBAKC583_RS01020","BARBAKC583_0209","purE","5-(carboxyamino)imidazole ribonucleotide mutase","WP_005766045.1","complement(210676..211173)","-",498,FALSE,"",TRUE,TRUE,TRUE,FALSE,"",848.2,1922.6,1875.9,1039.6,1389.9,496.1,1.366,6.85e-05,1.148,0.000739,0.075,0.8,0.803,0.0107
"lcl|NC_008783.1_cds_WP_005766051.1_178","BARBAKC583_RS01045","BARBAKC583_0211","infA","translation initiation factor IF-1","WP_005766051.1","212182..212400","+",219,FALSE,"",TRUE,TRUE,TRUE,FALSE,"Traduccion",1119.1,539.4,446.9,677,744.9,826.7,-0.71,0.0389,-0.642,0.0539,-0.01,0.976,-0.183,0.631
"lcl|NC_008783.1_cds_WP_005766053.1_179","BARBAKC583_RS01050","BARBAKC583_0212",NA,"Maf family protein","WP_005766053.1","212877..213539","+",663,FALSE,"",TRUE,TRUE,TRUE,FALSE,"",133.2,290.8,289.4,118.3,217.4,118.8,1.466,2.17e-08,1.231,4.01e-06,0.116,0.648,0.021,0.949
"lcl|NC_008783.1_cds_WP_005766055.1_180","BARBAKC583_RS01055","BARBAKC583_0213","yacG","DNA gyrase inhibitor YacG","WP_005766055.1","213698..213880","+",183,FALSE,"",TRUE,TRUE,TRUE,FALSE,"",183.7,339.1,466.5,396.2,444.2,147.6,1.535,1.95e-05,0.851,0.0158,0.291,0.28,1.062,0.000742
"lcl|NC_008783.1_cds_WP_005766061.1_181","BARBAKC583_RS01060","BARBAKC583_0216","clpB","ATP-dependent chaperone ClpB","WP_005766061.1","214858..217458","+",2601,FALSE,"",TRUE,TRUE,TRUE,FALSE,"Chaperona",253.9,303.4,2173.5,638.7,709.6,416.5,3.305,4.75e-25,0.357,0.244,2.884,5.34e-18,0.493,0.111
"lcl|NC_008783.1_cds_WP_005766062.1_182","BARBAKC583_RS01065","BARBAKC583_0217",NA,"hypothetical protein","WP_005766062.1","217705..217902","+",198,FALSE,"",TRUE,TRUE,TRUE,FALSE,"Hipotetica",0.7,0.7,14.5,17.5,20.8,27.1,0.781,0.0525,0.046,0.89,0.188,NA,-0.115,0.752
"lcl|NC_008783.1_cds_BARBAKC583_RS07205_183","BARBAKC583_RS07205",NA,NA,"hypothetical protein",NA,"<218284..218487","+",204,TRUE,"",TRUE,TRUE,FALSE,FALSE,"Hipotetica",0.6,4,5.2,3.4,1.7,3.6,0.26,0.419,0.09,0.745,0.035,NA,-0.002,0.994
"lcl|NC_008783.1_cds_WP_005766064.1_184","BARBAKC583_RS01070","BARBAKC583_0219",NA,"hypothetical protein","WP_005766064.1","218734..218949","+",216,FALSE,"",TRUE,TRUE,TRUE,FALSE,"Hipotetica",58.1,134.6,263.4,407.1,400.6,421.4,2.215,3.25e-06,0.984,0.0215,0.449,0.107,-0.013,0.974
"lcl|NC_008783.1_cds_BARBAKC583_RS06765_185","BARBAKC583_RS06765",NA,NA,"AAA family ATPase",NA,"<219198..219532","+",335,TRUE,"",TRUE,TRUE,FALSE,FALSE,"",17.7,47.3,45.3,11.4,21.6,10.3,1.362,0.0034,1.099,0.0134,0.047,0.868,0.085,0.852
"lcl|NC_008783.1_cds_WP_011807288.1_186","BARBAKC583_RS01085","BARBAKC583_0221",NA,"hypothetical protein","WP_011807288.1","219843..220043","+",201,FALSE,"",TRUE,TRUE,TRUE,FALSE,"Hipotetica",146.2,384.6,864.9,225.1,187.1,333.4,2.75,1.83e-17,1.342,5.6e-05,1.06,0.000401,-0.414,0.182
"lcl|NC_008783.1_cds_BARBAKC583_RS07210_187","BARBAKC583_RS07210",NA,NA,"hypothetical protein",NA,"<220414..>220515","+",102,TRUE,"",TRUE,TRUE,FALSE,FALSE,"Hipotetica",0,0,0,0,0,0,0,NA,0,NA,0,NA,0,NA
"lcl|NC_008783.1_cds_WP_172952858.1_188","BARBAKC583_RS06940","BARBAKC583_0224",NA,"hypothetical protein","WP_172952858.1","220943..221089","+",147,FALSE,"",TRUE,TRUE,TRUE,FALSE,"Hipotetica",20791.1,5319.1,6881.9,45712,26924.8,19793.4,-0.923,0.0103,-1.459,7.03e-05,0.251,0.357,0.878,0.00648
"lcl|NC_008783.1_cds_WP_011807291.1_189","BARBAKC583_RS01090","BARBAKC583_0226",NA,"hypothetical protein","WP_011807291.1","223488..223844","+",357,FALSE,"",TRUE,TRUE,TRUE,FALSE,"Hipotetica",5088.2,15034.5,18329.6,5367,12687.6,6763.5,2.176,1.02e-18,1.661,5.37e-11,0.315,0.172,-0.255,0.367
"lcl|NC_008783.1_cds_WP_035453325.1_190","BARBAKC583_RS01095","BARBAKC583_0227",NA,"PBSX family phage terminase large subunit","WP_035453325.1","224891..226216","+",1326,FALSE,"",TRUE,TRUE,TRUE,FALSE,"",192,71.1,57.1,181.1,595.5,265.1,-0.974,0.0165,-0.823,0.0335,-0.029,0.927,-0.307,0.43
"lcl|NC_008783.1_cds_WP_011807293.1_191","BARBAKC583_RS01105","BARBAKC583_0228",NA,"portal protein","WP_011807293.1","226952..228838","+",1887,FALSE,"",TRUE,TRUE,TRUE,FALSE,"",300.5,57.9,48.8,390.1,1266.3,564.4,-1.818,4.46e-06,-1.772,1.19e-05,-0.009,0.98,-0.317,0.401
"lcl|NC_008783.1_cds_WP_005766082.1_192","BARBAKC583_RS01110","BARBAKC583_0229",NA,"hypothetical protein","WP_005766082.1","229424..230368","+",945,FALSE,"",TRUE,TRUE,TRUE,FALSE,"Hipotetica",175.4,33.1,22.6,178.5,446.6,272.9,-2.248,6.86e-11,-1.895,8.86e-08,-0.136,0.603,-0.422,0.197
"lcl|NC_008783.1_cds_WP_005766084.1_193","BARBAKC583_RS01115","BARBAKC583_0230",NA,"N4-gp56 family major capsid protein","WP_005766084.1","230650..231825","+",1176,FALSE,"",TRUE,TRUE,TRUE,FALSE,"",546.6,56.9,51.7,800.2,2816.9,1970.8,-2.658,9.38e-13,-2.678,1.54e-12,0.026,0.935,-0.891,0.00555
"lcl|NC_008783.1_cds_BARBAKC583_RS07005_194","BARBAKC583_RS07005",NA,NA,"hypothetical protein",NA,"<232907..233227","+",321,TRUE,"",TRUE,TRUE,FALSE,FALSE,"Hipotetica",83.2,7.5,11.6,130.6,369.3,252.4,-1.719,0.000249,-2.016,6.85e-05,0.106,0.678,-0.524,0.153
"lcl|NC_008783.1_cds_WP_005766089.1_195","BARBAKC583_RS01140","BARBAKC583_0233",NA,"hypothetical protein","WP_005766089.1","233396..234859","+",1464,FALSE,"",TRUE,TRUE,TRUE,FALSE,"Hipotetica",92.6,15.5,14.4,140.6,367.4,200.1,-1.931,2.33e-07,-2.004,2.52e-07,0.035,0.911,-0.323,0.374
"lcl|NC_008783.1_cds_WP_005766090.1_196","BARBAKC583_RS07170","BARBAKC583_0234",NA,"hypothetical protein","WP_005766090.1","234856..235890","+",1035,FALSE,"",TRUE,TRUE,TRUE,FALSE,"Hipotetica",31.6,7.1,4,81.5,181.9,110.8,-1.858,9.79e-05,-1.257,0.00511,-0.134,0.599,-0.214,0.611
"lcl|NC_008783.1_cds_WP_005766092.1_197","BARBAKC583_RS01155","BARBAKC583_0235",NA,"tail fiber domain-containing protein","WP_005766092.1","235887..237065","+",1179,FALSE,"",TRUE,TRUE,TRUE,FALSE,"",186.7,48.2,38.9,269.7,862.6,674.7,-1.675,5.89e-10,-1.564,2.18e-08,-0.049,0.861,-1.087,1.65e-05
"lcl|NC_008783.1_cds_WP_005766093.1_198","BARBAKC583_RS01160","BARBAKC583_0236",NA,"hypothetical protein","WP_005766093.1","237065..237259","+",195,FALSE,"",TRUE,TRUE,TRUE,FALSE,"Hipotetica",0.7,0,0,3.1,10.4,2.1,-0.068,0.799,-0.029,0.892,0,NA,0.017,0.913
"lcl|NC_008783.1_cds_WP_005766094.1_199","BARBAKC583_RS01165","BARBAKC583_0237",NA,"hypothetical protein","WP_005766094.1","237259..237453","+",195,FALSE,"",TRUE,TRUE,TRUE,FALSE,"Hipotetica",3,0,1.1,0,5.3,4.5,-0.022,0.921,-0.043,0.794,0.007,NA,-0.071,0.522
"lcl|NC_008783.1_cds_WP_005766095.1_200","BARBAKC583_RS01175","BARBAKC583_0238",NA,"phage tail protein","WP_005766095.1","237453..238424","+",972,FALSE,"",TRUE,TRUE,TRUE,FALSE,"",138.4,30,35.4,218.9,686,470,-1.424,9.09e-10,-1.875,8.38e-14,0.279,0.239,-0.945,1.34e-05
"lcl|NC_008783.1_cds_WP_005766096.1_201","BARBAKC583_RS01180","BARBAKC583_0239",NA,"hypothetical protein","WP_005766096.1","238814..239101","+",288,FALSE,"",TRUE,TRUE,TRUE,FALSE,"Hipotetica",122,35.4,32.4,135.8,372.6,237.8,-1.235,0.000338,-1.075,0.00215,-0.035,0.911,-0.597,0.0462
"lcl|NC_008783.1_cds_WP_005766097.1_202","BARBAKC583_RS01185","BARBAKC583_0240",NA,"lysozyme","WP_005766097.1","239158..239820","+",663,FALSE,"",TRUE,TRUE,TRUE,FALSE,"",370.2,598.3,414.2,357.3,872.6,326.5,0.387,0.323,0.584,0.124,-0.087,0.755,0.091,0.839
"lcl|NC_008783.1_cds_WP_005766098.1_203","BARBAKC583_RS01190","BARBAKC583_0241",NA,"hypothetical protein","WP_005766098.1","239817..240068","+",252,FALSE,"",TRUE,TRUE,TRUE,FALSE,"Hipotetica",117.5,80.2,129.6,130.6,362.5,107.9,0.348,0.419,-0.164,0.708,0.248,0.352,0.156,0.73
"lcl|NC_008783.1_cds_WP_005766099.1_204","BARBAKC583_RS06945","BARBAKC583_0242",NA,"hypothetical protein","WP_005766099.1","240061..240201","+",141,FALSE,"",TRUE,TRUE,TRUE,FALSE,"Hipotetica",60.4,39.2,14.4,64.5,201.9,79.9,-0.481,0.294,-0.074,0.866,-0.111,0.564,-0.081,0.846
"lcl|NC_008783.1_cds_WP_005766101.1_205","BARBAKC583_RS01195","BARBAKC583_0243",NA,"hypothetical protein","WP_005766101.1","240712..241098","+",387,FALSE,"",TRUE,TRUE,TRUE,FALSE,"Hipotetica",317.1,360.6,247.5,253.6,326.5,219.5,0.06,0.82,0.321,0.244,-0.161,0.531,0.191,0.54
"lcl|NC_008783.1_cds_WP_005766108.1_206","BARBAKC583_RS01215","BARBAKC583_0247",NA,"DUF4167 domain-containing protein","WP_005766108.1","242345..242995","+",651,FALSE,"",TRUE,TRUE,TRUE,FALSE,"",2127.6,3450.9,3668.6,1594.3,3634.1,1976.2,1.109,4.97e-05,0.782,0.00403,0.161,0.531,-0.23,0.455
"lcl|NC_008783.1_cds_WP_005766110.1_207","BARBAKC583_RS01220","BARBAKC583_0248",NA,"hypothetical protein","WP_005766110.1","complement(243152..243667)","-",516,FALSE,"",TRUE,TRUE,TRUE,FALSE,"Hipotetica",496.5,311.9,217.8,448.9,355.8,543.9,-0.641,0.0303,-0.347,0.236,-0.144,0.581,-0.193,0.56
"lcl|NC_008783.1_cds_WP_035453319.1_208","BARBAKC583_RS01225","BARBAKC583_0249",NA,"sensor histidine kinase","WP_035453319.1","complement(243884..244891)","-",1008,FALSE,"",TRUE,TRUE,TRUE,FALSE,"",192,171.1,73.5,32.9,160.1,191.4,-0.847,0.00211,0.039,0.898,-0.73,0.00539,-2.288,6.06e-18
"lcl|NC_008783.1_cds_WP_005766115.1_209","BARBAKC583_RS01230","BARBAKC583_0250",NA,"response regulator","WP_005766115.1","complement(244912..245706)","-",795,FALSE,"",TRUE,TRUE,TRUE,FALSE,"",77.2,9.3,15.5,18.3,14.5,48.4,-1.391,0.0018,-2.149,9.71e-06,0.259,0.335,-0.756,0.0363
"lcl|NC_008783.1_cds_WP_005766118.1_210","BARBAKC583_RS01235","BARBAKC583_0251",NA,"NepR family anti-sigma factor","WP_005766118.1","245912..246151","+",240,FALSE,"",TRUE,TRUE,TRUE,FALSE,"",154.3,85.8,84,119.8,211.4,107.4,-0.254,0.482,-0.364,0.316,0.054,0.852,0.124,0.773
"lcl|NC_008783.1_cds_WP_005766130.1_211","BARBAKC583_RS01245","BARBAKC583_0255",NA,"sensor histidine kinase","WP_005766130.1","247061..248503","+",1443,FALSE,"",TRUE,TRUE,TRUE,FALSE,"",119.6,101.1,99.5,75.1,156.3,94.1,0.12,0.647,-0.012,0.973,0.098,0.719,-0.233,0.458
"lcl|NC_008783.1_cds_WP_005766132.1_212","BARBAKC583_RS01250","BARBAKC583_0256",NA,"M23 family metallopeptidase","WP_005766132.1","complement(248644..250584)","-",1941,FALSE,"",TRUE,TRUE,TRUE,FALSE,"",626.7,937.8,585.5,472.5,742.4,258.8,0.243,0.426,0.626,0.0475,-0.2,0.45,0.671,0.0285
"lcl|NC_008783.1_cds_BARBAKC583_RS01255_213","BARBAKC583_RS01255",NA,NA,"transcriptional repressor",NA,"complement(<250713..250865)","-",153,TRUE,"",TRUE,TRUE,FALSE,FALSE,"",0,0,0,0,0,0,0,NA,0,NA,0,NA,0,NA
"lcl|NC_008783.1_cds_WP_005766136.1_214","BARBAKC583_RS01295","BARBAKC583_0264",NA,"hypothetical protein","WP_005766136.1","258644..259111","+",468,FALSE,"",TRUE,TRUE,TRUE,FALSE,"Hipotetica",0,0,3.5,4.4,7.6,7.4,0.675,0.0423,0,1,0.149,0.15,-0.073,0.797
"lcl|NC_008783.1_cds_WP_005766138.1_215","BARBAKC583_RS01300","BARBAKC583_0265",NA,"helix-turn-helix domain-containing protein","WP_005766138.1","complement(259768..260124)","-",357,FALSE,"",TRUE,TRUE,TRUE,FALSE,"",143.7,165.8,108.8,65.2,130.8,142.6,0.02,0.943,0.319,0.263,-0.192,0.455,-0.895,0.000761
"lcl|NC_008783.1_cds_WP_005766141.1_216","BARBAKC583_RS01305","BARBAKC583_0266",NA,"type II toxin-antitoxin system HigB family toxin","WP_005766141.1","complement(260121..260396)","-",276,FALSE,"",TRUE,TRUE,TRUE,FALSE,"",118.5,79.8,48,31,59.6,44.6,-0.617,0.118,-0.199,0.62,-0.17,0.531,-0.289,0.458
"lcl|NC_008783.1_cds_WP_005766146.1_217","BARBAKC583_RS01315","BARBAKC583_0271",NA,"phosphoserine transaminase","WP_005766146.1","261267..262427","+",1161,FALSE,"",TRUE,TRUE,TRUE,FALSE,"",59.2,91,74.4,47.1,82.7,60.4,0.706,0.00548,0.72,0.00425,-0.026,0.932,-0.275,0.318
"lcl|NC_008783.1_cds_WP_225866728.1_218","BARBAKC583_RS07215",NA,NA,"helix-turn-helix domain-containing transcriptional regulator","WP_225866728.1","262691..262858","+",168,FALSE,"",TRUE,TRUE,TRUE,FALSE,"",15.4,14.3,20.5,11,41.8,45.9,0.284,0.548,0.051,0.904,0.064,NA,-0.545,0.106
"lcl|NC_008783.1_cds_WP_005766149.1_219","BARBAKC583_RS01325","BARBAKC583_0273",NA,"recombinase family protein","WP_005766149.1","complement(263748..264416)","-",669,FALSE,"",TRUE,TRUE,TRUE,FALSE,"",81.5,125.2,148.2,55.4,75.6,54.4,1.215,2.36e-06,0.735,0.00503,0.273,0.257,0.048,0.887
"lcl|NC_008783.1_cds_WP_005766151.1_220","BARBAKC583_RS01330","BARBAKC583_0274",NA,"AbrB/MazE/SpoVT family DNA-binding domain-containing protein","WP_005766151.1","264605..264856","+",252,FALSE,"",TRUE,TRUE,TRUE,FALSE,"",154.3,1085.5,2047.2,257.4,709.5,198.6,3.81,7.2e-20,2.626,2.24e-10,0.548,0.0597,0.254,0.51
"lcl|NC_008783.1_cds_WP_005766153.1_221","BARBAKC583_RS01335","BARBAKC583_0275",NA,"type II toxin-antitoxin system VapC family toxin","WP_005766153.1","264853..265251","+",399,FALSE,"",TRUE,TRUE,TRUE,FALSE,"",148.7,601.5,1427.1,233.7,406.1,147.4,3.531,1.16e-31,2.066,2.59e-11,1.178,4.67e-05,0.543,0.0638
"lcl|NC_008783.1_cds_WP_005766155.1_222","BARBAKC583_RS01340","BARBAKC583_0276",NA,"helix-turn-helix domain-containing transcriptional regulator","WP_005766155.1","complement(265664..265966)","-",303,FALSE,"",TRUE,TRUE,TRUE,FALSE,"",700.3,3053.6,4651.6,433.9,1932,897.6,2.941,4e-18,2.104,9.3e-10,0.438,0.0978,-0.75,0.0157
"lcl|NC_008783.1_cds_WP_005766157.1_223","BARBAKC583_RS01345","BARBAKC583_0277",NA,"type II toxin-antitoxin system RelE/ParE family toxin","WP_005766157.1","complement(265997..266320)","-",324,FALSE,"",TRUE,TRUE,TRUE,FALSE,"",3464.2,8530.2,12147.3,2617.5,9387.8,3826.4,1.815,2.45e-05,1.079,0.00749,0.24,0.38,-0.297,0.448
"lcl|NC_008783.1_cds_WP_005766159.1_224","BARBAKC583_RS01350","BARBAKC583_0278",NA,"hypothetical protein","WP_005766159.1","266629..266934","+",306,FALSE,"",TRUE,TRUE,TRUE,FALSE,"Hipotetica",887.6,3864.3,2771.4,1230.3,2337.3,681,1.867,2.63e-08,2.099,9.3e-10,-0.1,0.719,0.648,0.0382
"lcl|NC_008783.1_cds_WP_225866729.1_225","BARBAKC583_RS01355","BARBAKC583_0279",NA,"hypothetical protein","WP_225866729.1","266982..267236","+",255,FALSE,"",TRUE,TRUE,TRUE,FALSE,"Hipotetica",190.7,444.7,515.4,290.3,408.1,104.9,1.708,2.23e-07,1.243,0.000176,0.2,0.45,1.149,0.000125
"lcl|NC_008783.1_cds_WP_011807302.1_226","BARBAKC583_RS01360","BARBAKC583_0280",NA,"hypothetical protein","WP_011807302.1","267431..267664","+",234,FALSE,"",TRUE,TRUE,TRUE,FALSE,"Hipotetica",36.6,42.8,58.3,7.6,19,16.1,0.598,0.202,0.187,0.677,0.125,0.599,-0.352,0.349
"lcl|NC_008783.1_cds_WP_005766168.1_227","BARBAKC583_RS01365","BARBAKC583_0281",NA,"hypothetical protein","WP_005766168.1","complement(267730..268002)","-",273,FALSE,"",TRUE,TRUE,TRUE,FALSE,"Hipotetica",518.6,750.6,573.4,218.8,544.9,212.7,0.466,0.143,0.587,0.0644,-0.065,0.822,0.05,0.896
"lcl|NC_008783.1_cds_WP_005766170.1_228","BARBAKC583_RS01370","BARBAKC583_0283",NA,"ParA family protein","WP_005766170.1","complement(268002..268688)","-",687,FALSE,"",TRUE,TRUE,TRUE,FALSE,"",116.7,217,221,106,203,70.2,1.251,8.55e-06,0.978,0.000531,0.125,0.628,0.499,0.0793
"lcl|NC_008783.1_cds_WP_146075923.1_229","BARBAKC583_RS01375","BARBAKC583_0284",NA,"hypothetical protein","WP_146075923.1","complement(269035..269274)","-",240,FALSE,"",TRUE,TRUE,TRUE,FALSE,"Hipotetica",105.9,203.9,77,46.4,87.6,53.8,-0.015,0.968,0.807,0.0259,-0.563,0.0539,-0.115,0.791
"lcl|NC_008783.1_cds_WP_005766179.1_230","BARBAKC583_RS01380","BARBAKC583_0285",NA,"adenylosuccinate synthase","WP_005766179.1","269682..270971","+",1290,FALSE,"",TRUE,TRUE,TRUE,FALSE,"",172.4,208.9,163.9,211.7,337.9,515.3,0.283,0.241,0.422,0.0974,-0.074,0.792,-1.079,6.49e-06
"lcl|NC_008783.1_cds_WP_005766181.1_231","BARBAKC583_RS01385","BARBAKC583_0286",NA,"hypothetical protein","WP_005766181.1","271223..272722","+",1500,FALSE,"",TRUE,TRUE,TRUE,FALSE,"Hipotetica",252.9,265.6,182.7,140.1,161.9,124.3,-0.017,0.92,0.245,0.218,-0.217,0.306,0.182,0.426
"lcl|NC_008783.1_cds_WP_005766182.1_232","BARBAKC583_RS01390","BARBAKC583_0287","rpoH","RNA polymerase sigma factor RpoH","WP_005766182.1","complement(272773..273684)","-",912,FALSE,"",TRUE,TRUE,TRUE,FALSE,"",11290.8,22391.6,27941.1,15319.3,20141.4,4848.7,1.323,0.00199,0.793,0.0451,0.158,0.557,1.012,0.00438
"lcl|NC_008783.1_cds_WP_005766184.1_233","BARBAKC583_RS01395","BARBAKC583_0288",NA,"RluA family pseudouridine synthase","WP_005766184.1","complement(273827..274837)","-",1011,FALSE,"",TRUE,TRUE,TRUE,FALSE,"",294.2,467,391.7,242.1,441.2,199.2,0.689,0.0471,0.673,0.0453,-0.011,0.973,0.218,0.557
"lcl|NC_008783.1_cds_WP_005766186.1_234","BARBAKC583_RS01400","BARBAKC583_0289",NA,"aldehyde dehydrogenase family protein","WP_005766186.1","complement(274875..276305)","-",1431,FALSE,"",TRUE,TRUE,TRUE,FALSE,"",301.9,421.1,309.9,345.7,436.3,357.2,0.408,0.108,0.603,0.0186,-0.116,0.647,-0.016,0.959
"lcl|NC_008783.1_cds_WP_005766188.1_235","BARBAKC583_RS01405","BARBAKC583_0291",NA,"DNA translocase FtsK","WP_005766188.1","276712..279321","+",2610,FALSE,"",TRUE,TRUE,TRUE,FALSE,"",356.5,253.8,241.3,249.1,259.5,370.8,-0.082,0.486,-0.256,0.0992,0.115,0.557,-0.512,0.000656
"lcl|NC_008783.1_cds_WP_005766189.1_236","BARBAKC583_RS01410","BARBAKC583_0292","mscL","large conductance mechanosensitive channel protein MscL","WP_005766189.1","complement(279902..280318)","-",417,FALSE,"",TRUE,TRUE,TRUE,FALSE,"",592.7,825.5,565.7,344.6,691.3,730.4,0.273,0.292,0.575,0.0373,-0.167,0.519,-0.874,0.000812
"lcl|NC_008783.1_cds_WP_005766192.1_237","BARBAKC583_RS01415","BARBAKC583_0293",NA,"quinone-dependent dihydroorotate dehydrogenase","WP_005766192.1","280866..281954","+",1089,FALSE,"",TRUE,TRUE,TRUE,FALSE,"",342.6,368.4,328.8,377,233.4,142.1,0.308,0.141,0.262,0.238,0.037,0.893,1.299,2.39e-10
"lcl|NC_008783.1_cds_WP_005766194.1_238","BARBAKC583_RS01425","BARBAKC583_0295",NA,"glutamine synthetase family protein","WP_005766194.1","282333..283760","+",1428,FALSE,"",TRUE,TRUE,TRUE,FALSE,"",748,1146.4,990.4,869,866.5,438.8,0.806,4.62e-05,0.77,0.000113,0.011,0.965,0.921,1.99e-06
"lcl|NC_008783.1_cds_WP_005766195.1_239","BARBAKC583_RS01430","BARBAKC583_0296",NA,"NAD(P)/FAD-dependent oxidoreductase","WP_005766195.1","283772..285055","+",1284,FALSE,"",TRUE,TRUE,TRUE,FALSE,"",535.3,810.5,526.9,382.9,606.8,219.7,0.344,0.144,0.719,0.00291,-0.236,0.324,0.707,0.00286
"lcl|NC_008783.1_cds_WP_005766197.1_240","BARBAKC583_RS01435","BARBAKC583_0297","folD","bifunctional methylenetetrahydrofolate dehydrogenase/methenyltetrahydrofolate cyclohydrolase FolD","WP_005766197.1","complement(285306..286205)","-",900,FALSE,"",TRUE,TRUE,TRUE,FALSE,"",222.4,194.3,189.2,146.9,198.6,315.6,0.146,0.447,0.023,0.928,0.112,0.639,-0.961,3.37e-06
"lcl|NC_008783.1_cds_WP_005766199.1_241","BARBAKC583_RS01440","BARBAKC583_0298",NA,"AsmA family protein","WP_005766199.1","286511..288391","+",1881,FALSE,"",TRUE,TRUE,TRUE,FALSE,"",109.4,125.6,89.3,89.4,88.4,58,0.103,0.648,0.354,0.16,-0.151,0.548,0.551,0.0283
"lcl|NC_008783.1_cds_WP_005766201.1_242","BARBAKC583_RS06950","BARBAKC583_0299",NA,"hypothetical protein","WP_005766201.1","complement(288488..288631)","-",144,FALSE,"",TRUE,TRUE,TRUE,FALSE,"Hipotetica",136.6,87,56.4,27,34.8,55.5,-0.308,0.515,-0.139,0.752,-0.043,0.849,-0.244,0.487
"lcl|NC_008783.1_cds_WP_005766203.1_243","BARBAKC583_RS01445","BARBAKC583_0300",NA,"16S rRNA (uracil(1498)-N(3))-methyltransferase","WP_005766203.1","288857..289600","+",744,FALSE,"",TRUE,TRUE,TRUE,FALSE,"",284.1,270,219,284.5,315.6,225,0.037,0.79,0.111,0.556,-0.05,0.834,0.341,0.0594
"lcl|NC_008783.1_cds_WP_005766204.1_244","BARBAKC583_RS01450","BARBAKC583_0301",NA,"glutamate--cysteine ligase","WP_005766204.1","289667..291040","+",1374,FALSE,"",TRUE,TRUE,TRUE,FALSE,"",617.9,448.8,456.9,566.2,460.9,572.5,-0.006,0.973,-0.205,0.383,0.145,0.55,0.014,0.959
"lcl|NC_008783.1_cds_WP_005766206.1_245","BARBAKC583_RS01455","BARBAKC583_0302","rpsU","30S ribosomal protein S21","WP_005766206.1","complement(291509..291742)","-",234,FALSE,"",TRUE,TRUE,TRUE,FALSE,"Ribosoma",3408.5,1972,1478.2,2160,1869.6,2727.9,-0.662,0.0219,-0.467,0.0974,-0.088,0.747,-0.241,0.446
"lcl|NC_008783.1_cds_WP_005766207.1_246","BARBAKC583_RS01465","BARBAKC583_0305",NA,"efflux RND transporter periplasmic adaptor subunit","WP_005766207.1","292600..293736","+",1137,FALSE,"",TRUE,TRUE,TRUE,FALSE,"",452.7,214.7,185.5,203.5,222.4,315.2,-0.795,0.00063,-0.777,0.000858,0.006,0.989,-0.519,0.0283
"lcl|NC_008783.1_cds_WP_005766209.1_247","BARBAKC583_RS01470","BARBAKC583_0306",NA,"efflux RND transporter permease subunit","WP_005766209.1","293733..296867","+",3135,FALSE,"",TRUE,TRUE,TRUE,FALSE,"",226,80.2,68.8,104.5,83.9,116.1,-1.151,8.09e-05,-1.113,0.00014,-0.002,0.999,-0.092,0.803
"lcl|NC_008783.1_cds_WP_005766211.1_248","BARBAKC583_RS01475","BARBAKC583_0307","pgi","glucose-6-phosphate isomerase","WP_005766211.1","297059..298708","+",1650,FALSE,"",TRUE,TRUE,TRUE,FALSE,"",311.8,214.9,204.2,229.3,250.1,338.9,-0.121,0.573,-0.272,0.264,0.085,0.745,-0.454,0.0668
"lcl|NC_008783.1_cds_WP_005766213.1_249","BARBAKC583_RS01485","BARBAKC583_0309","rplU","50S ribosomal protein L21","WP_005766213.1","299126..299599","+",474,FALSE,"",TRUE,TRUE,TRUE,FALSE,"Ribosoma",1925.5,1158,1440.1,1923.2,1292.1,1029.2,0.009,0.968,-0.424,0.12,0.302,0.216,0.769,0.00333
"lcl|NC_008783.1_cds_WP_005766215.1_250","BARBAKC583_RS01490","BARBAKC583_0310","rpmA","50S ribosomal protein L27","WP_005766215.1","299612..299881","+",270,FALSE,"",TRUE,TRUE,TRUE,FALSE,"Ribosoma",1236.3,893.6,1088.6,1169.9,1089.9,1263.6,0.171,0.546,-0.192,0.544,0.256,0.328,-0.055,0.886
"lcl|NC_008783.1_cds_WP_005766217.1_251","BARBAKC583_RS07145","BARBAKC583_0311",NA,"YadA-like family protein","WP_005766217.1","300854..302509","+",1656,FALSE,"",TRUE,TRUE,TRUE,FALSE,"",201.3,65.3,48.4,283.8,98,166.7,-1.399,2.31e-05,-1.159,0.000443,-0.087,0.757,0.598,0.0556
"lcl|NC_008783.1_cds_WP_005766219.1_252","BARBAKC583_RS01500","BARBAKC583_0312",NA,"invasion associated locus B family protein","WP_005766219.1","302541..303122","+",582,FALSE,"",TRUE,TRUE,TRUE,FALSE,"",30.3,12.5,7.4,29.7,9.8,13.2,-1.239,0.00322,-0.77,0.0508,-0.124,0.639,0.75,0.0317
"lcl|NC_008783.1_cds_WP_005766221.1_253","BARBAKC583_RS01505","BARBAKC583_0314",NA,"Vomp family autotransporter","WP_005766221.1","304277..307984","+",3708,FALSE,"",TRUE,TRUE,TRUE,FALSE,"",322.3,140.2,82.2,136.3,176.5,253.2,-1.315,1e-04,-0.772,0.0186,-0.235,0.384,-0.624,0.049
"lcl|NC_008783.1_cds_WP_005766222.1_254","BARBAKC583_RS01510","BARBAKC583_0315",NA,"invasion associated locus B family protein","WP_005766222.1","308017..308562","+",546,FALSE,"",TRUE,TRUE,TRUE,FALSE,"",56.2,24.1,15.8,24.7,30.7,27.4,-1.097,0.00639,-0.754,0.0487,-0.091,0.742,-0.074,0.865
"lcl|NC_008783.1_cds_WP_005766225.1_255","BARBAKC583_RS01520","BARBAKC583_0316",NA,"RlmE family RNA methyltransferase","WP_005766225.1","309236..309955","+",720,FALSE,"",TRUE,TRUE,TRUE,FALSE,"",303.2,409.5,265.8,294.3,331.2,133.4,0.18,0.488,0.547,0.0512,-0.208,0.421,0.954,0.000349
"lcl|NC_008783.1_cds_WP_005766227.1_256","BARBAKC583_RS01525","BARBAKC583_0317","obgE","GTPase ObgE","WP_005766227.1","310141..311160","+",1020,FALSE,"",TRUE,TRUE,TRUE,FALSE,"",118.2,120.3,83.3,161.2,119.6,116,-0.033,0.866,0.207,0.37,-0.191,0.421,0.444,0.0491
"lcl|NC_008783.1_cds_WP_005766230.1_257","BARBAKC583_RS01530","BARBAKC583_0318","proB","glutamate 5-kinase","WP_005766230.1","311166..312305","+",1140,FALSE,"",TRUE,TRUE,TRUE,FALSE,"",124.9,122.8,86.9,112,102.1,86.6,-0.053,0.766,0.157,0.473,-0.182,0.424,0.359,0.0955
"lcl|NC_008783.1_cds_WP_005766233.1_258","BARBAKC583_RS01535","BARBAKC583_0319",NA,"glutamate-5-semialdehyde dehydrogenase","WP_005766233.1","312366..313604","+",1239,FALSE,"",TRUE,TRUE,TRUE,FALSE,"",335,312.1,267.3,335,213.1,147,0.069,0.609,0.088,0.637,0.003,0.992,1.145,8.98e-13
"lcl|NC_008783.1_cds_WP_005766235.1_259","BARBAKC583_RS01540","BARBAKC583_0320",NA,"nicotinate-nucleotide adenylyltransferase","WP_005766235.1","313634..314218","+",585,FALSE,"",TRUE,TRUE,TRUE,FALSE,"",262.2,196,149.4,130.1,147.4,113.9,-0.311,0.153,-0.167,0.49,-0.102,0.678,0.193,0.462
"lcl|NC_008783.1_cds_WP_005766238.1_260","BARBAKC583_RS01545","BARBAKC583_0321","rsfS","ribosome silencing factor","WP_005766238.1","314324..314716","+",393,FALSE,"",TRUE,TRUE,TRUE,FALSE,"",261,171.3,128.3,146.5,130.1,111.2,-0.529,0.0436,-0.311,0.242,-0.115,0.654,0.356,0.193
"lcl|NC_008783.1_cds_WP_005766240.1_261","BARBAKC583_RS01550","BARBAKC583_0322","rlmH","23S rRNA (pseudouridine(1915)-N(3))-methyltransferase RlmH","WP_005766240.1","314717..315199","+",483,FALSE,"",TRUE,TRUE,TRUE,FALSE,"",152.6,73.2,58.1,66.8,66.1,59.5,-0.838,0.00876,-0.678,0.0319,-0.05,0.861,0.148,0.696
"lcl|NC_008783.1_cds_WP_005766242.1_262","BARBAKC583_RS01555","BARBAKC583_0323",NA,"murein hydrolase activator EnvC family protein","WP_005766242.1","315353..316564","+",1212,FALSE,"",TRUE,TRUE,TRUE,FALSE,"",511.6,228.2,146.8,219.9,182.7,143,-1.219,4.78e-05,-0.789,0.00768,-0.202,0.441,0.504,0.091
"lcl|NC_008783.1_cds_WP_005766244.1_263","BARBAKC583_RS01560","BARBAKC583_0324",NA,"S41 family peptidase","WP_005766244.1","316554..317858","+",1305,FALSE,"",TRUE,TRUE,TRUE,FALSE,"",609.6,281.7,308.8,790.7,564,1283.8,-0.446,0.123,-0.745,0.0103,0.166,0.531,-0.526,0.0703
"lcl|NC_008783.1_cds_WP_005766249.1_264","BARBAKC583_RS01565","BARBAKC583_0325",NA,"RNA pyrophosphohydrolase","WP_005766249.1","317927..318439","+",513,FALSE,"",TRUE,TRUE,TRUE,FALSE,"",220.4,128.5,117.3,203,168.6,221.8,-0.403,0.131,-0.492,0.0734,0.052,0.852,-0.079,0.817
"lcl|NC_008783.1_cds_WP_005766252.1_265","BARBAKC583_RS01570","BARBAKC583_0326",NA,"invasion associated locus B family protein","WP_005766252.1","318556..319116","+",561,FALSE,"",TRUE,TRUE,TRUE,FALSE,"",5987.9,8040.7,6379.9,7274.6,9308.2,9466.8,0.391,0.214,0.487,0.119,-0.049,0.864,-0.259,0.453
"lcl|NC_008783.1_cds_WP_005766255.1_266","BARBAKC583_RS01575","BARBAKC583_0327",NA,"YggT family protein","WP_005766255.1","319442..319735","+",294,FALSE,"",TRUE,TRUE,TRUE,FALSE,"",1342,1421.4,1183.9,800.1,1180.2,832.3,0.185,0.288,0.247,0.219,-0.026,0.926,-0.025,0.913
"lcl|NC_008783.1_cds_WP_005766258.1_267","BARBAKC583_RS01580","BARBAKC583_0328",NA,"DUF167 domain-containing protein","WP_005766258.1","319766..320089","+",324,FALSE,"",TRUE,TRUE,TRUE,FALSE,"",727.3,795.3,664.7,434.4,559.2,267.7,0.243,0.184,0.286,0.155,-0.017,0.945,0.66,0.000665
"lcl|NC_008783.1_cds_WP_005766260.1_268","BARBAKC583_RS01585","BARBAKC583_0329","ppa","inorganic diphosphatase","WP_005766260.1","complement(320139..320672)","-",534,FALSE,"",TRUE,TRUE,TRUE,FALSE,"",552.3,192.5,280.1,308.2,179.2,635.4,-0.39,0.245,-1.032,0.00288,0.341,0.199,-0.721,0.0254
"lcl|NC_008783.1_cds_WP_005766262.1_269","BARBAKC583_RS01590","BARBAKC583_0330","typA","translational GTPase TypA","WP_005766262.1","complement(320734..322560)","-",1827,FALSE,"",TRUE,TRUE,TRUE,FALSE,"Traduccion",274.7,138.9,165.2,175.7,142.6,422.6,-0.2,0.48,-0.616,0.0395,0.231,0.38,-0.974,0.000568
"lcl|NC_008783.1_cds_WP_005766264.1_270","BARBAKC583_RS01595","BARBAKC583_0331","mgtE","magnesium transporter","WP_005766264.1","complement(322845..324221)","-",1377,FALSE,"",TRUE,TRUE,TRUE,FALSE,"",508.2,204.4,220,314,231.2,966.3,-0.552,0.139,-0.792,0.0312,0.111,0.679,-1.071,0.00138
"lcl|NC_008783.1_cds_WP_005766266.1_271","BARBAKC583_RS01600","BARBAKC583_0332",NA,"M3 family metallopeptidase","WP_005766266.1","324569..326593","+",2025,FALSE,"",TRUE,TRUE,TRUE,FALSE,"",328.2,395,396.7,490.3,430.9,651.8,0.679,0.000129,0.446,0.015,0.161,0.441,-0.35,0.0654
"lcl|NC_008783.1_cds_WP_005766267.1_272","BARBAKC583_RS01605","BARBAKC583_0333",NA,"lytic murein transglycosylase","WP_005766267.1","complement(326785..328041)","-",1257,FALSE,"",TRUE,TRUE,TRUE,FALSE,"",338.5,310.6,294.9,332.8,309.3,359.8,0.185,0.268,0.076,0.711,0.102,0.646,-0.073,0.773
"lcl|NC_008783.1_cds_WP_005766269.1_273","BARBAKC583_RS01610","BARBAKC583_0334","galU","UTP--glucose-1-phosphate uridylyltransferase GalU","WP_005766269.1","328310..329194","+",885,FALSE,"",TRUE,TRUE,TRUE,FALSE,"",512.8,482.5,414,543.6,428.9,368.4,0.076,0.642,0.098,0.644,0,0.999,0.534,0.00648
"lcl|NC_008783.1_cds_WP_005766272.1_274","BARBAKC583_RS01615","BARBAKC583_0335",NA,"KpsF/GutQ family sugar-phosphate isomerase","WP_005766272.1","329234..330226","+",993,FALSE,"",TRUE,TRUE,TRUE,FALSE,"",346.2,328.7,210,348.6,277,152.4,-0.233,0.139,0.117,0.512,-0.326,0.0581,1.151,1.74e-13
"lcl|NC_008783.1_cds_WP_005766273.1_275","BARBAKC583_RS01620","BARBAKC583_0336","omp10","outer membrane lipoprotein Omp10","WP_005766273.1","complement(330466..330840)","-",375,FALSE,"",TRUE,TRUE,TRUE,FALSE,"",2116.7,2704.5,1531,1494.1,2029.6,1010.7,-0.009,0.968,0.475,0.0764,-0.347,0.142,0.484,0.0768
"lcl|NC_008783.1_cds_WP_005766275.1_276","BARBAKC583_RS01625","BARBAKC583_0337",NA,"sigma-54-dependent transcriptional regulator","WP_005766275.1","331097..332482","+",1386,FALSE,"",TRUE,TRUE,TRUE,FALSE,"",232.4,573.9,434.2,287.4,389,172.8,1.181,0.000152,1.322,2.79e-05,-0.078,0.789,0.578,0.0556
"lcl|NC_008783.1_cds_BARBAKC583_RS01630_277","BARBAKC583_RS01630",NA,NA,"phospholipase D-like domain-containing protein",NA,"332875..334445","+",1571,TRUE,"",TRUE,TRUE,FALSE,FALSE,"",105.2,99.7,116.5,77.4,89.9,71.7,0.494,0.056,0.088,0.756,0.263,0.277,0.116,0.725
"lcl|NC_008783.1_cds_WP_005766280.1_278","BARBAKC583_RS01635","BARBAKC583_0341","guaB","IMP dehydrogenase","WP_005766280.1","334582..336081","+",1500,FALSE,"",TRUE,TRUE,TRUE,FALSE,"",347.9,309.4,453.1,271.4,203.1,368.5,0.744,0.00271,0.031,0.908,0.554,0.0172,-0.343,0.19
"lcl|NC_008783.1_cds_WP_005766282.1_279","BARBAKC583_RS01640","BARBAKC583_0342",NA,"universal stress protein","WP_005766282.1","complement(336418..337278)","-",861,FALSE,"",TRUE,TRUE,TRUE,FALSE,"",666.7,253.7,202.2,543.7,447.5,974.9,-1.244,5.89e-14,-1.115,6.9e-11,-0.084,0.71,-0.758,4.93e-06
"lcl|NC_008783.1_cds_WP_005766284.1_280","BARBAKC583_RS01645","BARBAKC583_0343",NA,"RsmB/NOP family class I SAM-dependent RNA methyltransferase","WP_005766284.1","337522..338808","+",1287,FALSE,"",TRUE,TRUE,TRUE,FALSE,"",151.8,191.3,174.4,205.8,206.3,143.4,0.604,0.00643,0.498,0.0254,0.055,0.836,0.488,0.0286
"lcl|NC_008783.1_cds_WP_005766286.1_281","BARBAKC583_RS01650","BARBAKC583_0344","guaA","glutamine-hydrolyzing GMP synthase","WP_005766286.1","338944..340500","+",1557,FALSE,"",TRUE,TRUE,TRUE,FALSE,"",201.5,113.4,103.1,172.1,140,182.6,-0.479,0.0428,-0.544,0.0222,0.047,0.861,-0.046,0.884
"lcl|NC_008783.1_cds_WP_005766289.1_282","BARBAKC583_RS01655","BARBAKC583_0345",NA,"glycerophosphodiester phosphodiesterase","WP_005766289.1","340681..341403","+",723,FALSE,"",TRUE,TRUE,TRUE,FALSE,"",302.7,210.7,173.5,207.5,219.5,240.1,-0.246,0.401,-0.22,0.49,-0.022,0.941,-0.139,0.713
"lcl|NC_008783.1_cds_WP_005766292.1_283","BARBAKC583_RS01660","BARBAKC583_0346",NA,"sn-glycerol-3-phosphate import ATP-binding protein UgpC","WP_005766292.1","complement(341520..342557)","-",1038,FALSE,"",TRUE,TRUE,TRUE,FALSE,"",461.4,351.2,267.1,283.6,301.4,417.7,-0.269,0.261,-0.137,0.616,-0.095,0.72,-0.445,0.088
"lcl|NC_008783.1_cds_WP_005766295.1_284","BARBAKC583_RS01665","BARBAKC583_0347","ugpE","sn-glycerol-3-phosphate ABC transporter permease UgpE","WP_005766295.1","complement(342560..343411)","-",852,FALSE,"",TRUE,TRUE,TRUE,FALSE,"TranspABC",259.7,213.3,175.7,128.3,168.5,153.9,-0.085,0.66,-0.055,0.822,-0.037,0.896,-0.202,0.435
"lcl|NC_008783.1_cds_WP_005766297.1_285","BARBAKC583_RS01670","BARBAKC583_0348","ugpA","sn-glycerol-3-phosphate ABC transporter permease UgpA","WP_005766297.1","complement(343422..344306)","-",885,FALSE,"",TRUE,TRUE,TRUE,FALSE,"TranspABC",401.1,347,220.2,157.3,316.6,225.4,-0.364,0.0969,0.008,0.982,-0.283,0.19,-0.426,0.0654
"lcl|NC_008783.1_cds_WP_005766299.1_286","BARBAKC583_RS01675","BARBAKC583_0349","ugpB","sn-glycerol-3-phosphate ABC transporter substrate-binding protein UgpB","WP_005766299.1","complement(344404..345729)","-",1326,FALSE,"",TRUE,TRUE,TRUE,FALSE,"TranspABC",2817.5,2983.2,1945.8,1901.1,2138,2014.8,-0.056,0.769,0.248,0.263,-0.251,0.255,-0.047,0.87
"lcl|NC_008783.1_cds_WP_005766301.1_287","BARBAKC583_RS01680","BARBAKC583_0350",NA,"metal ABC transporter solute-binding protein, Zn/Mn family","WP_005766301.1","complement(346116..347063)","-",948,FALSE,"",TRUE,TRUE,TRUE,FALSE,"TranspABC",296.2,249.6,168.4,1240,1086.7,264.1,-0.263,0.388,-0.022,0.956,-0.151,0.568,1.882,8.02e-10
"lcl|NC_008783.1_cds_WP_005766303.1_288","BARBAKC583_RS01685","BARBAKC583_0351",NA,"metal ABC transporter permease","WP_005766303.1","complement(347074..347946)","-",873,FALSE,"",TRUE,TRUE,TRUE,FALSE,"TranspABC",172.2,135.8,118.8,393.7,524.8,69,-0.062,0.816,-0.092,0.76,0.012,0.965,2.318,4.51e-18
"lcl|NC_008783.1_cds_WP_005766305.1_289","BARBAKC583_RS01690","BARBAKC583_0352",NA,"ABC transporter ATP-binding protein","WP_005766305.1","complement(347972..348697)","-",726,FALSE,"",TRUE,TRUE,TRUE,FALSE,"TranspABC",642.1,1399.8,864.1,2909.4,3342.2,162,0.795,0.00274,1.213,4.01e-06,-0.266,0.277,4.131,3.43e-55
"lcl|NC_008783.1_cds_WP_005766307.1_290","BARBAKC583_RS01695","BARBAKC583_0354","nrdH","glutaredoxin-like protein NrdH","WP_005766307.1","349418..349642","+",225,FALSE,"",TRUE,TRUE,TRUE,FALSE,"",217.7,144.9,194.8,216.1,165.9,176.5,0.178,0.612,-0.197,0.601,0.223,0.418,0.22,0.564
"lcl|NC_008783.1_cds_WP_005766309.1_291","BARBAKC583_RS01700","BARBAKC583_0355","nrdI","class Ib ribonucleoside-diphosphate reductase assembly flavoprotein NrdI","WP_005766309.1","349642..350034","+",393,FALSE,"",TRUE,TRUE,TRUE,FALSE,"",215.5,136,159.7,395.3,171.9,134.3,-0.015,0.962,-0.325,0.312,0.183,0.492,1.234,3.49e-05
"lcl|NC_008783.1_cds_WP_011807312.1_292","BARBAKC583_RS01705","BARBAKC583_0356","nrdE","class 1b ribonucleoside-diphosphate reductase subunit alpha","WP_011807312.1","350022..352172","+",2151,FALSE,"",TRUE,TRUE,TRUE,FALSE,"",293.3,165.5,150.9,359.4,220.7,471.6,-0.444,0.0993,-0.51,0.0599,0.04,0.893,-0.292,0.323
"lcl|NC_008783.1_cds_WP_005766313.1_293","BARBAKC583_RS01710","BARBAKC583_0358","nrdF","class 1b ribonucleoside-diphosphate reductase subunit beta","WP_005766313.1","352185..353159","+",975,FALSE,"",TRUE,TRUE,TRUE,FALSE,"",446.2,248.4,182.7,595.5,381.6,896.8,-0.755,0.00966,-0.514,0.0723,-0.108,0.68,-0.447,0.125
"lcl|NC_008783.1_cds_WP_005766315.1_294","BARBAKC583_RS01715","BARBAKC583_0357","prmC","peptide chain release factor N(5)-glutamine methyltransferase","WP_005766315.1","complement(353156..354022)","-",867,FALSE,"",TRUE,TRUE,TRUE,FALSE,"",146.8,169.6,112.7,43.9,72.6,58.1,0.042,0.823,0.388,0.0765,-0.245,0.268,-0.325,0.167
"lcl|NC_008783.1_cds_WP_005766317.1_295","BARBAKC583_RS01720","BARBAKC583_0359","prfA","peptide chain release factor 1","WP_005766317.1","complement(354019..355098)","-",1080,FALSE,"",TRUE,TRUE,TRUE,FALSE,"",370.1,276.7,193.8,216.5,148.3,184.3,-0.442,0.0376,-0.167,0.453,-0.184,0.424,0.236,0.323
"lcl|NC_008783.1_cds_WP_005766321.1_296","BARBAKC583_RS01725","BARBAKC583_0360",NA,"Fur family transcriptional regulator","WP_005766321.1","complement(355283..355699)","-",417,FALSE,"",TRUE,TRUE,TRUE,FALSE,"",478.6,445.7,360.8,198.9,247.8,173.9,0.021,0.935,0.091,0.755,-0.044,0.876,0.182,0.555
"lcl|NC_008783.1_cds_WP_005766323.1_297","BARBAKC583_RS01730","BARBAKC583_0361","secA","preprotein translocase subunit SecA","WP_005766323.1","complement(355713..358445)","-",2733,FALSE,"",TRUE,TRUE,TRUE,FALSE,"",804.1,883.4,766.3,766.6,738.4,701.1,0.335,0.06,0.317,0.0853,0.016,0.945,0.145,0.504
"lcl|NC_008783.1_cds_WP_005766325.1_298","BARBAKC583_RS01735","BARBAKC583_0362",NA,"peptidylprolyl isomerase","WP_005766325.1","358846..359793","+",948,FALSE,"",TRUE,TRUE,TRUE,FALSE,"",3885.8,5897.8,3058.8,3262.8,4943.2,6773.8,0.064,0.823,0.673,0.0205,-0.411,0.0998,-0.818,0.00329
"lcl|NC_008783.1_cds_WP_005766326.1_299","BARBAKC583_RS01740","BARBAKC583_0363","argJ","bifunctional glutamate N-acetyltransferase/amino-acid acetyltransferase ArgJ","WP_005766326.1","359895..361133","+",1239,FALSE,"",TRUE,TRUE,TRUE,FALSE,"",273.9,187.7,135.1,218.4,212.8,185.8,-0.553,0.00211,-0.286,0.123,-0.185,0.38,0.244,0.219
"lcl|NC_008783.1_cds_WP_005766328.1_300","BARBAKC583_RS01745","BARBAKC583_0364","mutT","8-oxo-dGTP diphosphatase MutT","WP_005766328.1","361255..361668","+",414,FALSE,"",TRUE,TRUE,TRUE,FALSE,"",191.9,127.4,100.3,117.9,148.4,145.4,-0.432,0.0798,-0.325,0.205,-0.058,0.834,-0.232,0.399
"lcl|NC_008783.1_cds_WP_005766340.1_301","BARBAKC583_RS01750","BARBAKC583_0365",NA,"L-cystine transporter","WP_005766340.1","362009..363364","+",1356,FALSE,"",TRUE,TRUE,TRUE,FALSE,"",666.1,542.5,571.1,495.4,433.5,396.3,0.144,0.47,-0.068,0.784,0.183,0.439,0.311,0.202
"lcl|NC_008783.1_cds_WP_035453132.1_302","BARBAKC583_RS01755","BARBAKC583_0366",NA,"methyltransferase domain-containing protein","WP_035453132.1","complement(363387..364265)","-",879,FALSE,"",TRUE,TRUE,TRUE,FALSE,"",193.3,238.9,145.8,145.1,224.6,154.7,0.034,0.903,0.429,0.128,-0.254,0.321,-0.049,0.888
"lcl|NC_008783.1_cds_WP_005766344.1_303","BARBAKC583_RS01760","BARBAKC583_0367",NA,"ComF family protein","WP_005766344.1","364495..365250","+",756,FALSE,"",TRUE,TRUE,TRUE,FALSE,"",68.4,32.3,33.6,61.4,50.2,52.5,-0.454,0.12,-0.704,0.0193,0.138,0.599,0.204,0.532
"lcl|NC_008783.1_cds_WP_005766346.1_304","BARBAKC583_RS01765","BARBAKC583_0368","grxC","glutaredoxin 3","WP_005766346.1","365290..365547","+",258,FALSE,"",TRUE,TRUE,TRUE,FALSE,"",3346.2,3785,1593.2,2954.3,3859.8,2914.7,-0.533,0.0542,0.307,0.263,-0.746,0.00473,0.034,0.913
"lcl|NC_008783.1_cds_WP_005766349.1_305","BARBAKC583_RS01770","BARBAKC583_0369","ubiG","bifunctional 2-polyprenyl-6-hydroxyphenol methylase/3-demethylubiquinol 3-O-methyltransferase UbiG","WP_005766349.1","complement(365565..366311)","-",747,FALSE,"",TRUE,TRUE,TRUE,FALSE,"",394.8,849.1,801.8,373.7,663.6,450.7,1.377,1.26e-08,1.208,7.68e-07,0.087,0.74,-0.203,0.468
"lcl|NC_008783.1_cds_WP_005766353.1_306","BARBAKC583_RS01775","BARBAKC583_0370",NA,"aspartate kinase","WP_005766353.1","366495..367748","+",1254,FALSE,"",TRUE,TRUE,TRUE,FALSE,"",96.9,69,61.9,103.4,66,71.6,-0.149,0.432,-0.244,0.271,0.048,0.852,0.499,0.0212
"lcl|NC_008783.1_cds_WP_005766355.1_307","BARBAKC583_RS01780","BARBAKC583_0371","nhaA","Na+/H+ antiporter NhaA","WP_005766355.1","complement(368168..369526)","-",1359,FALSE,"",TRUE,TRUE,TRUE,FALSE,"",251.9,140.8,348.9,179.1,186.3,297.5,0.777,0.00944,-0.499,0.0883,1.222,3.03e-05,-0.545,0.0615
"lcl|NC_008783.1_cds_WP_005766357.1_308","BARBAKC583_RS01785","BARBAKC583_0372",NA,"hypothetical protein","WP_005766357.1","complement(369647..371350)","-",1704,FALSE,"",TRUE,TRUE,TRUE,FALSE,"Hipotetica",526.5,266.7,217.3,277.6,291.2,638.6,-0.725,0.0182,-0.617,0.0395,-0.035,0.909,-0.923,0.00109
"lcl|NC_008783.1_cds_WP_005766358.1_309","BARBAKC583_RS01790","BARBAKC583_0373",NA,"DUF2659 family protein","WP_005766358.1","371869..372540","+",672,FALSE,"",TRUE,TRUE,TRUE,FALSE,"",509.7,624,610.4,605.9,446.4,652.8,0.636,0.00752,0.426,0.0741,0.116,0.638,-0.068,0.825
"lcl|NC_008783.1_cds_WP_005766360.1_310","BARBAKC583_RS01795","BARBAKC583_0374","der","ribosome biogenesis GTPase Der","WP_005766360.1","372545..373966","+",1422,FALSE,"",TRUE,TRUE,TRUE,FALSE,"",156.4,126.3,119.8,160.8,132.5,119.8,0.028,0.855,-0.074,0.713,0.096,0.668,0.418,0.0272
"lcl|NC_008783.1_cds_WP_005766361.1_311","BARBAKC583_RS01800","BARBAKC583_0375",NA,"AtpZ/AtpI family protein","WP_005766361.1","374282..374719","+",438,FALSE,"",TRUE,TRUE,TRUE,FALSE,"",1614.3,1875.8,1086.4,1539.9,1271.3,624.1,-0.085,0.607,0.393,0.0512,-0.431,0.0251,1.226,5.09e-11
"lcl|NC_008783.1_cds_WP_005766363.1_312","BARBAKC583_RS01805","BARBAKC583_0376",NA,"F0F1 ATP synthase subunit A","WP_005766363.1","374721..375479","+",759,FALSE,"",TRUE,TRUE,TRUE,FALSE,"",1003.2,812.1,669.4,1235.9,881.9,1027.6,-0.097,0.689,-0.066,0.819,-0.032,0.914,0.251,0.399
"lcl|NC_008783.1_cds_WP_005766366.1_313","BARBAKC583_RS01810","BARBAKC583_0377",NA,"F0F1 ATP synthase subunit C","WP_005766366.1","375534..375764","+",231,FALSE,"",TRUE,TRUE,TRUE,FALSE,"",13022.1,8232,6888.3,12386.7,12996.2,11488.5,-0.383,0.151,-0.357,0.189,-0.016,0.954,0.118,0.732
"lcl|NC_008783.1_cds_WP_005766367.1_314","BARBAKC583_RS01815","BARBAKC583_0378",NA,"F0F1 ATP synthase subunit B","WP_005766367.1","375891..376457","+",567,FALSE,"",TRUE,TRUE,TRUE,FALSE,"",1387.1,693.2,708.2,1302.4,643.8,659.6,-0.458,0.087,-0.67,0.0126,0.125,0.625,0.841,0.00104
"lcl|NC_008783.1_cds_WP_005766369.1_315","BARBAKC583_RS01820","BARBAKC583_0379",NA,"F0F1 ATP synthase subunit B","WP_005766369.1","376469..376948","+",480,FALSE,"",TRUE,TRUE,TRUE,FALSE,"",766.9,743,650.9,846.5,724.2,599.9,0.151,0.238,0.148,0.332,0.022,0.926,0.499,0.000582
"lcl|NC_008783.1_cds_WP_005766371.1_316","BARBAKC583_RS01825","BARBAKC583_0380","glyS","glycine--tRNA ligase subunit beta","WP_005766371.1","complement(377343..379565)","-",2223,FALSE,"",TRUE,TRUE,TRUE,FALSE,"Traduccion",400.4,296.6,167.5,256.2,227.3,235.3,-0.772,0.000291,-0.18,0.418,-0.438,0.0331,0.134,0.613
"lcl|NC_008783.1_cds_WP_005766373.1_317","BARBAKC583_RS01830","BARBAKC583_0381",NA,"glycine--tRNA ligase subunit alpha","WP_005766373.1","complement(379558..380508)","-",951,FALSE,"",TRUE,TRUE,TRUE,FALSE,"Traduccion",501.8,413.5,347.1,690,527.3,426.5,-0.054,0.757,-0.047,0.834,-0.019,0.942,0.653,0.00109
"lcl|NC_008783.1_cds_WP_005766374.1_318","BARBAKC583_RS01835","BARBAKC583_0382",NA,"tetratricopeptide repeat protein","WP_005766374.1","complement(380574..382304)","-",1731,FALSE,"",TRUE,TRUE,TRUE,FALSE,"",237.8,196.7,142.7,121.2,162.5,246.5,-0.234,0.216,-0.042,0.849,-0.16,0.477,-0.901,3.37e-06
"lcl|NC_008783.1_cds_WP_005766376.1_319","BARBAKC583_RS01840","BARBAKC583_0383",NA,"polyprenyl synthetase family protein","WP_005766376.1","complement(382394..383443)","-",1050,FALSE,"",TRUE,TRUE,TRUE,FALSE,"",300.5,304.7,238.2,291.1,334.7,304.3,0.067,0.639,0.214,0.242,-0.097,0.659,-0.032,0.888
"lcl|NC_008783.1_cds_WP_005766378.1_320","BARBAKC583_RS01845","BARBAKC583_0384",NA,"tRNA1(Val) (adenine(37)-N6)-methyltransferase","WP_005766378.1","383672..384463","+",792,FALSE,"",TRUE,TRUE,TRUE,FALSE,"Traduccion",247,221.6,187.1,191.4,163.5,142.4,0.026,0.854,0.054,0.776,-0.016,0.945,0.423,0.0184
"lcl|NC_008783.1_cds_WP_005766380.1_321","BARBAKC583_RS01850","BARBAKC583_0385",NA,"S49 family peptidase","WP_005766380.1","384566..385417","+",852,FALSE,"",TRUE,TRUE,TRUE,FALSE,"",669.8,551.3,601.8,624.4,400,766.9,0.216,0.223,-0.054,0.794,0.24,0.239,-0.239,0.265
"lcl|NC_008783.1_cds_WP_005766382.1_322","BARBAKC583_RS01855","BARBAKC583_0386",NA,"hypothetical protein","WP_005766382.1","385496..385684","+",189,FALSE,"",TRUE,TRUE,TRUE,FALSE,"Hipotetica",614.9,555.6,524.8,464.2,371.5,493,0.138,0.617,0.06,0.851,0.057,0.844,-0.046,0.898
"lcl|NC_008783.1_cds_WP_005766384.1_323","BARBAKC583_RS01860","BARBAKC583_0387",NA,"4-(cytidine 5'-diphospho)-2-C-methyl-D-erythritol kinase","WP_005766384.1","385681..386595","+",915,FALSE,"",TRUE,TRUE,TRUE,FALSE,"",57,33.3,35.3,32.3,31.4,41.6,-0.162,0.589,-0.412,0.191,0.131,0.619,-0.248,0.463
"lcl|NC_008783.1_cds_WP_005766386.1_324","BARBAKC583_RS01865","BARBAKC583_0388",NA,"ribonuclease HII","WP_005766386.1","386884..387552","+",669,FALSE,"",TRUE,TRUE,TRUE,FALSE,"",325.3,352.3,310.7,425,541.7,314.7,0.268,0.377,0.242,0.453,0.02,0.945,0.349,0.29
"lcl|NC_008783.1_cds_WP_005766387.1_325","BARBAKC583_RS01870","BARBAKC583_0389",NA,"L-threonylcarbamoyladenylate synthase","WP_005766387.1","387549..388511","+",963,FALSE,"",TRUE,TRUE,TRUE,FALSE,"",108.3,121,95.4,90.7,116.3,79.4,0.194,0.423,0.326,0.219,-0.068,0.808,0.184,0.543
"lcl|NC_008783.1_cds_WP_005766389.1_326","BARBAKC583_RS01875","BARBAKC583_0390",NA,"FAD-binding oxidoreductase","WP_005766389.1","388514..389923","+",1410,FALSE,"",TRUE,TRUE,TRUE,FALSE,"",105.4,88.8,72.2,95.3,94.7,85.7,-0.061,0.647,-0.022,0.904,-0.052,0.824,0.17,0.382
"lcl|NC_008783.1_cds_WP_005766393.1_327","BARBAKC583_RS01880","BARBAKC583_0391",NA,"DUF6101 family protein","WP_005766393.1","390075..390593","+",519,FALSE,"",TRUE,TRUE,TRUE,FALSE,"",240.9,161.6,130.3,187.5,183.4,261.5,-0.351,0.182,-0.293,0.281,-0.036,0.907,-0.371,0.185
"lcl|NC_008783.1_cds_WP_005766396.1_328","BARBAKC583_RS01885","BARBAKC583_0392","purD","phosphoribosylamine--glycine ligase","WP_005766396.1","complement(390863..392137)","-",1275,FALSE,"",TRUE,TRUE,TRUE,FALSE,"",365.5,361.2,344.6,532,529.5,678.3,0.279,0.19,0.158,0.503,0.092,0.718,-0.282,0.25
"lcl|NC_008783.1_cds_WP_005766398.1_329","BARBAKC583_RS01890","BARBAKC583_0393","ubiA","4-hydroxybenzoate octaprenyltransferase","WP_005766398.1","392230..393234","+",1005,FALSE,"",TRUE,TRUE,TRUE,FALSE,"",269.9,211.1,193.1,292.9,271.3,243.7,-0.032,0.83,-0.12,0.54,0.063,0.798,0.273,0.163
"lcl|NC_008783.1_cds_WP_005766401.1_330","BARBAKC583_RS01895","BARBAKC583_0394","pdxH","pyridoxamine 5'-phosphate oxidase","WP_005766401.1","complement(393315..393938)","-",624,FALSE,"",TRUE,TRUE,TRUE,FALSE,"",936,721.5,731.3,749,678.1,413.8,0.06,0.825,-0.111,0.717,0.12,0.645,0.713,0.00926
"lcl|NC_008783.1_cds_WP_005766402.1_331","BARBAKC583_RS01900","BARBAKC583_0395",NA,"DnaJ C-terminal domain-containing protein","WP_005766402.1","394256..395155","+",900,FALSE,"",TRUE,TRUE,TRUE,FALSE,"Chaperona",464.9,633.6,1006.1,637.2,673.3,217,1.386,3.65e-06,0.532,0.0711,0.545,0.0382,1.284,4.47e-06
"lcl|NC_008783.1_cds_WP_005766404.1_332","BARBAKC583_RS01905","BARBAKC583_0396","fabI","enoyl-ACP reductase FabI","WP_005766404.1","395293..396111","+",819,FALSE,"",TRUE,TRUE,TRUE,FALSE,"",325.3,233.2,474.4,399,341.1,394.9,0.895,0.000166,-0.208,0.401,1.052,1.19e-05,0.042,0.89
"lcl|NC_008783.1_cds_WP_005766405.1_333","BARBAKC583_RS01910","BARBAKC583_0397","aroC","chorismate synthase","WP_005766405.1","396240..397334","+",1095,FALSE,"",TRUE,TRUE,TRUE,FALSE,"",170.3,118.1,221.1,133.8,132.2,77.2,0.758,0.000316,-0.252,0.252,0.972,6.27e-06,0.737,0.000403
"lcl|NC_008783.1_cds_WP_005766407.1_334","BARBAKC583_RS01915","BARBAKC583_0398","ribB","3,4-dihydroxy-2-butanone-4-phosphate synthase","WP_005766407.1","397345..398457","+",1113,FALSE,"",TRUE,TRUE,TRUE,FALSE,"",226.8,197.7,271.1,159.8,186.9,187.3,0.654,0.000283,0.005,0.982,0.561,0.00198,-0.18,0.399
"lcl|NC_008783.1_cds_WP_005766408.1_335","BARBAKC583_RS01920","BARBAKC583_0399",NA,"exodeoxyribonuclease VII small subunit","WP_005766408.1","398465..398719","+",255,FALSE,"",TRUE,TRUE,TRUE,FALSE,"",1366.2,3607,2421.9,1469.5,2528.1,723.2,0.941,0.0218,1.189,0.00337,-0.105,0.701,0.624,0.0818
"lcl|NC_008783.1_cds_WP_005766409.1_336","BARBAKC583_RS01925","BARBAKC583_0400","dxs","1-deoxy-D-xylulose-5-phosphate synthase","WP_005766409.1","398917..400833","+",1917,FALSE,"",TRUE,TRUE,TRUE,FALSE,"",346.5,245.8,244.9,342.5,301.2,222.3,-0.04,0.844,-0.226,0.332,0.126,0.599,0.574,0.0121
"lcl|NC_008783.1_cds_WP_005766410.1_337","BARBAKC583_RS01935","BARBAKC583_0401",NA,"TlyA family RNA methyltransferase","WP_005766410.1","400841..401593","+",753,FALSE,"",TRUE,TRUE,TRUE,FALSE,"",108.5,56.5,37.8,91.7,60.9,70.7,-0.945,0.002,-0.598,0.0487,-0.15,0.569,0.316,0.321
"lcl|NC_008783.1_cds_WP_005766412.1_338","BARBAKC583_RS01940","BARBAKC583_0402",NA,"class I SAM-dependent RNA methyltransferase","WP_005766412.1","401583..402836","+",1254,FALSE,"",TRUE,TRUE,TRUE,FALSE,"",104.9,73.6,51.2,83.3,82.9,100.4,-0.539,0.0218,-0.25,0.291,-0.173,0.469,-0.205,0.436
"lcl|NC_008783.1_cds_WP_005766414.1_339","BARBAKC583_RS01945","BARBAKC583_0403","tldD","metalloprotease TldD","WP_005766414.1","complement(402896..404314)","-",1419,FALSE,"",TRUE,TRUE,TRUE,FALSE,"",253.5,365.1,405.1,249.1,293.9,373.5,1.068,2.54e-08,0.686,5e-04,0.263,0.19,-0.5,0.0127
"lcl|NC_008783.1_cds_WP_005766417.1_340","BARBAKC583_RS01950","BARBAKC583_0404",NA,"invasion associated locus B family protein","WP_005766417.1","complement(404424..404963)","-",540,FALSE,"",TRUE,TRUE,TRUE,FALSE,"",660.4,812.5,610.1,411.4,706.1,545.3,0.248,0.323,0.429,0.108,-0.096,0.72,-0.311,0.283
"lcl|NC_008783.1_cds_WP_005766421.1_341","BARBAKC583_RS01955","BARBAKC583_0405","cyoE","heme o synthase","WP_005766421.1","405361..406296","+",936,FALSE,"",TRUE,TRUE,TRUE,FALSE,"HierroHemo",242.1,90.3,114.2,212.2,165.7,351.2,-0.517,0.108,-0.989,0.00231,0.251,0.35,-0.512,0.106
"lcl|NC_008783.1_cds_WP_005766424.1_342","BARBAKC583_RS01960","BARBAKC583_0406","ispH","4-hydroxy-3-methylbut-2-enyl diphosphate reductase","WP_005766424.1","406484..407533","+",1050,FALSE,"",TRUE,TRUE,TRUE,FALSE,"",203.5,178.6,143.2,216,142.3,109.5,-0.042,0.82,0.022,0.926,-0.061,0.817,0.906,6.96e-06
"lcl|NC_008783.1_cds_WP_005766426.1_343","BARBAKC583_RS01965","BARBAKC583_0409","rnhA","ribonuclease HI","WP_005766426.1","407962..408429","+",468,FALSE,"",TRUE,TRUE,TRUE,FALSE,"",160.7,107.8,58.3,105,185.4,98.4,-0.773,0.0368,-0.236,0.522,-0.242,0.38,0.077,0.855
"lcl|NC_008783.1_cds_WP_005766429.1_344","BARBAKC583_RS01970","BARBAKC583_0408",NA,"protein-disulfide reductase DsbD domain-containing protein","WP_005766429.1","complement(408419..409324)","-",906,FALSE,"",TRUE,TRUE,TRUE,FALSE,"",143.6,275.2,214.6,55.7,129.8,86.6,0.901,0.0031,0.981,0.00109,-0.059,0.838,-0.473,0.119
"lcl|NC_008783.1_cds_BARBAKC583_RS06785_345","BARBAKC583_RS06785",NA,NA,"YqgE/AlgH family protein",NA,"409459..409985","+",527,TRUE,"",TRUE,TRUE,FALSE,FALSE,"",94.5,132.3,119.7,36.8,71.4,47.6,0.675,0.0251,0.542,0.0689,0.05,0.861,-0.263,0.426
"lcl|NC_008783.1_cds_WP_005766431.1_346","BARBAKC583_RS01975","BARBAKC583_0410",NA,"EAL domain-containing protein","WP_005766431.1","complement(410045..412921)","-",2877,FALSE,"",TRUE,TRUE,TRUE,FALSE,"",285,165.3,122.5,152.9,127.7,168.5,-0.734,0.000631,-0.511,0.0191,-0.133,0.573,-0.097,0.732
"lcl|NC_008783.1_cds_WP_005766433.1_347","BARBAKC583_RS01980","BARBAKC583_0411",NA,"M16 family metallopeptidase","WP_005766433.1","complement(413366..414634)","-",1269,FALSE,"",TRUE,TRUE,TRUE,FALSE,"",372.5,554.5,591,256.8,445.7,384.4,1.033,1.37e-05,0.7,0.00342,0.19,0.431,-0.473,0.0541
"lcl|NC_008783.1_cds_WP_005766436.1_348","BARBAKC583_RS01985","BARBAKC583_0412",NA,"HAD family hydrolase","WP_005766436.1","complement(415015..415707)","-",693,FALSE,"",TRUE,TRUE,TRUE,FALSE,"",699.3,1213.6,871.5,388.4,706.8,855.7,0.693,0.00577,0.897,0.000267,-0.138,0.576,-0.957,5.05e-05
"lcl|NC_008783.1_cds_WP_005766438.1_349","BARBAKC583_RS01990","BARBAKC583_0413",NA,"site-specific DNA-methyltransferase","WP_005766438.1","416018..417154","+",1137,FALSE,"",TRUE,TRUE,TRUE,FALSE,"",272.2,155.9,236,203.7,120,209.7,0.148,0.494,-0.512,0.0392,0.595,0.0113,-0.007,0.984
"lcl|NC_008783.1_cds_WP_005766441.1_350","BARBAKC583_RS01995","BARBAKC583_0414","mutY","A/G-specific adenine glycosylase","WP_005766441.1","complement(417244..418293)","-",1050,FALSE,"",TRUE,TRUE,TRUE,FALSE,"",72.9,61.6,46,30.5,46.5,58.7,-0.145,0.531,0.004,0.991,-0.118,0.642,-0.772,0.00167
"lcl|NC_008783.1_cds_WP_005766443.1_351","BARBAKC583_RS02000","BARBAKC583_0416",NA,"DUF721 domain-containing protein","WP_005766443.1","418517..419011","+",495,FALSE,"",TRUE,TRUE,TRUE,FALSE,"",258.6,542.5,340.3,138.6,255.8,95.5,0.658,0.068,1.007,0.00473,-0.167,0.536,0.377,0.292
"lcl|NC_008783.1_cds_WP_005766444.1_352","BARBAKC583_RS02005","BARBAKC583_0417",NA,"DsbA family protein","WP_005766444.1","419106..419756","+",651,FALSE,"",TRUE,TRUE,TRUE,FALSE,"",1274.6,1063.7,856.8,1391,974.6,2477.4,-0.09,0.589,-0.041,0.849,-0.057,0.822,-0.727,0.000149
"lcl|NC_008783.1_cds_WP_005766446.1_353","BARBAKC583_RS02010","BARBAKC583_0418","ppdK","pyruvate, phosphate dikinase","WP_005766446.1","419941..422628","+",2688,FALSE,"",TRUE,TRUE,TRUE,FALSE,"",258.6,202.3,250.5,274.9,202.1,389.1,0.314,0.176,-0.109,0.678,0.339,0.127,-0.398,0.113
"lcl|NC_008783.1_cds_WP_005766448.1_354","BARBAKC583_RS02020","BARBAKC583_0420",NA,"superoxide dismutase","WP_005766448.1","423656..424252","+",597,FALSE,"",TRUE,TRUE,TRUE,FALSE,"",2262.9,1142.9,1458.4,1596.2,788.8,2263.9,-0.116,0.741,-0.561,0.0974,0.239,0.38,-0.325,0.368
"lcl|NC_008783.1_cds_WP_005766450.1_355","BARBAKC583_RS02025","BARBAKC583_0421",NA,"S9 family peptidase","WP_005766450.1","complement(424345..426435)","-",2091,FALSE,"",TRUE,TRUE,TRUE,FALSE,"",164.7,82.4,57.9,125.7,134,211.8,-0.968,0.000394,-0.656,0.0158,-0.152,0.557,-0.594,0.0276
"lcl|NC_008783.1_cds_WP_005766451.1_356","BARBAKC583_RS02030","BARBAKC583_0423",NA,"Ros/MucR family transcriptional regulator","WP_005766451.1","427263..427694","+",432,FALSE,"",TRUE,TRUE,TRUE,FALSE,"",144.3,140.9,288.4,95.7,85.5,121.7,1.267,1.38e-05,0.109,0.735,0.963,0.000763,-0.245,0.446
"lcl|NC_008783.1_cds_WP_005766453.1_357","BARBAKC583_RS02035","BARBAKC583_0424",NA,"SufE family protein","WP_005766453.1","complement(427808..428215)","-",408,FALSE,"",TRUE,TRUE,TRUE,FALSE,"",175.3,322.6,289.7,91.2,214.4,217.9,1.082,1.51e-05,0.976,0.000123,0.043,0.878,-1.05,1.08e-05
"lcl|NC_008783.1_cds_WP_005766455.1_358","BARBAKC583_RS02040","BARBAKC583_0425",NA,"DUF5330 domain-containing protein","WP_005766455.1","complement(428340..428702)","-",363,FALSE,"",TRUE,TRUE,TRUE,FALSE,"",306.8,412.9,468.6,154,255,184,0.932,0.000322,0.518,0.0495,0.23,0.354,-0.188,0.533
"lcl|NC_008783.1_cds_WP_005766457.1_359","BARBAKC583_RS02050","BARBAKC583_0426",NA,"peptidoglycan-binding domain-containing protein","WP_005766457.1","429266..430111","+",846,FALSE,"",TRUE,TRUE,TRUE,FALSE,"",286.3,157.3,116,141.9,112.4,89.2,-0.811,0.000126,-0.58,0.00727,-0.136,0.561,0.622,0.00333
"lcl|NC_008783.1_cds_WP_035453124.1_360","BARBAKC583_RS02055","BARBAKC583_0427",NA,"hypothetical protein","WP_035453124.1","430277..430513","+",237,FALSE,"",TRUE,TRUE,TRUE,FALSE,"Hipotetica",1977.1,3722.1,4163.5,2194.9,3184.9,2085.4,1.394,5.25e-07,0.975,0.000443,0.213,0.407,0.084,0.812
"lcl|NC_008783.1_cds_WP_005766461.1_361","BARBAKC583_RS02060","BARBAKC583_0428",NA,"response regulator transcription factor","WP_005766461.1","430531..431196","+",666,FALSE,"",TRUE,TRUE,TRUE,FALSE,"",396.8,600.3,1188.2,426.7,501.3,254.3,1.949,6.01e-21,0.738,0.00062,1.084,3.4e-07,0.692,0.00106
"lcl|NC_008783.1_cds_WP_005766462.1_362","BARBAKC583_RS02065","BARBAKC583_0429",NA,"sensor histidine kinase","WP_005766462.1","431193..432614","+",1422,FALSE,"",TRUE,TRUE,TRUE,FALSE,"",206.8,294.6,281.2,92,187.5,102.5,0.757,0.0179,0.571,0.0651,0.071,0.808,-0.095,0.805
"lcl|NC_008783.1_cds_WP_005766464.1_363","BARBAKC583_RS02070","BARBAKC583_0430",NA,"tetratricopeptide repeat protein","WP_005766464.1","432728..433564","+",837,FALSE,"",TRUE,TRUE,TRUE,FALSE,"",159.5,131.8,105.6,132.9,141.5,96.7,-0.104,0.503,-0.047,0.822,-0.067,0.789,0.447,0.0196
"lcl|NC_008783.1_cds_WP_011807322.1_364","BARBAKC583_RS02075","BARBAKC583_0431","ccmE","cytochrome c maturation protein CcmE","WP_011807322.1","433763..434239","+",477,FALSE,"",TRUE,TRUE,TRUE,FALSE,"",328.5,279.2,178.6,276.2,221.3,122.2,-0.375,0.118,-0.028,0.919,-0.245,0.306,1.044,7.09e-06
"lcl|NC_008783.1_cds_WP_005766468.1_365","BARBAKC583_RS02080","BARBAKC583_0432",NA,"heme lyase CcmF/NrfE family subunit","WP_005766468.1","434255..436234","+",1980,FALSE,"",TRUE,TRUE,TRUE,FALSE,"HierroHemo",56.2,41.1,49.2,25.2,36.1,32.1,0.174,0.378,-0.2,0.389,0.324,0.128,-0.278,0.258
"lcl|NC_008783.1_cds_WP_011807323.1_366","BARBAKC583_RS02085","BARBAKC583_0433",NA,"cytochrome c-type biogenesis protein","WP_011807323.1","436237..436680","+",444,FALSE,"",TRUE,TRUE,TRUE,FALSE,"",51.7,38,44,31.6,33,34.3,0.131,0.689,-0.147,0.689,0.17,0.531,-0.064,0.875
"lcl|NC_008783.1_cds_WP_005766472.1_367","BARBAKC583_RS02095","BARBAKC583_0434",NA,"Do family serine endopeptidase","WP_005766472.1","436882..438399","+",1518,FALSE,"",TRUE,TRUE,TRUE,FALSE,"",1197.1,685.8,740.8,660.9,704.6,1178.6,-0.175,0.502,-0.47,0.0938,0.163,0.531,-0.643,0.0206
"lcl|NC_008783.1_cds_WP_005766474.1_368","BARBAKC583_RS02100","BARBAKC583_0435",NA,"response regulator transcription factor","WP_005766474.1","438476..439162","+",687,FALSE,"",TRUE,TRUE,TRUE,FALSE,"",269.1,242.5,241.6,190.4,242.3,282.2,0.208,0.392,0.057,0.844,0.114,0.659,-0.446,0.0965
"lcl|NC_008783.1_cds_WP_005766476.1_369","BARBAKC583_RS02105","BARBAKC583_0436",NA,"sensor histidine kinase","WP_005766476.1","439159..440541","+",1383,FALSE,"",TRUE,TRUE,TRUE,FALSE,"",144.8,94.8,84.6,58.1,66,75.4,-0.251,0.262,-0.319,0.193,0.03,0.918,-0.294,0.265
"lcl|NC_008783.1_cds_WP_005766478.1_370","BARBAKC583_RS02110","BARBAKC583_0438",NA,"sensor histidine kinase","WP_005766478.1","complement(440857..443178)","-",2322,FALSE,"",TRUE,TRUE,TRUE,FALSE,"",193.6,341.9,195.7,117.1,190.4,108.7,0.417,0.0492,0.961,4.29e-06,-0.416,0.0411,0.119,0.66
"lcl|NC_008783.1_cds_WP_005766480.1_371","BARBAKC583_RS02115","BARBAKC583_0439","pepN","aminopeptidase N","WP_005766480.1","complement(443458..446085)","-",2628,FALSE,"",TRUE,TRUE,TRUE,FALSE,"",569.9,257.7,140.3,587.1,435.7,1231.7,-1.464,1.92e-08,-0.804,0.00206,-0.413,0.0807,-0.87,0.000561
"lcl|NC_008783.1_cds_WP_011807325.1_372","BARBAKC583_RS02120","BARBAKC583_0440",NA,"uracil-DNA glycosylase","WP_011807325.1","complement(446164..446991)","-",828,FALSE,"",TRUE,TRUE,TRUE,FALSE,"",1291.2,2288.6,1451.8,1216.2,1838.9,591.3,0.417,0.265,0.728,0.0505,-0.139,0.599,0.676,0.0512
"lcl|NC_008783.1_cds_WP_005766483.1_373","BARBAKC583_RS02125","BARBAKC583_0441",NA,"hydroxymethylpyrimidine/phosphomethylpyrimidine kinase","WP_005766483.1","complement(447202..447960)","-",759,FALSE,"",TRUE,TRUE,TRUE,FALSE,"",100,75.2,49.8,31.1,48.4,84.4,-0.489,0.0542,-0.171,0.529,-0.191,0.441,-1.217,4.13e-07
"lcl|NC_008783.1_cds_WP_005766485.1_374","BARBAKC583_RS02130","BARBAKC583_0442",NA,"thiamine phosphate synthase","WP_005766485.1","complement(447951..448556)","-",606,FALSE,"",TRUE,TRUE,TRUE,FALSE,"",106.1,61.4,58.1,45.5,73.7,52.5,-0.327,0.214,-0.45,0.102,0.066,0.817,-0.141,0.675
"lcl|NC_008783.1_cds_WP_005766487.1_375","BARBAKC583_RS02135","BARBAKC583_0443",NA,"thiazole synthase","WP_005766487.1","complement(448553..449326)","-",774,FALSE,"",TRUE,TRUE,TRUE,FALSE,"",149.3,69.1,130.4,74,94.9,88.1,0.175,0.407,-0.808,0.000834,0.977,4.67e-05,-0.188,0.489
"lcl|NC_008783.1_cds_WP_005766489.1_376","BARBAKC583_RS02140","BARBAKC583_0444","thiS","sulfur carrier protein ThiS","WP_005766489.1","complement(449331..449528)","-",198,FALSE,"",TRUE,TRUE,TRUE,FALSE,"",191.2,101.9,69.2,82.7,67.3,68.3,-0.724,0.0748,-0.447,0.242,-0.08,0.78,0.179,0.678
"lcl|NC_008783.1_cds_WP_005766490.1_377","BARBAKC583_RS02145","BARBAKC583_0445",NA,"FAD-dependent oxidoreductase","WP_005766490.1","complement(449532..450482)","-",951,FALSE,"",TRUE,TRUE,TRUE,FALSE,"",316.6,146.4,90.4,90.3,171.7,101.4,-1.209,4.97e-05,-0.728,0.0138,-0.233,0.377,-0.105,0.779
"lcl|NC_008783.1_cds_WP_005766492.1_378","BARBAKC583_RS02150","BARBAKC583_0446","thiC","phosphomethylpyrimidine synthase ThiC","WP_005766492.1","complement(450479..452314)","-",1836,FALSE,"",TRUE,TRUE,TRUE,FALSE,"",584.2,166.6,103,340.6,272.6,323.1,-1.99,1.5e-24,-1.508,8.38e-14,-0.34,0.0882,0.098,0.714
"lcl|NC_008783.1_cds_WP_005766494.1_379","BARBAKC583_RS02155","BARBAKC583_0447",NA,"porin","WP_005766494.1","complement(453146..454366)","-",1221,FALSE,"",TRUE,TRUE,TRUE,FALSE,"",3062,1434.6,2846.3,4218.8,2194.2,7475.9,0.212,0.523,-0.652,0.0539,0.708,0.019,-0.554,0.0954
"lcl|NC_008783.1_cds_WP_011807326.1_380","BARBAKC583_RS02175","BARBAKC583_0450",NA,"hypothetical protein","WP_011807326.1","455883..456107","+",225,FALSE,"",TRUE,TRUE,TRUE,FALSE,"Hipotetica",892.2,563,690,384.4,280.5,512.9,0.029,0.944,-0.285,0.459,0.163,0.55,-0.228,0.572
"lcl|NC_008783.1_cds_WP_005766502.1_381","BARBAKC583_RS02185","BARBAKC583_0452",NA,"DUF1561 family protein","WP_005766502.1","complement(456477..458420)","-",1944,FALSE,"",TRUE,TRUE,TRUE,FALSE,"",36.8,27.2,18.4,17.4,25,20.1,-0.375,0.261,-0.124,0.735,-0.132,0.617,-0.123,0.763
"lcl|NC_008783.1_cds_WP_005766504.1_382","BARBAKC583_RS02190","BARBAKC583_0453",NA,"N-acetylmuramoyl-L-alanine amidase","WP_005766504.1","459089..459862","+",774,FALSE,"",TRUE,TRUE,TRUE,FALSE,"",2876.2,926,933.7,2079.3,11159.8,6065.6,-1.052,0.000291,-1.241,2.21e-05,0.109,0.678,-1.242,4.78e-06
"lcl|NC_008783.1_cds_WP_005766507.1_383","BARBAKC583_RS02200","BARBAKC583_0455",NA,"heme ABC transporter ATP-binding protein","WP_005766507.1","complement(460068..460862)","-",795,FALSE,"",TRUE,TRUE,TRUE,FALSE,"TranspABC;HierroHemo",382.3,168.5,91,206.8,190.4,336.8,-1.488,2.33e-07,-0.808,0.00473,-0.385,0.119,-0.534,0.0604
"lcl|NC_008783.1_cds_WP_005766509.1_384","BARBAKC583_RS02205","BARBAKC583_0456",NA,"FecCD family ABC transporter permease","WP_005766509.1","complement(460855..461955)","-",1101,FALSE,"",TRUE,TRUE,TRUE,FALSE,"TranspABC",298.8,102.1,69.8,190.9,143.1,245.4,-1.537,1.86e-08,-1.188,1.82e-05,-0.171,0.51,-0.267,0.377
"lcl|NC_008783.1_cds_WP_005766511.1_385","BARBAKC583_RS02210","BARBAKC583_0457",NA,"heme/hemin ABC transporter substrate-binding protein","WP_005766511.1","complement(461952..462863)","-",912,FALSE,"",TRUE,TRUE,TRUE,FALSE,"TranspABC;HierroHemo",642.2,245.3,133.2,389.8,227.3,408.4,-1.696,1.66e-10,-1.028,0.000122,-0.405,0.0886,-0.03,0.922
"lcl|NC_008783.1_cds_WP_005766513.1_386","BARBAKC583_RS02215","BARBAKC583_0458",NA,"hemin-degrading factor","WP_005766513.1","complement(462881..463924)","-",1044,FALSE,"",TRUE,TRUE,TRUE,FALSE,"HierroHemo",1073,376.1,264.6,647.2,377.2,2051.7,-1.423,1.13e-06,-1.122,0.000129,-0.135,0.599,-1.343,1.07e-06
"lcl|NC_008783.1_cds_WP_005766517.1_387","BARBAKC583_RS02220","BARBAKC583_0460",NA,"TonB-dependent hemoglobin/transferrin/lactoferrin family receptor","WP_005766517.1","complement(464173..466368)","-",2196,FALSE,"",TRUE,TRUE,TRUE,FALSE,"HierroHemo",5076.3,6153.1,7000.4,5584.9,4815.9,5560.5,0.862,1.71e-06,0.453,0.0154,0.301,0.106,0.034,0.889
"lcl|NC_008783.1_cds_WP_225866730.1_388","BARBAKC583_RS07035",NA,NA,"hypothetical protein","WP_225866730.1","466635..467135","+",501,FALSE,"",TRUE,TRUE,TRUE,FALSE,"Hipotetica",423.4,696.8,672,409.8,358.6,182.3,1.057,4.73e-07,0.862,5.4e-05,0.113,0.632,1.074,2.09e-07
"lcl|NC_008783.1_cds_BARBAKC583_RS07040_389","BARBAKC583_RS07040",NA,NA,"energy transducer TonB family protein",NA,"<467181..467435","+",255,TRUE,"",TRUE,TRUE,FALSE,FALSE,"HierroHemo",505.6,653.9,484.4,282.2,510.6,238.6,0.282,0.347,0.465,0.133,-0.092,0.74,0.202,0.569
"lcl|NC_008783.1_cds_WP_011807327.1_390","BARBAKC583_RS02230","BARBAKC583_0462",NA,"lytic transglycosylase domain-containing protein","WP_011807327.1","complement(467633..469597)","-",1965,FALSE,"",TRUE,TRUE,TRUE,FALSE,"",116,85.8,67.8,91.6,85.4,110.4,-0.246,0.292,-0.156,0.563,-0.069,0.805,-0.202,0.48
"lcl|NC_008783.1_cds_WP_011807328.1_391","BARBAKC583_RS07045","BARBAKC583_0463",NA,"hypothetical protein","WP_011807328.1","469596..469760","+",165,FALSE,"",TRUE,TRUE,TRUE,FALSE,"Hipotetica",26.8,31.2,139.2,41.5,20.3,11.6,1.415,0.00724,0.205,0.641,0.363,0.111,0.528,0.121
"lcl|NC_008783.1_cds_WP_005766524.1_392","BARBAKC583_RS02235","BARBAKC583_0464","dapA","4-hydroxy-tetrahydrodipicolinate synthase","WP_005766524.1","469973..470857","+",885,FALSE,"",TRUE,TRUE,TRUE,FALSE,"",548.5,1218.7,1483.6,707.8,710.2,453,1.699,2.06e-08,1.184,9.5e-05,0.251,0.336,0.52,0.0826
"lcl|NC_008783.1_cds_WP_005766527.1_393","BARBAKC583_RS02240","BARBAKC583_0465","smpB","SsrA-binding protein SmpB","WP_005766527.1","470876..471352","+",477,FALSE,"",TRUE,TRUE,TRUE,FALSE,"",225.8,389.1,391.6,177,221.5,137.7,1.148,9.6e-06,0.888,7e-04,0.128,0.607,0.323,0.252
"lcl|NC_008783.1_cds_WP_035453167.1_394","BARBAKC583_RS02245","BARBAKC583_0466",NA,"uracil-DNA glycosylase","WP_035453167.1","complement(471387..472043)","-",657,FALSE,"",TRUE,TRUE,TRUE,FALSE,"",288.1,395.9,336.3,287.7,442.5,306.8,0.495,0.162,0.486,0.158,-0.005,0.99,-0.042,0.913
"lcl|NC_008783.1_cds_WP_005766532.1_395","BARBAKC583_RS02250","BARBAKC583_0467","rpoZ","DNA-directed RNA polymerase subunit omega","WP_005766532.1","472472..472870","+",399,FALSE,"",TRUE,TRUE,TRUE,FALSE,"",1736.8,4064.7,3496.6,2792.3,3330,2289.4,1.109,0.00662,1.041,0.00813,0.002,0.999,0.185,0.662
"lcl|NC_008783.1_cds_WP_005766536.1_396","BARBAKC583_RS02255","BARBAKC583_0468",NA,"RelA/SpoT family protein","WP_005766536.1","472998..475226","+",2229,FALSE,"",TRUE,TRUE,TRUE,FALSE,"",207.7,270.5,373.1,186,225.4,212.7,1.174,1.63e-05,0.496,0.07,0.425,0.0797,-0.13,0.707
"lcl|NC_008783.1_cds_WP_005766538.1_397","BARBAKC583_RS02260","BARBAKC583_0469","pyrE","orotate phosphoribosyltransferase","WP_005766538.1","475242..475820","+",579,FALSE,"",TRUE,TRUE,TRUE,FALSE,"",358.5,278.6,300,262.9,239.9,154.4,0.124,0.542,-0.121,0.635,0.206,0.387,0.695,0.00218
"lcl|NC_008783.1_cds_WP_005766540.1_398","BARBAKC583_RS02265","BARBAKC583_0470",NA,"DUF2062 domain-containing protein","WP_005766540.1","475914..476516","+",603,FALSE,"",TRUE,TRUE,TRUE,FALSE,"",267.1,220.2,216.3,187.1,231.1,276.2,0.081,0.756,-0.066,0.825,0.108,0.678,-0.429,0.126
"lcl|NC_008783.1_cds_WP_005766541.1_399","BARBAKC583_RS02270","BARBAKC583_0471","acpS","holo-ACP synthase","WP_005766541.1","476513..476914","+",402,FALSE,"",TRUE,TRUE,TRUE,FALSE,"",464,542.1,328,212.2,263.5,197.6,-0.041,0.864,0.356,0.169,-0.296,0.209,0.108,0.745
"lcl|NC_008783.1_cds_WP_005766544.1_400","BARBAKC583_RS02275","BARBAKC583_0472","lepB","signal peptidase I","WP_005766544.1","476982..477764","+",783,FALSE,"",TRUE,TRUE,TRUE,FALSE,"",659.9,505,416.3,659.6,638.3,1668.1,-0.165,0.453,-0.141,0.588,-0.031,0.914,-1.139,7.93e-07
"lcl|NC_008783.1_cds_WP_005766546.1_401","BARBAKC583_RS02280","BARBAKC583_0473","rnc","ribonuclease III","WP_005766546.1","477775..478482","+",708,FALSE,"",TRUE,TRUE,TRUE,FALSE,"",196.6,139.6,122,194,179,189.2,-0.201,0.272,-0.26,0.219,0.025,0.932,0.062,0.812
"lcl|NC_008783.1_cds_WP_005766547.1_402","BARBAKC583_RS02285","BARBAKC583_0474","era","GTPase Era","WP_005766547.1","478475..479380","+",906,FALSE,"",TRUE,TRUE,TRUE,FALSE,"",244.5,162.5,130.6,217,186.1,208.1,-0.413,0.0549,-0.316,0.154,-0.06,0.822,0.079,0.779
"lcl|NC_008783.1_cds_WP_005766549.1_403","BARBAKC583_RS02290","BARBAKC583_0475","recO","DNA repair protein RecO","WP_005766549.1","479383..480120","+",738,FALSE,"",TRUE,TRUE,TRUE,FALSE,"",109.1,57.7,42.2,58.2,82.7,89.7,-0.819,0.00434,-0.556,0.0515,-0.116,0.66,-0.482,0.0874
"lcl|NC_008783.1_cds_WP_005766551.1_404","BARBAKC583_RS02295","BARBAKC583_0476","panC","pantoate--beta-alanine ligase","WP_005766551.1","480157..481002","+",846,FALSE,"",TRUE,TRUE,TRUE,FALSE,"",227.9,142.8,106,105.1,69.2,83.9,-0.579,0.0421,-0.378,0.18,-0.097,0.72,0.287,0.353
"lcl|NC_008783.1_cds_WP_005766554.1_405","BARBAKC583_RS02300","BARBAKC583_0477","panB","3-methyl-2-oxobutanoate hydroxymethyltransferase","WP_005766554.1","481014..481829","+",816,FALSE,"",TRUE,TRUE,TRUE,FALSE,"",321,329.6,299.8,216.4,273.9,282.3,0.29,0.0972,0.215,0.25,0.06,0.806,-0.323,0.0943
"lcl|NC_008783.1_cds_BARBAKC583_RS02305_406","BARBAKC583_RS02305",NA,NA,"HD domain-containing protein",NA,"complement(482190..482807)","-",618,TRUE,"",TRUE,TRUE,FALSE,FALSE,"",209.6,260.8,131.1,53.5,113.9,46.7,-0.12,0.779,0.316,0.421,-0.23,0.395,0.121,0.789
"lcl|NC_008783.1_cds_WP_005766558.1_407","BARBAKC583_RS02310","BARBAKC583_0479","ygfZ","CAF17-like 4Fe-4S cluster assembly/insertion protein YgfZ","WP_005766558.1","complement(482811..483671)","-",861,FALSE,"",TRUE,TRUE,TRUE,FALSE,"",934.8,1383.3,710,539.9,696.6,531.6,0.026,0.9,0.702,0.00176,-0.557,0.0105,0.043,0.886
"lcl|NC_008783.1_cds_WP_005766559.1_408","BARBAKC583_RS02315","BARBAKC583_0480",NA,"dihydroorotase","WP_005766559.1","483735..485060","+",1326,FALSE,"",TRUE,TRUE,TRUE,FALSE,"",145,110.2,97.3,234,174.7,199.2,-0.1,0.656,-0.151,0.573,0.022,0.939,0.224,0.426
"lcl|NC_008783.1_cds_WP_005766561.1_409","BARBAKC583_RS02320","BARBAKC583_0481","cysS","cysteine--tRNA ligase","WP_005766561.1","485478..486980","+",1503,FALSE,"",TRUE,TRUE,TRUE,FALSE,"Traduccion",119,161.9,156.5,107.3,115.2,116.7,0.805,1.46e-05,0.61,0.00144,0.126,0.568,-0.083,0.742
"lcl|NC_008783.1_cds_WP_005766563.1_410","BARBAKC583_RS02325","BARBAKC583_0482",NA,"ABCB family ABC transporter ATP-binding protein/permease","WP_005766563.1","487389..489272","+",1884,FALSE,"",TRUE,TRUE,TRUE,FALSE,"TranspABC",426.3,240.6,184.3,384.8,341.3,393.6,-0.747,7.33e-06,-0.577,0.000739,-0.116,0.579,-0.002,0.994
"lcl|NC_008783.1_cds_WP_005766565.1_411","BARBAKC583_RS02330","BARBAKC583_0483",NA,"phosphatidylserine decarboxylase","WP_005766565.1","489384..490082","+",699,FALSE,"",TRUE,TRUE,TRUE,FALSE,"",655.5,226.9,484.7,710.1,500.8,929.9,-0.004,0.984,-1.132,0.000182,0.991,0.000763,-0.272,0.403
"lcl|NC_008783.1_cds_WP_005766567.1_412","BARBAKC583_RS02335","BARBAKC583_0484","pssA","CDP-diacylglycerol--serine O-phosphatidyltransferase","WP_005766567.1","490091..490930","+",840,FALSE,"",TRUE,TRUE,TRUE,FALSE,"",170.2,53,89.6,114,63.5,62.4,-0.379,0.219,-1.244,0.000134,0.558,0.0432,0.683,0.0243
"lcl|NC_008783.1_cds_WP_005766569.1_413","BARBAKC583_RS02340","BARBAKC583_0485",NA,"SDR family NAD(P)-dependent oxidoreductase","WP_005766569.1","complement(491013..491762)","-",750,FALSE,"",TRUE,TRUE,TRUE,FALSE,"",303.9,302.3,193.8,101.9,166,145.9,-0.126,0.606,0.164,0.563,-0.221,0.38,-0.4,0.151
"lcl|NC_008783.1_cds_WP_005766571.1_414","BARBAKC583_RS02345","BARBAKC583_0486","purF","amidophosphoribosyltransferase","WP_005766571.1","complement(491765..493255)","-",1491,FALSE,"",TRUE,TRUE,TRUE,FALSE,"",463.8,389.8,344.5,279.8,279.9,329.3,0.007,0.962,-0.03,0.887,0.034,0.897,-0.185,0.398
"lcl|NC_008783.1_cds_WP_005766573.1_415","BARBAKC583_RS02350","BARBAKC583_0487",NA,"CvpA family protein","WP_005766573.1","complement(493343..493906)","-",564,FALSE,"",TRUE,TRUE,TRUE,FALSE,"",925,1032.5,677.8,728,810.4,889.5,-0.008,0.953,0.338,0.0541,-0.291,0.0978,-0.239,0.203
"lcl|NC_008783.1_cds_WP_005766575.1_416","BARBAKC583_RS02355","BARBAKC583_0488",NA,"CvpA family protein","WP_005766575.1","complement(494201..494668)","-",468,FALSE,"",TRUE,TRUE,TRUE,FALSE,"",78.7,116.9,102.1,37.5,68.2,46.8,0.739,0.0103,0.648,0.0243,0.027,0.934,-0.227,0.48
"lcl|NC_008783.1_cds_WP_005766577.1_417","BARBAKC583_RS02360","BARBAKC583_0489","radA","DNA repair protein RadA","WP_005766577.1","complement(494823..496196)","-",1374,FALSE,"",TRUE,TRUE,TRUE,FALSE,"",53.7,47.3,50.6,31.1,39.2,39.8,0.275,0.292,0.037,0.903,0.163,0.531,-0.263,0.391
"lcl|NC_008783.1_cds_WP_005766578.1_418","BARBAKC583_RS02365","BARBAKC583_0490",NA,"replicative DNA helicase","WP_005766578.1","complement(496209..497711)","-",1503,FALSE,"",TRUE,TRUE,TRUE,FALSE,"",357.5,554,516.1,152.9,276,166.2,0.897,0.000423,0.741,0.00341,0.071,0.799,-0.077,0.813
"lcl|NC_008783.1_cds_WP_005766580.1_419","BARBAKC583_RS02370","BARBAKC583_0491","rplI","50S ribosomal protein L9","WP_005766580.1","complement(498165..498704)","-",540,FALSE,"",TRUE,TRUE,TRUE,FALSE,"Ribosoma",1411,600.6,720.5,449.8,538.3,1060.1,-0.384,0.242,-0.795,0.0166,0.207,0.441,-0.881,0.00459
"lcl|NC_008783.1_cds_WP_005766582.1_420","BARBAKC583_RS02375","BARBAKC583_0492",NA,"hypothetical protein","WP_005766582.1","complement(498730..499710)","-",981,FALSE,"",TRUE,TRUE,TRUE,FALSE,"Hipotetica",268.3,203.6,272.6,156.8,167,86.3,0.403,0.0505,-0.162,0.457,0.493,0.0141,0.8,7.45e-05
"lcl|NC_008783.1_cds_WP_005766584.1_421","BARBAKC583_RS02380","BARBAKC583_0493","rpsR","30S ribosomal protein S18","WP_005766584.1","complement(499866..500114)","-",249,FALSE,"",TRUE,TRUE,TRUE,FALSE,"Ribosoma",1499,582.1,450.7,592.7,661.9,1312.1,-1.124,0.000531,-0.939,0.00341,-0.06,0.836,-0.846,0.00459
"lcl|NC_008783.1_cds_WP_005766585.1_422","BARBAKC583_RS02385","BARBAKC583_0494","rpsF","30S ribosomal protein S6","WP_005766585.1","complement(500114..500524)","-",411,FALSE,"",TRUE,TRUE,TRUE,FALSE,"Ribosoma",2172,915.4,1167.3,1672.1,990.4,2140,-0.341,0.229,-0.864,0.00293,0.306,0.224,-0.252,0.435
"lcl|NC_008783.1_cds_WP_005766587.1_423","BARBAKC583_RS02390","BARBAKC583_0495",NA,"undecaprenyl-diphosphatase","WP_005766587.1","500881..501468","+",588,FALSE,"",TRUE,TRUE,TRUE,FALSE,"",152.2,193,158.9,273.9,225.4,195,0.371,0.258,0.404,0.219,-0.018,0.95,0.377,0.269
"lcl|NC_008783.1_cds_WP_005766589.1_424","BARBAKC583_RS02395","BARBAKC583_0496","fabD","ACP S-malonyltransferase","WP_005766589.1","501535..502479","+",945,FALSE,"",TRUE,TRUE,TRUE,FALSE,"",555.2,485,381,824.3,610.8,798.3,-0.066,0.613,0.01,0.961,-0.088,0.678,0.07,0.753
"lcl|NC_008783.1_cds_WP_005766591.1_425","BARBAKC583_RS02400","BARBAKC583_0497","fabG","3-oxoacyl-[acyl-carrier-protein","WP_005766591.1","502498..503235","+",738,FALSE,"",TRUE,TRUE,TRUE,FALSE,"",993.9,1123.5,824.1,1164.4,1275.1,1564.9,0.11,0.595,0.331,0.164,-0.132,0.584,-0.345,0.167
"lcl|NC_008783.1_cds_WP_005766592.1_426","BARBAKC583_RS02405","BARBAKC583_0498",NA,"acyl carrier protein","WP_005766592.1","503494..503730","+",237,FALSE,"",TRUE,TRUE,TRUE,FALSE,"",7583.4,7336.2,6108.2,5347.1,4149.6,2615.4,0.075,0.653,0.132,0.536,-0.027,0.923,0.965,5.28e-07
"lcl|NC_008783.1_cds_WP_005766594.1_427","BARBAKC583_RS02410","BARBAKC583_0499","fabF","beta-ketoacyl-ACP synthase II","WP_005766594.1","503840..505102","+",1263,FALSE,"",TRUE,TRUE,TRUE,FALSE,"",741.8,342.7,479.9,679.9,412.6,464.8,-0.131,0.592,-0.773,0.00373,0.441,0.0682,0.482,0.0772
"lcl|NC_008783.1_cds_WP_005766596.1_428","BARBAKC583_RS02415","BARBAKC583_0501","mltG","endolytic transglycosylase MltG","WP_005766596.1","505211..506320","+",1110,FALSE,"",TRUE,TRUE,TRUE,FALSE,"",147.4,156.1,117.1,112.5,121.4,85.7,0.065,0.663,0.26,0.175,-0.131,0.55,0.386,0.0448
"lcl|NC_008783.1_cds_WP_005766597.1_429","BARBAKC583_RS02420","BARBAKC583_0502","gmk","guanylate kinase","WP_005766597.1","506402..507067","+",666,FALSE,"",TRUE,TRUE,TRUE,FALSE,"",220.2,230.7,94.4,94,167.3,182.1,-0.672,0.025,0.209,0.494,-0.743,0.00765,-0.737,0.00893
"lcl|NC_008783.1_cds_WP_005766599.1_430","BARBAKC583_RS02425","BARBAKC583_0503","rsmA","16S rRNA (adenine(1518)-N(6)/adenine(1519)-N(6))-dimethyltransferase RsmA","WP_005766599.1","complement(507118..507948)","-",831,FALSE,"",TRUE,TRUE,TRUE,FALSE,"",86.9,67.8,37.3,40.6,71.7,50,-0.685,0.00761,-0.084,0.761,-0.412,0.0777,-0.229,0.423
"lcl|NC_008783.1_cds_WP_005766601.1_431","BARBAKC583_RS02430","BARBAKC583_0504","pdxA","4-hydroxythreonine-4-phosphate dehydrogenase PdxA","WP_005766601.1","complement(507939..508949)","-",1011,FALSE,"",TRUE,TRUE,TRUE,FALSE,"",242.2,185.2,137.7,119.9,185.6,141.9,-0.295,0.179,-0.122,0.622,-0.125,0.599,-0.184,0.488
"lcl|NC_008783.1_cds_WP_005766603.1_432","BARBAKC583_RS02435","BARBAKC583_0505",NA,"SurA N-terminal domain-containing protein","WP_005766603.1","complement(508949..509926)","-",978,FALSE,"",TRUE,TRUE,TRUE,FALSE,"",2562.7,4200.6,2288.1,2028.1,2451.8,1943.2,0.199,0.407,0.81,0.00167,-0.41,0.0797,0.071,0.832
"lcl|NC_008783.1_cds_WP_005766604.1_433","BARBAKC583_RS02440","BARBAKC583_0506",NA,"LPS-assembly protein LptD","WP_005766604.1","complement(510034..512409)","-",2376,FALSE,"",TRUE,TRUE,TRUE,FALSE,"",348.3,206.8,139.3,138.7,149.1,185.1,-0.828,0.000402,-0.468,0.0493,-0.215,0.369,-0.332,0.187
"lcl|NC_008783.1_cds_WP_011807331.1_434","BARBAKC583_RS02445","BARBAKC583_0507","lptG","LPS export ABC transporter permease LptG","WP_011807331.1","complement(512422..513513)","-",1092,FALSE,"",TRUE,TRUE,TRUE,FALSE,"TranspABC",451.8,380.6,260.9,185.9,219,201.8,-0.307,0.114,-0.032,0.887,-0.216,0.321,-0.078,0.773
"lcl|NC_008783.1_cds_WP_005766607.1_435","BARBAKC583_RS02450","BARBAKC583_0508","lptF","LPS export ABC transporter permease LptF","WP_005766607.1","complement(513510..514700)","-",1191,FALSE,"",TRUE,TRUE,TRUE,FALSE,"TranspABC",495.6,338.8,239,299,299.1,249.9,-0.542,0.0374,-0.269,0.299,-0.153,0.548,0.242,0.403
"lcl|NC_008783.1_cds_WP_005766608.1_436","BARBAKC583_RS02455","BARBAKC583_0509",NA,"DNA polymerase III subunit chi","WP_005766608.1","515077..515526","+",450,FALSE,"",TRUE,TRUE,TRUE,FALSE,"",202.1,248.5,246.9,238.6,169.9,134.8,0.666,0.00338,0.424,0.0689,0.139,0.558,0.752,0.000568
"lcl|NC_008783.1_cds_WP_005766609.1_437","BARBAKC583_RS02460","BARBAKC583_0510",NA,"hypothetical protein","WP_005766609.1","515526..515705","+",180,FALSE,"",TRUE,TRUE,TRUE,FALSE,"Hipotetica",157.5,92.6,103.7,54.7,54.4,24.8,-0.066,0.895,-0.187,0.671,0.055,0.844,0.49,0.19
"lcl|NC_008783.1_cds_WP_005766610.1_438","BARBAKC583_RS02465","BARBAKC583_0511",NA,"hypothetical protein","WP_005766610.1","515698..515961","+",264,FALSE,"",TRUE,TRUE,TRUE,FALSE,"Hipotetica",29.9,21.3,23.6,22.6,23.8,29.8,0.058,0.912,-0.151,0.738,0.085,0.736,-0.15,0.737
"lcl|NC_008783.1_cds_WP_011807332.1_439","BARBAKC583_RS02470","BARBAKC583_0512",NA,"autotransporter outer membrane beta-barrel domain-containing protein","WP_011807332.1","516533..518980","+",2448,FALSE,"",TRUE,TRUE,TRUE,FALSE,"",222.6,168.8,115.8,196.6,145.6,225.4,-0.43,0.0669,-0.14,0.577,-0.19,0.427,-0.139,0.629
"lcl|NC_008783.1_cds_WP_005766622.1_440","BARBAKC583_RS02475","BARBAKC583_0513","bafA","BafA family autotransporter","WP_005766622.1","519417..521819","+",2403,FALSE,"",TRUE,TRUE,TRUE,FALSE,"",167.5,333.3,150,100.3,187,56.6,0.187,0.573,0.956,0.00511,-0.465,0.0882,0.6,0.0671
"lcl|NC_008783.1_cds_WP_005766624.1_441","BARBAKC583_RS02485","BARBAKC583_0514","ndk","nucleoside-diphosphate kinase","WP_005766624.1","522543..522965","+",423,FALSE,"",TRUE,TRUE,TRUE,FALSE,"",5723.4,5241.2,2613.7,4813.6,7122.8,8716.4,-0.66,0.000429,0.069,0.739,-0.663,0.000394,-0.759,3.44e-05
"lcl|NC_008783.1_cds_WP_005766626.1_442","BARBAKC583_RS02490","BARBAKC583_0515","pgsA","CDP-diacylglycerol--glycerol-3-phosphate 3-phosphatidyltransferase","WP_005766626.1","complement(523436..524020)","-",585,FALSE,"",TRUE,TRUE,TRUE,FALSE,"",444.9,289.1,232.8,415.5,298.1,206,-0.418,0.0972,-0.344,0.182,-0.041,0.888,0.887,0.000266
"lcl|NC_008783.1_cds_WP_005766628.1_443","BARBAKC583_RS02495","BARBAKC583_0516","uvrC","excinuclease ABC subunit UvrC","WP_005766628.1","complement(524104..526080)","-",1977,FALSE,"",TRUE,TRUE,TRUE,FALSE,"",114.3,118.4,91.3,77.2,125.8,66.8,0.08,0.779,0.207,0.5,-0.071,0.808,0.184,0.59
"lcl|NC_008783.1_cds_WP_005766630.1_444","BARBAKC583_RS02500","BARBAKC583_0517",NA,"23S rRNA (adenine(2030)-N(6))-methyltransferase RlmJ","WP_005766630.1","complement(526474..527340)","-",867,FALSE,"",TRUE,TRUE,TRUE,FALSE,"",162.2,163.4,112.2,69.4,98.1,102.8,-0.048,0.84,0.179,0.507,-0.169,0.499,-0.45,0.0855
"lcl|NC_008783.1_cds_BARBAKC583_RS06800_445","BARBAKC583_RS06800",NA,"tatC","twin-arginine translocase subunit TatC",NA,"<527618..528290","+",673,TRUE,"",TRUE,TRUE,FALSE,FALSE,"",158.3,176.2,207.2,140.6,298.4,137.1,0.66,0.0541,0.262,0.439,0.185,0.489,0.045,0.908
"lcl|NC_008783.1_cds_WP_005766632.1_446","BARBAKC583_RS02505","BARBAKC583_0519","serS","serine--tRNA ligase","WP_005766632.1","528351..529628","+",1278,FALSE,"",TRUE,TRUE,TRUE,FALSE,"Traduccion",621.2,953.3,1011.5,779.3,727.1,465.9,1.039,8.33e-05,0.72,0.00611,0.163,0.527,0.638,0.0149
"lcl|NC_008783.1_cds_WP_005766634.1_447","BARBAKC583_RS02510","BARBAKC583_0520",NA,"protein-L-isoaspartate(D-aspartate) O-methyltransferase","WP_005766634.1","529763..530422","+",660,FALSE,"",TRUE,TRUE,TRUE,FALSE,"",175.3,165.4,154,89.9,127.4,86.6,0.184,0.432,0.093,0.742,0.074,0.79,0.069,0.835
"lcl|NC_008783.1_cds_WP_005766636.1_448","BARBAKC583_RS02515","BARBAKC583_0521",NA,"peptidoglycan DD-metalloendopeptidase family protein","WP_005766636.1","530587..531780","+",1194,FALSE,"",TRUE,TRUE,TRUE,FALSE,"",524.5,326.8,364,374.7,294.1,271.3,-0.052,0.679,-0.433,0.00969,0.289,0.0909,0.462,0.00528
"lcl|NC_008783.1_cds_WP_005766639.1_449","BARBAKC583_RS02520","BARBAKC583_0523","yajC","preprotein translocase subunit YajC","WP_005766639.1","532537..533001","+",465,FALSE,"",TRUE,TRUE,TRUE,FALSE,"",1937.5,1499.5,1461,2691.6,1757.8,3154.7,0.014,0.946,-0.125,0.621,0.107,0.668,-0.169,0.537
"lcl|NC_008783.1_cds_WP_005766641.1_450","BARBAKC583_RS02525","BARBAKC583_0525",NA,"Mth938-like domain-containing protein","WP_005766641.1","533391..533777","+",387,FALSE,"",TRUE,TRUE,TRUE,FALSE,"",292.1,189.8,211.8,384.1,234.2,183.7,-0.021,0.944,-0.298,0.319,0.17,0.523,0.872,0.00175
"lcl|NC_008783.1_cds_WP_005766643.1_451","BARBAKC583_RS02530","BARBAKC583_0526",NA,"phytoene/squalene synthase family protein","WP_005766643.1","533774..534634","+",861,FALSE,"",TRUE,TRUE,TRUE,FALSE,"",165.2,97.5,76.2,100.8,79.4,133.4,-0.607,0.0283,-0.46,0.0941,-0.065,0.818,-0.306,0.295
"lcl|NC_008783.1_cds_WP_005766646.1_452","BARBAKC583_RS02535","BARBAKC583_0527",NA,"peptidyl-prolyl cis-trans isomerase","WP_005766646.1","complement(534886..536775)","-",1890,FALSE,"",TRUE,TRUE,TRUE,FALSE,"",369.6,331,420.8,310.2,326.6,467.5,0.589,0.00303,0.044,0.837,0.428,0.026,-0.512,0.0107
"lcl|NC_008783.1_cds_WP_005766648.1_453","BARBAKC583_RS02540","BARBAKC583_0528","tpiA","triose-phosphate isomerase","WP_005766648.1","536964..537728","+",765,FALSE,"",TRUE,TRUE,TRUE,FALSE,"",181.7,215.9,241.5,237.7,217,169,0.804,0.000429,0.414,0.0771,0.241,0.294,0.456,0.051
"lcl|NC_008783.1_cds_WP_005766651.1_454","BARBAKC583_RS02545","BARBAKC583_0529","secG","preprotein translocase subunit SecG","WP_005766651.1","537827..538276","+",450,FALSE,"",TRUE,TRUE,TRUE,FALSE,"",3781,4501.9,2904,4130.6,4758.1,1379.7,0.038,0.91,0.343,0.278,-0.177,0.512,1.243,3.59e-05
"lcl|NC_008783.1_cds_WP_005766653.1_455","BARBAKC583_RS02550","BARBAKC583_0530",NA,"CTP synthase","WP_005766653.1","538394..540022","+",1629,FALSE,"",TRUE,TRUE,TRUE,FALSE,"",602.9,736.1,791.6,576.4,602.8,396.8,0.722,0.0147,0.399,0.168,0.157,0.55,0.448,0.131
"lcl|NC_008783.1_cds_WP_005766656.1_456","BARBAKC583_RS02555","BARBAKC583_0531","kdsA","3-deoxy-8-phosphooctulonate synthase","WP_005766656.1","540059..540907","+",849,FALSE,"",TRUE,TRUE,TRUE,FALSE,"",345.7,345.8,375.3,259,288.1,283.3,0.469,0.0804,0.173,0.542,0.175,0.489,-0.083,0.809
"lcl|NC_008783.1_cds_WP_005766659.1_457","BARBAKC583_RS02560","BARBAKC583_0532","eno","phosphopyruvate hydratase","WP_005766659.1","540998..542269","+",1272,FALSE,"",TRUE,TRUE,TRUE,FALSE,"",326.4,339.1,306.9,265.2,342.5,304.1,0.259,0.292,0.216,0.421,0.036,0.903,-0.141,0.664
"lcl|NC_008783.1_cds_WP_005766662.1_458","BARBAKC583_RS02565","BARBAKC583_0533",NA,"FtsB family cell division protein","WP_005766662.1","542600..542929","+",330,FALSE,"",TRUE,TRUE,TRUE,FALSE,"",1018.3,884.1,635.7,994.3,849.8,261.7,-0.135,0.723,0.015,0.975,-0.082,0.777,1.363,6.95e-05
"lcl|NC_008783.1_cds_WP_005766664.1_459","BARBAKC583_RS02570","BARBAKC583_0534","pdhA","pyruvate dehydrogenase (acetyl-transferring) E1 component subunit alpha","WP_005766664.1","543060..544112","+",1053,FALSE,"",TRUE,TRUE,TRUE,FALSE,"HierroHemo",1379.5,2376.4,2217.3,2787.5,2680.7,1283.9,1.016,0.000244,0.862,0.00172,0.063,0.826,0.943,0.000337
"lcl|NC_008783.1_cds_WP_005766667.1_460","BARBAKC583_RS02575","BARBAKC583_0535",NA,"pyruvate dehydrogenase complex E1 component subunit beta","WP_005766667.1","544129..545493","+",1365,FALSE,"",TRUE,TRUE,TRUE,FALSE,"",736.1,794.5,792.7,1099.2,1078.7,925.7,0.493,0.029,0.277,0.224,0.132,0.58,0.243,0.335
"lcl|NC_008783.1_cds_WP_005766668.1_461","BARBAKC583_RS02580","BARBAKC583_0536",NA,"pyruvate dehydrogenase complex dihydrolipoamide acetyltransferase","WP_005766668.1","545508..546833","+",1326,FALSE,"",TRUE,TRUE,TRUE,FALSE,"",1030.4,1153.3,1185.2,1121.4,1141.2,848.5,0.596,0.0076,0.327,0.145,0.164,0.486,0.377,0.107
"lcl|NC_008783.1_cds_WP_005766670.1_462","BARBAKC583_RS02585","BARBAKC583_0537","lpdA","dihydrolipoyl dehydrogenase","WP_005766670.1","547049..548509","+",1461,FALSE,"",TRUE,TRUE,TRUE,FALSE,"",301.5,236.5,348.2,328,271.7,452.3,0.571,0.0266,-0.098,0.726,0.535,0.0246,-0.36,0.181
"lcl|NC_008783.1_cds_WP_005766672.1_463","BARBAKC583_RS02590","BARBAKC583_0538","lipA","lipoyl synthase","WP_005766672.1","548586..549539","+",954,FALSE,"",TRUE,TRUE,TRUE,FALSE,"",200.9,143.7,201,204.1,165.5,196.8,0.385,0.0769,-0.215,0.344,0.526,0.0134,0.074,0.798
"lcl|NC_008783.1_cds_WP_005766674.1_464","BARBAKC583_RS02595","BARBAKC583_0539",NA,"type II toxin-antitoxin system RatA family toxin","WP_005766674.1","549551..550012","+",462,FALSE,"",TRUE,TRUE,TRUE,FALSE,"",267.1,235.3,185.9,146,167,142.4,-0.064,0.754,-0.002,0.997,-0.058,0.832,0.058,0.847
"lcl|NC_008783.1_cds_WP_011807336.1_465","BARBAKC583_RS02600","BARBAKC583_0540",NA,"bifunctional 2-C-methyl-D-erythritol 4-phosphate cytidylyltransferase/2-C-methyl-D-erythritol 2,4-cyclodiphosphate synthase","WP_011807336.1","complement(550103..551296)","-",1194,FALSE,"",TRUE,TRUE,TRUE,FALSE,"",264.6,197.4,187.4,157.8,210.5,251.8,-0.036,0.892,-0.154,0.595,0.073,0.798,-0.528,0.051
"lcl|NC_008783.1_cds_WP_005766680.1_466","BARBAKC583_RS02605","BARBAKC583_0542",NA,"sensor histidine kinase NtrY-like","WP_005766680.1","551962..554190","+",2229,FALSE,"",TRUE,TRUE,TRUE,FALSE,"",197.8,180.9,127.2,207.6,178.8,120.6,-0.135,0.381,0.073,0.711,-0.203,0.321,0.752,1.77e-05
"lcl|NC_008783.1_cds_WP_005766681.1_467","BARBAKC583_RS02610","BARBAKC583_0543","ntrX","nitrogen assimilation response regulator NtrX","WP_005766681.1","554218..555576","+",1359,FALSE,"",TRUE,TRUE,TRUE,FALSE,"",394.6,387.3,328.6,375.1,363.7,408.3,0.123,0.419,0.166,0.369,-0.012,0.959,-0.082,0.732
"lcl|NC_008783.1_cds_WP_005766683.1_468","BARBAKC583_RS02620","BARBAKC583_0544","trkA","Trk system potassium transporter TrkA","WP_005766683.1","555580..556956","+",1377,FALSE,"",TRUE,TRUE,TRUE,FALSE,"",163.5,132.7,115.4,147,124.1,93.3,-0.036,0.82,-0.068,0.744,0.017,0.945,0.628,0.000739
"lcl|NC_008783.1_cds_BARBAKC583_RS02625_469","BARBAKC583_RS02625",NA,NA,"hypothetical protein",NA,"556961..557768","+",808,TRUE,"",TRUE,TRUE,FALSE,FALSE,"Hipotetica",130.9,106.8,88.5,97.1,189.5,107.8,-0.07,0.776,-0.048,0.87,-0.024,0.935,-0.105,0.756
"lcl|NC_008783.1_cds_WP_005766685.1_470","BARBAKC583_RS02630","BARBAKC583_0546","clpP","ATP-dependent Clp endopeptidase proteolytic subunit ClpP","WP_005766685.1","557915..558547","+",633,FALSE,"",TRUE,TRUE,TRUE,FALSE,"",1234.3,1230.3,1067.7,1458.5,1340,1387.7,0.172,0.289,0.182,0.336,0.012,0.964,0.095,0.693
"lcl|NC_008783.1_cds_WP_005766687.1_471","BARBAKC583_RS02635","BARBAKC583_0547","clpX","ATP-dependent Clp protease ATP-binding subunit ClpX","WP_005766687.1","558755..560029","+",1275,FALSE,"",TRUE,TRUE,TRUE,FALSE,"",725.9,432.4,326.9,524.1,399.9,567,-0.674,0.000678,-0.475,0.0191,-0.125,0.582,-0.072,0.787
"lcl|NC_008783.1_cds_WP_005766689.1_472","BARBAKC583_RS02640","BARBAKC583_0548","lon","endopeptidase La","WP_005766689.1","560206..562629","+",2424,FALSE,"",TRUE,TRUE,TRUE,FALSE,"",832,1090.7,1937.2,1091.4,1123.5,1029.8,1.563,9.57e-12,0.534,0.024,0.877,0.000159,0.097,0.753
"lcl|NC_008783.1_cds_WP_172952859.1_473","BARBAKC583_RS02645","BARBAKC583_0550",NA,"HU family DNA-binding protein","WP_172952859.1","562832..563134","+",303,FALSE,"",TRUE,TRUE,TRUE,FALSE,"",13112.1,14292.5,10298.4,13377.8,14873,11962.8,0.055,0.741,0.299,0.133,-0.169,0.441,0.169,0.461
"lcl|NC_008783.1_cds_WP_005766693.1_474","BARBAKC583_RS02650","BARBAKC583_0551","trmFO","methylenetetrahydrofolate--tRNA-(uracil(54)-C(5))-methyltransferase (FADH(2)-oxidizing) TrmFO","WP_005766693.1","complement(563823..565217)","-",1395,FALSE,"",TRUE,TRUE,TRUE,FALSE,"Traduccion",647.6,1026,667.7,612.7,1043,484.3,0.326,0.366,0.618,0.0837,-0.135,0.61,0.234,0.545
"lcl|NC_008783.1_cds_WP_005766695.1_475","BARBAKC583_RS02660","BARBAKC583_0553","tig","trigger factor","WP_005766695.1","565640..567064","+",1425,FALSE,"",TRUE,TRUE,TRUE,FALSE,"",721.3,713,704.1,661.6,650.7,1383.2,0.356,0.0708,0.163,0.429,0.137,0.55,-0.941,8.8e-07
"lcl|NC_008783.1_cds_WP_005766696.1_476","BARBAKC583_RS02665","BARBAKC583_0554","gatB","Asp-tRNA(Asn)/Glu-tRNA(Gln) amidotransferase subunit GatB","WP_005766696.1","567236..568735","+",1500,FALSE,"",TRUE,TRUE,TRUE,FALSE,"Traduccion",495.5,540.5,415.8,609.4,497.3,645.3,0.127,0.37,0.31,0.0741,-0.115,0.581,-0.05,0.827
"lcl|NC_008783.1_cds_WP_005766698.1_477","BARBAKC583_RS02670","BARBAKC583_0555",NA,"NADH:ubiquinone oxidoreductase subunit NDUFA12","WP_005766698.1","568930..569328","+",399,FALSE,"",TRUE,TRUE,TRUE,FALSE,"",1045.9,1719.9,1839.8,1635,1282.4,1354.9,1.187,9.93e-08,0.846,0.000176,0.205,0.386,0.264,0.294
"lcl|NC_008783.1_cds_WP_011807338.1_478","BARBAKC583_RS02680","BARBAKC583_0556",NA,"DUF2155 domain-containing protein","WP_011807338.1","569416..569814","+",399,FALSE,"",TRUE,TRUE,TRUE,FALSE,"",652.3,723.6,868.8,428.7,490.6,503.5,0.805,0.000387,0.316,0.176,0.322,0.132,-0.174,0.517
"lcl|NC_008783.1_cds_WP_225866732.1_479","BARBAKC583_RS02685","BARBAKC583_0557",NA,"hypothetical protein","WP_225866732.1","569986..570492","+",507,FALSE,"",TRUE,TRUE,TRUE,FALSE,"Hipotetica",537,258.6,169.8,669,312.4,219.6,-1.052,0.001,-0.659,0.0359,-0.167,0.531,1.293,1.08e-05
"lcl|NC_008783.1_cds_WP_005766704.1_480","BARBAKC583_RS02690","BARBAKC583_0559",NA,"rhomboid family intramembrane serine protease","WP_005766704.1","570600..571322","+",723,FALSE,"",TRUE,TRUE,TRUE,FALSE,"",147,120,128.3,108.8,101.3,127.5,0.161,0.488,-0.075,0.793,0.184,0.461,-0.162,0.592
"lcl|NC_008783.1_cds_WP_005766706.1_481","BARBAKC583_RS02695","BARBAKC583_0558",NA,"TrmH family RNA methyltransferase","WP_005766706.1","complement(571312..572142)","-",831,FALSE,"",TRUE,TRUE,TRUE,FALSE,"",697.6,1132.9,714.5,963.8,1026.2,666.5,0.366,0.223,0.747,0.0143,-0.203,0.441,0.425,0.173
"lcl|NC_008783.1_cds_WP_005766708.1_482","BARBAKC583_RS02710","BARBAKC583_0563","tuf","elongation factor Tu","WP_005766708.1","572688..573863","+",1176,FALSE,"",TRUE,TRUE,TRUE,FALSE,"Traduccion",4.3,6.7,20,50.7,22.3,47.7,0.737,0.0997,0.17,0.676,0.136,0.439,0.02,0.952
"lcl|NC_008783.1_cds_WP_005766710.1_483","BARBAKC583_RS02720","BARBAKC583_0565","secE","preprotein translocase subunit SecE","WP_005766710.1","574217..574420","+",204,FALSE,"",TRUE,TRUE,TRUE,FALSE,"",4192.4,4765.6,3392.7,3214.9,4507,1341.8,0.092,0.737,0.317,0.263,-0.129,0.612,1.061,7.45e-05
"lcl|NC_008783.1_cds_WP_005766712.1_484","BARBAKC583_RS02725","BARBAKC583_0566","nusG","transcription termination/antitermination protein NusG","WP_005766712.1","574441..574971","+",531,FALSE,"",TRUE,TRUE,TRUE,FALSE,"",1804.5,1333.3,1091.6,2399.4,1427.4,1320.8,-0.214,0.336,-0.174,0.498,-0.04,0.89,0.77,0.00104
"lcl|NC_008783.1_cds_WP_005766713.1_485","BARBAKC583_RS02730","BARBAKC583_0567","rplK","50S ribosomal protein L11","WP_005766713.1","575124..575552","+",429,FALSE,"",TRUE,TRUE,TRUE,FALSE,"Ribosoma",1229,778.2,996.1,941.6,708.1,1011.8,0.078,0.709,-0.38,0.111,0.376,0.0878,-0.061,0.844
"lcl|NC_008783.1_cds_WP_005766715.1_486","BARBAKC583_RS02735","BARBAKC583_0568","rplA","50S ribosomal protein L1","WP_005766715.1","575557..576255","+",699,FALSE,"",TRUE,TRUE,TRUE,FALSE,"Ribosoma",979.8,702.9,685,1024.4,737.9,726.7,-0.051,0.741,-0.23,0.231,0.124,0.573,0.485,0.0102
"lcl|NC_008783.1_cds_WP_005766717.1_487","BARBAKC583_RS02740","BARBAKC583_0569","rplJ","50S ribosomal protein L10","WP_005766717.1","576612..577130","+",519,FALSE,"",TRUE,TRUE,TRUE,FALSE,"Ribosoma",2095,1082.9,1909.5,1753.2,1527.9,2585.1,0.197,0.514,-0.571,0.0698,0.635,0.0247,-0.388,0.236
"lcl|NC_008783.1_cds_WP_005766718.1_488","BARBAKC583_RS02745","BARBAKC583_0570","rplL","50S ribosomal protein L7/L12","WP_005766718.1","577236..577607","+",372,FALSE,"",TRUE,TRUE,TRUE,FALSE,"Ribosoma",2186.9,1045.3,1670.7,2530,1555.8,3630.7,0.023,0.938,-0.705,0.0158,0.567,0.0314,-0.385,0.203
"lcl|NC_008783.1_cds_WP_005766719.1_489","BARBAKC583_RS02750","BARBAKC583_0571","rpoB","DNA-directed RNA polymerase subunit beta","WP_005766719.1","577891..582042","+",4152,FALSE,"",TRUE,TRUE,TRUE,FALSE,"",700,302.1,386.4,539.3,295.5,768.2,-0.332,0.195,-0.871,0.000898,0.343,0.142,-0.392,0.154
"lcl|NC_008783.1_cds_WP_005766721.1_490","BARBAKC583_RS02755","BARBAKC583_0572","rpoC","DNA-directed RNA polymerase subunit beta'","WP_005766721.1","582204..586415","+",4212,FALSE,"",TRUE,TRUE,TRUE,FALSE,"",902.8,488.1,593.3,796.1,613.9,1238,-0.113,0.515,-0.613,0.00271,0.36,0.072,-0.541,0.00873
"lcl|NC_008783.1_cds_WP_005766723.1_491","BARBAKC583_RS02760","BARBAKC583_0573",NA,"nitroreductase","WP_005766723.1","586776..587462","+",687,FALSE,"",TRUE,TRUE,TRUE,FALSE,"",167.4,109,116,120.3,104.3,244.2,-0.07,0.794,-0.318,0.262,0.148,0.567,-0.805,0.00243
"lcl|NC_008783.1_cds_BARBAKC583_RS07180_492","BARBAKC583_RS07180",NA,NA,"serine dehydratase beta chain",NA,"587866..588132","+",267,TRUE,"",TRUE,TRUE,FALSE,FALSE,"",518.4,551.2,427.2,445.3,386.4,185.7,0.119,0.645,0.234,0.411,-0.061,0.832,1.066,4.79e-05
"lcl|NC_008783.1_cds_WP_335617968.1_493","BARBAKC583_RS07185",NA,NA,"hypothetical protein","WP_335617968.1","588089..588271","+",183,FALSE,"",TRUE,TRUE,TRUE,FALSE,"Hipotetica",543.2,800.6,376.1,251.5,267.6,130.2,-0.072,0.839,0.539,0.108,-0.41,0.127,0.682,0.0384
"lcl|NC_008783.1_cds_WP_236822973.1_494","BARBAKC583_RS07055",NA,NA,"hypothetical protein","WP_236822973.1","588283..588474","+",192,FALSE,"",TRUE,TRUE,TRUE,FALSE,"Hipotetica",120.9,84.8,100.3,92.3,220.7,141.5,0.136,0.769,-0.129,0.767,0.118,0.645,-0.293,0.462
"lcl|NC_008783.1_cds_WP_236822976.1_495","BARBAKC583_RS07060",NA,NA,"hypothetical protein","WP_236822976.1","588471..588674","+",204,FALSE,"",TRUE,TRUE,TRUE,FALSE,"Hipotetica",173.2,147.1,118.6,158.2,216.3,112.8,-0.019,0.962,0.042,0.919,-0.031,0.923,0.319,0.402
"lcl|NC_008783.1_cds_WP_250645096.1_496","BARBAKC583_RS07150",NA,NA,"L-serine ammonia-lyase, iron-sulfur-dependent, subunit alpha","WP_250645096.1","588632..588811","+",180,FALSE,"",TRUE,TRUE,TRUE,FALSE,"HierroHemo",386.2,222.1,171.7,169.3,179.1,91,-0.535,0.144,-0.378,0.289,-0.053,0.852,0.598,0.0847
"lcl|NC_008783.1_cds_BARBAKC583_RS07065_497","BARBAKC583_RS07065",NA,NA,"L-serine ammonia-lyase, iron-sulfur-dependent, subunit alpha",NA,"588825..589195","+",371,TRUE,"",TRUE,TRUE,FALSE,FALSE,"HierroHemo",138.5,77.4,65.6,124.2,136.6,154.1,-0.524,0.0884,-0.504,0.101,0.003,0.995,-0.218,0.51
"lcl|NC_008783.1_cds_WP_225866733.1_498","BARBAKC583_RS07070",NA,NA,"hypothetical protein","WP_225866733.1","complement(589635..589913)","-",279,FALSE,"",TRUE,TRUE,TRUE,FALSE,"Hipotetica",1523.5,584.2,305.4,628.6,876.1,1252.7,-1.802,8.94e-20,-1.061,2.32e-07,-0.577,0.00539,-0.874,6.55e-06
"lcl|NC_008783.1_cds_WP_005766734.1_499","BARBAKC583_RS02770","BARBAKC583_0577",NA,"D-alanyl-D-alanine carboxypeptidase","WP_005766734.1","complement(589946..591292)","-",1347,FALSE,"",TRUE,TRUE,TRUE,FALSE,"",703.4,324,231.2,384.4,330.5,637.6,-1.041,0.000205,-0.753,0.00667,-0.134,0.599,-0.566,0.0409
"lcl|NC_008783.1_cds_BARBAKC583_RS02775_500","BARBAKC583_RS02775",NA,"clpS","ATP-dependent Clp protease adapter ClpS",NA,"<591613..591897","+",285,TRUE,"",TRUE,TRUE,FALSE,FALSE,"",296.7,906.9,524,326.9,376.2,120.4,1.048,0.0038,1.54,3.18e-05,-0.226,0.406,1.041,0.0012
"lcl|NC_008783.1_cds_WP_005766739.1_501","BARBAKC583_RS02780","BARBAKC583_0580","clpA","ATP-dependent Clp protease ATP-binding subunit ClpA","WP_005766739.1","591904..594270","+",2367,FALSE,"",TRUE,TRUE,TRUE,FALSE,"",323.6,360.5,242.4,264.2,289.4,189.3,0.017,0.942,0.312,0.205,-0.205,0.398,0.434,0.0848
"lcl|NC_008783.1_cds_WP_005766741.1_502","BARBAKC583_RS02785","BARBAKC583_0579",NA,"HIT family protein","WP_005766741.1","complement(594267..594689)","-",423,FALSE,"",TRUE,TRUE,TRUE,FALSE,"",398.6,825.6,843.7,531.7,784.9,893.4,1.416,1.87e-08,1.138,8.64e-06,0.145,0.558,-0.608,0.0156
"lcl|NC_008783.1_cds_WP_005766743.1_503","BARBAKC583_RS02790","BARBAKC583_0581",NA,"RidA family protein","WP_005766743.1","complement(594775..595239)","-",465,FALSE,"",TRUE,TRUE,TRUE,FALSE,"",329.7,850.5,613.6,551.5,765.7,340.8,1.118,0.00187,1.304,0.000293,-0.091,0.746,0.494,0.144
"lcl|NC_008783.1_cds_WP_005766745.1_504","BARBAKC583_RS02795","BARBAKC583_0582",NA,"EipB family protein","WP_005766745.1","595376..596191","+",816,FALSE,"",TRUE,TRUE,TRUE,FALSE,"",318.7,268.7,215.3,214.9,186,270.1,-0.076,0.775,-0.009,0.982,-0.052,0.852,-0.24,0.442
"lcl|NC_008783.1_cds_WP_005766748.1_505","BARBAKC583_RS02800","BARBAKC583_0583","rpsB","30S ribosomal protein S2","WP_005766748.1","596350..597165","+",816,FALSE,"",TRUE,TRUE,TRUE,FALSE,"Ribosoma",1412.5,1593.4,2713.6,1970.9,1528.9,1707.2,1.27,1.12e-06,0.31,0.242,0.76,0.00294,0.2,0.51
"lcl|NC_008783.1_cds_WP_005766749.1_506","BARBAKC583_RS02805","BARBAKC583_0584","tsf","translation elongation factor Ts","WP_005766749.1","597285..598208","+",924,FALSE,"",TRUE,TRUE,TRUE,FALSE,"Traduccion",869.6,756.5,1143.5,511.9,432.2,563.9,0.741,0.00737,0.006,0.986,0.549,0.0277,-0.087,0.804
"lcl|NC_008783.1_cds_WP_005766751.1_507","BARBAKC583_RS02810","BARBAKC583_0585","pyrH","UMP kinase","WP_005766751.1","598348..599067","+",720,FALSE,"",TRUE,TRUE,TRUE,FALSE,"",401.5,378.4,321.5,431.2,380.8,544.4,0.071,0.63,0.11,0.573,-0.014,0.954,-0.283,0.145
"lcl|NC_008783.1_cds_WP_005766753.1_508","BARBAKC583_RS02815","BARBAKC583_0586","frr","ribosome recycling factor","WP_005766753.1","599104..599664","+",561,FALSE,"",TRUE,TRUE,TRUE,FALSE,"",399,541.9,666.1,660.2,559.3,525.4,1.079,2.18e-05,0.562,0.0296,0.31,0.184,0.303,0.275
"lcl|NC_008783.1_cds_WP_005766755.1_509","BARBAKC583_RS02820","BARBAKC583_0587",NA,"phosphatidate cytidylyltransferase","WP_005766755.1","600413..601231","+",819,FALSE,"",TRUE,TRUE,TRUE,FALSE,"",177.2,186.5,202.7,141.6,137.2,149.7,0.55,0.0257,0.213,0.4,0.204,0.403,-0.044,0.888
"lcl|NC_008783.1_cds_BARBAKC583_RS02825_510","BARBAKC583_RS02825",NA,"rseP","RIP metalloprotease RseP",NA,"601318..602381","+",1064,TRUE,"",TRUE,TRUE,FALSE,FALSE,"",187.2,119.5,164.1,85.6,92.6,94.5,0.169,0.395,-0.383,0.094,0.498,0.0202,-0.097,0.742
"lcl|NC_008783.1_cds_WP_005766757.1_511","BARBAKC583_RS02830","BARBAKC583_0589","bamA","outer membrane protein assembly factor BamA","WP_005766757.1","602564..604960","+",2397,FALSE,"",TRUE,TRUE,TRUE,FALSE,"",933.9,520.5,602.6,986,659.9,1793.3,-0.138,0.471,-0.565,0.00979,0.284,0.184,-0.736,0.000568
"lcl|NC_008783.1_cds_WP_005766759.1_512","BARBAKC583_RS02835","BARBAKC583_0590","lpxD","UDP-3-O-(3-hydroxymyristoyl)glucosamine N-acyltransferase","WP_005766759.1","605030..606076","+",1047,FALSE,"",TRUE,TRUE,TRUE,FALSE,"",457.9,317.2,375.3,386.7,356.4,334,0.099,0.619,-0.264,0.253,0.305,0.161,0.216,0.406
"lcl|NC_008783.1_cds_WP_005766761.1_513","BARBAKC583_RS02840","BARBAKC583_0591","fabZ","3-hydroxyacyl-ACP dehydratase FabZ","WP_005766761.1","606078..606542","+",465,FALSE,"",TRUE,TRUE,TRUE,FALSE,"",367.2,237.3,288,339.4,257,380.9,0.046,0.843,-0.326,0.205,0.279,0.239,-0.114,0.723
"lcl|NC_008783.1_cds_WP_005766762.1_514","BARBAKC583_RS02845","BARBAKC583_0592","lpxA","acyl-ACP--UDP-N-acetylglucosamine O-acyltransferase","WP_005766762.1","606568..607392","+",825,FALSE,"",TRUE,TRUE,TRUE,FALSE,"",249.5,159.9,176.7,171.3,130.7,252.2,-0.045,0.826,-0.375,0.107,0.226,0.335,-0.457,0.0491
"lcl|NC_008783.1_cds_WP_005766764.1_515","BARBAKC583_RS02850","BARBAKC583_0593",NA,"LpxI family protein","WP_005766764.1","607395..608267","+",873,FALSE,"",TRUE,TRUE,TRUE,FALSE,"",269,195.8,150,168.5,137,160.1,-0.323,0.205,-0.181,0.517,-0.093,0.733,0.086,0.798
"lcl|NC_008783.1_cds_WP_005766766.1_516","BARBAKC583_RS02855","BARBAKC583_0594","lpxB","lipid-A-disaccharide synthase","WP_005766766.1","608257..609441","+",1185,FALSE,"",TRUE,TRUE,TRUE,FALSE,"",253.5,131.2,115.8,163,107.5,137,-0.654,0.00369,-0.667,0.003,0.024,0.935,0.247,0.325
"lcl|NC_008783.1_cds_WP_005766768.1_517","BARBAKC583_RS02865","BARBAKC583_0595",NA,"amino acid ABC transporter ATP-binding protein","WP_005766768.1","complement(609473..610252)","-",780,FALSE,"",TRUE,TRUE,TRUE,FALSE,"TranspABC",100.5,59.6,54.1,22.5,38.1,65.4,-0.391,0.121,-0.447,0.0889,0.033,0.911,-1.295,1.81e-07
"lcl|NC_008783.1_cds_WP_005766770.1_518","BARBAKC583_RS02870","BARBAKC583_0596",NA,"ABC transporter permease","WP_005766770.1","complement(610332..611039)","-",708,FALSE,"",TRUE,TRUE,TRUE,FALSE,"TranspABC",142.9,84.2,89.3,39.3,52.5,68.3,-0.182,0.454,-0.468,0.0825,0.16,0.531,-0.63,0.0175
"lcl|NC_008783.1_cds_WP_005766771.1_519","BARBAKC583_RS02875","BARBAKC583_0597",NA,"ABC transporter permease","WP_005766771.1","complement(611036..611758)","-",723,FALSE,"",TRUE,TRUE,TRUE,FALSE,"TranspABC",295.8,157,188,79.8,115.2,169.6,-0.156,0.59,-0.55,0.0706,0.219,0.409,-0.819,0.00474
"lcl|NC_008783.1_cds_WP_005766773.1_520","BARBAKC583_RS02880","BARBAKC583_0598",NA,"transporter substrate-binding domain-containing protein","WP_005766773.1","complement(611817..612584)","-",768,FALSE,"",TRUE,TRUE,TRUE,FALSE,"",443.3,401.2,463.5,116.3,163.4,180.6,0.363,0.249,0.043,0.902,0.189,0.476,-0.448,0.166
"lcl|NC_008783.1_cds_WP_005766775.1_521","BARBAKC583_RS02885","BARBAKC583_0599","gltA","citrate synthase","WP_005766775.1","complement(612955..614247)","-",1293,FALSE,"",TRUE,TRUE,TRUE,FALSE,"",1470.5,1073.9,687.1,1773.1,1452.3,3330.5,-0.584,0.0227,-0.187,0.48,-0.242,0.321,-0.743,0.0024
"lcl|NC_008783.1_cds_WP_005766777.1_522","BARBAKC583_RS02890","BARBAKC583_0600","gltX","glutamate--tRNA ligase","WP_005766777.1","complement(614495..615925)","-",1431,FALSE,"",TRUE,TRUE,TRUE,FALSE,"Traduccion",440.9,604.6,451.4,441.3,540.8,976.2,0.447,0.0219,0.622,0.00128,-0.13,0.558,-1.023,3.41e-08
"lcl|NC_008783.1_cds_WP_005766778.1_523","BARBAKC583_RS02895","BARBAKC583_0601",NA,"ComEC/Rec2 family competence protein","WP_005766778.1","616042..618315","+",2274,FALSE,"",TRUE,TRUE,TRUE,FALSE,"",139.9,122.2,91.6,58.6,104.6,82.8,-0.116,0.595,0.014,0.964,-0.109,0.668,-0.402,0.116
"lcl|NC_008783.1_cds_WP_005766779.1_524","BARBAKC583_RS02900","BARBAKC583_0602","rpiA","ribose-5-phosphate isomerase RpiA","WP_005766779.1","618674..619375","+",702,FALSE,"",TRUE,TRUE,TRUE,FALSE,"",137.5,92,107.2,54.9,65.9,75.4,0.041,0.858,-0.309,0.237,0.259,0.285,-0.357,0.185
"lcl|NC_008783.1_cds_WP_005766781.1_525","BARBAKC583_RS02910","BARBAKC583_0603",NA,"DUF2059 domain-containing protein","WP_005766781.1","619437..619979","+",543,FALSE,"",TRUE,TRUE,TRUE,FALSE,"",697.7,694.2,631,324.6,538.8,792,0.224,0.27,0.162,0.491,0.057,0.832,-1.125,1.07e-07
"lcl|NC_008783.1_cds_WP_035453077.1_526","BARBAKC583_RS02915","BARBAKC583_0604","gor","glutathione-disulfide reductase","WP_035453077.1","620178..621566","+",1389,FALSE,"",TRUE,TRUE,TRUE,FALSE,"",201.3,114.7,131.4,169.4,137,252.1,-0.127,0.472,-0.553,0.00784,0.291,0.155,-0.489,0.0186
"lcl|NC_008783.1_cds_WP_005766785.1_527","BARBAKC583_RS02920","BARBAKC583_0605",NA,"class II 3-deoxy-7-phosphoheptulonate synthase","WP_005766785.1","621641..623005","+",1365,FALSE,"",TRUE,TRUE,TRUE,FALSE,"",229.7,244.8,167,161,203.5,119.8,-0.008,0.962,0.265,0.209,-0.215,0.332,0.407,0.059
"lcl|NC_008783.1_cds_WP_005766787.1_528","BARBAKC583_RS02925","BARBAKC583_0606",NA,"NAD+ synthase","WP_005766787.1","623123..624799","+",1677,FALSE,"",TRUE,TRUE,TRUE,FALSE,"",193.8,214.8,143.6,176.7,173.2,116.8,0.011,0.957,0.313,0.17,-0.221,0.34,0.548,0.0153
"lcl|NC_008783.1_cds_WP_005766789.1_529","BARBAKC583_RS02930","BARBAKC583_0607","gltX","glutamate--tRNA ligase","WP_005766789.1","624810..626180","+",1371,FALSE,"",TRUE,TRUE,TRUE,FALSE,"Traduccion",390.3,281.4,181.8,261.7,238,340.7,-0.632,0.000678,-0.225,0.242,-0.293,0.124,-0.322,0.108
"lcl|NC_008783.1_cds_WP_005766791.1_530","BARBAKC583_RS02935","BARBAKC583_0608",NA,"DEAD/DEAH box helicase","WP_005766791.1","complement(626256..627644)","-",1389,FALSE,"",TRUE,TRUE,TRUE,FALSE,"",568.4,557.4,427.7,449.6,448.6,309.2,0.023,0.907,0.153,0.502,-0.094,0.702,0.505,0.0213
"lcl|NC_008783.1_cds_WP_005766794.1_531","BARBAKC583_RS02940","BARBAKC583_0609",NA,"NAD kinase","WP_005766794.1","complement(627797..628570)","-",774,FALSE,"",TRUE,TRUE,TRUE,FALSE,"",441.1,771.3,541.5,242.6,518.6,276,0.599,0.0692,0.819,0.0115,-0.117,0.668,-0.114,0.775
"lcl|NC_008783.1_cds_WP_005766798.1_532","BARBAKC583_RS02955","BARBAKC583_0612","cpdR","cell cycle two-component system response regulator CpdR","WP_005766798.1","complement(629441..629803)","-",363,FALSE,"",TRUE,TRUE,TRUE,FALSE,"",615.3,1004.6,768.6,655,790.5,367.5,0.617,0.0624,0.727,0.0249,-0.066,0.822,0.631,0.0442
"lcl|NC_008783.1_cds_WP_005766800.1_533","BARBAKC583_RS02960","BARBAKC583_0614",NA,"Hsp20 family protein","WP_005766800.1","630537..631001","+",465,FALSE,"",TRUE,TRUE,TRUE,FALSE,"",10136.5,27068.7,48994.7,14859,11593.4,5045.5,2.55,1.6e-19,1.471,3.05e-07,0.797,0.00338,1.323,8.46e-07
"lcl|NC_008783.1_cds_WP_005766814.1_534","BARBAKC583_RS02970","BARBAKC583_0616",NA,"iron-sulfur cluster assembly accessory protein","WP_005766814.1","631806..632165","+",360,FALSE,"",TRUE,TRUE,TRUE,FALSE,"HierroHemo",329.2,531.7,462.3,233.1,209.9,260.6,0.856,0.00145,0.796,0.0029,0.013,0.964,-0.104,0.76
"lcl|NC_008783.1_cds_WP_280641459.1_535","BARBAKC583_RS02975","BARBAKC583_0617",NA,"lipid A biosynthesis lauroyl acyltransferase","WP_280641459.1","complement(632257..633189)","-",933,FALSE,"",TRUE,TRUE,TRUE,FALSE,"",126.3,74.7,76.8,43,68.4,92.2,-0.202,0.367,-0.458,0.068,0.146,0.557,-0.924,7.45e-05
"lcl|NC_008783.1_cds_WP_005766818.1_536","BARBAKC583_RS02980","BARBAKC583_0618",NA,"zinc-binding dehydrogenase","WP_005766818.1","complement(633193..634221)","-",1029,FALSE,"",TRUE,TRUE,TRUE,FALSE,"",110.9,52,39.7,61.3,83.7,149,-0.996,1.38e-07,-0.822,3.21e-05,-0.102,0.664,-1.161,3.91e-11
"lcl|NC_008783.1_cds_WP_035453156.1_537","BARBAKC583_RS02985","BARBAKC583_0619",NA,"beta-ketoacyl-ACP synthase","WP_035453156.1","complement(634249..635544)","-",1296,FALSE,"",TRUE,TRUE,TRUE,FALSE,"",208.2,90.9,58.9,81.5,103.9,174.2,-1.319,8.74e-11,-0.883,2.58e-05,-0.287,0.172,-0.959,1.41e-06
"lcl|NC_008783.1_cds_WP_005766821.1_538","BARBAKC583_RS02990","BARBAKC583_0620",NA,"hypothetical protein","WP_005766821.1","complement(635563..636132)","-",570,FALSE,"",TRUE,TRUE,TRUE,FALSE,"Hipotetica",505.6,138.5,76.4,54.6,83.2,218.2,-2.043,4.35e-09,-1.396,5.94e-05,-0.282,0.294,-1.534,1.33e-06
"lcl|NC_008783.1_cds_WP_005766822.1_539","BARBAKC583_RS02995","BARBAKC583_0621",NA,"acyl carrier protein","WP_005766822.1","complement(636143..636427)","-",285,FALSE,"",TRUE,TRUE,TRUE,FALSE,"",827.5,207.4,97.5,134,93.5,373.5,-2.378,3.16e-11,-1.521,2.21e-05,-0.402,0.132,-1.07,0.000626
"lcl|NC_008783.1_cds_WP_005766823.1_540","BARBAKC583_RS03000","BARBAKC583_0622",NA,"NADP-dependent malic enzyme","WP_005766823.1","complement(636621..638954)","-",2334,FALSE,"",TRUE,TRUE,TRUE,FALSE,"",766.7,586.1,434.7,683.6,743.3,776.2,-0.288,0.238,-0.127,0.644,-0.113,0.659,-0.128,0.693
"lcl|NC_008783.1_cds_WP_005766824.1_541","BARBAKC583_RS03005","BARBAKC583_0623",NA,"coiled-coil domain-containing protein","WP_005766824.1","complement(639489..644120)","-",4632,FALSE,"",TRUE,TRUE,TRUE,FALSE,"",1811.5,1669,899.7,710.8,1165.7,1125.8,-0.459,0.115,0.073,0.816,-0.373,0.132,-0.501,0.088
"lcl|NC_008783.1_cds_WP_005766825.1_542","BARBAKC583_RS03010","BARBAKC583_0624","hfq","RNA chaperone Hfq","WP_005766825.1","644989..645228","+",240,FALSE,"",TRUE,TRUE,TRUE,FALSE,"Chaperona",1474.6,1361,1074.1,1605.6,1855.1,990.8,-0.015,0.944,0.08,0.759,-0.073,0.788,0.631,0.00643
"lcl|NC_008783.1_cds_WP_005766826.1_543","BARBAKC583_RS03015","BARBAKC583_0625","hflX","GTPase HflX","WP_005766826.1","645283..646659","+",1377,FALSE,"",TRUE,TRUE,TRUE,FALSE,"",181.6,184.2,156.3,78.2,143.4,92,0.152,0.471,0.186,0.451,-0.007,0.985,-0.179,0.518
"lcl|NC_008783.1_cds_BARBAKC583_RS07075_544","BARBAKC583_RS07075",NA,NA,"P-loop NTPase family protein",NA,"<646890..647380","+",491,TRUE,"",TRUE,TRUE,FALSE,FALSE,"",88.2,55,44,43.4,63.1,36.3,-0.367,0.285,-0.278,0.43,-0.039,0.898,0.195,0.618
"lcl|NC_008783.1_cds_WP_005766830.1_545","BARBAKC583_RS03030","BARBAKC583_0627",NA,"COX15/CtaA family protein","WP_005766830.1","647530..648606","+",1077,FALSE,"",TRUE,TRUE,TRUE,FALSE,"",390.4,535.2,535.7,265,327.1,179.7,0.854,7.06e-06,0.619,0.00147,0.153,0.489,0.536,0.00618
"lcl|NC_008783.1_cds_WP_005766832.1_546","BARBAKC583_RS03035","BARBAKC583_0628","argC","N-acetyl-gamma-glutamyl-phosphate reductase","WP_005766832.1","complement(648627..649562)","-",936,FALSE,"",TRUE,TRUE,TRUE,FALSE,"",339.5,499.9,330.7,261.7,382.2,304.2,0.277,0.414,0.568,0.0936,-0.141,0.599,-0.131,0.754
"lcl|NC_008783.1_cds_WP_005766834.1_547","BARBAKC583_RS03040","BARBAKC583_0629","glyA","serine hydroxymethyltransferase","WP_005766834.1","649870..651168","+",1299,FALSE,"",TRUE,TRUE,TRUE,FALSE,"",747.1,540.7,345.4,1004.3,784.1,1561.1,-0.646,0.000386,-0.216,0.251,-0.317,0.0875,-0.556,0.00224
"lcl|NC_008783.1_cds_WP_005766835.1_548","BARBAKC583_RS03045","BARBAKC583_0630","nrdR","transcriptional regulator NrdR","WP_005766835.1","651194..651676","+",483,FALSE,"",TRUE,TRUE,TRUE,FALSE,"",208.5,140.3,138.5,213.7,179.7,203.4,-0.095,0.656,-0.286,0.25,0.114,0.647,0.086,0.779
"lcl|NC_008783.1_cds_WP_005766837.1_549","BARBAKC583_RS03050","BARBAKC583_0631","ribD","bifunctional diaminohydroxyphosphoribosylaminopyrimidine deaminase/5-amino-6-(5-phosphoribosylamino)uracil reductase RibD","WP_005766837.1","651669..652793","+",1125,FALSE,"",TRUE,TRUE,TRUE,FALSE,"",199.2,160.3,129.1,130.9,133.2,96.1,-0.125,0.456,-0.084,0.701,-0.052,0.838,0.429,0.0344
"lcl|NC_008783.1_cds_WP_005766840.1_550","BARBAKC583_RS03055","BARBAKC583_0632",NA,"riboflavin synthase","WP_005766840.1","652775..653392","+",618,FALSE,"",TRUE,TRUE,TRUE,FALSE,"",234.7,148.9,129.5,108,118.7,122.3,-0.373,0.0736,-0.395,0.0702,0.015,0.954,-0.131,0.613
"lcl|NC_008783.1_cds_WP_005766842.1_551","BARBAKC583_RS03060","BARBAKC583_0633",NA,"6,7-dimethyl-8-ribityllumazine synthase","WP_005766842.1","653477..653935","+",459,FALSE,"",TRUE,TRUE,TRUE,FALSE,"",353.4,288.5,259.2,114.7,147.2,173.6,-0.006,0.972,-0.069,0.783,0.046,0.861,-0.496,0.0315
"lcl|NC_008783.1_cds_WP_005766844.1_552","BARBAKC583_RS03065","BARBAKC583_0634","nusB","transcription antitermination factor NusB","WP_005766844.1","653939..654403","+",465,FALSE,"",TRUE,TRUE,TRUE,FALSE,"",173.9,157.3,133.4,82.4,106.2,106,0.049,0.845,0.069,0.816,-0.007,0.985,-0.273,0.36
"lcl|NC_008783.1_cds_WP_005766845.1_553","BARBAKC583_RS03070","BARBAKC583_0635",NA,"outer membrane protein assembly factor BamE","WP_005766845.1","complement(654480..654947)","-",468,FALSE,"",TRUE,TRUE,TRUE,FALSE,"",1553,1691.8,1233.4,1236.5,1270.6,1217.9,0.068,0.656,0.302,0.111,-0.16,0.455,0.044,0.859
"lcl|NC_008783.1_cds_WP_005766847.1_554","BARBAKC583_RS03075","BARBAKC583_0636",NA,"YceD family protein","WP_005766847.1","655163..655720","+",558,FALSE,"",TRUE,TRUE,TRUE,FALSE,"",1064.5,887.6,627.3,945.2,742.8,462.6,-0.236,0.333,-0.035,0.903,-0.147,0.558,0.882,0.000452
"lcl|NC_008783.1_cds_WP_005766849.1_555","BARBAKC583_RS03080","BARBAKC583_0637","plsX","phosphate acyltransferase PlsX","WP_005766849.1","655867..656937","+",1071,FALSE,"",TRUE,TRUE,TRUE,FALSE,"",863.1,797.2,683.4,754.3,624.9,430.5,0.06,0.604,0.083,0.604,-0.001,0.999,0.795,5.8e-08
"lcl|NC_008783.1_cds_WP_005766851.1_556","BARBAKC583_RS03085","BARBAKC583_0638",NA,"beta-ketoacyl-ACP synthase III","WP_005766851.1","656987..657961","+",975,FALSE,"",TRUE,TRUE,TRUE,FALSE,"",650.1,473.4,469,467.7,425,434.7,-0.018,0.87,-0.213,0.157,0.159,0.386,0.128,0.459
"lcl|NC_008783.1_cds_WP_005766852.1_557","BARBAKC583_RS03090","BARBAKC583_0639",NA,"integration host factor subunit alpha","WP_005766852.1","658038..658349","+",312,FALSE,"",TRUE,TRUE,TRUE,FALSE,"",1138.5,2162.4,1765.3,1045.9,1662.4,705.4,0.915,0.00637,0.923,0.0047,-0.025,0.935,0.436,0.184
"lcl|NC_008783.1_cds_WP_005766853.1_558","BARBAKC583_RS03095","BARBAKC583_0640",NA,"MerR family transcriptional regulator","WP_005766853.1","658534..659040","+",507,FALSE,"",TRUE,TRUE,TRUE,FALSE,"",616.9,990.3,803.6,308.3,553.2,458.9,0.718,0.0136,0.756,0.00774,-0.038,0.9,-0.437,0.136
"lcl|NC_008783.1_cds_WP_005766855.1_559","BARBAKC583_RS03100","BARBAKC583_0641","thrS","threonine--tRNA ligase","WP_005766855.1","complement(659071..661047)","-",1977,FALSE,"",TRUE,TRUE,TRUE,FALSE,"Traduccion",553.9,334.8,324.9,376.6,312.3,519.5,-0.258,0.223,-0.448,0.0495,0.11,0.648,-0.377,0.112
"lcl|NC_008783.1_cds_WP_005766857.1_560","BARBAKC583_RS03105","BARBAKC583_0642","yidD","membrane protein insertion efficiency factor YidD","WP_005766857.1","complement(661172..661525)","-",354,FALSE,"",TRUE,TRUE,TRUE,FALSE,"",295.9,200.1,135.2,200.7,319.1,213.1,-0.555,0.0647,-0.21,0.502,-0.182,0.489,-0.044,0.903
"lcl|NC_008783.1_cds_WP_005766859.1_561","BARBAKC583_RS03110","BARBAKC583_0643",NA,"iron-sulfur cluster assembly scaffold protein","WP_005766859.1","complement(661518..661955)","-",438,FALSE,"",TRUE,TRUE,TRUE,FALSE,"HierroHemo",288.9,299.2,181.1,260.8,309.7,225.2,-0.136,0.678,0.2,0.57,-0.212,0.431,0.167,0.67
"lcl|NC_008783.1_cds_WP_005766860.1_562","BARBAKC583_RS03115","BARBAKC583_0644","folE","GTP cyclohydrolase I FolE","WP_005766860.1","662083..662703","+",621,FALSE,"",TRUE,TRUE,TRUE,FALSE,"",2391.1,4875.3,2654.5,2764.8,3353.8,1808,0.425,0.223,0.966,0.0059,-0.268,0.325,0.436,0.207
"lcl|NC_008783.1_cds_WP_005766862.1_563","BARBAKC583_RS03125","BARBAKC583_0646",NA,"alpha/beta hydrolase","WP_005766862.1","663087..664298","+",1212,FALSE,"",TRUE,TRUE,TRUE,FALSE,"",398.5,431.9,346.9,211,295.3,166.3,0.174,0.447,0.275,0.274,-0.05,0.856,0.312,0.252
"lcl|NC_008783.1_cds_WP_011807347.1_564","BARBAKC583_RS03130","BARBAKC583_0647",NA,"hypothetical protein","WP_011807347.1","664431..664955","+",525,FALSE,"BARBAKC583_RS03295",TRUE,TRUE,TRUE,FALSE,"Hipotetica",6.4,7.7,7.6,11.5,11.2,9.6,0.311,0.514,0.21,0.635,0.021,0.935,0.082,0.846
"lcl|NC_008783.1_cds_WP_005766865.1_565","BARBAKC583_RS03135","BARBAKC583_0648",NA,"DUF1561 family protein","WP_005766865.1","complement(665209..667128)","-",1920,FALSE,"",TRUE,TRUE,TRUE,FALSE,"",0.3,0.9,1.6,0.6,1.7,3,0.866,0.0579,0.412,0.268,0.085,0.647,-0.456,0.136
"lcl|NC_008783.1_cds_WP_005766867.1_566","BARBAKC583_RS03150","BARBAKC583_0651",NA,"protein-L-isoaspartate O-methyltransferase family protein","WP_005766867.1","668413..669087","+",675,FALSE,"BARBAKC583_RS03315",TRUE,TRUE,TRUE,FALSE,"",4.5,2.3,6.6,9.3,8.2,9.4,0.395,0.401,-0.228,0.604,0.25,0.277,0.004,0.994
"lcl|NC_008783.1_cds_WP_011807348.1_567","BARBAKC583_RS03155","BARBAKC583_0652",NA,"TolC family outer membrane protein","WP_011807348.1","669141..670427","+",1287,FALSE,"",TRUE,TRUE,TRUE,FALSE,"",124,121.8,137.8,132.1,107.7,237.3,0.534,0.0126,0.134,0.563,0.275,0.191,-0.729,0.000372
"lcl|NC_008783.1_cds_WP_005766870.1_568","BARBAKC583_RS03160","BARBAKC583_0653",NA,"DUF2497 domain-containing protein","WP_005766870.1","670610..671185","+",576,FALSE,"BARBAKC583_RS03325",TRUE,TRUE,TRUE,FALSE,"",18.2,17.2,34.2,47.3,48.7,77.1,0.897,0.0482,0.113,0.794,0.314,0.233,-0.335,0.399
"lcl|NC_008783.1_cds_WP_005766872.1_569","BARBAKC583_RS03165","BARBAKC583_0654",NA,"valine--tRNA ligase","WP_005766872.1","671349..674075","+",2727,FALSE,"BARBAKC583_RS03330",TRUE,TRUE,TRUE,FALSE,"Traduccion",3.7,1.7,5.9,7.9,9.1,10.3,0.743,0.0946,-0.39,0.34,0.754,0.0195,-0.172,0.7
"lcl|NC_008783.1_cds_WP_035453066.1_570","BARBAKC583_RS03170","BARBAKC583_0655",NA,"amino acid ABC transporter ATP-binding protein","WP_035453066.1","complement(674643..675389)","-",747,FALSE,"BARBAKC583_RS03335",TRUE,TRUE,TRUE,FALSE,"TranspABC",4,2.6,3,9.8,8.5,24.9,-0.003,0.994,-0.168,0.71,0.067,0.795,-0.594,0.109
"lcl|NC_008783.1_cds_WP_005766875.1_571","BARBAKC583_RS03175","BARBAKC583_0656",NA,"amino acid ABC transporter permease","WP_005766875.1","complement(675401..676117)","-",717,FALSE,"BARBAKC583_RS03340",TRUE,TRUE,TRUE,FALSE,"TranspABC",2.9,3.5,3.4,4.7,5.1,12.8,0.311,0.509,0.224,0.612,0.017,0.945,-0.585,0.112
"lcl|NC_008783.1_cds_WP_005766877.1_572","BARBAKC583_RS03180","BARBAKC583_0657",NA,"amino acid ABC transporter permease","WP_005766877.1","complement(676119..676871)","-",753,FALSE,"BARBAKC583_RS03345",TRUE,TRUE,TRUE,FALSE,"TranspABC",3.6,3.3,2.8,4.1,4.7,12.9,0.046,0.935,-0.012,0.982,0.02,0.935,-0.532,0.135
"lcl|NC_008783.1_cds_WP_244426311.1_573","BARBAKC583_RS06955",NA,NA,"transporter substrate-binding domain-containing protein","WP_244426311.1","complement(677017..677886)","-",870,FALSE,"",TRUE,TRUE,TRUE,FALSE,"",2.1,0,0,9.8,8.4,22.9,-0.209,0.293,-0.151,0.362,0,1,-0.026,0.855
"lcl|NC_008783.1_cds_BARBAKC583_RS07080_574","BARBAKC583_RS07080",NA,NA,"amino acid ABC transporter permease",NA,"complement(<677863..678399)","-",537,TRUE,"",TRUE,TRUE,FALSE,FALSE,"TranspABC",0,0,0.8,0,0,0,0.087,0.633,0,1,0.017,NA,0,1
"lcl|NC_008783.1_cds_WP_011807349.1_575","BARBAKC583_RS03190","BARBAKC583_0659",NA,"transporter substrate-binding domain-containing protein","WP_011807349.1","complement(678545..679453)","-",909,FALSE,"BARBAKC583_RS03350",TRUE,TRUE,TRUE,FALSE,"",29.8,31.5,34,63.6,67.8,102,0.401,0.343,0.164,0.704,0.091,0.737,-0.343,0.386
"lcl|NC_008783.1_cds_WP_005766882.1_576","BARBAKC583_RS03195","BARBAKC583_0660","xth","exodeoxyribonuclease III","WP_005766882.1","complement(679571..680362)","-",792,FALSE,"BARBAKC583_RS03355",TRUE,TRUE,TRUE,FALSE,"",8.6,10.4,6.3,27.3,23.4,10.8,0.049,0.929,0.232,0.599,-0.076,0.762,0.533,0.147
"lcl|NC_008783.1_cds_WP_005766884.1_577","BARBAKC583_RS03200","BARBAKC583_0661","rpsL","30S ribosomal protein S12","WP_005766884.1","680844..681215","+",372,FALSE,"BARBAKC583_RS03360",TRUE,TRUE,TRUE,FALSE,"Ribosoma",21.5,4.6,27.4,39.6,28.2,60,0.307,0.517,-0.486,0.235,0.321,0.113,-0.149,0.712
"lcl|NC_008783.1_cds_WP_005766885.1_578","BARBAKC583_RS03205","BARBAKC583_0662","rpsG","30S ribosomal protein S7","WP_005766885.1","681247..681717","+",471,FALSE,"BARBAKC583_RS03365",TRUE,TRUE,TRUE,FALSE,"Ribosoma",5.8,3.9,7.8,19.5,10.8,25.2,0.423,0.357,-0.108,0.809,0.207,0.392,-0.148,0.742
"lcl|NC_008783.1_cds_WP_005766888.1_579","BARBAKC583_RS03210","BARBAKC583_0663","fusA","elongation factor G","WP_005766888.1","681747..683831","+",2085,FALSE,"BARBAKC583_RS03370",TRUE,TRUE,TRUE,FALSE,"Traduccion",7.7,1.9,6.7,22.4,10.4,22.3,0.156,0.74,-0.913,0.0391,0.65,0.0317,0.018,0.966
"lcl|NC_008783.1_cds_WP_005766892.1_580","BARBAKC583_RS03215","BARBAKC583_0664","tuf","elongation factor Tu","WP_005766892.1","683896..685071","+",1176,FALSE,"BARBAKC583_RS03375",TRUE,TRUE,TRUE,FALSE,"Traduccion",12.2,4.7,12,70.2,39.7,74,0.321,0.27,-0.922,0.00584,1.183,0.000243,-0.034,0.913
"lcl|NC_008783.1_cds_WP_005766894.1_581","BARBAKC583_RS03220","BARBAKC583_0665","rpsJ","30S ribosomal protein S10","WP_005766894.1","685140..685448","+",309,FALSE,"BARBAKC583_RS03380",TRUE,TRUE,TRUE,FALSE,"Ribosoma",8.6,1.5,10.9,54.9,19,56.4,0.305,0.515,-0.56,0.18,0.366,0.0945,-0.002,0.996
"lcl|NC_008783.1_cds_WP_005766896.1_582","BARBAKC583_RS03225","BARBAKC583_0666","rplC","50S ribosomal protein L3","WP_005766896.1","685476..686216","+",741,FALSE,"BARBAKC583_RS03385",TRUE,TRUE,TRUE,FALSE,"Ribosoma",5,1.7,4.2,25.2,13.7,22.9,0.105,0.831,-0.416,0.319,0.225,0.355,0.077,0.865
"lcl|NC_008783.1_cds_WP_005766898.1_583","BARBAKC583_RS03230","BARBAKC583_0667","rplD","50S ribosomal protein L4","WP_005766898.1","686216..686836","+",621,FALSE,"BARBAKC583_RS03390",TRUE,TRUE,TRUE,FALSE,"Ribosoma",6.8,1.1,6,31.1,14.7,29.8,0.106,0.829,-0.812,0.068,0.44,0.0821,0.044,0.913
"lcl|NC_008783.1_cds_WP_005766900.1_584","BARBAKC583_RS03235","BARBAKC583_0668",NA,"50S ribosomal protein L23","WP_005766900.1","686833..687126","+",294,FALSE,"BARBAKC583_RS03400",TRUE,TRUE,TRUE,FALSE,"Ribosoma",5.8,5.2,10.1,21.9,14.5,21.8,0.454,0.326,0.152,0.722,0.076,0.718,0.013,0.973
"lcl|NC_008783.1_cds_WP_005766902.1_585","BARBAKC583_RS03240","BARBAKC583_0669","rplB","50S ribosomal protein L2","WP_005766902.1","687141..687974","+",834,FALSE,"BARBAKC583_RS03405",TRUE,TRUE,TRUE,FALSE,"Ribosoma",3.9,1.3,6.7,15.4,8.7,18.5,0.542,0.249,-0.397,0.34,0.427,0.0724,-0.08,0.853
"lcl|NC_008783.1_cds_WP_005766905.1_586","BARBAKC583_RS03245","BARBAKC583_0670","rpsS","30S ribosomal protein S19","WP_005766905.1","687990..688268","+",279,FALSE,"BARBAKC583_RS03410",TRUE,TRUE,TRUE,FALSE,"Ribosoma",5,2.2,9.9,23.1,7.8,32.5,0.378,0.397,-0.085,0.827,0.131,0.438,-0.091,0.805
"lcl|NC_008783.1_cds_WP_005766907.1_587","BARBAKC583_RS03250","BARBAKC583_0671","rplV","50S ribosomal protein L22","WP_005766907.1","688271..688660","+",390,FALSE,"BARBAKC583_RS03415",TRUE,TRUE,TRUE,FALSE,"Ribosoma",11,3.7,11.2,21,12.8,20.6,0.225,0.647,-0.343,0.411,0.221,0.312,0.019,0.961
"lcl|NC_008783.1_cds_WP_005766909.1_588","BARBAKC583_RS03255","BARBAKC583_0672","rpsC","30S ribosomal protein S3","WP_005766909.1","688660..689370","+",711,FALSE,"BARBAKC583_RS03420",TRUE,TRUE,TRUE,FALSE,"Ribosoma",7.4,2.5,15.3,24,16.4,28,0.823,0.0828,-0.465,0.266,0.792,0.0121,-0.072,0.871
"lcl|NC_008783.1_cds_WP_005766912.1_589","BARBAKC583_RS03260","BARBAKC583_0673","rplP","50S ribosomal protein L16","WP_005766912.1","689407..689820","+",414,FALSE,"BARBAKC583_RS03425",TRUE,TRUE,TRUE,FALSE,"Ribosoma",7.7,3,17.6,35.5,27.3,48.9,0.852,0.0747,-0.366,0.383,0.638,0.0239,-0.174,0.693
"lcl|NC_008783.1_cds_WP_005766913.1_590","BARBAKC583_RS03265","BARBAKC583_0674","rpmC","50S ribosomal protein L29","WP_005766913.1","689833..690033","+",201,FALSE,"BARBAKC583_RS03430",TRUE,TRUE,TRUE,FALSE,"Ribosoma",9.3,3.3,23,36.7,22.7,20,0.506,0.258,-0.132,0.735,0.182,0.271,0.182,0.597
"lcl|NC_008783.1_cds_WP_005766915.1_591","BARBAKC583_RS03270","BARBAKC583_0675","rpsQ","30S ribosomal protein S17","WP_005766915.1","690045..690287","+",243,FALSE,"BARBAKC583_RS03435",TRUE,TRUE,TRUE,FALSE,"Ribosoma",17.4,6.7,15.8,55.3,30.1,53,0.136,0.783,-0.363,0.388,0.203,0.383,0.038,0.925
"lcl|NC_008783.1_cds_WP_005766917.1_592","BARBAKC583_RS03275","BARBAKC583_0676","rplN","50S ribosomal protein L14","WP_005766917.1","690436..690804","+",369,FALSE,"BARBAKC583_RS03440",TRUE,TRUE,TRUE,FALSE,"Ribosoma",10.1,11.3,23.5,63.2,39,65.1,1.075,0.0256,0.237,0.588,0.273,0.281,-0.007,0.989
"lcl|NC_008783.1_cds_WP_005766919.1_593","BARBAKC583_RS03280","BARBAKC583_0677","rplX","50S ribosomal protein L24","WP_005766919.1","690817..691131","+",315,FALSE,"BARBAKC583_RS03445",TRUE,TRUE,TRUE,FALSE,"Ribosoma",11,12,31.3,52.5,35,30.8,1.092,0.0278,0.131,0.767,0.318,0.179,0.303,0.441
"lcl|NC_008783.1_cds_BARBAKC583_RS03285_594","BARBAKC583_RS03285",NA,"rpl5","large ribosomal subunit protein uL5",NA,"691124..>691501","+",378,TRUE,"",TRUE,FALSE,FALSE,FALSE,"",0,0,0,0,0,0,NA,NA,NA,NA,NA,NA,NA,NA
"lcl|NC_008783.1_cds_BARBAKC583_RS03290_595","BARBAKC583_RS03290",NA,NA,"alpha/beta hydrolase",NA,"<691500..692051","+",552,TRUE,"",TRUE,FALSE,FALSE,FALSE,"",0,0,0,0,0,0,NA,NA,NA,NA,NA,NA,NA,NA
"lcl|NC_008783.1_cds_WP_011807347.1_596","BARBAKC583_RS03295","BARBAKC583_0680",NA,"hypothetical protein","WP_011807347.1","692184..692708","+",525,FALSE,"BARBAKC583_RS03130",FALSE,FALSE,FALSE,FALSE,"Hipotetica",NA,NA,NA,NA,NA,NA,NA,NA,NA,NA,NA,NA,NA,NA
"lcl|NC_008783.1_cds_WP_005766926.1_597","BARBAKC583_RS03300","BARBAKC583_0681",NA,"DUF1561 family protein","WP_005766926.1","complement(692962..694881)","-",1920,FALSE,"",TRUE,TRUE,TRUE,FALSE,"",0.3,0,0,0.3,0,0,-0.103,0.559,-0.071,0.635,0,NA,0.063,0.522
"lcl|NC_008783.1_cds_WP_005766867.1_598","BARBAKC583_RS03315","BARBAKC583_0684",NA,"protein-L-isoaspartate O-methyltransferase family protein","WP_005766867.1","696166..696840","+",675,FALSE,"BARBAKC583_RS03150",FALSE,FALSE,FALSE,FALSE,"",NA,NA,NA,NA,NA,NA,NA,NA,NA,NA,NA,NA,NA,NA
"lcl|NC_008783.1_cds_WP_011807351.1_599","BARBAKC583_RS03320","BARBAKC583_0685",NA,"TolC family protein","WP_011807351.1","696894..698111","+",1218,FALSE,"",TRUE,TRUE,TRUE,FALSE,"",13.6,2,1.7,1.3,0.7,0.2,-0.999,0.0421,-0.839,0.0539,0,0.999,0.494,0.0848
"lcl|NC_008783.1_cds_WP_005766870.1_600","BARBAKC583_RS03325","BARBAKC583_0686",NA,"DUF2497 domain-containing protein","WP_005766870.1","698294..698869","+",576,FALSE,"BARBAKC583_RS03160",FALSE,FALSE,FALSE,FALSE,"",NA,NA,NA,NA,NA,NA,NA,NA,NA,NA,NA,NA,NA,NA
"lcl|NC_008783.1_cds_WP_005766872.1_601","BARBAKC583_RS03330","BARBAKC583_0687",NA,"valine--tRNA ligase","WP_005766872.1","699033..701759","+",2727,FALSE,"BARBAKC583_RS03165",FALSE,FALSE,FALSE,FALSE,"Traduccion",NA,NA,NA,NA,NA,NA,NA,NA,NA,NA,NA,NA,NA,NA
"lcl|NC_008783.1_cds_WP_035453066.1_602","BARBAKC583_RS03335","BARBAKC583_0688",NA,"amino acid ABC transporter ATP-binding protein","WP_035453066.1","complement(702327..703073)","-",747,FALSE,"BARBAKC583_RS03170",FALSE,FALSE,FALSE,FALSE,"TranspABC",NA,NA,NA,NA,NA,NA,NA,NA,NA,NA,NA,NA,NA,NA
"lcl|NC_008783.1_cds_WP_005766875.1_603","BARBAKC583_RS03340","BARBAKC583_0689",NA,"amino acid ABC transporter permease","WP_005766875.1","complement(703085..703801)","-",717,FALSE,"BARBAKC583_RS03175",FALSE,FALSE,FALSE,FALSE,"TranspABC",NA,NA,NA,NA,NA,NA,NA,NA,NA,NA,NA,NA,NA,NA
"lcl|NC_008783.1_cds_WP_005766877.1_604","BARBAKC583_RS03345","BARBAKC583_0690",NA,"amino acid ABC transporter permease","WP_005766877.1","complement(703803..704555)","-",753,FALSE,"BARBAKC583_RS03180",FALSE,FALSE,FALSE,FALSE,"TranspABC",NA,NA,NA,NA,NA,NA,NA,NA,NA,NA,NA,NA,NA,NA
"lcl|NC_008783.1_cds_WP_011807349.1_605","BARBAKC583_RS03350","BARBAKC583_0691",NA,"transporter substrate-binding domain-containing protein","WP_011807349.1","complement(704701..705609)","-",909,FALSE,"BARBAKC583_RS03190",FALSE,FALSE,FALSE,FALSE,"",NA,NA,NA,NA,NA,NA,NA,NA,NA,NA,NA,NA,NA,NA
"lcl|NC_008783.1_cds_WP_005766882.1_606","BARBAKC583_RS03355","BARBAKC583_0692","xth","exodeoxyribonuclease III","WP_005766882.1","complement(705727..706518)","-",792,FALSE,"BARBAKC583_RS03195",FALSE,FALSE,FALSE,FALSE,"",NA,NA,NA,NA,NA,NA,NA,NA,NA,NA,NA,NA,NA,NA
"lcl|NC_008783.1_cds_WP_005766884.1_607","BARBAKC583_RS03360","BARBAKC583_0693","rpsL","30S ribosomal protein S12","WP_005766884.1","707000..707371","+",372,FALSE,"BARBAKC583_RS03200",FALSE,FALSE,FALSE,FALSE,"Ribosoma",NA,NA,NA,NA,NA,NA,NA,NA,NA,NA,NA,NA,NA,NA
"lcl|NC_008783.1_cds_WP_005766885.1_608","BARBAKC583_RS03365","BARBAKC583_0694","rpsG","30S ribosomal protein S7","WP_005766885.1","707403..707873","+",471,FALSE,"BARBAKC583_RS03205",FALSE,FALSE,FALSE,FALSE,"Ribosoma",NA,NA,NA,NA,NA,NA,NA,NA,NA,NA,NA,NA,NA,NA
"lcl|NC_008783.1_cds_WP_005766888.1_609","BARBAKC583_RS03370","BARBAKC583_0695","fusA","elongation factor G","WP_005766888.1","707903..709987","+",2085,FALSE,"BARBAKC583_RS03210",FALSE,FALSE,FALSE,FALSE,"Traduccion",NA,NA,NA,NA,NA,NA,NA,NA,NA,NA,NA,NA,NA,NA
"lcl|NC_008783.1_cds_WP_005766892.1_610","BARBAKC583_RS03375","BARBAKC583_0696","tuf","elongation factor Tu","WP_005766892.1","710052..711227","+",1176,FALSE,"BARBAKC583_RS03215",FALSE,FALSE,FALSE,FALSE,"Traduccion",NA,NA,NA,NA,NA,NA,NA,NA,NA,NA,NA,NA,NA,NA
"lcl|NC_008783.1_cds_WP_005766894.1_611","BARBAKC583_RS03380","BARBAKC583_0697","rpsJ","30S ribosomal protein S10","WP_005766894.1","711296..711604","+",309,FALSE,"BARBAKC583_RS03220",FALSE,FALSE,FALSE,FALSE,"Ribosoma",NA,NA,NA,NA,NA,NA,NA,NA,NA,NA,NA,NA,NA,NA
"lcl|NC_008783.1_cds_WP_005766896.1_612","BARBAKC583_RS03385","BARBAKC583_0698","rplC","50S ribosomal protein L3","WP_005766896.1","711632..712372","+",741,FALSE,"BARBAKC583_RS03225",FALSE,FALSE,FALSE,FALSE,"Ribosoma",NA,NA,NA,NA,NA,NA,NA,NA,NA,NA,NA,NA,NA,NA
"lcl|NC_008783.1_cds_WP_005766898.1_613","BARBAKC583_RS03390","BARBAKC583_0699","rplD","50S ribosomal protein L4","WP_005766898.1","712372..712992","+",621,FALSE,"BARBAKC583_RS03230",FALSE,FALSE,FALSE,FALSE,"Ribosoma",NA,NA,NA,NA,NA,NA,NA,NA,NA,NA,NA,NA,NA,NA
"lcl|NC_008783.1_cds_WP_005766900.1_614","BARBAKC583_RS03400","BARBAKC583_0700",NA,"50S ribosomal protein L23","WP_005766900.1","712989..713282","+",294,FALSE,"BARBAKC583_RS03235",FALSE,FALSE,FALSE,FALSE,"Ribosoma",NA,NA,NA,NA,NA,NA,NA,NA,NA,NA,NA,NA,NA,NA
"lcl|NC_008783.1_cds_WP_005766902.1_615","BARBAKC583_RS03405","BARBAKC583_0701","rplB","50S ribosomal protein L2","WP_005766902.1","713297..714130","+",834,FALSE,"BARBAKC583_RS03240",FALSE,FALSE,FALSE,FALSE,"Ribosoma",NA,NA,NA,NA,NA,NA,NA,NA,NA,NA,NA,NA,NA,NA
"lcl|NC_008783.1_cds_WP_005766905.1_616","BARBAKC583_RS03410","BARBAKC583_0702","rpsS","30S ribosomal protein S19","WP_005766905.1","714146..714424","+",279,FALSE,"BARBAKC583_RS03245",FALSE,FALSE,FALSE,FALSE,"Ribosoma",NA,NA,NA,NA,NA,NA,NA,NA,NA,NA,NA,NA,NA,NA
"lcl|NC_008783.1_cds_WP_005766907.1_617","BARBAKC583_RS03415","BARBAKC583_0703","rplV","50S ribosomal protein L22","WP_005766907.1","714427..714816","+",390,FALSE,"BARBAKC583_RS03250",FALSE,FALSE,FALSE,FALSE,"Ribosoma",NA,NA,NA,NA,NA,NA,NA,NA,NA,NA,NA,NA,NA,NA
"lcl|NC_008783.1_cds_WP_005766909.1_618","BARBAKC583_RS03420","BARBAKC583_0704","rpsC","30S ribosomal protein S3","WP_005766909.1","714816..715526","+",711,FALSE,"BARBAKC583_RS03255",FALSE,FALSE,FALSE,FALSE,"Ribosoma",NA,NA,NA,NA,NA,NA,NA,NA,NA,NA,NA,NA,NA,NA
"lcl|NC_008783.1_cds_WP_005766912.1_619","BARBAKC583_RS03425","BARBAKC583_0705","rplP","50S ribosomal protein L16","WP_005766912.1","715563..715976","+",414,FALSE,"BARBAKC583_RS03260",FALSE,FALSE,FALSE,FALSE,"Ribosoma",NA,NA,NA,NA,NA,NA,NA,NA,NA,NA,NA,NA,NA,NA
"lcl|NC_008783.1_cds_WP_005766913.1_620","BARBAKC583_RS03430","BARBAKC583_0706","rpmC","50S ribosomal protein L29","WP_005766913.1","715989..716189","+",201,FALSE,"BARBAKC583_RS03265",FALSE,FALSE,FALSE,FALSE,"Ribosoma",NA,NA,NA,NA,NA,NA,NA,NA,NA,NA,NA,NA,NA,NA
"lcl|NC_008783.1_cds_WP_005766915.1_621","BARBAKC583_RS03435","BARBAKC583_0707","rpsQ","30S ribosomal protein S17","WP_005766915.1","716201..716443","+",243,FALSE,"BARBAKC583_RS03270",FALSE,FALSE,FALSE,FALSE,"Ribosoma",NA,NA,NA,NA,NA,NA,NA,NA,NA,NA,NA,NA,NA,NA
"lcl|NC_008783.1_cds_WP_005766917.1_622","BARBAKC583_RS03440","BARBAKC583_0708","rplN","50S ribosomal protein L14","WP_005766917.1","716592..716960","+",369,FALSE,"BARBAKC583_RS03275",FALSE,FALSE,FALSE,FALSE,"Ribosoma",NA,NA,NA,NA,NA,NA,NA,NA,NA,NA,NA,NA,NA,NA
"lcl|NC_008783.1_cds_WP_005766919.1_623","BARBAKC583_RS03445","BARBAKC583_0709","rplX","50S ribosomal protein L24","WP_005766919.1","716973..717287","+",315,FALSE,"BARBAKC583_RS03280",FALSE,FALSE,FALSE,FALSE,"Ribosoma",NA,NA,NA,NA,NA,NA,NA,NA,NA,NA,NA,NA,NA,NA
"lcl|NC_008783.1_cds_WP_005766936.1_624","BARBAKC583_RS03450","BARBAKC583_0710","rplE","50S ribosomal protein L5","WP_005766936.1","717280..717837","+",558,FALSE,"",TRUE,TRUE,TRUE,FALSE,"Ribosoma",1406.8,993.1,1116.7,1407.4,935.1,934,0.062,0.733,-0.244,0.251,0.261,0.217,0.559,0.00724
"lcl|NC_008783.1_cds_WP_005766938.1_625","BARBAKC583_RS03455","BARBAKC583_0711","rpsN","30S ribosomal protein S14","WP_005766938.1","717862..718167","+",306,FALSE,"",TRUE,TRUE,TRUE,FALSE,"Ribosoma",1757.2,1322.3,1743.6,2089,1705.2,1242.5,0.318,0.261,-0.142,0.654,0.332,0.184,0.62,0.0315
"lcl|NC_008783.1_cds_WP_005766940.1_626","BARBAKC583_RS03460","BARBAKC583_0712","rpsH","30S ribosomal protein S8","WP_005766940.1","718182..718580","+",399,FALSE,"",TRUE,TRUE,TRUE,FALSE,"Ribosoma",1269.3,698.4,969.6,1464.9,881.3,838.5,0.026,0.903,-0.566,0.0165,0.487,0.0277,0.73,0.0012
"lcl|NC_008783.1_cds_WP_005766942.1_627","BARBAKC583_RS03465","BARBAKC583_0713","rplF","50S ribosomal protein L6","WP_005766942.1","718619..719152","+",534,FALSE,"",TRUE,TRUE,TRUE,FALSE,"Ribosoma",1280.3,817.8,1434.2,1203.9,895.2,963.6,0.534,0.0309,-0.354,0.153,0.828,0.00066,0.301,0.26
"lcl|NC_008783.1_cds_WP_005766945.1_628","BARBAKC583_RS03470","BARBAKC583_0714","rplR","50S ribosomal protein L18","WP_005766945.1","719165..719527","+",363,FALSE,"",TRUE,TRUE,TRUE,FALSE,"Ribosoma",677.2,434.5,754.2,655,539.9,439.6,0.49,0.078,-0.321,0.252,0.712,0.00757,0.492,0.0796
"lcl|NC_008783.1_cds_WP_005766947.1_629","BARBAKC583_RS03475","BARBAKC583_0715","rpsE","30S ribosomal protein S5","WP_005766947.1","719639..720208","+",570,FALSE,"",TRUE,TRUE,TRUE,FALSE,"Ribosoma",1044,608.6,714.6,968.1,593,894.9,-0.071,0.769,-0.473,0.0702,0.259,0.287,0.126,0.702
"lcl|NC_008783.1_cds_WP_005766949.1_630","BARBAKC583_RS03480","BARBAKC583_0716","rpmD","50S ribosomal protein L30","WP_005766949.1","720241..720447","+",207,FALSE,"",TRUE,TRUE,TRUE,FALSE,"Ribosoma",844.9,639.7,710.6,1221.6,865.4,691.4,0.117,0.601,-0.153,0.573,0.213,0.387,0.73,0.00208
"lcl|NC_008783.1_cds_WP_005766951.1_631","BARBAKC583_RS03485","BARBAKC583_0717","rplO","50S ribosomal protein L15","WP_005766951.1","720475..720939","+",465,FALSE,"",TRUE,TRUE,TRUE,FALSE,"Ribosoma",916.9,647.6,880,680.7,502.1,542.3,0.283,0.241,-0.224,0.388,0.419,0.072,0.301,0.277
"lcl|NC_008783.1_cds_WP_005766957.1_632","BARBAKC583_RS03490","BARBAKC583_0718","secY","preprotein translocase subunit SecY","WP_005766957.1","721068..722414","+",1347,FALSE,"",TRUE,TRUE,TRUE,FALSE,"",805.7,419.4,580.9,369.1,319.5,501.2,-0.024,0.918,-0.639,0.00813,0.476,0.0358,-0.346,0.181
"lcl|NC_008783.1_cds_WP_005766958.1_633","BARBAKC583_RS03495","BARBAKC583_0719",NA,"adenylate kinase","WP_005766958.1","722411..722989","+",579,FALSE,"",TRUE,TRUE,TRUE,FALSE,"",676.9,401,370.1,252.5,245.1,328.7,-0.369,0.115,-0.47,0.052,0.059,0.831,-0.299,0.251
"lcl|NC_008783.1_cds_WP_005766959.1_634","BARBAKC583_RS03500","BARBAKC583_0720","rpsM","30S ribosomal protein S13","WP_005766959.1","723176..723544","+",369,FALSE,"",TRUE,TRUE,TRUE,FALSE,"Ribosoma",4641.1,3691.6,4033.6,4641.4,2708.9,3503.4,0.154,0.584,-0.084,0.793,0.166,0.531,0.346,0.272
"lcl|NC_008783.1_cds_WP_005766960.1_635","BARBAKC583_RS03505","BARBAKC583_0721","rpsK","30S ribosomal protein S11","WP_005766960.1","723667..724056","+",390,FALSE,"",TRUE,TRUE,TRUE,FALSE,"Ribosoma",1301.4,542.3,913.1,902,542.7,720.6,-0.055,0.817,-0.922,0.000269,0.729,0.00323,0.301,0.273
"lcl|NC_008783.1_cds_WP_005766961.1_636","BARBAKC583_RS03510","BARBAKC583_0722",NA,"DNA-directed RNA polymerase subunit alpha","WP_005766961.1","724147..725160","+",1014,FALSE,"",TRUE,TRUE,TRUE,FALSE,"",1679.1,749.9,1176.4,1404.8,809.2,2174.9,-0.049,0.83,-0.837,0.000726,0.648,0.00702,-0.507,0.0445
"lcl|NC_008783.1_cds_WP_005766962.1_637","BARBAKC583_RS03515","BARBAKC583_0723","rplQ","50S ribosomal protein L17","WP_005766962.1","725185..725610","+",426,FALSE,"",TRUE,TRUE,TRUE,FALSE,"Ribosoma",2527.4,1286.1,1615.6,1122.1,981.9,1267.5,-0.137,0.48,-0.684,0.00203,0.387,0.0682,-0.124,0.659
"lcl|NC_008783.1_cds_WP_005766965.1_638","BARBAKC583_RS03520","BARBAKC583_0724",NA,"DegQ family serine endoprotease","WP_005766965.1","725791..727185","+",1395,FALSE,"",TRUE,TRUE,TRUE,FALSE,"",295.9,176.5,156.5,106.5,143.9,162.9,-0.452,0.0218,-0.485,0.0149,0.029,0.914,-0.528,0.00727
"lcl|NC_008783.1_cds_WP_005766967.1_639","BARBAKC583_RS03525","BARBAKC583_0726",NA,"replication-associated recombination protein A","WP_005766967.1","727195..728514","+",1320,FALSE,"",TRUE,TRUE,TRUE,FALSE,"",172.9,111.1,76.1,63,99.9,108.3,-0.647,0.0205,-0.322,0.243,-0.17,0.512,-0.612,0.0243
"lcl|NC_008783.1_cds_WP_005766971.1_640","BARBAKC583_RS03530","BARBAKC583_0727","recA","recombinase RecA","WP_005766971.1","728971..730014","+",1044,FALSE,"",TRUE,TRUE,TRUE,FALSE,"",1143.9,1303.5,783,1743.2,1612.4,1426.4,-0.065,0.749,0.348,0.131,-0.338,0.115,0.275,0.275
"lcl|NC_008783.1_cds_WP_005766976.1_641","BARBAKC583_RS03535","BARBAKC583_0728","alaS","alanine--tRNA ligase","WP_005766976.1","730206..732866","+",2661,FALSE,"",TRUE,TRUE,TRUE,FALSE,"Traduccion",240.7,219.1,211.9,147.7,143.8,170.8,0.219,0.118,0.068,0.672,0.135,0.476,-0.169,0.329
"lcl|NC_008783.1_cds_WP_005766978.1_642","BARBAKC583_RS03540","BARBAKC583_0729",NA,"glucan ABC transporter ATP-binding protein/ permease","WP_005766978.1","complement(732964..734751)","-",1788,FALSE,"",TRUE,TRUE,TRUE,FALSE,"TranspABC",353.5,206.4,132.4,185.9,165.8,143.6,-0.792,0.0221,-0.392,0.236,-0.171,0.531,0.28,0.435
"lcl|NC_008783.1_cds_WP_005766983.1_643","BARBAKC583_RS03545","BARBAKC583_0730",NA,"RluA family pseudouridine synthase","WP_005766983.1","734949..735932","+",984,FALSE,"",TRUE,TRUE,TRUE,FALSE,"",368.8,282.8,230,285.2,307.9,243.1,-0.188,0.21,-0.145,0.4,-0.05,0.832,0.245,0.177
"lcl|NC_008783.1_cds_WP_005766984.1_644","BARBAKC583_RS03550","BARBAKC583_0731",NA,"ATP12 family chaperone protein","WP_005766984.1","736321..737106","+",786,FALSE,"",TRUE,TRUE,TRUE,FALSE,"Chaperona",231.4,237.4,218.9,141.5,170.3,181.2,0.292,0.215,0.208,0.412,0.061,0.824,-0.278,0.304
"lcl|NC_008783.1_cds_WP_005766985.1_645","BARBAKC583_RS03555","BARBAKC583_0732",NA,"hypothetical protein","WP_005766985.1","complement(737136..737681)","-",546,FALSE,"",TRUE,TRUE,TRUE,FALSE,"Hipotetica",441.6,401.4,273.9,214.2,302.6,341.1,-0.169,0.543,0.059,0.853,-0.158,0.55,-0.505,0.0896
"lcl|NC_008783.1_cds_WP_005766991.1_646","BARBAKC583_RS03560","BARBAKC583_0733","glnA","type I glutamate--ammonia ligase","WP_005766991.1","complement(737835..739244)","-",1410,FALSE,"",TRUE,TRUE,TRUE,FALSE,"",1396.9,1264.3,991.6,1195.6,1793.4,2468.1,-0.033,0.901,0.057,0.847,-0.066,0.817,-0.839,0.00117
"lcl|NC_008783.1_cds_BARBAKC583_RS03565_647","BARBAKC583_RS03565",NA,NA,"P-II family nitrogen regulator",NA,"complement(739304..739640)","-",337,TRUE,"",TRUE,TRUE,FALSE,FALSE,"",2273.5,4019.6,1745.5,1176,2106.2,842.6,0.034,0.942,0.648,0.0973,-0.321,0.239,0.273,0.496
"lcl|NC_008783.1_cds_WP_005766993.1_648","BARBAKC583_RS03570","BARBAKC583_0735","uvrA","excinuclease ABC subunit UvrA","WP_005766993.1","complement(739902..742796)","-",2895,FALSE,"",TRUE,TRUE,TRUE,FALSE,"",119.5,78.7,75,88,98.1,157.6,-0.148,0.578,-0.287,0.316,0.072,0.803,-0.649,0.0207
"lcl|NC_008783.1_cds_WP_005766996.1_649","BARBAKC583_RS03575","BARBAKC583_0736","ssb","single-stranded DNA-binding protein","WP_005766996.1","742995..743528","+",534,FALSE,"",TRUE,TRUE,TRUE,FALSE,"",458.9,686.1,504.8,340.4,304.3,319.3,0.488,0.0784,0.677,0.0143,-0.111,0.669,0.097,0.785
"lcl|NC_008783.1_cds_WP_005766997.1_650","BARBAKC583_RS03585","BARBAKC583_0737","gyrA","DNA gyrase subunit A","WP_005766997.1","744012..746798","+",2787,FALSE,"",TRUE,TRUE,TRUE,FALSE,"",835,939.2,756.3,792.6,793.9,490,0.216,0.353,0.318,0.214,-0.049,0.859,0.609,0.0157
"lcl|NC_008783.1_cds_WP_005766998.1_651","BARBAKC583_RS03590","BARBAKC583_0738","coaD","pantetheine-phosphate adenylyltransferase","WP_005766998.1","746816..747310","+",495,FALSE,"",TRUE,TRUE,TRUE,FALSE,"",477.9,370.9,298,269.9,255.5,153.4,-0.164,0.469,-0.109,0.692,-0.052,0.851,0.716,0.00329
"lcl|NC_008783.1_cds_WP_005767001.1_652","BARBAKC583_RS03595","BARBAKC583_0739",NA,"peptidylprolyl isomerase","WP_005767001.1","747325..747900","+",576,FALSE,"",TRUE,TRUE,TRUE,FALSE,"",650.6,471.7,416.2,306.2,381.7,406.4,-0.147,0.393,-0.214,0.289,0.029,0.914,-0.344,0.102
"lcl|NC_008783.1_cds_WP_005767002.1_653","BARBAKC583_RS03600","BARBAKC583_0740",NA,"peptidylprolyl isomerase","WP_005767002.1","747917..748429","+",513,FALSE,"",TRUE,TRUE,TRUE,FALSE,"",954.7,838.6,715.1,736,855.6,1200.4,0.013,0.953,0.017,0.953,-0.001,0.999,-0.585,0.0122
"lcl|NC_008783.1_cds_WP_005767004.1_654","BARBAKC583_RS03605","BARBAKC583_0741","tgt","tRNA guanosine(34) transglycosylase Tgt","WP_005767004.1","748730..749863","+",1134,FALSE,"",TRUE,TRUE,TRUE,FALSE,"Traduccion",141.7,94.9,77,124.5,131.4,122.7,-0.322,0.256,-0.262,0.378,-0.038,0.9,0.041,0.908
"lcl|NC_008783.1_cds_WP_005767012.1_655","BARBAKC583_RS03610","BARBAKC583_0742",NA,"MFS transporter","WP_005767012.1","complement(750669..752093)","-",1425,FALSE,"",TRUE,TRUE,TRUE,FALSE,"",608.4,422,297,199.1,367.7,326.5,-0.506,0.0614,-0.237,0.385,-0.151,0.557,-0.561,0.0363
"lcl|NC_008783.1_cds_WP_005767014.1_656","BARBAKC583_RS03615","BARBAKC583_0743",NA,"NADP-dependent isocitrate dehydrogenase","WP_005767014.1","complement(752211..753425)","-",1215,FALSE,"",TRUE,TRUE,TRUE,FALSE,"",2580.2,4762.9,3286.4,2102.1,3823.8,2869.3,0.619,0.0737,0.855,0.0118,-0.12,0.659,-0.295,0.41
"lcl|NC_008783.1_cds_WP_005767018.1_657","BARBAKC583_RS03620","BARBAKC583_0744",NA,"hypothetical protein","WP_005767018.1","753707..754348","+",642,FALSE,"",TRUE,TRUE,TRUE,FALSE,"Hipotetica",269.7,165.3,131.5,307.3,209.4,284.2,-0.545,0.0252,-0.435,0.0764,-0.054,0.844,0.12,0.693
"lcl|NC_008783.1_cds_WP_005767019.1_658","BARBAKC583_RS03630","BARBAKC583_0746","glpX","class II fructose-bisphosphatase","WP_005767019.1","755316..756305","+",990,FALSE,"",TRUE,TRUE,TRUE,FALSE,"",315.8,224,253.6,192.8,238.9,314.2,0.083,0.68,-0.217,0.362,0.246,0.285,-0.585,0.0111
"lcl|NC_008783.1_cds_WP_005767020.1_659","BARBAKC583_RS03635","BARBAKC583_0747",NA,"branched-chain amino acid aminotransferase","WP_005767020.1","complement(756404..757510)","-",1107,FALSE,"",TRUE,TRUE,TRUE,FALSE,"",578.6,295.5,204.3,174,237.5,542.7,-1.022,2.04e-08,-0.702,0.000167,-0.219,0.289,-1.508,4.51e-18
"lcl|NC_008783.1_cds_WP_005767022.1_660","BARBAKC583_RS03640","BARBAKC583_0748",NA,"SPOR domain-containing protein","WP_005767022.1","complement(758037..760544)","-",2508,FALSE,"",TRUE,TRUE,TRUE,FALSE,"",2727.2,3297.9,1712.6,1218.3,1446.1,1062.6,-0.15,0.594,0.379,0.202,-0.4,0.112,0.17,0.629
"lcl|NC_008783.1_cds_WP_005767024.1_661","BARBAKC583_RS03645","BARBAKC583_0749","argS","arginine--tRNA ligase","WP_005767024.1","complement(760680..762437)","-",1758,FALSE,"",TRUE,TRUE,TRUE,FALSE,"Traduccion",376.8,318.8,236.6,251,305.9,563.7,-0.155,0.542,-0.014,0.969,-0.106,0.685,-0.937,0.000367
"lcl|NC_008783.1_cds_WP_005767026.1_662","BARBAKC583_RS03650","BARBAKC583_0750",NA,"deoxyguanosinetriphosphate triphosphohydrolase","WP_005767026.1","complement(762468..763664)","-",1197,FALSE,"",TRUE,TRUE,TRUE,FALSE,"",304.2,327.6,217.2,131.9,244.9,233.8,-0.022,0.953,0.222,0.536,-0.139,0.599,-0.553,0.0996
"lcl|NC_008783.1_cds_WP_005767028.1_663","BARBAKC583_RS03655","BARBAKC583_0751",NA,"HesB/IscA family protein","WP_005767028.1","763771..764094","+",324,FALSE,"",TRUE,TRUE,TRUE,FALSE,"",262.7,601.5,542.7,89.8,180.6,148.2,1.28,0.000195,1.175,0.000614,0.026,0.935,-0.492,0.137
"lcl|NC_008783.1_cds_WP_005767030.1_664","BARBAKC583_RS03660","BARBAKC583_0752",NA,"hypothetical protein","WP_005767030.1","764155..765117","+",963,FALSE,"",TRUE,TRUE,TRUE,FALSE,"Hipotetica",542.7,924.7,653.7,356,514.8,217.4,0.614,0.0323,0.839,0.00288,-0.136,0.599,0.589,0.0351
"lcl|NC_008783.1_cds_WP_005767032.1_665","BARBAKC583_RS03665","BARBAKC583_0753",NA,"cytochrome c biogenesis CcdA family protein","WP_005767032.1","765167..765919","+",753,FALSE,"",TRUE,TRUE,TRUE,FALSE,"",267.1,180.2,170.3,125.3,149.6,126.8,-0.147,0.421,-0.31,0.15,0.094,0.7,0.011,0.967
"lcl|NC_008783.1_cds_WP_005767034.1_666","BARBAKC583_RS03670","BARBAKC583_0754","glmU","bifunctional UDP-N-acetylglucosamine diphosphorylase/glucosamine-1-phosphate N-acetyltransferase GlmU","WP_005767034.1","765970..767319","+",1350,FALSE,"",TRUE,TRUE,TRUE,FALSE,"",161.1,112.8,98.8,71,99.3,115.9,-0.2,0.282,-0.252,0.237,0.019,0.941,-0.607,0.0028
"lcl|NC_008783.1_cds_WP_005767036.1_667","BARBAKC583_RS03675","BARBAKC583_0755","glmS","glutamine--fructose-6-phosphate transaminase (isomerizing)","WP_005767036.1","767497..769320","+",1824,FALSE,"",TRUE,TRUE,TRUE,FALSE,"",465.9,301.6,239.5,456.1,310.5,371.4,-0.499,0.00282,-0.387,0.0237,-0.076,0.733,0.306,0.0855
"lcl|NC_008783.1_cds_WP_005767038.1_668","BARBAKC583_RS03680","BARBAKC583_0756","recG","ATP-dependent DNA helicase RecG","WP_005767038.1","complement(769544..771652)","-",2109,FALSE,"",TRUE,TRUE,TRUE,FALSE,"",441.9,252.6,164.6,220,331.8,296.8,-0.803,0.0218,-0.414,0.213,-0.162,0.55,-0.284,0.43
"lcl|NC_008783.1_cds_WP_005767039.1_669","BARBAKC583_RS03685","BARBAKC583_0757",NA,"GNAT family N-acetyltransferase","WP_005767039.1","complement(771789..773549)","-",1761,FALSE,"",TRUE,TRUE,TRUE,FALSE,"",1052.1,1295.1,722.4,432.7,847.2,654.2,-0.061,0.89,0.316,0.406,-0.201,0.455,-0.338,0.382
"lcl|NC_008783.1_cds_WP_005767040.1_670","BARBAKC583_RS03690","BARBAKC583_0758",NA,"DUF1561 family protein","WP_005767040.1","complement(773945..775867)","-",1923,FALSE,"",TRUE,TRUE,TRUE,FALSE,"",265.1,197.3,128.9,83.1,181.8,183.5,-0.4,0.275,-0.124,0.752,-0.134,0.613,-0.725,0.0341
"lcl|NC_008783.1_cds_WP_005767041.1_671","BARBAKC583_RS03700","BARBAKC583_0761","accC","acetyl-CoA carboxylase biotin carboxylase subunit","WP_005767041.1","complement(776689..778029)","-",1341,FALSE,"",TRUE,TRUE,TRUE,FALSE,"",587.1,431.5,301.6,335.3,374.4,404.2,-0.47,0.0342,-0.182,0.424,-0.187,0.424,-0.21,0.407
"lcl|NC_008783.1_cds_WP_005767042.1_672","BARBAKC583_RS03705","BARBAKC583_0762","accB","acetyl-CoA carboxylase biotin carboxyl carrier protein","WP_005767042.1","complement(778044..778526)","-",483,FALSE,"",TRUE,TRUE,TRUE,FALSE,"",2103.6,2920.3,1846,1379.7,1707.7,1451.7,0.178,0.493,0.571,0.0419,-0.226,0.38,-0.039,0.908
"lcl|NC_008783.1_cds_WP_005767043.1_673","BARBAKC583_RS03715","BARBAKC583_0763",NA,"DsbA family protein","WP_005767043.1","complement(778743..779600)","-",858,FALSE,"",TRUE,TRUE,TRUE,FALSE,"",1382.1,1826.2,1015.3,727.8,878.5,554,-0.004,0.984,0.52,0.0494,-0.384,0.101,0.344,0.222
"lcl|NC_008783.1_cds_WP_005767044.1_674","BARBAKC583_RS03725","BARBAKC583_0764","purN","phosphoribosylglycinamide formyltransferase","WP_005767044.1","complement(779961..780572)","-",612,FALSE,"",TRUE,TRUE,TRUE,FALSE,"",529.5,388,285.7,409.3,393.8,508.5,-0.405,0.0543,-0.186,0.395,-0.146,0.531,-0.253,0.279
"lcl|NC_008783.1_cds_WP_011807356.1_675","BARBAKC583_RS03730","BARBAKC583_0765","purM","phosphoribosylformylglycinamidine cyclo-ligase","WP_011807356.1","complement(780569..781654)","-",1086,FALSE,"",TRUE,TRUE,TRUE,FALSE,"",664.4,345.7,244,791,586.5,1110.7,-0.962,9.53e-07,-0.67,0.000851,-0.19,0.394,-0.413,0.046
"lcl|NC_008783.1_cds_WP_005767046.1_676","BARBAKC583_RS03740","BARBAKC583_0766",NA,"AI-2E family transporter","WP_005767046.1","781822..783036","+",1215,FALSE,"",TRUE,TRUE,TRUE,FALSE,"",394.1,378.1,362.7,283.7,316.2,289.2,0.218,0.454,0.116,0.726,0.069,0.814,0,1
"lcl|NC_008783.1_cds_WP_005767047.1_677","BARBAKC583_RS03745","BARBAKC583_0767","hdaA","DnaA regulatory inactivator HdaA","WP_005767047.1","783033..783722","+",690,FALSE,"",TRUE,TRUE,TRUE,FALSE,"",396.6,248.7,242.6,149.6,202.8,272.9,-0.181,0.512,-0.341,0.247,0.082,0.774,-0.66,0.0222
"lcl|NC_008783.1_cds_WP_005767048.1_678","BARBAKC583_RS03755","BARBAKC583_0769",NA,"ETC complex I subunit","WP_005767048.1","784228..784533","+",306,FALSE,"",TRUE,TRUE,TRUE,FALSE,"",1771.4,2580.7,1624.7,859.4,1380.1,832.2,0.222,0.445,0.607,0.045,-0.209,0.427,0.053,0.888
"lcl|NC_008783.1_cds_BARBAKC583_RS06815_679","BARBAKC583_RS06815",NA,NA,"tyrosine-type recombinase/integrase",NA,"complement(784722..>785194)","-",473,TRUE,"",TRUE,TRUE,FALSE,FALSE,"",76.4,55.9,25.6,19,67.8,34.5,-0.522,0.261,-0.081,0.855,-0.15,0.531,-0.298,0.441
"lcl|NC_008783.1_cds_BARBAKC583_RS07085_680","BARBAKC583_RS07085",NA,NA,"lysozyme",NA,"<785520..785720","+",201,TRUE,"",TRUE,TRUE,FALSE,FALSE,"",0,1.2,0.7,1.1,3.6,2.1,0.053,0.837,0.084,0.677,-0.011,NA,-0.023,0.886
"lcl|NC_008783.1_cds_BARBAKC583_RS03770_681","BARBAKC583_RS03770",NA,NA,"hypothetical protein",NA,"785717..785925","+",209,TRUE,"",TRUE,TRUE,FALSE,FALSE,"Hipotetica",5.6,5.5,5.2,2.1,4.1,3,0.101,0.82,0.035,0.921,0.014,NA,-0.043,0.875
"lcl|NC_008783.1_cds_WP_005767058.1_682","BARBAKC583_RS03780","BARBAKC583_0774",NA,"DUF1561 family protein","WP_005767058.1","complement(786307..788241)","-",1935,FALSE,"",TRUE,TRUE,TRUE,FALSE,"",86.7,51.1,39.7,45.1,69.6,70.7,-0.508,0.139,-0.367,0.272,-0.057,0.845,-0.436,0.198
"lcl|NC_008783.1_cds_WP_005767060.1_683","BARBAKC583_RS03795","BARBAKC583_0778",NA,"NADH-quinone oxidoreductase subunit A","WP_005767060.1","789462..789827","+",366,FALSE,"",TRUE,TRUE,TRUE,FALSE,"",1414.4,615.1,546.8,1265.8,632.2,853.8,-0.875,0.000164,-0.903,0.000118,0.034,0.909,0.517,0.0285
"lcl|NC_008783.1_cds_WP_005767062.1_684","BARBAKC583_RS03800","BARBAKC583_0779",NA,"NuoB/complex I 20 kDa subunit family protein","WP_005767062.1","789818..790399","+",582,FALSE,"",TRUE,TRUE,TRUE,FALSE,"",1408.9,537.2,570.7,1113.3,667.6,988.4,-0.821,7.62e-05,-1.096,1.52e-07,0.198,0.386,0.183,0.455
"lcl|NC_008783.1_cds_WP_005767064.1_685","BARBAKC583_RS03805","BARBAKC583_0780",NA,"NADH-quinone oxidoreductase subunit C","WP_005767064.1","790409..791026","+",618,FALSE,"",TRUE,TRUE,TRUE,FALSE,"",842.5,354.6,253.2,517.3,382.3,638.4,-1.216,5.78e-07,-0.925,0.00016,-0.154,0.533,-0.233,0.401
"lcl|NC_008783.1_cds_WP_005767066.1_686","BARBAKC583_RS03810","BARBAKC583_0781",NA,"NADH-quinone oxidoreductase subunit D","WP_005767066.1","791112..792302","+",1191,FALSE,"",TRUE,TRUE,TRUE,FALSE,"",729,326.8,284.3,394.4,386,655.7,-0.882,9.27e-07,-0.886,1.08e-06,0.015,0.95,-0.643,0.000391
"lcl|NC_008783.1_cds_WP_005767068.1_687","BARBAKC583_RS03815","BARBAKC583_0782","nuoE","NADH-quinone oxidoreductase subunit NuoE","WP_005767068.1","792302..792979","+",678,FALSE,"",TRUE,TRUE,TRUE,FALSE,"",564.7,284.1,244.6,289.8,323.1,564.5,-0.728,0.000152,-0.707,0.000293,0,0.999,-0.852,4.68e-06
"lcl|NC_008783.1_cds_WP_005767070.1_688","BARBAKC583_RS03820","BARBAKC583_0783","nuoF","NADH-quinone oxidoreductase subunit NuoF","WP_005767070.1","793123..794430","+",1308,FALSE,"",TRUE,TRUE,TRUE,FALSE,"",473.4,261.1,214.6,343.2,315.2,440.7,-0.677,4.95e-05,-0.602,0.000408,-0.045,0.85,-0.308,0.0896
"lcl|NC_008783.1_cds_WP_005767072.1_689","BARBAKC583_RS03825","BARBAKC583_0784","nuoG","NADH-quinone oxidoreductase subunit NuoG","WP_005767072.1","794495..796564","+",2070,FALSE,"",TRUE,TRUE,TRUE,FALSE,"",466,202.6,174.6,310.9,244.3,399.6,-0.943,2.23e-07,-0.927,4.86e-07,0.001,0.999,-0.302,0.134
"lcl|NC_008783.1_cds_WP_005767074.1_690","BARBAKC583_RS03830","BARBAKC583_0785","nuoH","NADH-quinone oxidoreductase subunit NuoH","WP_005767074.1","796589..797635","+",1047,FALSE,"",TRUE,TRUE,TRUE,FALSE,"",333.5,157,136.6,189.1,164,325.4,-0.809,8.82e-05,-0.808,0.000116,0.015,0.954,-0.672,0.000958
"lcl|NC_008783.1_cds_WP_005767075.1_691","BARBAKC583_RS03835","BARBAKC583_0786","nuoI","NADH-quinone oxidoreductase subunit NuoI","WP_005767075.1","797649..798140","+",492,FALSE,"",TRUE,TRUE,TRUE,FALSE,"",727.5,454.5,448.5,823.1,508.6,907.6,-0.201,0.295,-0.421,0.0541,0.13,0.579,-0.096,0.731
"lcl|NC_008783.1_cds_WP_005767077.1_692","BARBAKC583_RS03840","BARBAKC583_0787",NA,"NADH-quinone oxidoreductase subunit J","WP_005767077.1","798237..798857","+",621,FALSE,"",TRUE,TRUE,TRUE,FALSE,"",869.3,669.3,604.4,635.6,586.9,414.1,-0.056,0.742,-0.138,0.521,0.05,0.845,0.584,0.00329
"lcl|NC_008783.1_cds_WP_005767079.1_693","BARBAKC583_RS03845","BARBAKC583_0788","nuoK","NADH-quinone oxidoreductase subunit NuoK","WP_005767079.1","798871..799179","+",309,FALSE,"",TRUE,TRUE,TRUE,FALSE,"",891.5,728,632.7,443.9,517.1,620.4,-0.039,0.843,-0.075,0.758,0.02,0.941,-0.398,0.0828
"lcl|NC_008783.1_cds_WP_005767081.1_694","BARBAKC583_RS03850","BARBAKC583_0789","nuoL","NADH-quinone oxidoreductase subunit L","WP_005767081.1","799186..801150","+",1965,FALSE,"",TRUE,TRUE,TRUE,FALSE,"",900,464.4,415,433.2,389,456.1,-0.646,0.000736,-0.686,0.000333,0.041,0.87,-0.037,0.887
"lcl|NC_008783.1_cds_WP_005767083.1_695","BARBAKC583_RS03855","BARBAKC583_0790",NA,"NADH-quinone oxidoreductase subunit M","WP_005767083.1","801150..802619","+",1470,FALSE,"",TRUE,TRUE,TRUE,FALSE,"",620.9,316.4,297.7,265.1,271.9,337.2,-0.577,0.00997,-0.685,0.00197,0.082,0.746,-0.274,0.265
"lcl|NC_008783.1_cds_WP_005767085.1_696","BARBAKC583_RS03860","BARBAKC583_0791","nuoN","NADH-quinone oxidoreductase subunit NuoN","WP_005767085.1","802638..804095","+",1458,FALSE,"",TRUE,TRUE,TRUE,FALSE,"",461.3,198.7,165.6,193.2,187.5,360.1,-0.993,2.6e-07,-0.935,1.84e-06,-0.027,0.924,-0.785,3.92e-05
"lcl|NC_008783.1_cds_WP_172952860.1_697","BARBAKC583_RS03865","BARBAKC583_0792",NA,"biotin--[acetyl-CoA-carboxylase","WP_172952860.1","804099..804902","+",804,FALSE,"",TRUE,TRUE,TRUE,FALSE,"",359.9,294.8,152.8,130.5,170.8,180.8,-0.742,0.00147,-0.055,0.829,-0.534,0.0165,-0.384,0.118
"lcl|NC_008783.1_cds_WP_005767088.1_698","BARBAKC583_RS03870","BARBAKC583_0793",NA,"ribonuclease J","WP_005767088.1","804952..806628","+",1677,FALSE,"",TRUE,TRUE,TRUE,FALSE,"",208.8,101.9,69,70.2,104.2,169.1,-1.09,1.52e-06,-0.736,0.00143,-0.209,0.38,-1.096,6.46e-07
"lcl|NC_008783.1_cds_WP_005767091.1_699","BARBAKC583_RS03875","BARBAKC583_0794","proS","proline--tRNA ligase","WP_005767091.1","806863..808188","+",1326,FALSE,"",TRUE,TRUE,TRUE,FALSE,"Traduccion",544.4,466.3,272.1,468.7,475.5,404.6,-0.446,0.123,-0.001,1,-0.291,0.252,0.186,0.581
"lcl|NC_008783.1_cds_WP_005767093.1_700","BARBAKC583_RS03880","BARBAKC583_0795",NA,"lipoprotein-releasing ABC transporter permease subunit","WP_005767093.1","808200..809468","+",1269,FALSE,"",TRUE,TRUE,TRUE,FALSE,"TranspABC",258.5,143.8,89.4,99.1,136,132.5,-0.971,0.000873,-0.497,0.0837,-0.242,0.35,-0.309,0.321
"lcl|NC_008783.1_cds_WP_005767095.1_701","BARBAKC583_RS03885","BARBAKC583_0796",NA,"ABC transporter ATP-binding protein","WP_005767095.1","809468..810148","+",681,FALSE,"",TRUE,TRUE,TRUE,FALSE,"TranspABC",239,138,87,89.4,109.4,122.8,-0.884,0.0032,-0.435,0.138,-0.222,0.395,-0.336,0.282
"lcl|NC_008783.1_cds_WP_005767097.1_702","BARBAKC583_RS03890","BARBAKC583_0797",NA,"FAD assembly factor SdhE","WP_005767097.1","810225..810518","+",294,FALSE,"",TRUE,TRUE,TRUE,FALSE,"",117.6,54.4,53.4,42.8,60.2,85.2,-0.474,0.198,-0.558,0.123,0.049,0.864,-0.637,0.0609
"lcl|NC_008783.1_cds_WP_005767099.1_703","BARBAKC583_RS03895","BARBAKC583_0798","mfd","transcription-repair coupling factor","WP_005767099.1","810524..814015","+",3492,FALSE,"",TRUE,TRUE,TRUE,FALSE,"",155.5,131.4,88.8,68.7,115.1,114.8,-0.255,0.41,-0.014,0.973,-0.15,0.573,-0.528,0.0954
"lcl|NC_008783.1_cds_WP_080512677.1_704","BARBAKC583_RS07095",NA,NA,"ABC transporter substrate-binding protein","WP_080512677.1","complement(814414..814878)","-",465,FALSE,"",TRUE,TRUE,TRUE,FALSE,"TranspABC",71.1,39.4,32.1,23.8,68.2,93.7,-0.394,0.341,-0.323,0.421,-0.018,0.948,-1.133,0.0018
"lcl|NC_008783.1_cds_WP_196242563.1_705","BARBAKC583_RS07155",NA,NA,"ABC transporter substrate-binding protein","WP_196242563.1","complement(815123..815290)","-",168,FALSE,"",TRUE,TRUE,TRUE,FALSE,"TranspABC",51.8,35.1,37.5,20.5,57.1,95.9,0.048,0.934,-0.07,0.877,0.041,0.858,-0.685,0.0478
"lcl|NC_008783.1_cds_WP_080774880.1_706","BARBAKC583_RS07100",NA,NA,"ABC transporter substrate-binding protein","WP_080774880.1","complement(815217..815606)","-",390,FALSE,"",TRUE,TRUE,TRUE,FALSE,"TranspABC",145.8,107.3,86.3,40.5,103.1,122,-0.165,0.699,-0.114,0.789,-0.021,0.941,-0.881,0.015
"lcl|NC_008783.1_cds_WP_005767101.1_707","BARBAKC583_RS03905","BARBAKC583_0800",NA,"invasion associated locus B family protein","WP_005767101.1","816192..816806","+",615,FALSE,"",TRUE,TRUE,TRUE,FALSE,"",5877.3,6062.3,4099.7,4147.3,4670.9,6878.2,-0.046,0.82,0.215,0.34,-0.212,0.357,-0.619,0.00464
"lcl|NC_008783.1_cds_BARBAKC583_RS03910_708","BARBAKC583_RS03910",NA,NA,"Rne/Rng family ribonuclease",NA,"complement(816906..819442)","-",2537,TRUE,"",TRUE,TRUE,FALSE,FALSE,"",942.5,1129.7,498,307.3,710.7,441.8,-0.348,0.261,0.354,0.258,-0.56,0.0419,-0.37,0.263
"lcl|NC_008783.1_cds_WP_005767105.1_709","BARBAKC583_RS03915","BARBAKC583_0802",NA,"N-acetylmuramoyl-L-alanine amidase","WP_005767105.1","820035..821273","+",1239,FALSE,"",TRUE,TRUE,TRUE,FALSE,"",484.9,363.9,282.2,196.8,241,267.9,-0.251,0.329,-0.145,0.624,-0.076,0.791,-0.337,0.252
"lcl|NC_008783.1_cds_WP_005767107.1_710","BARBAKC583_RS03920","BARBAKC583_0803",NA,"penicillin-binding protein 1A","WP_005767107.1","821436..823907","+",2472,FALSE,"",TRUE,TRUE,TRUE,FALSE,"",864,634.6,433.4,521.4,576.3,649.7,-0.522,0.00538,-0.193,0.309,-0.231,0.251,-0.262,0.202
"lcl|NC_008783.1_cds_WP_011807361.1_711","BARBAKC583_RS03925","BARBAKC583_0804","prfB","peptide chain release factor 2","WP_011807361.1","join(824125..824193,824195..825256)","+",1131,FALSE,"",TRUE,TRUE,TRUE,FALSE,"",1086.4,1515.4,972.3,630.1,766.7,542.3,0.187,0.535,0.538,0.0837,-0.186,0.482,0.177,0.629
"lcl|NC_008783.1_cds_WP_005767112.1_712","BARBAKC583_RS03930","BARBAKC583_0805",NA,"peroxiredoxin","WP_005767112.1","complement(825372..825845)","-",474,FALSE,"",TRUE,TRUE,TRUE,FALSE,"",454.9,330.7,252.7,210.3,258.1,336.3,-0.308,0.264,-0.175,0.567,-0.083,0.763,-0.518,0.0715
"lcl|NC_008783.1_cds_WP_005767115.1_713","BARBAKC583_RS03935","BARBAKC583_0806","tyrS","tyrosine--tRNA ligase","WP_005767115.1","complement(825929..827182)","-",1254,FALSE,"",TRUE,TRUE,TRUE,FALSE,"Traduccion",438,437.1,330.2,346.1,325.7,502.6,0.02,0.915,0.177,0.41,-0.116,0.612,-0.457,0.0316
"lcl|NC_008783.1_cds_WP_005767117.1_714","BARBAKC583_RS03945","BARBAKC583_0808",NA,"alpha/beta hydrolase","WP_005767117.1","complement(827553..828260)","-",708,FALSE,"",TRUE,TRUE,TRUE,FALSE,"",463.6,305.5,341.8,313.6,339.6,494.3,-0.004,0.968,-0.369,0.0311,0.301,0.0797,-0.586,0.000248
"lcl|NC_008783.1_cds_WP_005767119.1_715","BARBAKC583_RS03950","BARBAKC583_0809",NA,"cysteine desulfurase family protein","WP_005767119.1","828438..829586","+",1149,FALSE,"",TRUE,TRUE,TRUE,FALSE,"",514.5,918.3,576,264.7,538.5,320.5,0.369,0.353,0.677,0.0809,-0.133,0.612,-0.142,0.751
"lcl|NC_008783.1_cds_WP_005767122.1_716","BARBAKC583_RS03955","BARBAKC583_0810","sufB","Fe-S cluster assembly protein SufB","WP_005767122.1","829744..831255","+",1512,FALSE,"",TRUE,TRUE,TRUE,FALSE,"",777.8,744.7,426.7,502.2,489.2,660.5,-0.304,0.314,0.112,0.742,-0.279,0.287,-0.274,0.423
"lcl|NC_008783.1_cds_WP_005767124.1_717","BARBAKC583_RS03960","BARBAKC583_0811","sufC","Fe-S cluster assembly ATPase SufC","WP_005767124.1","831314..832069","+",756,FALSE,"",TRUE,TRUE,TRUE,FALSE,"",744.6,523,297.8,337,392.3,773.4,-0.82,0.000402,-0.24,0.309,-0.4,0.0682,-1.03,3.34e-06
"lcl|NC_008783.1_cds_WP_005767126.1_718","BARBAKC583_RS03965","BARBAKC583_0812","sufD","Fe-S cluster assembly protein SufD","WP_005767126.1","832081..833352","+",1272,FALSE,"",TRUE,TRUE,TRUE,FALSE,"",651.3,392.4,265.8,221.3,306.8,419.6,-0.76,0.00637,-0.413,0.131,-0.179,0.483,-0.735,0.0055
"lcl|NC_008783.1_cds_WP_005767128.1_719","BARBAKC583_RS03970","BARBAKC583_0813",NA,"cysteine desulfurase","WP_005767128.1","833362..834606","+",1245,FALSE,"",TRUE,TRUE,TRUE,FALSE,"",352.1,207.5,142.1,191.3,240.4,371.3,-0.792,0.00199,-0.454,0.0761,-0.185,0.455,-0.786,0.00124
"lcl|NC_008783.1_cds_WP_005767130.1_720","BARBAKC583_RS03975","BARBAKC583_0814",NA,"SUF system Fe-S cluster assembly protein","WP_005767130.1","834599..835000","+",402,FALSE,"",TRUE,TRUE,TRUE,FALSE,"",655.7,991.9,670.8,454.9,665.6,480.3,0.366,0.201,0.674,0.0203,-0.167,0.527,-0.042,0.906
"lcl|NC_008783.1_cds_WP_005767132.1_721","BARBAKC583_RS03985","BARBAKC583_0816",NA,"UbiH/UbiF family hydroxylase","WP_005767132.1","complement(835542..836756)","-",1215,FALSE,"",TRUE,TRUE,TRUE,FALSE,"",552.9,363.4,226.1,226.2,273.6,293.2,-0.814,1.07e-05,-0.352,0.0692,-0.342,0.0709,-0.317,0.119
"lcl|NC_008783.1_cds_WP_011807364.1_722","BARBAKC583_RS03990","BARBAKC583_0817","pcsA","phosphatidylcholine synthase","WP_011807364.1","836940..837701","+",762,FALSE,"",TRUE,TRUE,TRUE,FALSE,"",428.7,479.6,397.9,395.3,422.2,644.9,0.263,0.239,0.325,0.176,-0.027,0.927,-0.585,0.013
"lcl|NC_008783.1_cds_WP_005767144.1_723","BARBAKC583_RS03995","BARBAKC583_0818",NA,"MBL fold metallo-hydrolase","WP_005767144.1","complement(837809..838624)","-",816,FALSE,"",TRUE,TRUE,TRUE,FALSE,"",265.9,218.3,213.7,97.5,176.7,257,0.079,0.825,-0.034,0.931,0.066,0.822,-0.972,0.00248
"lcl|NC_008783.1_cds_WP_005767146.1_724","BARBAKC583_RS04000","BARBAKC583_0819",NA,"TatD family hydrolase","WP_005767146.1","complement(838635..839408)","-",774,FALSE,"",TRUE,TRUE,TRUE,FALSE,"",388.2,261.4,298.3,232.5,208.5,374.3,0.036,0.845,-0.299,0.175,0.271,0.206,-0.586,0.00583
"lcl|NC_008783.1_cds_WP_005767147.1_725","BARBAKC583_RS04005","BARBAKC583_0820","metG","methionine--tRNA ligase","WP_005767147.1","complement(839398..840957)","-",1560,FALSE,"",TRUE,TRUE,TRUE,FALSE,"Traduccion",459.8,246.9,261,290,221.9,606.7,-0.322,0.128,-0.613,0.00507,0.188,0.423,-0.921,1.08e-05
"lcl|NC_008783.1_cds_WP_005767149.1_726","BARBAKC583_RS04010","BARBAKC583_0821",NA,"DNA polymerase III subunit delta'","WP_005767149.1","complement(841031..842074)","-",1044,FALSE,"",TRUE,TRUE,TRUE,FALSE,"",292.1,229.7,183.3,94.3,165,175.6,-0.157,0.494,-0.093,0.742,-0.058,0.836,-0.733,0.00311
"lcl|NC_008783.1_cds_WP_005767151.1_727","BARBAKC583_RS04015","BARBAKC583_0822","tmk","dTMP kinase","WP_005767151.1","complement(842071..842715)","-",645,FALSE,"",TRUE,TRUE,TRUE,FALSE,"",433.4,331.6,251.1,262.9,413.6,379.1,-0.266,0.24,-0.12,0.644,-0.108,0.668,-0.43,0.0826
"lcl|NC_008783.1_cds_WP_005767158.1_728","BARBAKC583_RS04020","BARBAKC583_0823",NA,"septal ring lytic transglycosylase RlpA family protein","WP_005767158.1","complement(842986..843831)","-",846,FALSE,"",TRUE,TRUE,TRUE,FALSE,"",1196,650.7,556.9,342.8,452.2,792.9,-0.536,0.0942,-0.508,0.103,-0.004,0.993,-0.893,0.00274
"lcl|NC_008783.1_cds_WP_005767165.1_729","BARBAKC583_RS04030","BARBAKC583_0825","ttcA","tRNA 2-thiocytidine(32) synthetase TtcA","WP_005767165.1","complement(844700..845536)","-",837,FALSE,"",TRUE,TRUE,TRUE,FALSE,"Traduccion",157.4,108,90.4,52.3,91.3,136.4,-0.269,0.25,-0.252,0.319,-0.02,0.942,-1.173,6.97e-07
"lcl|NC_008783.1_cds_WP_005767167.1_730","BARBAKC583_RS04035","BARBAKC583_0826","rpsD","30S ribosomal protein S4","WP_005767167.1","complement(845801..846418)","-",618,FALSE,"",TRUE,TRUE,TRUE,FALSE,"Ribosoma",2819.1,1470,2031.7,1045.2,1045.3,2188.2,-0.022,0.944,-0.568,0.065,0.356,0.165,-0.79,0.00734
"lcl|NC_008783.1_cds_WP_005767169.1_731","BARBAKC583_RS04040","BARBAKC583_0827","murI","glutamate racemase","WP_005767169.1","complement(846598..847413)","-",816,FALSE,"",TRUE,TRUE,TRUE,FALSE,"",140.3,130.3,108.7,72.4,82.7,101,0.051,0.84,0.086,0.767,-0.017,0.951,-0.373,0.186
"lcl|NC_008783.1_cds_WP_011807366.1_732","BARBAKC583_RS04045","BARBAKC583_0828",NA,"RNA methyltransferase","WP_011807366.1","complement(847413..848240)","-",828,FALSE,"",TRUE,TRUE,TRUE,FALSE,"",257.1,539.1,346.2,230.9,255,156.7,0.73,0.0269,1.065,0.00109,-0.177,0.512,0.431,0.185
"lcl|NC_008783.1_cds_BARBAKC583_RS07220_733","BARBAKC583_RS07220",NA,NA,"DNA/RNA nuclease SfsA",NA,"<848289..>848586","+",298,TRUE,"",TRUE,TRUE,FALSE,FALSE,"",454.5,482.1,153.9,247.1,479.2,318.6,-0.833,0.0352,0.181,0.644,-0.72,0.0228,-0.214,0.595
"lcl|NC_008783.1_cds_WP_005767173.1_734","BARBAKC583_RS04050","BARBAKC583_0829","map","type I methionyl aminopeptidase","WP_005767173.1","848590..849420","+",831,FALSE,"",TRUE,TRUE,TRUE,FALSE,"",665.5,591.9,385.7,460.2,421.2,282.1,-0.304,0.0828,0.043,0.826,-0.297,0.104,0.679,0.000112
"lcl|NC_008783.1_cds_WP_005767175.1_735","BARBAKC583_RS04055","BARBAKC583_0830","radC","RadC family protein","WP_005767175.1","849438..850235","+",798,FALSE,"",TRUE,TRUE,TRUE,FALSE,"",216.8,140.6,78.8,101.5,119.7,98.5,-0.96,3.48e-06,-0.354,0.0994,-0.449,0.0289,0.065,0.812
"lcl|NC_008783.1_cds_WP_005767176.1_736","BARBAKC583_RS04060","BARBAKC583_0831",NA,"DUF3126 family protein","WP_005767176.1","complement(850283..850495)","-",213,FALSE,"",TRUE,TRUE,TRUE,FALSE,"",654,475,236.4,737.6,1176,1084.9,-0.811,0.0318,-0.175,0.647,-0.304,0.267,-0.354,0.333
"lcl|NC_008783.1_cds_WP_005767179.1_737","BARBAKC583_RS04065","BARBAKC583_0832",NA,"alpha/beta fold hydrolase","WP_005767179.1","complement(850662..851435)","-",774,FALSE,"",TRUE,TRUE,TRUE,FALSE,"",354.2,227.6,173.5,203.1,180.1,428.1,-0.56,0.00921,-0.383,0.0792,-0.104,0.667,-0.94,3.38e-06
"lcl|NC_008783.1_cds_WP_005767181.1_738","BARBAKC583_RS04070","BARBAKC583_0833",NA,"DUF192 domain-containing protein","WP_005767181.1","complement(851439..851936)","-",498,FALSE,"",TRUE,TRUE,TRUE,FALSE,"",385.9,243.1,200.9,135.1,142.2,309.2,-0.413,0.151,-0.363,0.215,-0.025,0.935,-0.934,0.000706
"lcl|NC_008783.1_cds_WP_035453098.1_739","BARBAKC583_RS04075","BARBAKC583_0834",NA,"cold-shock protein","WP_035453098.1","complement(852038..852613)","-",576,FALSE,"",TRUE,TRUE,TRUE,FALSE,"",482.4,496.1,378,358.8,373.9,338.9,0.053,0.739,0.211,0.278,-0.107,0.63,0.102,0.678
"lcl|NC_008783.1_cds_WP_005767184.1_740","BARBAKC583_RS04080","BARBAKC583_0835","gatA","Asp-tRNA(Asn)/Glu-tRNA(Gln) amidotransferase subunit GatA","WP_005767184.1","complement(853164..854648)","-",1485,FALSE,"",TRUE,TRUE,TRUE,FALSE,"Traduccion",1546.8,1896.8,1314.2,1389,1861.3,1275.1,0.131,0.653,0.391,0.197,-0.141,0.591,0.111,0.773
"lcl|NC_008783.1_cds_WP_005767186.1_741","BARBAKC583_RS04085","BARBAKC583_0836","gatC","Asp-tRNA(Asn)/Glu-tRNA(Gln) amidotransferase subunit GatC","WP_005767186.1","complement(854679..854966)","-",288,FALSE,"",TRUE,TRUE,TRUE,FALSE,"Traduccion",2826.9,5613.4,2650.7,3744.1,5619.4,2542,0.221,0.541,0.891,0.0152,-0.353,0.191,0.374,0.307
"lcl|NC_008783.1_cds_WP_005767188.1_742","BARBAKC583_RS04090","BARBAKC583_0838","ruvX","Holliday junction resolvase RuvX","WP_005767188.1","855133..855618","+",486,FALSE,"",TRUE,TRUE,TRUE,FALSE,"",245.8,258.8,268.5,184.4,211.9,152.9,0.521,0.012,0.237,0.266,0.184,0.421,0.268,0.24
"lcl|NC_008783.1_cds_WP_005767190.1_743","BARBAKC583_RS04095","BARBAKC583_0837",NA,"acyl-CoA dehydrogenase family protein","WP_005767190.1","complement(855603..857228)","-",1626,FALSE,"",TRUE,TRUE,TRUE,FALSE,"",675.2,544.7,321.8,497,445.1,381.1,-0.598,0.000678,-0.073,0.705,-0.421,0.0167,0.38,0.0403
"lcl|NC_008783.1_cds_WP_005767192.1_744","BARBAKC583_RS04100","BARBAKC583_0839",NA,"aspartate carbamoyltransferase catalytic subunit","WP_005767192.1","857353..858318","+",966,FALSE,"",TRUE,TRUE,TRUE,FALSE,"",660.9,1164.5,754.1,608.6,787,503,0.51,0.0987,0.85,0.0055,-0.184,0.486,0.225,0.51
"lcl|NC_008783.1_cds_WP_005767194.1_745","BARBAKC583_RS04105","BARBAKC583_0840",NA,"dihydroorotase","WP_005767194.1","858315..859610","+",1296,FALSE,"",TRUE,TRUE,TRUE,FALSE,"",414.7,468.2,373.7,422.2,531.3,512,0.228,0.245,0.347,0.107,-0.064,0.808,-0.222,0.361
"lcl|NC_008783.1_cds_WP_005767196.1_746","BARBAKC583_RS04110","BARBAKC583_0841","plsY","glycerol-3-phosphate 1-O-acyltransferase PlsY","WP_005767196.1","859628..860263","+",636,FALSE,"",TRUE,TRUE,TRUE,FALSE,"",241.9,189.6,142.9,119.7,133,133.4,-0.264,0.236,-0.121,0.642,-0.107,0.668,-0.108,0.725
"lcl|NC_008783.1_cds_WP_005767198.1_747","BARBAKC583_RS04125","BARBAKC583_0842","dprA","DNA-processing protein DprA","WP_005767198.1","860256..861446","+",1191,FALSE,"",TRUE,TRUE,TRUE,FALSE,"",602.1,394,176,364.8,338.6,164.8,-1.263,1.43e-10,-0.342,0.0978,-0.813,5.9e-05,1.067,4.72e-08
"lcl|NC_008783.1_cds_WP_005767200.1_748","BARBAKC583_RS07190",NA,NA,"hypothetical protein","WP_005767200.1","complement(861376..861582)","-",207,FALSE,"",TRUE,TRUE,TRUE,FALSE,"Hipotetica",830.4,795.4,667.3,713.1,1197.3,402.1,0.095,0.822,0.105,0.795,-0.005,0.99,0.506,0.165
"lcl|NC_008783.1_cds_WP_005767202.1_749","BARBAKC583_RS04130","BARBAKC583_0843","topA","type I DNA topoisomerase","WP_005767202.1","861827..864436","+",2610,FALSE,"",TRUE,TRUE,TRUE,FALSE,"",329.6,152.8,133.6,132,138,228,-0.753,0.0118,-0.741,0.0114,0.013,0.965,-0.594,0.0396
"lcl|NC_008783.1_cds_BARBAKC583_RS04135_750","BARBAKC583_RS04135",NA,"rnr","ribonuclease R",NA,"864433..866664","+",2232,TRUE,"",TRUE,TRUE,FALSE,FALSE,"",224.6,181.3,106.2,45.3,99.5,83.9,-0.606,0.00509,-0.076,0.746,-0.392,0.0573,-0.764,0.000283
"lcl|NC_008783.1_cds_WP_225866720.1_751","BARBAKC583_RS04140","BARBAKC583_0845",NA,"hypothetical protein","WP_225866720.1","866941..867144","+",204,FALSE,"",TRUE,TRUE,TRUE,FALSE,"Hipotetica",74.3,126.6,119.3,31.5,95.5,42.2,0.846,0.0413,0.671,0.0861,0.035,0.911,-0.219,0.597
"lcl|NC_008783.1_cds_WP_005767215.1_752","BARBAKC583_RS04150","BARBAKC583_0847","rpmG","50S ribosomal protein L33","WP_005767215.1","868208..868375","+",168,FALSE,"",TRUE,TRUE,TRUE,FALSE,"Ribosoma",1382.6,853.7,768.3,642.6,536.5,1077.4,-0.295,0.348,-0.377,0.246,0.039,0.898,-0.53,0.0968
"lcl|NC_008783.1_cds_WP_005767217.1_753","BARBAKC583_RS04155","BARBAKC583_0848",NA,"thermonuclease family protein","WP_005767217.1","868907..869461","+",555,FALSE,"",TRUE,TRUE,TRUE,FALSE,"",1091.4,1461,753.8,519.2,1030.5,647.5,-0.054,0.855,0.499,0.0956,-0.395,0.119,-0.228,0.503
"lcl|NC_008783.1_cds_WP_011807367.1_754","BARBAKC583_RS04160","BARBAKC583_0849",NA,"uracil-DNA glycosylase family protein","WP_011807367.1","869508..870143","+",636,FALSE,"",TRUE,TRUE,TRUE,FALSE,"",245,379.7,382.9,148.5,301.4,144.3,0.777,0.056,0.547,0.149,0.066,0.822,0.041,0.918
"lcl|NC_008783.1_cds_WP_005767222.1_755","BARBAKC583_RS04165","BARBAKC583_0850",NA,"Lrp/AsnC family transcriptional regulator","WP_005767222.1","870164..870643","+",480,FALSE,"",TRUE,TRUE,TRUE,FALSE,"",809.9,569,276,706.8,571.8,543.6,-1.019,3.57e-05,-0.228,0.369,-0.597,0.0119,0.342,0.193
"lcl|NC_008783.1_cds_WP_005767224.1_756","BARBAKC583_RS04170","BARBAKC583_0851",NA,"nicotinate-nucleotide--dimethylbenzimidazole phosphoribosyltransferase","WP_005767224.1","complement(870687..871691)","-",1005,FALSE,"",TRUE,TRUE,TRUE,FALSE,"",203.9,151,125.1,117.5,128,249.7,-0.193,0.316,-0.169,0.454,-0.032,0.909,-0.95,3.09e-06
"lcl|NC_008783.1_cds_WP_005767246.1_757","BARBAKC583_RS04175","BARBAKC583_0852","dusA","tRNA dihydrouridine(20/20a) synthase DusA","WP_005767246.1","complement(872024..873004)","-",981,FALSE,"",TRUE,TRUE,TRUE,FALSE,"Traduccion",268.6,263.5,194.6,185.6,218,158.9,-0.01,0.962,0.152,0.556,-0.12,0.625,0.214,0.438
"lcl|NC_008783.1_cds_WP_005767248.1_758","BARBAKC583_RS04180","BARBAKC583_0853",NA,"response regulator","WP_005767248.1","complement(873371..875908)","-",2538,FALSE,"",TRUE,TRUE,TRUE,FALSE,"",137.6,139,112.1,80.4,98.3,92.5,0.088,0.54,0.193,0.289,-0.061,0.803,-0.16,0.445
"lcl|NC_008783.1_cds_WP_005767250.1_759","BARBAKC583_RS04185","BARBAKC583_0854",NA,"flagellar biosynthetic protein FliO","WP_005767250.1","876134..876655","+",522,FALSE,"",TRUE,TRUE,TRUE,TRUE,"Flagelar",1243.8,1935.1,1783.5,1321.9,1451.1,1888.1,0.869,0.00145,0.732,0.00647,0.055,0.845,-0.398,0.157
"lcl|NC_008783.1_cds_WP_035453092.1_760","BARBAKC583_RS04190","BARBAKC583_0855",NA,"flavin reductase family protein","WP_035453092.1","complement(877063..877596)","-",534,FALSE,"",TRUE,TRUE,TRUE,FALSE,"",765,1248.3,531.9,689.9,861,414.9,-0.049,0.891,0.713,0.0312,-0.559,0.0476,0.543,0.0952
"lcl|NC_008783.1_cds_WP_005767254.1_761","BARBAKC583_RS04195","BARBAKC583_0856","rpe","ribulose-phosphate 3-epimerase","WP_005767254.1","877742..878434","+",693,FALSE,"",TRUE,TRUE,TRUE,FALSE,"",766.5,1412.4,855.4,744.6,1118.1,890.8,0.444,0.192,0.853,0.0122,-0.202,0.453,-0.166,0.678
"lcl|NC_008783.1_cds_WP_005767256.1_762","BARBAKC583_RS04200","BARBAKC583_0857","purB","adenylosuccinate lyase","WP_005767256.1","878431..879735","+",1305,FALSE,"",TRUE,TRUE,TRUE,FALSE,"",353.9,290.5,239.8,374.8,469.9,835.7,-0.072,0.685,-0.046,0.839,-0.035,0.898,-1.017,3.77e-07
"lcl|NC_008783.1_cds_WP_005767258.1_763","BARBAKC583_RS04205","BARBAKC583_0858",NA,"RBBP9/YdeN family alpha/beta hydrolase","WP_005767258.1","879814..880362","+",549,FALSE,"",TRUE,TRUE,TRUE,FALSE,"",311.2,439.6,228.5,164.8,377.1,300.9,0.012,0.968,0.546,0.0889,-0.338,0.194,-0.617,0.0491
"lcl|NC_008783.1_cds_WP_005767260.1_764","BARBAKC583_RS04210","BARBAKC583_0859","purC","phosphoribosylaminoimidazolesuccinocarboxamide synthase","WP_005767260.1","880548..881312","+",765,FALSE,"",TRUE,TRUE,TRUE,FALSE,"",1883.2,2859.2,1486.7,2067.7,1935.2,973.4,0.064,0.82,0.679,0.0181,-0.418,0.0914,0.892,0.00109
"lcl|NC_008783.1_cds_WP_005767262.1_765","BARBAKC583_RS04215","BARBAKC583_0860","purS","phosphoribosylformylglycinamidine synthase subunit PurS","WP_005767262.1","881386..881625","+",240,FALSE,"",TRUE,TRUE,TRUE,FALSE,"",604.3,485.4,357.6,277.4,308.5,254,-0.232,0.286,-0.06,0.816,-0.133,0.587,0.134,0.648
"lcl|NC_008783.1_cds_WP_005767264.1_766","BARBAKC583_RS04220","BARBAKC583_0861","purQ","phosphoribosylformylglycinamidine synthase subunit PurQ","WP_005767264.1","881638..882306","+",669,FALSE,"",TRUE,TRUE,TRUE,FALSE,"",792.3,797.7,406.1,413.8,574.5,417.3,-0.477,0.0249,0.191,0.377,-0.597,0.00378,0.014,0.958
"lcl|NC_008783.1_cds_WP_005767266.1_767","BARBAKC583_RS04225","BARBAKC583_0863","purL","phosphoribosylformylglycinamidine synthase subunit PurL","WP_005767266.1","882527..884740","+",2214,FALSE,"",TRUE,TRUE,TRUE,FALSE,"",947.3,527.9,376.9,625.8,653.9,761,-0.847,4.57e-06,-0.575,0.00238,-0.184,0.39,-0.231,0.28
"lcl|NC_008783.1_cds_WP_005767268.1_768","BARBAKC583_RS04230","BARBAKC583_0864",NA,"BolA/IbaG family iron-sulfur metabolism protein","WP_005767268.1","884807..885040","+",234,FALSE,"",TRUE,TRUE,TRUE,FALSE,"HierroHemo",2040,1440.2,736.6,989.1,1636.3,1270,-0.978,6.54e-07,-0.248,0.23,-0.597,0.00294,-0.301,0.163
"lcl|NC_008783.1_cds_WP_005767270.1_769","BARBAKC583_RS04235","BARBAKC583_0865","grxD","Grx4 family monothiol glutaredoxin","WP_005767270.1","885139..885471","+",333,FALSE,"",TRUE,TRUE,TRUE,FALSE,"",3066,3894.1,2023.7,1799.7,1853.4,1675.6,-0.102,0.655,0.475,0.0614,-0.485,0.0379,0.106,0.748
"lcl|NC_008783.1_cds_WP_005767272.1_770","BARBAKC583_RS04245","BARBAKC583_0866",NA,"multidrug effflux MFS transporter","WP_005767272.1","885545..886798","+",1254,FALSE,"",TRUE,TRUE,TRUE,FALSE,"",341.9,245.9,186.4,102.1,207.5,188.9,-0.374,0.103,-0.215,0.37,-0.104,0.678,-0.747,0.00103
"lcl|NC_008783.1_cds_WP_005767273.1_771","BARBAKC583_RS04250","BARBAKC583_0867","parC","DNA topoisomerase IV subunit A","WP_005767273.1","complement(886907..889144)","-",2238,FALSE,"",TRUE,TRUE,TRUE,FALSE,"",152,96.8,105.1,79.1,71,86.5,-0.066,0.748,-0.383,0.0992,0.209,0.38,-0.086,0.778
"lcl|NC_008783.1_cds_WP_005767274.1_772","BARBAKC583_RS04255","BARBAKC583_0868","aspS","aspartate--tRNA ligase","WP_005767274.1","complement(889349..891139)","-",1791,FALSE,"",TRUE,TRUE,TRUE,FALSE,"Traduccion",306,218.9,211.4,437.3,280.6,474.4,-0.063,0.653,-0.245,0.176,0.123,0.558,-0.079,0.734
"lcl|NC_008783.1_cds_WP_035453088.1_773","BARBAKC583_RS04260","BARBAKC583_0869","rnd","ribonuclease D","WP_035453088.1","891275..892453","+",1179,FALSE,"",TRUE,TRUE,TRUE,FALSE,"",877,1032.3,690.9,728.2,804.9,478.2,0.063,0.776,0.382,0.119,-0.207,0.394,0.539,0.0289
"lcl|NC_008783.1_cds_WP_005767276.1_774","BARBAKC583_RS04265","BARBAKC583_0870",NA,"zinc-finger domain-containing protein","WP_005767276.1","892864..893112","+",249,FALSE,"",TRUE,TRUE,TRUE,FALSE,"",2860.6,6707,5182.7,2699.4,4548.8,2987.5,1.084,0.00211,1.174,0.000797,-0.055,0.85,-0.087,0.832
"lcl|NC_008783.1_cds_WP_005767277.1_775","BARBAKC583_RS04270","BARBAKC583_0871",NA,"FAD-binding protein","WP_005767277.1","893145..894413","+",1269,FALSE,"",TRUE,TRUE,TRUE,FALSE,"",365.8,669.7,408.6,153.9,382.9,173.7,0.427,0.222,0.826,0.0181,-0.191,0.477,-0.102,0.806
"lcl|NC_008783.1_cds_WP_005767278.1_776","BARBAKC583_RS04275","BARBAKC583_0872","dnaE","DNA polymerase III subunit alpha","WP_005767278.1","complement(894474..897959)","-",3486,FALSE,"",TRUE,TRUE,TRUE,FALSE,"",143.8,179.4,139.2,95.1,132.1,71.4,0.324,0.163,0.465,0.0539,-0.08,0.762,0.378,0.135
"lcl|NC_008783.1_cds_WP_005767279.1_777","BARBAKC583_RS04280","BARBAKC583_0873",NA,"DUF1561 family protein","WP_005767279.1","898839..900755","+",1917,FALSE,"",TRUE,TRUE,TRUE,FALSE,"",23.9,30.5,33.7,9.5,16.5,17.9,0.804,0.0169,0.432,0.184,0.158,0.557,-0.647,0.0403
"lcl|NC_008783.1_cds_WP_005767280.1_778","BARBAKC583_RS04285","BARBAKC583_0874",NA,"DEAD/DEAH box helicase","WP_005767280.1","complement(901154..902569)","-",1416,FALSE,"",TRUE,TRUE,TRUE,FALSE,"",894.1,556.7,242.5,750,543.1,937.2,-1.405,6.77e-21,-0.442,0.00574,-0.905,5.52e-09,-0.272,0.112
"lcl|NC_008783.1_cds_WP_011807371.1_779","BARBAKC583_RS04290","BARBAKC583_0875",NA,"hypothetical protein","WP_011807371.1","complement(902722..903240)","-",519,FALSE,"",TRUE,TRUE,TRUE,FALSE,"Hipotetica",417,264.3,282.3,346,289.7,551.2,-0.073,0.756,-0.339,0.189,0.165,0.513,-0.545,0.031
"lcl|NC_008783.1_cds_WP_005767292.1_780","BARBAKC583_RS04305","BARBAKC583_0878","secD","protein translocase subunit SecD","WP_005767292.1","904896..907400","+",2505,FALSE,"",TRUE,TRUE,TRUE,FALSE,"",274.4,106.1,125.1,160.2,144,346.1,-0.643,0.00724,-1.048,9.39e-06,0.28,0.217,-0.94,3.16e-05
"lcl|NC_008783.1_cds_WP_005767294.1_781","BARBAKC583_RS04310","BARBAKC583_0879",NA,"lysylphosphatidylglycerol synthase transmembrane domain-containing protein","WP_005767294.1","908112..909065","+",954,FALSE,"",TRUE,TRUE,TRUE,FALSE,"",671.3,572.4,714.9,464.5,527,688.3,0.5,0.00446,-0.011,0.958,0.428,0.0134,-0.495,0.00491
"lcl|NC_008783.1_cds_WP_011807373.1_782","BARBAKC583_RS04315","BARBAKC583_0880",NA,"TerC family protein","WP_011807373.1","complement(909304..910887)","-",1584,FALSE,"",TRUE,TRUE,TRUE,FALSE,"",92.1,92,96.6,52.4,61.6,46.8,0.478,0.0146,0.185,0.362,0.2,0.356,0.176,0.443
"lcl|NC_008783.1_cds_BARBAKC583_RS06960_783","BARBAKC583_RS06960",NA,NA,"late control protein",NA,"complement(911815..>912060)","-",246,TRUE,"",TRUE,TRUE,FALSE,FALSE,"",63.2,28.9,18.9,40,59.4,101.8,-0.847,0.0627,-0.535,0.195,-0.066,0.808,-0.675,0.066
"lcl|NC_008783.1_cds_BARBAKC583_RS07225_784","BARBAKC583_RS07225",NA,NA,"YqaJ viral recombinase family protein",NA,"<912086..>912342","+",257,TRUE,"",TRUE,TRUE,FALSE,FALSE,"",27.7,24.7,14.5,5.2,16.5,23,-0.166,0.742,0.055,0.903,-0.08,0.737,-0.725,0.0402
"lcl|NC_008783.1_cds_WP_005767302.1_785","BARBAKC583_RS07230",NA,NA,"DUF1561 family protein","WP_005767302.1","912486..912671","+",186,FALSE,"",TRUE,TRUE,TRUE,FALSE,"",15.6,9.5,6.9,4.7,12.2,11,-0.114,0.816,-0.056,0.888,-0.011,NA,-0.177,0.559
"lcl|NC_008783.1_cds_WP_005767305.1_786","BARBAKC583_RS04335","BARBAKC583_0888",NA,"DUF1561 family protein","WP_005767305.1","913970..915907","+",1938,FALSE,"",TRUE,TRUE,TRUE,FALSE,"",30.8,29.4,24.8,17.2,29,35.2,0.103,0.678,0.134,0.648,-0.01,0.975,-0.836,0.00106
"lcl|NC_008783.1_cds_WP_005767307.1_787","BARBAKC583_RS04340","BARBAKC583_0890",NA,"DUF1561 family protein","WP_005767307.1","916272..918221","+",1950,FALSE,"",TRUE,TRUE,TRUE,FALSE,"",504.9,283.5,129.5,379.4,276.8,376.8,-1.136,0.00661,-0.364,0.336,-0.312,0.254,0.025,0.952
"lcl|NC_008783.1_cds_WP_005767309.1_788","BARBAKC583_RS04345","BARBAKC583_0891",NA,"DUF2087 domain-containing protein","WP_005767309.1","complement(918392..919630)","-",1239,FALSE,"",TRUE,TRUE,TRUE,FALSE,"",332.3,298,188.6,278.3,233.8,280.9,-0.319,0.12,0.043,0.849,-0.294,0.156,0.013,0.959
"lcl|NC_008783.1_cds_WP_005767311.1_789","BARBAKC583_RS04350","BARBAKC583_0892",NA,"hypothetical protein","WP_005767311.1","complement(919649..920335)","-",687,FALSE,"",TRUE,TRUE,TRUE,FALSE,"Hipotetica",133.9,119.5,80.4,69,96.5,96.2,-0.234,0.271,0.036,0.89,-0.217,0.36,-0.39,0.104
"lcl|NC_008783.1_cds_WP_005767313.1_790","BARBAKC583_RS06970","BARBAKC583_0893",NA,"hypothetical protein","WP_005767313.1","920434..920595","+",162,FALSE,"",TRUE,TRUE,TRUE,FALSE,"Hipotetica",2030.8,920.5,740.3,440.7,402,1992.5,-0.694,0.0942,-0.58,0.134,-0.021,0.941,-1.347,0.000248
"lcl|NC_008783.1_cds_WP_005767315.1_791","BARBAKC583_RS04355","BARBAKC583_0894",NA,"hypothetical protein","WP_005767315.1","920779..921966","+",1188,FALSE,"",TRUE,TRUE,TRUE,FALSE,"Hipotetica",446.3,115.9,160.6,262.7,145.6,245.4,-0.902,0.00313,-1.541,6.77e-07,0.376,0.134,0.1,0.79
"lcl|NC_008783.1_cds_WP_005767317.1_792","BARBAKC583_RS04360","BARBAKC583_0895",NA,"MFS transporter","WP_005767317.1","921960..923168","+",1209,FALSE,"",TRUE,TRUE,TRUE,FALSE,"",153,55.5,45.6,55.2,51.3,98.3,-1.164,0.000152,-1.07,0.000521,-0.024,0.935,-0.616,0.0367
"lcl|NC_008783.1_cds_WP_005767319.1_793","BARBAKC583_RS04365","BARBAKC583_0896",NA,"LemA family protein","WP_005767319.1","923603..924247","+",645,FALSE,"",TRUE,TRUE,TRUE,FALSE,"",781.5,435.7,431.9,375.2,351.2,1114.5,-0.302,0.326,-0.476,0.131,0.085,0.762,-1.188,7.1e-05
"lcl|NC_008783.1_cds_WP_005767321.1_794","BARBAKC583_RS04370","BARBAKC583_0897",NA,"TPM domain-containing protein","WP_005767321.1","924247..925101","+",855,FALSE,"",TRUE,TRUE,TRUE,FALSE,"",232.2,84.8,87,129,89.7,154.2,-0.838,0.0111,-1.011,0.00197,0.099,0.72,-0.167,0.66
"lcl|NC_008783.1_cds_WP_005767322.1_795","BARBAKC583_RS04375","BARBAKC583_0898","lipB","lipoyl(octanoyl) transferase LipB","WP_005767322.1","925323..926048","+",726,FALSE,"",TRUE,TRUE,TRUE,FALSE,"",139.6,158.7,122.2,82.1,122.6,129.8,0.186,0.385,0.358,0.136,-0.095,0.712,-0.547,0.0211
"lcl|NC_008783.1_cds_WP_005767325.1_796","BARBAKC583_RS04380","BARBAKC583_0899","parE","DNA topoisomerase IV subunit B","WP_005767325.1","926128..928206","+",2079,FALSE,"",TRUE,TRUE,TRUE,FALSE,"",239.3,166.7,123.7,122.7,125.9,138.5,-0.484,0.0112,-0.266,0.173,-0.145,0.514,-0.131,0.572
"lcl|NC_008783.1_cds_WP_005767328.1_797","BARBAKC583_RS04385","BARBAKC583_0900","recJ","single-stranded-DNA-specific exonuclease RecJ","WP_005767328.1","complement(928224..930008)","-",1785,FALSE,"",TRUE,TRUE,TRUE,FALSE,"",184.4,171.2,154.5,160.4,142.4,135.8,0.128,0.432,0.08,0.701,0.058,0.818,0.247,0.245
"lcl|NC_008783.1_cds_WP_005767330.1_798","BARBAKC583_RS04390","BARBAKC583_0901","rplM","50S ribosomal protein L13","WP_005767330.1","930296..930760","+",465,FALSE,"",TRUE,TRUE,TRUE,FALSE,"Ribosoma",6609.6,5287.1,4791.6,9172.9,6113.1,2856.9,-0.013,0.962,-0.08,0.791,0.043,0.887,1.454,4.1e-08
"lcl|NC_008783.1_cds_WP_005767333.1_799","BARBAKC583_RS04395","BARBAKC583_0902","rpsI","30S ribosomal protein S9","WP_005767333.1","930763..931248","+",486,FALSE,"",TRUE,TRUE,TRUE,FALSE,"Ribosoma",4527.2,2381.2,2068.9,4100.3,2973.7,2182.7,-0.539,0.101,-0.535,0.095,0.008,0.98,0.692,0.0272
"lcl|NC_008783.1_cds_WP_005767335.1_800","BARBAKC583_RS04400","BARBAKC583_0903",NA,"response regulator","WP_005767335.1","complement(931408..931773)","-",366,FALSE,"",TRUE,TRUE,TRUE,FALSE,"",800.3,1365.4,944.3,704,1516.7,1009.8,0.593,0.0302,0.851,0.00159,-0.16,0.531,-0.407,0.145
"lcl|NC_008783.1_cds_WP_005767337.1_801","BARBAKC583_RS04405","BARBAKC583_0904",NA,"N-acetylmuramoyl-L-alanine amidase","WP_005767337.1","complement(932336..933100)","-",765,FALSE,"",TRUE,TRUE,TRUE,FALSE,"",362.9,520.9,417,275.7,399.7,321.1,0.562,0.0428,0.627,0.0222,-0.047,0.867,-0.155,0.638
"lcl|NC_008783.1_cds_WP_005767354.1_802","BARBAKC583_RS04410","BARBAKC583_0906",NA,"hypothetical protein","WP_005767354.1","complement(933899..934180)","-",282,FALSE,"",TRUE,TRUE,TRUE,FALSE,"Hipotetica",253.2,284.7,524.5,201.1,384.6,189.1,1.361,2.34e-06,0.275,0.351,0.847,0.00252,0.095,0.796
"lcl|NC_008783.1_cds_BARBAKC583_RS07105_803","BARBAKC583_RS07105",NA,NA,"lambda exonuclease family protein",NA,"934853..>934972","+",120,TRUE,"",TRUE,TRUE,FALSE,FALSE,"",28.9,21.3,45.5,31.8,47.1,17.4,0.253,0.548,0.062,0.866,0.044,NA,0.111,0.718
"lcl|NC_008783.1_cds_WP_414945892.1_804","BARBAKC583_RS07235","BARBAKC583_0909",NA,"hypothetical protein","WP_414945892.1","complement(935013..935222)","-",210,FALSE,"",TRUE,TRUE,TRUE,FALSE,"Hipotetica",25.2,23.5,17.7,8.4,8.8,16.3,-0.069,0.899,-0.001,1,-0.021,NA,-0.235,0.516
"lcl|NC_008783.1_cds_WP_414945891.1_805","BARBAKC583_RS07240","BARBAKC583_0910",NA,"site-specific integrase","WP_414945891.1","935131..935325","+",195,FALSE,"",TRUE,TRUE,TRUE,FALSE,"",10.9,8.4,3.5,1.8,6.4,4.5,-0.179,0.672,-0.001,1,-0.045,NA,-0.127,0.635
"lcl|NC_008783.1_cds_WP_005767360.1_806","BARBAKC583_RS04425","BARBAKC583_0912",NA,"Vomp family autotransporter","WP_005767360.1","complement(936236..940015)","-",3780,FALSE,"",TRUE,TRUE,TRUE,FALSE,"",107,62,42.2,74.8,59.7,82,-0.828,0.00122,-0.49,0.0555,-0.183,0.461,-0.083,0.801
"lcl|NC_008783.1_cds_WP_005767366.1_807","BARBAKC583_RS04430","BARBAKC583_0916","cycA","D-serine/D-alanine/glycine transporter","WP_005767366.1","941025..942425","+",1401,FALSE,"",TRUE,TRUE,TRUE,FALSE,"",1264,1011.6,1098.8,1033.9,859.5,587.6,0.183,0.26,-0.086,0.662,0.253,0.185,0.781,9.88e-06
"lcl|NC_008783.1_cds_WP_005767368.1_808","BARBAKC583_RS04435","BARBAKC583_0917","ilvC","ketol-acid reductoisomerase","WP_005767368.1","complement(942499..943518)","-",1020,FALSE,"",TRUE,TRUE,TRUE,FALSE,"",420,625.9,559.1,309.6,388.4,316.8,0.792,0.000885,0.708,0.00288,0.034,0.909,-0.002,0.994
"lcl|NC_008783.1_cds_WP_005767371.1_809","BARBAKC583_RS04440","BARBAKC583_0918",NA,"pyridoxine 5'-phosphate synthase","WP_005767371.1","complement(944210..944944)","-",735,FALSE,"",TRUE,TRUE,TRUE,FALSE,"",224.6,257.3,166.2,207.8,214.1,166,0.006,0.968,0.366,0.0555,-0.286,0.129,0.324,0.0992
"lcl|NC_008783.1_cds_WP_005767374.1_810","BARBAKC583_RS04445","BARBAKC583_0919",NA,"ATP-dependent DNA helicase","WP_005767374.1","complement(945025..946146)","-",1122,FALSE,"",TRUE,TRUE,TRUE,FALSE,"",87.9,59.7,52.2,48.2,43.5,47.8,-0.239,0.347,-0.3,0.276,0.026,0.935,0.035,0.913
"lcl|NC_008783.1_cds_BARBAKC583_RS04450_811","BARBAKC583_RS04450",NA,"miaA","tRNA (adenosine(37)-N6)-dimethylallyltransferase MiaA",NA,"complement(946452..947323)","-",872,TRUE,"",TRUE,TRUE,FALSE,FALSE,"Traduccion",142.8,116.4,105.7,66.3,69.9,51.1,-0.004,0.98,-0.073,0.787,0.049,0.858,0.347,0.186
"lcl|NC_008783.1_cds_WP_005767377.1_812","BARBAKC583_RS04455","BARBAKC583_0921",NA,"hypothetical protein","WP_005767377.1","947452..947712","+",261,FALSE,"",TRUE,TRUE,TRUE,FALSE,"Hipotetica",41.2,23.3,22.6,2.3,9.3,9.1,-0.117,0.822,-0.138,0.753,0.013,0.95,-0.395,0.203
"lcl|NC_008783.1_cds_WP_005767379.1_813","BARBAKC583_RS04460","BARBAKC583_0922",NA,"Do family serine endopeptidase","WP_005767379.1","complement(947859..949349)","-",1491,FALSE,"",TRUE,TRUE,TRUE,FALSE,"",226.9,207.9,164.8,154,131.8,99.9,-0.016,0.921,0.069,0.735,-0.079,0.737,0.601,0.00108
"lcl|NC_008783.1_cds_WP_005767382.1_814","BARBAKC583_RS04465","BARBAKC583_0923","hflC","protease modulator HflC","WP_005767382.1","complement(949572..950444)","-",873,FALSE,"",TRUE,TRUE,TRUE,FALSE,"",1239.6,980.2,699.9,1056.9,940.8,916.4,-0.356,0.0353,-0.102,0.571,-0.193,0.328,0.222,0.243
"lcl|NC_008783.1_cds_WP_005767384.1_815","BARBAKC583_RS04470","BARBAKC583_0924","hflK","FtsH protease activity modulator HflK","WP_005767384.1","complement(950447..951589)","-",1143,FALSE,"",TRUE,TRUE,TRUE,FALSE,"",918.2,783.8,472,782.7,656.8,783,-0.502,0.00239,-0.012,0.949,-0.41,0.0132,0.028,0.896
"lcl|NC_008783.1_cds_WP_005767386.1_816","BARBAKC583_RS04475","BARBAKC583_0925",NA,"dihydrofolate reductase","WP_005767386.1","complement(951709..952218)","-",510,FALSE,"",TRUE,TRUE,TRUE,FALSE,"",194.3,289.8,235.5,153,217.8,92.4,0.569,0.0972,0.595,0.0753,-0.025,0.935,0.533,0.108
"lcl|NC_008783.1_cds_WP_005767388.1_817","BARBAKC583_RS04480","BARBAKC583_0926",NA,"thymidylate synthase","WP_005767388.1","complement(952215..953009)","-",795,FALSE,"",TRUE,TRUE,TRUE,FALSE,"",418.1,880,887,550.4,673,272.3,1.321,8.19e-05,1.058,0.00144,0.096,0.733,0.766,0.0138
"lcl|NC_008783.1_cds_WP_005767390.1_818","BARBAKC583_RS04485","BARBAKC583_0927",NA,"MFS family transporter","WP_005767390.1","953222..954529","+",1308,FALSE,"",TRUE,TRUE,TRUE,FALSE,"",2899.1,2712.7,2847.8,2747.5,2741.9,3928.4,0.349,0.108,0.097,0.69,0.18,0.441,-0.425,0.0654
"lcl|NC_008783.1_cds_WP_005767392.1_819","BARBAKC583_RS04490","BARBAKC583_0928",NA,"DUF2853 family protein","WP_005767392.1","complement(954621..954926)","-",306,FALSE,"",TRUE,TRUE,TRUE,FALSE,"",720.9,369,266.1,123.5,190.3,141.6,-0.762,0.0472,-0.508,0.16,-0.082,0.777,-0.102,0.812
"lcl|NC_008783.1_cds_WP_005767394.1_820","BARBAKC583_RS04495","BARBAKC583_0930",NA,"SspB family protein","WP_005767394.1","955540..956073","+",534,FALSE,"",TRUE,TRUE,TRUE,FALSE,"",518.5,479.5,513.7,509.1,508.2,627.9,0.354,0.139,0.092,0.735,0.179,0.463,-0.231,0.403
"lcl|NC_008783.1_cds_WP_005767396.1_821","BARBAKC583_RS04500","BARBAKC583_0931",NA,"DUF4169 family protein","WP_005767396.1","956084..956266","+",183,FALSE,"",TRUE,TRUE,TRUE,FALSE,"",110.7,123.7,92,121.5,115.2,154,0.096,0.82,0.191,0.641,-0.047,0.869,-0.197,0.63
"lcl|NC_008783.1_cds_WP_005767398.1_822","BARBAKC583_RS04505","BARBAKC583_0932",NA,"ATP-dependent helicase","WP_005767398.1","956624..959074","+",2451,FALSE,"",TRUE,TRUE,TRUE,FALSE,"",332.1,300.9,163.8,221.8,231.8,126.4,-0.51,0.0316,0.061,0.812,-0.449,0.0419,0.726,0.00145
"lcl|NC_008783.1_cds_WP_005767400.1_823","BARBAKC583_RS04510","BARBAKC583_0933",NA,"DapH/DapD/GlmU-related protein","WP_005767400.1","complement(959137..959766)","-",630,FALSE,"",TRUE,TRUE,TRUE,FALSE,"",209.3,435.3,301.1,208.7,340.8,98.1,0.749,0.0454,0.964,0.00834,-0.105,0.704,0.738,0.0289
"lcl|NC_008783.1_cds_WP_005767402.1_824","BARBAKC583_RS04515","BARBAKC583_0934",NA,"SCO family protein","WP_005767402.1","959998..960576","+",579,FALSE,"",TRUE,TRUE,TRUE,FALSE,"",2539.1,5671.9,4420,2429.7,4114.9,1808.6,0.96,0.015,1.012,0.00808,-0.04,0.897,0.282,0.462
"lcl|NC_008783.1_cds_WP_005767404.1_825","BARBAKC583_RS04520","BARBAKC583_0935",NA,"50S ribosomal protein L11 methyltransferase","WP_005767404.1","960603..961478","+",876,FALSE,"",TRUE,TRUE,TRUE,FALSE,"Ribosoma",439.4,660.9,393.5,264.7,368,208.4,0.164,0.698,0.482,0.215,-0.145,0.583,0.202,0.632
"lcl|NC_008783.1_cds_WP_005767406.1_826","BARBAKC583_RS04525","BARBAKC583_0936",NA,"aminopeptidase P family protein","WP_005767406.1","961496..963319","+",1824,FALSE,"",TRUE,TRUE,TRUE,FALSE,"",304,390.1,164.4,142.8,222.1,156.9,-0.282,0.429,0.392,0.263,-0.474,0.0886,-0.071,0.868
"lcl|NC_008783.1_cds_WP_005767408.1_827","BARBAKC583_RS04530","BARBAKC583_0937","ligA","NAD-dependent DNA ligase LigA","WP_005767408.1","complement(963536..965689)","-",2154,FALSE,"",TRUE,TRUE,TRUE,FALSE,"",59.4,49.1,37.8,55.4,44.9,51,-0.168,0.286,-0.064,0.746,-0.101,0.646,0.139,0.51
"lcl|NC_008783.1_cds_WP_005767411.1_828","BARBAKC583_RS04535","BARBAKC583_0938","recN","DNA repair protein RecN","WP_005767411.1","complement(965805..967472)","-",1668,FALSE,"",TRUE,TRUE,TRUE,FALSE,"",98.2,84.5,56.5,76.7,79.7,61.2,-0.301,0.113,-0.006,0.982,-0.238,0.254,0.322,0.123
"lcl|NC_008783.1_cds_WP_035453042.1_829","BARBAKC583_RS04545","BARBAKC583_0939",NA,"outer membrane protein assembly factor BamD","WP_035453042.1","complement(967479..968372)","-",894,FALSE,"",TRUE,TRUE,TRUE,FALSE,"",636.6,470.1,419.8,1039.1,607.6,998.3,-0.114,0.467,-0.198,0.299,0.043,0.861,0.082,0.742
"lcl|NC_008783.1_cds_WP_005767415.1_830","BARBAKC583_RS04550","BARBAKC583_0940","lpxC","UDP-3-O-acyl-N-acetylglucosamine deacetylase","WP_005767415.1","complement(968542..969408)","-",867,FALSE,"",TRUE,TRUE,TRUE,FALSE,"",318.6,216.9,160.3,261.8,249.1,228.8,-0.53,0.00402,-0.317,0.0946,-0.142,0.518,0.204,0.327
"lcl|NC_008783.1_cds_WP_005767417.1_831","BARBAKC583_RS04555","BARBAKC583_0941","ftsZ","cell division protein FtsZ","WP_005767417.1","complement(969629..971407)","-",1779,FALSE,"",TRUE,TRUE,TRUE,FALSE,"",416.2,132,237.6,467.9,261.7,838.9,-0.282,0.306,-1.257,2.33e-05,0.728,0.00835,-0.637,0.026
"lcl|NC_008783.1_cds_WP_005767421.1_832","BARBAKC583_RS04560","BARBAKC583_0942","ftsA","cell division protein FtsA","WP_005767421.1","complement(971477..972775)","-",1299,FALSE,"",TRUE,TRUE,TRUE,FALSE,"",121.8,66,82.6,83.3,68.2,117,-0.079,0.729,-0.567,0.0252,0.328,0.154,-0.387,0.135
"lcl|NC_008783.1_cds_WP_011807385.1_833","BARBAKC583_RS04565","BARBAKC583_0943",NA,"cell division protein FtsQ/DivIB","WP_011807385.1","complement(972775..973701)","-",927,FALSE,"",TRUE,TRUE,TRUE,FALSE,"",260.6,152.3,182.7,210.9,122,122.4,-0.05,0.794,-0.507,0.0237,0.329,0.119,0.723,0.000706
"lcl|NC_008783.1_cds_WP_005767425.1_834","BARBAKC583_RS04570","BARBAKC583_0944",NA,"D-alanine--D-alanine ligase","WP_005767425.1","complement(973668..974588)","-",921,FALSE,"",TRUE,TRUE,TRUE,FALSE,"",287.5,220.2,224.7,323.1,287.4,260.9,0.051,0.779,-0.139,0.542,0.163,0.481,0.303,0.184
"lcl|NC_008783.1_cds_WP_005767427.1_835","BARBAKC583_RS04575","BARBAKC583_0945","murB","UDP-N-acetylmuramate dehydrogenase","WP_005767427.1","complement(974816..975793)","-",978,FALSE,"",TRUE,TRUE,TRUE,FALSE,"",54.8,42.2,48.2,43.4,44.7,52.8,0.184,0.441,-0.123,0.67,0.237,0.341,-0.209,0.47
"lcl|NC_008783.1_cds_WP_005767428.1_836","BARBAKC583_RS04580","BARBAKC583_0946","murC","UDP-N-acetylmuramate--L-alanine ligase","WP_005767428.1","complement(975771..977198)","-",1428,FALSE,"",TRUE,TRUE,TRUE,FALSE,"",113.9,88,81.7,94.7,76.5,138,-0.031,0.858,-0.142,0.527,0.077,0.757,-0.46,0.0283
"lcl|NC_008783.1_cds_WP_005767430.1_837","BARBAKC583_RS04585","BARBAKC583_0947",NA,"UDP-N-acetylglucosamine--N-acetylmuramyl-(pentapeptide) pyrophosphoryl-undecaprenol N-acetylglucosamine transferase","WP_005767430.1","complement(977182..978318)","-",1137,FALSE,"",TRUE,TRUE,TRUE,FALSE,"",150.9,124.8,143.6,140.2,106.1,117.4,0.33,0.0596,-0.058,0.767,0.331,0.0682,0.265,0.168
"lcl|NC_008783.1_cds_WP_172952867.1_838","BARBAKC583_RS04590","BARBAKC583_0948",NA,"FtsW/RodA/SpoVE family cell cycle protein","WP_172952867.1","complement(978308..979465)","-",1158,FALSE,"",TRUE,TRUE,TRUE,FALSE,"",141.9,121.7,158.2,150.7,147.9,167.2,0.536,0.03,0,1,0.39,0.0842,-0.098,0.757
"lcl|NC_008783.1_cds_WP_005767434.1_839","BARBAKC583_RS04595","BARBAKC583_0949","murD","UDP-N-acetylmuramoyl-L-alanine--D-glutamate ligase","WP_005767434.1","complement(979588..980994)","-",1407,FALSE,"",TRUE,TRUE,TRUE,FALSE,"",169.4,282.8,223.4,157.4,198.2,80.4,0.773,0.00227,0.85,0.000696,-0.062,0.822,0.848,0.000475
"lcl|NC_008783.1_cds_WP_005767435.1_840","BARBAKC583_RS04600","BARBAKC583_0950","mraY","phospho-N-acetylmuramoyl-pentapeptide-transferase","WP_005767435.1","complement(980999..982069)","-",1071,FALSE,"",TRUE,TRUE,TRUE,FALSE,"",205.6,173.7,146.1,229.3,221.1,186.3,-0.039,0.845,-0.035,0.89,-0.011,0.968,0.29,0.24
"lcl|NC_008783.1_cds_WP_005767436.1_841","BARBAKC583_RS04605","BARBAKC583_0951",NA,"UDP-N-acetylmuramoyl-tripeptide--D-alanyl-D-alanine ligase","WP_005767436.1","complement(982091..983509)","-",1419,FALSE,"",TRUE,TRUE,TRUE,FALSE,"",116.4,129.4,131,104.4,122.2,89,0.552,0.0206,0.303,0.208,0.145,0.555,0.228,0.397
"lcl|NC_008783.1_cds_WP_005767438.1_842","BARBAKC583_RS04610","BARBAKC583_0952",NA,"UDP-N-acetylmuramoyl-L-alanyl-D-glutamate--2,6-diaminopimelate ligase","WP_005767438.1","complement(983506..984957)","-",1452,FALSE,"",TRUE,TRUE,TRUE,FALSE,"",67.9,47.5,41.5,50.7,52.9,61.4,-0.202,0.332,-0.249,0.292,0.016,0.95,-0.213,0.412
"lcl|NC_008783.1_cds_WP_005767440.1_843","BARBAKC583_RS04615","BARBAKC583_0953",NA,"peptidoglycan D,D-transpeptidase FtsI family protein","WP_005767440.1","complement(984991..986709)","-",1719,FALSE,"",TRUE,TRUE,TRUE,FALSE,"",92.9,55.1,57.4,46.8,47.2,51.8,-0.183,0.427,-0.449,0.0788,0.151,0.55,-0.101,0.758
"lcl|NC_008783.1_cds_WP_005767442.1_844","BARBAKC583_RS04620","BARBAKC583_0954","ftsL","cell division protein FtsL","WP_005767442.1","complement(986709..987113)","-",405,FALSE,"",TRUE,TRUE,TRUE,FALSE,"",202.9,143.2,102.1,75.4,94.4,106.3,-0.402,0.193,-0.192,0.563,-0.112,0.678,-0.351,0.282
"lcl|NC_008783.1_cds_WP_005767445.1_845","BARBAKC583_RS04625","BARBAKC583_0955","rsmH","16S rRNA (cytosine(1402)-N(4))-methyltransferase RsmH","WP_005767445.1","complement(987113..988108)","-",996,FALSE,"",TRUE,TRUE,TRUE,FALSE,"",106.6,108.4,118.2,57.8,65.3,68.3,0.538,0.0144,0.179,0.438,0.235,0.294,-0.186,0.462
"lcl|NC_008783.1_cds_WP_005767447.1_846","BARBAKC583_RS04630","BARBAKC583_0957",NA,"hypothetical protein","WP_005767447.1","complement(989206..989565)","-",360,FALSE,"",TRUE,TRUE,TRUE,FALSE,"Hipotetica",205.4,331.3,258.8,93.6,251.2,181.6,0.706,0.008,0.787,0.0029,-0.065,0.818,-0.772,0.00234
"lcl|NC_008783.1_cds_WP_005767450.1_847","BARBAKC583_RS04635","BARBAKC583_0959","ettA","energy-dependent translational throttle protein EttA","WP_005767450.1","complement(990532..992181)","-",1650,FALSE,"",TRUE,TRUE,TRUE,FALSE,"Traduccion",246.9,99.3,99.2,157.5,104,223.8,-0.773,0.0101,-0.922,0.00185,0.094,0.733,-0.367,0.236
"lcl|NC_008783.1_cds_WP_005767452.1_848","BARBAKC583_RS04640","BARBAKC583_0960","pncA","bifunctional nicotinamidase/pyrazinamidase","WP_005767452.1","992741..993349","+",609,FALSE,"",TRUE,TRUE,TRUE,FALSE,"",234,228.1,143.5,138.6,142.5,219.3,-0.191,0.389,0.135,0.608,-0.266,0.256,-0.542,0.026
"lcl|NC_008783.1_cds_WP_005767454.1_849","BARBAKC583_RS04645","BARBAKC583_0961",NA,"DUF475 domain-containing protein","WP_005767454.1","complement(993395..994447)","-",1053,FALSE,"",TRUE,TRUE,TRUE,FALSE,"",183.4,120.7,144.3,229.2,160.9,157.1,0.051,0.82,-0.338,0.17,0.302,0.184,0.496,0.0415
"lcl|NC_008783.1_cds_WP_005767457.1_850","BARBAKC583_RS04650","BARBAKC583_0962",NA,"helix-turn-helix domain-containing protein","WP_005767457.1","994765..995304","+",540,FALSE,"",TRUE,TRUE,TRUE,FALSE,"",2662,1399.6,578.3,1583,1566.7,2270.5,-1.624,1.96e-09,-0.599,0.0273,-0.787,0.00294,-0.402,0.153
"lcl|NC_008783.1_cds_WP_005767459.1_851","BARBAKC583_RS04655","BARBAKC583_0963",NA,"YegP family protein","WP_005767459.1","995669..995848","+",180,FALSE,"",TRUE,TRUE,TRUE,FALSE,"",34.7,40.2,14.1,17,22.4,21.6,-0.288,0.544,0.077,0.86,-0.118,0.557,-0.074,0.852
"lcl|NC_008783.1_cds_WP_005767461.1_852","BARBAKC583_RS04665","BARBAKC583_0965",NA,"SIMPL domain-containing protein","WP_005767461.1","996262..997002","+",741,FALSE,"",TRUE,TRUE,TRUE,FALSE,"",2795.3,5966.6,2575.5,2118.2,3371.8,2855.5,0.23,0.396,1.142,7.71e-05,-0.677,0.0119,-0.322,0.294
"lcl|NC_008783.1_cds_WP_005767462.1_853","BARBAKC583_RS04670","BARBAKC583_0966","rpoD","RNA polymerase sigma factor RpoD","WP_005767462.1","complement(997353..999353)","-",2001,FALSE,"",TRUE,TRUE,TRUE,FALSE,"",739.5,669.4,494,728.6,712,789.2,-0.094,0.511,0.059,0.759,-0.157,0.45,-0.081,0.732
"lcl|NC_008783.1_cds_WP_035453153.1_854","BARBAKC583_RS04675","BARBAKC583_0967","dnaG","DNA primase","WP_035453153.1","complement(999691..1001628)","-",1938,FALSE,"",TRUE,TRUE,TRUE,FALSE,"",549,664,424.1,452,442.8,308.1,0.041,0.754,0.462,0.00569,-0.33,0.0518,0.543,0.00103
"lcl|NC_008783.1_cds_WP_005767464.1_855","BARBAKC583_RS04680","BARBAKC583_0968",NA,"mechanosensitive ion channel family protein","WP_005767464.1","1001761..1002972","+",1212,FALSE,"",TRUE,TRUE,TRUE,FALSE,"",231.9,179,183.7,156.5,159.5,220.2,0.064,0.812,-0.12,0.69,0.132,0.602,-0.371,0.197
"lcl|NC_008783.1_cds_WP_005767465.1_856","BARBAKC583_RS04685","BARBAKC583_0969",NA,"Na/Pi cotransporter family protein","WP_005767465.1","1003044..1004732","+",1689,FALSE,"",TRUE,TRUE,TRUE,FALSE,"",131.7,105.4,78.4,43.8,57.6,86.8,-0.252,0.214,-0.092,0.701,-0.127,0.59,-0.849,4.11e-05
"lcl|NC_008783.1_cds_WP_005767466.1_857","BARBAKC583_RS04690","BARBAKC583_0970",NA,"GlsB/YeaQ/YmgE family stress response membrane protein","WP_005767466.1","1004873..1005124","+",252,FALSE,"",TRUE,TRUE,TRUE,FALSE,"",93.3,256.3,189.7,179.9,373.3,236.1,1.317,0.000152,1.494,3.1e-05,-0.089,0.751,-0.265,0.446
"lcl|NC_008783.1_cds_WP_035453032.1_858","BARBAKC583_RS04695","BARBAKC583_0971","ubiC","chorismate lyase","WP_035453032.1","1005474..1005992","+",519,FALSE,"",TRUE,TRUE,TRUE,FALSE,"",90.3,158.1,116.4,145.1,131.2,104.6,0.74,0.00879,0.886,0.00159,-0.099,0.715,0.41,0.145
"lcl|NC_008783.1_cds_WP_005767468.1_859","BARBAKC583_RS04700","BARBAKC583_0972","carA","glutamine-hydrolyzing carbamoyl-phosphate synthase small subunit","WP_005767468.1","1006764..1007963","+",1200,FALSE,"",TRUE,TRUE,TRUE,FALSE,"",1662.7,2370.2,1602.7,950.9,1207,1230.1,0.309,0.218,0.625,0.016,-0.182,0.464,-0.283,0.323
"lcl|NC_008783.1_cds_WP_005767469.1_860","BARBAKC583_RS04705","BARBAKC583_0973",NA,"tetracycline resistance MFS efflux pump","WP_005767469.1","complement(1008129..1009349)","-",1221,FALSE,"",TRUE,TRUE,TRUE,FALSE,"",317.6,287.5,301.5,515.4,439.3,275.8,0.304,0.143,0.062,0.793,0.183,0.427,0.834,5.59e-05
"lcl|NC_008783.1_cds_WP_005767473.1_861","BARBAKC583_RS04715","BARBAKC583_0975","carB","carbamoyl-phosphate synthase large subunit","WP_005767473.1","1010350..1013835","+",3486,FALSE,"",TRUE,TRUE,TRUE,FALSE,"",516.7,534.1,427.2,587.6,629.4,736.2,0.116,0.471,0.23,0.237,-0.064,0.799,-0.269,0.197
"lcl|NC_008783.1_cds_WP_005767476.1_862","BARBAKC583_RS04720","BARBAKC583_0977",NA,"cold-shock protein","WP_005767476.1","1014087..1014296","+",210,FALSE,"",TRUE,TRUE,TRUE,FALSE,"",41427.2,30305,9368.4,17345.4,21551.2,14422.4,-1.409,0.000116,-0.149,0.689,-0.923,0.00473,0.206,0.594
"lcl|NC_008783.1_cds_WP_005767479.1_863","BARBAKC583_RS04725","BARBAKC583_0979",NA,"pyridoxal phosphate-dependent aminotransferase","WP_005767479.1","1014729..1015931","+",1203,FALSE,"",TRUE,TRUE,TRUE,FALSE,"",989.6,1103.8,972.7,885.3,1363.8,1985.6,0.346,0.141,0.313,0.2,0.024,0.935,-0.985,1.87e-05
"lcl|NC_008783.1_cds_WP_005767481.1_864","BARBAKC583_RS04730","BARBAKC583_0980",NA,"LysR family transcriptional regulator","WP_005767481.1","complement(1016669..1017574)","-",906,FALSE,"",TRUE,TRUE,TRUE,FALSE,"",699.7,721.5,681,473.7,553.2,488.2,0.342,0.11,0.222,0.319,0.083,0.74,-0.013,0.96
"lcl|NC_008783.1_cds_WP_005767483.1_865","BARBAKC583_RS04735","BARBAKC583_0981","trxB","thioredoxin-disulfide reductase","WP_005767483.1","complement(1017626..1018579)","-",954,FALSE,"",TRUE,TRUE,TRUE,FALSE,"",1193.5,2888.8,2048.3,1261.5,1774.5,558.4,0.977,0.0092,1.169,0.00167,-0.093,0.739,0.811,0.0156
"lcl|NC_008783.1_cds_WP_005767485.1_866","BARBAKC583_RS04740","BARBAKC583_0982",NA,"TrkH family potassium uptake protein","WP_005767485.1","1018884..1020272","+",1389,FALSE,"",TRUE,TRUE,TRUE,FALSE,"",183,161,113.8,98.4,145.6,116.3,-0.181,0.294,0.035,0.873,-0.196,0.37,-0.189,0.403
"lcl|NC_008783.1_cds_WP_005767487.1_867","BARBAKC583_RS04745","BARBAKC583_0983",NA,"glycosyltransferase family 4 protein","WP_005767487.1","complement(1020472..1021530)","-",1059,FALSE,"",TRUE,TRUE,TRUE,FALSE,"",206.4,157.1,251.4,168,176.3,180.8,0.675,0.00066,-0.147,0.494,0.768,0.000112,-0.069,0.797
"lcl|NC_008783.1_cds_WP_005767489.1_868","BARBAKC583_RS04755","BARBAKC583_0984","greA","transcription elongation factor GreA","WP_005767489.1","complement(1021537..1022010)","-",474,FALSE,"",TRUE,TRUE,TRUE,FALSE,"Traduccion",1926.3,1710.1,3837,1850.1,1375.9,1369.7,1.259,7.13e-05,0.03,0.933,1.037,0.000691,0.348,0.289
"lcl|NC_008783.1_cds_WP_080512680.1_869","BARBAKC583_RS04760","BARBAKC583_0985",NA,"SH3 domain-containing protein","WP_080512680.1","1022355..1022594","+",240,FALSE,"",TRUE,TRUE,TRUE,FALSE,"",57.8,41.1,32.3,11.2,26.5,15.1,-0.202,0.655,-0.097,0.825,-0.039,0.893,-0.167,0.706
"lcl|NC_008783.1_cds_WP_005767491.1_870","BARBAKC583_RS04765","BARBAKC583_0986","uvrB","excinuclease ABC subunit UvrB","WP_005767491.1","1022885..1025227","+",2343,FALSE,"",TRUE,TRUE,TRUE,FALSE,"",194.3,320.5,164.5,138.2,204.4,96.6,0.133,0.7,0.702,0.0415,-0.317,0.239,0.372,0.292
"lcl|NC_008783.1_cds_WP_005767493.1_871","BARBAKC583_RS04775","BARBAKC583_0987",NA,"BA14K family protein","WP_005767493.1","1025694..1026212","+",519,FALSE,"",TRUE,TRUE,TRUE,FALSE,"",10948,37856.7,52433.1,6883.5,24985,13030.3,2.325,1.53e-08,1.621,6.23e-05,0.257,0.35,-0.564,0.11
"lcl|NC_008783.1_cds_WP_005767496.1_872","BARBAKC583_RS04780","BARBAKC583_0988",NA,"MBL fold metallo-hydrolase","WP_005767496.1","complement(1026261..1026905)","-",645,FALSE,"",TRUE,TRUE,TRUE,FALSE,"",534.8,518.3,390.1,709.9,473.1,468,-0.012,0.935,0.132,0.483,-0.128,0.551,0.584,0.000751
"lcl|NC_008783.1_cds_WP_005767499.1_873","BARBAKC583_RS04785","BARBAKC583_0989",NA,"response regulator","WP_005767499.1","1027055..1027759","+",705,FALSE,"",TRUE,TRUE,TRUE,FALSE,"",309.7,652.3,485.4,230.5,377.2,404,0.956,0.00216,1.101,0.000361,-0.088,0.754,-0.602,0.0436
"lcl|NC_008783.1_cds_WP_005767501.1_874","BARBAKC583_RS04790","BARBAKC583_0990",NA,"ATP-binding protein","WP_005767501.1","1027767..1029107","+",1341,FALSE,"",TRUE,TRUE,TRUE,FALSE,"",153.2,264.3,140.6,113.6,186.8,85.9,0.232,0.411,0.846,0.0042,-0.376,0.132,0.337,0.284
"lcl|NC_008783.1_cds_WP_005767503.1_875","BARBAKC583_RS04795","BARBAKC583_0991",NA,"type III secretion system chaperone family protein","WP_005767503.1","complement(1029160..1029660)","-",501,FALSE,"",TRUE,TRUE,TRUE,FALSE,"Chaperona",1541.7,1136.2,624.1,2016.8,1248.8,1402.5,-0.766,0.00938,-0.173,0.571,-0.356,0.151,0.437,0.139
"lcl|NC_008783.1_cds_WP_005767509.1_876","BARBAKC583_RS04800","BARBAKC583_0993",NA,"accessory factor UbiK family protein","WP_005767509.1","complement(1030041..1030307)","-",267,FALSE,"",TRUE,TRUE,TRUE,FALSE,"",3534.8,9266.3,4559.2,2891.4,6668.3,3403.6,0.55,0.169,1.165,0.00421,-0.26,0.343,-0.125,0.779
"lcl|NC_008783.1_cds_WP_005767511.1_877","BARBAKC583_RS04805","BARBAKC583_0994","lgt","prolipoprotein diacylglyceryl transferase","WP_005767511.1","1030572..1031429","+",858,FALSE,"",TRUE,TRUE,TRUE,FALSE,"",309.9,356,253.8,275,374.1,362.8,0.102,0.543,0.37,0.0702,-0.174,0.435,-0.329,0.121
"lcl|NC_008783.1_cds_WP_005767513.1_878","BARBAKC583_RS04810","BARBAKC583_0995",NA,"class I SAM-dependent methyltransferase","WP_005767513.1","1031429..1032529","+",1101,FALSE,"",TRUE,TRUE,TRUE,FALSE,"",113.1,107.9,56.8,50.5,65.3,64,-0.444,0.108,0.131,0.665,-0.435,0.0777,-0.252,0.414
"lcl|NC_008783.1_cds_WP_005767516.1_879","BARBAKC583_RS04815","BARBAKC583_0996","pgeF","peptidoglycan editing factor PgeF","WP_005767516.1","1032588..1033379","+",792,FALSE,"",TRUE,TRUE,TRUE,FALSE,"",209.3,291.7,156.6,71.4,106.2,99.2,0.023,0.935,0.598,0.0278,-0.413,0.0874,-0.362,0.207
"lcl|NC_008783.1_cds_WP_005767518.1_880","BARBAKC583_RS04820","BARBAKC583_0998",NA,"ribose-phosphate pyrophosphokinase","WP_005767518.1","1033743..1034675","+",933,FALSE,"",TRUE,TRUE,TRUE,FALSE,"",693.3,546.5,494.6,713.8,784.8,1514.9,-0.028,0.857,-0.1,0.62,0.052,0.834,-0.971,4.72e-08
"lcl|NC_008783.1_cds_WP_005767521.1_881","BARBAKC583_RS04825","BARBAKC583_0999",NA,"50S ribosomal protein L25/general stress protein Ctc","WP_005767521.1","1035111..1035728","+",618,FALSE,"",TRUE,TRUE,TRUE,FALSE,"Ribosoma",1484.8,1281.5,1696.2,825,1055.8,1291.6,0.56,0.0271,0,1,0.408,0.0756,-0.518,0.0404
"lcl|NC_008783.1_cds_WP_005767523.1_882","BARBAKC583_RS04830","BARBAKC583_1000","pth","aminoacyl-tRNA hydrolase","WP_005767523.1","1035808..1036389","+",582,FALSE,"",TRUE,TRUE,TRUE,FALSE,"Traduccion",90,66.9,59.1,24.3,54.4,63.8,-0.125,0.668,-0.145,0.663,0.005,0.99,-1.068,0.000226
"lcl|NC_008783.1_cds_WP_005767525.1_883","BARBAKC583_RS04835","BARBAKC583_1001",NA,"L,D-transpeptidase","WP_005767525.1","complement(1036557..1037255)","-",699,FALSE,"",TRUE,TRUE,TRUE,FALSE,"",1047.9,750.2,550.4,1008.4,1227.4,1226.1,-0.367,0.223,-0.186,0.564,-0.103,0.708,-0.191,0.587
"lcl|NC_008783.1_cds_WP_005767527.1_884","BARBAKC583_RS04840","BARBAKC583_1002","ychF","redox-regulated ATPase YchF","WP_005767527.1","1037508..1038611","+",1104,FALSE,"",TRUE,TRUE,TRUE,FALSE,"",1382.1,1542.5,772,1084.2,1350.1,681.1,-0.282,0.323,0.284,0.343,-0.437,0.0878,0.538,0.0715
"lcl|NC_008783.1_cds_WP_005767530.1_885","BARBAKC583_RS04845","BARBAKC583_1003",NA,"PRC-barrel domain-containing protein","WP_005767530.1","complement(1038766..1039209)","-",444,FALSE,"",TRUE,TRUE,TRUE,FALSE,"",360,294.5,281.1,215.5,223.2,135.6,0.039,0.844,-0.065,0.794,0.088,0.733,0.609,0.00717
"lcl|NC_008783.1_cds_WP_005767534.1_886","BARBAKC583_RS04850","BARBAKC583_1005",NA,"tRNA (cytidine(34)-2'-O)-methyltransferase","WP_005767534.1","1039663..1040130","+",468,FALSE,"",TRUE,TRUE,TRUE,FALSE,"Traduccion",272.9,330.3,178.9,275.6,288.5,144,-0.09,0.779,0.372,0.243,-0.309,0.239,0.717,0.0205
"lcl|NC_008783.1_cds_WP_005767536.1_887","BARBAKC583_RS04855","BARBAKC583_1006",NA,"CCA tRNA nucleotidyltransferase","WP_005767536.1","complement(1040148..1041401)","-",1254,FALSE,"",TRUE,TRUE,TRUE,FALSE,"Traduccion",224.3,266.8,204.6,379.8,293,183.5,0.238,0.278,0.406,0.0901,-0.092,0.72,0.938,3.2e-05
"lcl|NC_008783.1_cds_WP_005767538.1_888","BARBAKC583_RS04860","BARBAKC583_1007",NA,"AAA family ATPase","WP_005767538.1","1041651..1042682","+",1032,FALSE,"",TRUE,TRUE,TRUE,FALSE,"",248,167.8,164.3,268.3,272.3,313.6,-0.105,0.607,-0.278,0.242,0.102,0.678,-0.169,0.532
"lcl|NC_008783.1_cds_WP_005767539.1_889","BARBAKC583_RS04865","BARBAKC583_1008",NA,"DUF58 domain-containing protein","WP_005767539.1","1042682..1043593","+",912,FALSE,"",TRUE,TRUE,TRUE,FALSE,"",126.2,64.8,46,87.1,72.8,57.3,-0.934,0.000122,-0.627,0.0115,-0.164,0.512,0.543,0.0262
"lcl|NC_008783.1_cds_WP_005767541.1_890","BARBAKC583_RS04870","BARBAKC583_1009",NA,"DUF4159 domain-containing protein","WP_005767541.1","1043590..1046388","+",2799,FALSE,"",TRUE,TRUE,TRUE,FALSE,"",131.7,72.3,45.1,63,75,84.5,-1.047,6.89e-07,-0.58,0.0073,-0.314,0.132,-0.346,0.13
"lcl|NC_008783.1_cds_BARBAKC583_RS04875_891","BARBAKC583_RS04875",NA,NA,"glutamine amidotransferase",NA,"1046388..1048485","+",2098,TRUE,"",TRUE,TRUE,FALSE,FALSE,"",158.7,132,64.9,88.1,119.1,102.4,-0.824,2.79e-07,-0.043,0.809,-0.716,1.43e-05,-0.176,0.36
"lcl|NC_008783.1_cds_WP_011807393.1_892","BARBAKC583_RS04880","BARBAKC583_1011",NA,"GNAT family N-acetyltransferase","WP_011807393.1","complement(1048542..1049099)","-",558,FALSE,"",TRUE,TRUE,TRUE,FALSE,"",173.8,237.3,132.1,157.1,216.1,120.2,0.037,0.887,0.566,0.0327,-0.373,0.112,0.341,0.221
"lcl|NC_008783.1_cds_WP_172952861.1_893","BARBAKC583_RS04885","BARBAKC583_1012",NA,"metallophosphoesterase family protein","WP_172952861.1","1049359..1050255","+",897,FALSE,"",TRUE,TRUE,TRUE,FALSE,"",892.6,1452.8,846.7,648.3,1195.7,392.4,0.246,0.48,0.671,0.0543,-0.209,0.441,0.504,0.142
"lcl|NC_008783.1_cds_WP_005767548.1_894","BARBAKC583_RS04890","BARBAKC583_1013",NA,"cation diffusion facilitator family transporter","WP_005767548.1","complement(1050443..1051351)","-",909,FALSE,"",TRUE,TRUE,TRUE,FALSE,"",80.3,65.2,61.6,73.2,56.1,53.3,0.038,0.876,-0.08,0.782,0.088,0.74,0.408,0.126
"lcl|NC_008783.1_cds_WP_011807395.1_895","BARBAKC583_RS04895","BARBAKC583_1015",NA,"TrmH family RNA methyltransferase","WP_011807395.1","1052206..1053021","+",816,FALSE,"",TRUE,TRUE,TRUE,FALSE,"",1183.6,1688,979.4,1255.2,2482.1,805.5,0.108,0.763,0.522,0.125,-0.221,0.421,0.455,0.186
"lcl|NC_008783.1_cds_WP_005767552.1_896","BARBAKC583_RS04900","BARBAKC583_1016","mnmA","tRNA 2-thiouridine(34) synthase MnmA","WP_005767552.1","complement(1053119..1054294)","-",1176,FALSE,"",TRUE,TRUE,TRUE,FALSE,"Traduccion",437.2,405.7,333.9,625.6,505.1,403.6,0.032,0.864,0.091,0.701,-0.038,0.89,0.591,0.0055
"lcl|NC_008783.1_cds_WP_005767554.1_897","BARBAKC583_RS04910","BARBAKC583_1017","sciP","CtrA inhibitor SciP","WP_005767554.1","1054547..1054822","+",276,FALSE,"",TRUE,TRUE,TRUE,FALSE,"",1062.2,768.9,395.6,697.3,731.6,957,-0.856,0.00335,-0.182,0.551,-0.423,0.0886,-0.34,0.263
"lcl|NC_008783.1_cds_WP_005767556.1_898","BARBAKC583_RS04920","BARBAKC583_1018",NA,"hypothetical protein","WP_005767556.1","complement(1054953..1055339)","-",387,FALSE,"",TRUE,TRUE,TRUE,FALSE,"Hipotetica",1209.4,690.4,526.7,1470.2,983.6,599.7,-0.541,0.144,-0.383,0.28,-0.058,0.844,0.877,0.00907
"lcl|NC_008783.1_cds_WP_005767557.1_899","BARBAKC583_RS04935","BARBAKC583_1019","ctrA","response regulator transcription factor CtrA","WP_005767557.1","1055898..1056599","+",702,FALSE,"",TRUE,TRUE,TRUE,FALSE,"",1091.9,995.9,1064.5,1012.3,882.6,1705.6,0.314,0.196,0.059,0.827,0.18,0.464,-0.609,0.0147
"lcl|NC_008783.1_cds_WP_005767559.1_900","BARBAKC583_RS04940","BARBAKC583_1020","chpT","histidine phosphotransferase ChpT","WP_005767559.1","complement(1056794..1057432)","-",639,FALSE,"",TRUE,TRUE,TRUE,FALSE,"",597.8,750.4,665,572.6,582.9,448.8,0.539,0.0222,0.476,0.0441,0.028,0.924,0.328,0.188
"lcl|NC_008783.1_cds_WP_011807396.1_901","BARBAKC583_RS04950","BARBAKC583_1021",NA,"DUF1134 domain-containing protein","WP_011807396.1","1057627..1058220","+",594,FALSE,"",TRUE,TRUE,TRUE,FALSE,"",553.5,324.6,295.5,386,396.6,1035.6,-0.388,0.123,-0.46,0.0751,0.041,0.888,-1.198,7.93e-07
"lcl|NC_008783.1_cds_BARBAKC583_RS04955_902","BARBAKC583_RS04955",NA,NA,"hypothetical protein",NA,"<1058301..1058585","+",285,TRUE,"",TRUE,TRUE,FALSE,FALSE,"Hipotetica",1630.5,1702.3,816.6,1149.3,1396.9,987.7,-0.456,0.0987,0.213,0.455,-0.545,0.0307,0.195,0.539
"lcl|NC_008783.1_cds_WP_005767565.1_903","BARBAKC583_RS04960","BARBAKC583_1023",NA,"DegT/DnrJ/EryC1/StrS family aminotransferase","WP_005767565.1","complement(1058779..1059897)","-",1119,FALSE,"",TRUE,TRUE,TRUE,FALSE,"",273.5,188.9,124.8,195.1,189,318.2,-0.668,0.000522,-0.288,0.149,-0.264,0.188,-0.615,0.00112
"lcl|NC_008783.1_cds_WP_005767566.1_904","BARBAKC583_RS04965","BARBAKC583_1024",NA,"Gfo/Idh/MocA family protein","WP_005767566.1","complement(1059948..1060901)","-",954,FALSE,"",TRUE,TRUE,TRUE,FALSE,"",368.4,240.5,178.8,577.3,354,243.5,-0.582,0.00043,-0.376,0.0303,-0.146,0.474,1.204,5.1e-15
"lcl|NC_008783.1_cds_WP_005767569.1_905","BARBAKC583_RS04980","BARBAKC583_1026",NA,"ABC transporter ATP-binding protein","WP_005767569.1","complement(1061750..1062532)","-",783,FALSE,"",TRUE,TRUE,TRUE,FALSE,"TranspABC",184.7,75.8,58.6,105.8,78.7,96.6,-1.098,0.000152,-0.908,0.00184,-0.073,0.8,0.128,0.723
"lcl|NC_008783.1_cds_WP_005767571.1_906","BARBAKC583_RS04985","BARBAKC583_1027",NA,"ABC transporter ATP-binding protein","WP_005767571.1","complement(1062529..1063404)","-",876,FALSE,"",TRUE,TRUE,TRUE,FALSE,"TranspABC",152.1,66.4,57.1,155.2,83,112.6,-0.89,0.00111,-0.853,0.00189,0.002,0.999,0.407,0.143
"lcl|NC_008783.1_cds_WP_005767573.1_907","BARBAKC583_RS04990","BARBAKC583_1028",NA,"ABC transporter permease","WP_005767573.1","complement(1063397..1064326)","-",930,FALSE,"",TRUE,TRUE,TRUE,FALSE,"TranspABC",313.7,178.6,158.3,225.4,240.6,255.6,-0.464,0.0819,-0.5,0.0628,0.025,0.935,-0.119,0.726
"lcl|NC_008783.1_cds_WP_005767576.1_908","BARBAKC583_RS04995","BARBAKC583_1029",NA,"ABC transporter permease","WP_005767576.1","complement(1064329..1065402)","-",1074,FALSE,"",TRUE,TRUE,TRUE,FALSE,"TranspABC",251.3,170.7,145.2,228.9,204.8,236.2,-0.3,0.144,-0.295,0.18,-0.011,0.968,-0.01,0.97
"lcl|NC_008783.1_cds_WP_005767578.1_909","BARBAKC583_RS05000","BARBAKC583_1030",NA,"ABC transporter substrate-binding protein","WP_005767578.1","complement(1065522..1067126)","-",1605,FALSE,"",TRUE,TRUE,TRUE,FALSE,"TranspABC",553.1,793.2,536.1,629.7,874.4,580,0.316,0.203,0.636,0.013,-0.188,0.45,0.121,0.713
"lcl|NC_008783.1_cds_BARBAKC583_RS05005_910","BARBAKC583_RS05005",NA,NA,"ABC transporter substrate-binding protein",NA,"complement(1067540..1069164)","-",1625,TRUE,"",TRUE,TRUE,FALSE,FALSE,"TranspABC",800.3,322.5,258.2,800.6,415,927.6,-1.074,7.62e-05,-0.956,0.000414,-0.045,0.873,-0.145,0.664
"lcl|NC_008783.1_cds_WP_035453010.1_911","BARBAKC583_RS05010","BARBAKC583_1033",NA,"DNA-3-methyladenine glycosylase I","WP_035453010.1","complement(1069409..1070035)","-",627,FALSE,"",TRUE,TRUE,TRUE,FALSE,"",167.9,222,195.7,183.4,261.3,180.9,0.574,0.0567,0.499,0.0925,0.025,0.935,0.035,0.915
"lcl|NC_008783.1_cds_WP_005767582.1_912","BARBAKC583_RS05015","BARBAKC583_1034","xseA","exodeoxyribonuclease VII large subunit","WP_005767582.1","complement(1070013..1071443)","-",1431,FALSE,"",TRUE,TRUE,TRUE,FALSE,"",67,60.9,69.8,50.8,50.8,57.5,0.418,0.0687,0.032,0.902,0.276,0.217,-0.127,0.66
"lcl|NC_008783.1_cds_WP_005767584.1_913","BARBAKC583_RS05020","BARBAKC583_1035",NA,"DUF6460 domain-containing protein","WP_005767584.1","1071809..1072084","+",276,FALSE,"",TRUE,TRUE,TRUE,FALSE,"",190.2,660.6,450.4,164.4,700.8,201.4,1.419,0.000222,1.708,1.66e-05,-0.116,0.669,-0.171,0.683
"lcl|NC_008783.1_cds_WP_005767586.1_914","BARBAKC583_RS05025","BARBAKC583_1036",NA,"hypothetical protein","WP_005767586.1","complement(1072301..1072900)","-",600,FALSE,"",TRUE,TRUE,TRUE,FALSE,"Hipotetica",699.4,413.7,394.1,425.6,336.3,660.9,-0.332,0.132,-0.479,0.0391,0.087,0.733,-0.53,0.0213
"lcl|NC_008783.1_cds_WP_005767588.1_915","BARBAKC583_RS05030","BARBAKC583_1037",NA,"electron transfer flavoprotein subunit beta/FixA family protein","WP_005767588.1","1073177..1073929","+",753,FALSE,"",TRUE,TRUE,TRUE,FALSE,"",362.3,576.4,482,474.4,504.4,390.6,0.787,0.001,0.794,0.000864,-0.021,0.939,0.263,0.323
"lcl|NC_008783.1_cds_WP_005767590.1_916","BARBAKC583_RS05035","BARBAKC583_1038",NA,"electron transfer flavoprotein subunit alpha/FixB family protein","WP_005767590.1","1073976..1074905","+",930,FALSE,"",TRUE,TRUE,TRUE,FALSE,"",198,187.9,221.7,235.3,256.6,309.4,0.494,0.0903,0.113,0.722,0.225,0.387,-0.287,0.364
"lcl|NC_008783.1_cds_WP_005767593.1_917","BARBAKC583_RS05040","BARBAKC583_1039",NA,"electron transfer flavoprotein-ubiquinone oxidoreductase","WP_005767593.1","1074909..1076570","+",1662,FALSE,"",TRUE,TRUE,TRUE,FALSE,"",120.2,93.7,91.5,90.6,98.4,110.1,0.027,0.897,-0.096,0.701,0.1,0.685,-0.216,0.403
"lcl|NC_008783.1_cds_WP_011807398.1_918","BARBAKC583_RS05045","BARBAKC583_1040",NA,"flagellin N-terminal helical domain-containing protein","WP_011807398.1","complement(1076957..1078099)","-",1143,FALSE,"",TRUE,TRUE,TRUE,TRUE,"Flagelar",27564.4,6901.6,4447.1,47414.6,36779.1,50594.6,-2.007,8.72e-11,-1.588,4.02e-07,-0.197,0.452,-0.049,0.894
"lcl|NC_008783.1_cds_WP_005767595.1_919","BARBAKC583_RS05055","BARBAKC583_1041",NA,"pyrroline-5-carboxylate reductase","WP_005767595.1","complement(1078241..1079020)","-",780,FALSE,"",TRUE,TRUE,TRUE,FALSE,"",157.3,132.6,96.4,176.4,140.6,148.7,-0.205,0.34,-0.04,0.881,-0.132,0.589,0.24,0.362
"lcl|NC_008783.1_cds_WP_005767598.1_920","BARBAKC583_RS05060","BARBAKC583_1042",NA,"YraN family protein","WP_005767598.1","complement(1079209..1079577)","-",369,FALSE,"",TRUE,TRUE,TRUE,FALSE,"",237.5,109.3,68.5,200.3,180,103.3,-1.243,1.56e-06,-0.733,0.00521,-0.281,0.254,0.838,0.000568
"lcl|NC_008783.1_cds_WP_005767599.1_921","BARBAKC583_RS05065","BARBAKC583_1043","rsmI","16S rRNA (cytidine(1402)-2'-O)-methyltransferase","WP_005767599.1","complement(1079584..1080471)","-",888,FALSE,"",TRUE,TRUE,TRUE,FALSE,"",306.2,439.9,217.3,263.5,457.3,171.9,-0.025,0.944,0.544,0.103,-0.363,0.172,0.447,0.188
"lcl|NC_008783.1_cds_WP_005767601.1_922","BARBAKC583_RS05070","BARBAKC583_1044","pyrF","orotidine-5'-phosphate decarboxylase","WP_005767601.1","complement(1080529..1081227)","-",699,FALSE,"",TRUE,TRUE,TRUE,FALSE,"",98.7,86.8,71.5,88,85.8,108,-0.028,0.914,-0.012,0.973,-0.015,0.956,-0.221,0.446
"lcl|NC_008783.1_cds_WP_005767603.1_923","BARBAKC583_RS05075","BARBAKC583_1045",NA,"Mrp/NBP35 family ATP-binding protein","WP_005767603.1","complement(1081288..1082382)","-",1095,FALSE,"",TRUE,TRUE,TRUE,FALSE,"",285.2,256.4,197.2,245.6,259.7,196.4,-0.055,0.63,0.044,0.789,-0.114,0.557,0.334,0.0332
"lcl|NC_008783.1_cds_WP_005767604.1_924","BARBAKC583_RS05080","BARBAKC583_1046","rpmH","50S ribosomal protein L34","WP_005767604.1","1082926..1083060","+",135,FALSE,"",TRUE,TRUE,TRUE,FALSE,"Ribosoma",395.1,527.7,958.9,562.3,849.2,606.3,1.332,0.00111,0.334,0.381,0.474,0.0914,-0.048,0.908
"lcl|NC_008783.1_cds_WP_005767606.1_925","BARBAKC583_RS05085","BARBAKC583_1047","rnpA","ribonuclease P protein component","WP_005767606.1","1083190..1083555","+",366,FALSE,"",TRUE,TRUE,TRUE,FALSE,"",675.6,512.5,1034.3,211.7,313.4,399.3,0.791,0.0399,-0.115,0.767,0.603,0.0433,-0.565,0.108
"lcl|NC_008783.1_cds_WP_005767608.1_926","BARBAKC583_RS05090","BARBAKC583_1048","yidC","membrane protein insertase YidC","WP_005767608.1","1083572..1085410","+",1839,FALSE,"",TRUE,TRUE,TRUE,FALSE,"",442,228.5,422.3,134.5,164.3,468.4,0.243,0.488,-0.515,0.14,0.564,0.0526,-1.256,0.000148
"lcl|NC_008783.1_cds_WP_005767609.1_927","BARBAKC583_RS05095","BARBAKC583_1049","yihA","ribosome biogenesis GTP-binding protein YihA/YsxC","WP_005767609.1","1085407..1086054","+",648,FALSE,"",TRUE,TRUE,TRUE,FALSE,"",296.8,395.2,535.1,179.5,291.8,126.7,1.227,4.65e-11,0.565,0.004,0.534,0.00486,0.482,0.0164
"lcl|NC_008783.1_cds_WP_005767611.1_928","BARBAKC583_RS05100","BARBAKC583_1050",NA,"glutathione S-transferase family protein","WP_005767611.1","1086191..1086883","+",693,FALSE,"",TRUE,TRUE,TRUE,FALSE,"",211.5,227.1,614.7,208.9,257.1,221.1,1.904,1.15e-19,0.294,0.195,1.493,1.56e-12,-0.043,0.883
"lcl|NC_008783.1_cds_WP_005767613.1_929","BARBAKC583_RS05105","BARBAKC583_1051","dapB","4-hydroxy-tetrahydrodipicolinate reductase","WP_005767613.1","1087330..1088136","+",807,FALSE,"",TRUE,TRUE,TRUE,FALSE,"",529.2,595.5,452.1,574.1,544.2,338.5,0.156,0.447,0.332,0.152,-0.099,0.686,0.69,0.00197
"lcl|NC_008783.1_cds_WP_005767615.1_930","BARBAKC583_RS05110","BARBAKC583_1052",NA,"2,3-bisphosphoglycerate-dependent phosphoglycerate mutase","WP_005767615.1","1088162..1088782","+",621,FALSE,"",TRUE,TRUE,TRUE,FALSE,"",270.8,322,284.4,231.3,289.3,250.6,0.456,0.0432,0.412,0.0723,0.022,0.935,-0.076,0.798
"lcl|NC_008783.1_cds_WP_011807401.1_931","BARBAKC583_RS05120","BARBAKC583_1055",NA,"DUF1561 family protein","WP_011807401.1","1089585..1091438","+",1854,FALSE,"",TRUE,TRUE,TRUE,FALSE,"",72.7,101.5,74.1,36.4,71,42.5,0.331,0.333,0.504,0.141,-0.082,0.777,-0.13,0.757
"lcl|NC_008783.1_cds_BARBAKC583_RS06975_932","BARBAKC583_RS06975",NA,NA,"hypothetical protein",NA,"complement(1091808..1092030)","-",223,TRUE,"",TRUE,TRUE,FALSE,FALSE,"Hipotetica",45.4,31.9,43.5,43.8,81.9,54.2,0.206,0.672,-0.059,0.897,0.095,0.678,-0.094,0.83
"lcl|NC_008783.1_cds_WP_005767620.1_933","BARBAKC583_RS05125","BARBAKC583_1057",NA,"lysozyme","WP_005767620.1","complement(1092027..1092689)","-",663,FALSE,"",TRUE,TRUE,TRUE,FALSE,"",1.5,1.2,3.2,4.3,8.6,3.3,0.467,0.278,0.105,0.787,0.088,0.599,0.069,0.844
"lcl|NC_008783.1_cds_BARBAKC583_RS07115_934","BARBAKC583_RS07115",NA,NA,"hypothetical protein",NA,"complement(<1092786..1092902)","-",117,TRUE,"",TRUE,TRUE,FALSE,FALSE,"Hipotetica",396.2,897.9,887.3,569.4,1726.4,544.7,1.232,0.00603,0.953,0.0245,0.057,0.844,0.051,0.907
"lcl|NC_008783.1_cds_BARBAKC583_RS05130_935","BARBAKC583_RS05130",NA,NA,"type II toxin-antitoxin system HicB family antitoxin",NA,"1093479..1093908","+",430,TRUE,"",TRUE,TRUE,FALSE,FALSE,"",63.5,135,133,56.6,109.3,21.3,1.207,0.00338,0.967,0.0144,0.057,0.845,0.877,0.0129
"lcl|NC_008783.1_cds_WP_005767624.1_936","BARBAKC583_RS05135","BARBAKC583_1060",NA,"hypothetical protein","WP_005767624.1","complement(1093977..1094252)","-",276,FALSE,"",TRUE,TRUE,TRUE,FALSE,"Hipotetica",223.6,164.3,127.6,195.8,209,101.5,-0.224,0.496,-0.11,0.764,-0.065,0.824,0.695,0.0313
"lcl|NC_008783.1_cds_WP_005767625.1_937","BARBAKC583_RS05140","BARBAKC583_1061",NA,"hypothetical protein","WP_005767625.1","complement(1094584..1094916)","-",333,FALSE,"",TRUE,TRUE,TRUE,FALSE,"Hipotetica",34.4,36.9,27.3,37.4,39.1,16.5,0.085,0.854,0.25,0.556,-0.076,0.788,0.62,0.0937
"lcl|NC_008783.1_cds_WP_172952862.1_938","BARBAKC583_RS05145","BARBAKC583_1063",NA,"hypothetical protein","WP_172952862.1","complement(1095109..1095651)","-",543,FALSE,"",TRUE,TRUE,TRUE,FALSE,"Hipotetica",9.4,12.9,13.2,8.7,12.1,14.1,0.596,0.175,0.396,0.332,0.052,0.852,-0.34,0.392
"lcl|NC_008783.1_cds_WP_005767633.1_939","BARBAKC583_RS05160","BARBAKC583_1066",NA,"hypothetical protein","WP_005767633.1","complement(1096229..1096504)","-",276,FALSE,"",TRUE,TRUE,TRUE,FALSE,"Hipotetica",26.5,33.6,20.9,15.8,41,22.7,0.07,0.892,0.231,0.595,-0.071,0.793,-0.219,0.599
"lcl|NC_008783.1_cds_WP_005767636.1_940","BARBAKC583_RS05170","BARBAKC583_1068",NA,"helix-turn-helix domain-containing protein","WP_005767636.1","1097122..1097433","+",312,FALSE,"",TRUE,TRUE,TRUE,FALSE,"",333,564.7,415.8,150,504.2,239.1,0.603,0.0748,0.759,0.0227,-0.086,0.762,-0.461,0.165
"lcl|NC_008783.1_cds_WP_005767638.1_941","BARBAKC583_RS05175","BARBAKC583_1069",NA,"hypothetical protein","WP_005767638.1","1097676..1097999","+",324,FALSE,"",TRUE,TRUE,TRUE,FALSE,"Hipotetica",129.2,177.6,388,78.5,151.2,84.9,1.697,3.08e-05,0.472,0.203,0.66,0.0315,-0.051,0.906
"lcl|NC_008783.1_cds_WP_005767639.1_942","BARBAKC583_RS05180","BARBAKC583_1070",NA,"phage antirepressor Ant","WP_005767639.1","1098065..1098808","+",744,FALSE,"",TRUE,TRUE,TRUE,FALSE,"",50.3,50.1,84.4,25.2,61.2,65.2,0.866,0.0366,0.141,0.735,0.33,0.224,-0.796,0.0259
"lcl|NC_008783.1_cds_WP_225866722.1_943","BARBAKC583_RS07120",NA,NA,"hypothetical protein","WP_225866722.1","1098920..1099171","+",252,FALSE,"",TRUE,TRUE,TRUE,FALSE,"Hipotetica",42.1,57.4,71.3,14.5,27.8,50.3,0.618,0.19,0.317,0.458,0.077,0.757,-0.636,0.0768
"lcl|NC_008783.1_cds_WP_236822979.1_944","BARBAKC583_RS07125",NA,NA,"ERF family protein","WP_236822979.1","1099249..1099665","+",417,FALSE,"",TRUE,TRUE,TRUE,FALSE,"",71.2,83.5,65.4,15.9,55.2,25.1,0.184,0.691,0.24,0.577,-0.028,0.924,-0.269,0.507
"lcl|NC_008783.1_cds_BARBAKC583_RS05190_945","BARBAKC583_RS05190",NA,NA,"lambda exonuclease family protein",NA,"1099722..1100301","+",580,TRUE,"",TRUE,TRUE,FALSE,FALSE,"",31.3,45.1,30.5,11.1,34.9,21.2,0.279,0.488,0.495,0.199,-0.099,0.72,-0.514,0.163
"lcl|NC_008783.1_cds_WP_005767646.1_946","BARBAKC583_RS05210","BARBAKC583_1073",NA,"hypothetical protein","WP_005767646.1","1100420..1100629","+",210,FALSE,"",TRUE,TRUE,TRUE,FALSE,"Hipotetica",14.2,6.5,8.1,3.6,8.6,7.2,-0.042,0.935,-0.141,0.717,0.035,NA,-0.14,0.66
"lcl|NC_008783.1_cds_BARBAKC583_RS05215_947","BARBAKC583_RS05215",NA,NA,"tyrosine-type recombinase/integrase",NA,"1100640..1101688","+",1049,TRUE,"",TRUE,TRUE,FALSE,FALSE,"",58.3,82.1,56.8,27.1,72.6,43.7,0.275,0.449,0.499,0.162,-0.105,0.703,-0.428,0.236
"lcl|NC_008783.1_cds_WP_005767654.1_948","BARBAKC583_RS05230","BARBAKC583_1077",NA,"DUF1561 family protein","WP_005767654.1","1101973..1103895","+",1923,FALSE,"",TRUE,TRUE,TRUE,FALSE,"",56.5,68.8,48,32.6,58,32.6,0.144,0.612,0.395,0.187,-0.136,0.599,0.022,0.952
"lcl|NC_008783.1_cds_WP_005767656.1_949","BARBAKC583_RS05235","BARBAKC583_1078",NA,"DUF1561 family protein","WP_005767656.1","1104356..1106290","+",1935,FALSE,"BARBAKC583_RS05765",TRUE,TRUE,TRUE,FALSE,"",1,0.5,0.8,0.7,2,0.9,0.045,0.935,-0.127,0.767,0.061,0.788,-0.075,0.853
"lcl|NC_008783.1_cds_WP_225866723.1_950","BARBAKC583_RS05240","BARBAKC583_1080",NA,"hypothetical protein","WP_225866723.1","complement(1106662..1107006)","-",345,FALSE,"",TRUE,TRUE,TRUE,FALSE,"Hipotetica",3,1.4,4.1,0.9,8.5,1.8,0.104,0.776,-0.04,0.891,0.036,NA,-0.043,0.847
"lcl|NC_008783.1_cds_WP_005767662.1_951","BARBAKC583_RS05275","BARBAKC583_1087",NA,"Fur family transcriptional regulator","WP_005767662.1","1114927..1115313","+",387,FALSE,"",TRUE,TRUE,TRUE,FALSE,"",4346,7747.9,2622,3543.5,5474,2103.7,-0.168,0.647,0.759,0.0368,-0.724,0.02,0.502,0.151
"lcl|NC_008783.1_cds_WP_005767664.1_952","BARBAKC583_RS05280","BARBAKC583_1088",NA,"HlyD family secretion protein","WP_005767664.1","1115432..1116538","+",1107,FALSE,"",TRUE,TRUE,TRUE,FALSE,"",1839.5,1625.5,694.5,2393.4,2601.4,3082.1,-0.81,0.0119,0.031,0.931,-0.61,0.0283,-0.25,0.463
"lcl|NC_008783.1_cds_WP_005767666.1_953","BARBAKC583_RS05285","BARBAKC583_1089",NA,"DHA2 family efflux MFS transporter permease subunit","WP_005767666.1","1116549..1118126","+",1578,FALSE,"",TRUE,TRUE,TRUE,FALSE,"",531,302.5,93.1,524.9,574.1,721.1,-1.899,3.68e-10,-0.462,0.118,-1.178,6.71e-05,-0.331,0.294
"lcl|NC_008783.1_cds_WP_005767668.1_954","BARBAKC583_RS05290","BARBAKC583_1090",NA,"type III PLP-dependent enzyme","WP_005767668.1","complement(1118676..1119809)","-",1134,FALSE,"",TRUE,TRUE,TRUE,FALSE,"",191.6,135.9,309.9,148.6,143.7,380.6,1.06,2.79e-07,-0.232,0.289,1.264,1.02e-09,-1.198,1.86e-09
"lcl|NC_008783.1_cds_WP_005767671.1_955","BARBAKC583_RS05295","BARBAKC583_1091","trhO","oxygen-dependent tRNA uridine(34) hydroxylase TrhO","WP_005767671.1","complement(1120463..1121380)","-",918,FALSE,"",TRUE,TRUE,TRUE,FALSE,"Traduccion",315.3,421.9,347,515.4,414.6,375.4,0.533,0.0165,0.571,0.00979,-0.035,0.9,0.428,0.059
"lcl|NC_008783.1_cds_WP_005767674.1_956","BARBAKC583_RS05300","BARBAKC583_1092",NA,"ferredoxin--NADP reductase","WP_005767674.1","complement(1121666..1122496)","-",831,FALSE,"",TRUE,TRUE,TRUE,FALSE,"HierroHemo",232.8,285.5,210.7,359.1,232.2,251.9,0.21,0.294,0.435,0.0529,-0.133,0.576,0.48,0.0316
"lcl|NC_008783.1_cds_WP_005767675.1_957","BARBAKC583_RS05310","BARBAKC583_1093","alr","alanine racemase","WP_005767675.1","1123120..1124241","+",1122,FALSE,"",TRUE,TRUE,TRUE,FALSE,"",83.3,116.1,131.2,80.9,118,46.8,1.016,3.57e-05,0.618,0.0137,0.228,0.35,0.698,0.0039
"lcl|NC_008783.1_cds_WP_005767676.1_958","BARBAKC583_RS05315","BARBAKC583_1094","gcvP","aminomethyl-transferring glycine dehydrogenase","WP_005767676.1","complement(1124711..1127506)","-",2796,FALSE,"",TRUE,TRUE,TRUE,FALSE,"HierroHemo",477.1,340.9,412.8,572,376.8,558.9,0.156,0.476,-0.219,0.377,0.311,0.168,0.059,0.853
"lcl|NC_008783.1_cds_WP_005767677.1_959","BARBAKC583_RS05320","BARBAKC583_1095","gcvH","glycine cleavage system protein GcvH","WP_005767677.1","complement(1127512..1127880)","-",369,FALSE,"",TRUE,TRUE,TRUE,FALSE,"",826.4,837.9,790.8,1125.8,828.8,1670.4,0.269,0.293,0.165,0.571,0.073,0.799,-0.44,0.114
"lcl|NC_008783.1_cds_WP_005767678.1_960","BARBAKC583_RS05325","BARBAKC583_1096","gcvT","glycine cleavage system aminomethyltransferase GcvT","WP_005767678.1","complement(1127887..1129008)","-",1122,FALSE,"",TRUE,TRUE,TRUE,FALSE,"",524.3,455.7,483.3,755,425,461.2,0.233,0.294,0.004,0.991,0.178,0.462,0.64,0.00696
"lcl|NC_008783.1_cds_WP_005767679.1_961","BARBAKC583_RS05330","BARBAKC583_1097",NA,"LON peptidase substrate-binding domain-containing protein","WP_005767679.1","1129814..1130476","+",663,FALSE,"",TRUE,TRUE,TRUE,FALSE,"",786.4,1439.9,1896.2,692.3,944.4,663,1.58,3.96e-09,0.956,0.000375,0.369,0.119,0.074,0.832
"lcl|NC_008783.1_cds_WP_005767680.1_962","BARBAKC583_RS06865","BARBAKC583_1098",NA,"Trm112 family protein","WP_005767680.1","1130490..1130666","+",177,FALSE,"",TRUE,TRUE,TRUE,FALSE,"",477.2,1248,1739.4,705.4,1713.4,1228.6,2.147,4.25e-12,1.434,5.97e-06,0.387,0.124,-0.603,0.0382
"lcl|NC_008783.1_cds_BARBAKC583_RS05335_963","BARBAKC583_RS05335",NA,NA,"LON peptidase substrate-binding domain-containing protein",NA,"<1132422..1132708","+",287,TRUE,"",TRUE,TRUE,FALSE,FALSE,"",37.2,47.1,21.1,21.2,66.7,49.9,-0.191,0.656,0.284,0.49,-0.244,0.365,-0.688,0.0572
"lcl|NC_008783.1_cds_WP_005767682.1_964","BARBAKC583_RS06985","BARBAKC583_1100",NA,"Trm112 family protein","WP_005767682.1","1132722..1132895","+",174,FALSE,"",TRUE,TRUE,TRUE,FALSE,"",42.5,20.7,5.5,18.1,43.3,45.1,-0.89,0.0623,-0.248,0.563,-0.151,0.425,-0.375,0.294
"lcl|NC_008783.1_cds_WP_005767683.1_965","BARBAKC583_RS05340","BARBAKC583_1101",NA,"aspartate-semialdehyde dehydrogenase","WP_005767683.1","1135604..1136635","+",1032,FALSE,"",TRUE,TRUE,TRUE,FALSE,"",707.1,875.6,824.2,585.8,689,763.4,0.593,0.0223,0.439,0.0873,0.077,0.783,-0.295,0.292
"lcl|NC_008783.1_cds_WP_005767694.1_966","BARBAKC583_RS05345","BARBAKC583_1102",NA,"MetQ/NlpA family ABC transporter substrate-binding protein","WP_005767694.1","1137343..1138161","+",819,FALSE,"",TRUE,TRUE,TRUE,FALSE,"TranspABC",1058.1,679.6,419.8,444.7,512.9,1591.3,-0.85,1.16e-06,-0.383,0.0382,-0.357,0.0477,-1.71,5.91e-25
"lcl|NC_008783.1_cds_WP_005767696.1_967","BARBAKC583_RS05350","BARBAKC583_1103",NA,"methionine ABC transporter ATP-binding protein","WP_005767696.1","1138168..1139202","+",1035,FALSE,"",TRUE,TRUE,TRUE,FALSE,"TranspABC",355.1,179.7,94.4,95,108.2,179.8,-1.418,9.49e-16,-0.707,0.000123,-0.589,0.0016,-0.819,4.36e-06
"lcl|NC_008783.1_cds_WP_005767698.1_968","BARBAKC583_RS05355","BARBAKC583_1104",NA,"methionine ABC transporter permease","WP_005767698.1","1139195..1139854","+",660,FALSE,"",TRUE,TRUE,TRUE,FALSE,"TranspABC",193.8,60.1,45,67.1,88.7,122.9,-1.47,3.46e-06,-1.24,0.000118,-0.085,0.762,-0.643,0.0315
"lcl|NC_008783.1_cds_WP_005767700.1_969","BARBAKC583_RS05360","BARBAKC583_1105",NA,"MaoC family dehydratase","WP_005767700.1","complement(1139860..1140339)","-",480,FALSE,"",TRUE,TRUE,TRUE,FALSE,"",140.6,242.6,162.3,163.1,174.8,112,0.558,0.0635,0.857,0.00405,-0.17,0.523,0.444,0.139
"lcl|NC_008783.1_cds_WP_005767702.1_970","BARBAKC583_RS05365","BARBAKC583_1106",NA,"NAD(P)H-dependent oxidoreductase","WP_005767702.1","1140509..1141834","+",1326,FALSE,"",TRUE,TRUE,TRUE,FALSE,"",146.1,126.2,108,161.8,178.3,181.8,0.004,0.98,0.005,0.984,-0.001,0.999,-0.12,0.646
"lcl|NC_008783.1_cds_WP_005767704.1_971","BARBAKC583_RS05370","BARBAKC583_1108",NA,"creatininase family protein","WP_005767704.1","1142137..1142880","+",744,FALSE,"",TRUE,TRUE,TRUE,FALSE,"",307,464.2,560.1,179.1,248.4,216.4,1.207,4.65e-06,0.705,0.00769,0.284,0.239,-0.201,0.51
"lcl|NC_008783.1_cds_WP_005767706.1_972","BARBAKC583_RS05375","BARBAKC583_1109",NA,"autotransporter outer membrane beta-barrel domain-containing protein","WP_005767706.1","complement(1143225..1146806)","-",3582,FALSE,"",TRUE,TRUE,TRUE,FALSE,"",414,334.4,380,541.5,296.2,781.8,0.27,0.087,-0.073,0.68,0.311,0.0668,-0.467,0.00459
"lcl|NC_008783.1_cds_WP_011807408.1_973","BARBAKC583_RS05385","BARBAKC583_1110",NA,"hypothetical protein","WP_011807408.1","complement(1146935..1148845)","-",1911,FALSE,"",TRUE,TRUE,TRUE,FALSE,"Hipotetica",246,799.7,586.7,299.8,210.3,175.2,1.388,0.000287,1.574,5.4e-05,-0.077,0.793,0.519,0.137
"lcl|NC_008783.1_cds_WP_005767710.1_974","BARBAKC583_RS05395","BARBAKC583_1111",NA,"siderophore ABC transporter substrate-binding protein","WP_005767710.1","1150050..1150970","+",921,FALSE,"",TRUE,TRUE,TRUE,FALSE,"TranspABC",1425.5,2502,2410,1356.1,1552.9,1579,0.991,0.00521,0.787,0.0211,0.063,0.832,-0.134,0.747
"lcl|NC_008783.1_cds_WP_005767713.1_975","BARBAKC583_RS05400","BARBAKC583_1112",NA,"ABC transporter permease","WP_005767713.1","1151069..1152025","+",957,FALSE,"",TRUE,TRUE,TRUE,FALSE,"TranspABC",335.4,130.8,97.3,276.5,224.1,170.7,-1.184,0.000175,-0.938,0.00273,-0.094,0.737,0.554,0.07
"lcl|NC_008783.1_cds_WP_005767715.1_976","BARBAKC583_RS05405","BARBAKC583_1113",NA,"iron chelate uptake ABC transporter family permease subunit","WP_005767715.1","1152018..1152968","+",951,FALSE,"",TRUE,TRUE,TRUE,FALSE,"TranspABC;HierroHemo",257.4,154.4,80.3,101.2,78.5,69.7,-1.177,1.14e-07,-0.455,0.0489,-0.546,0.0128,0.494,0.0328
"lcl|NC_008783.1_cds_WP_005767717.1_977","BARBAKC583_RS05410","BARBAKC583_1114",NA,"iron ABC transporter ATP-binding protein","WP_005767717.1","1152965..1153723","+",759,FALSE,"",TRUE,TRUE,TRUE,FALSE,"TranspABC;HierroHemo",230,160.9,120.5,184.1,150.1,216.6,-0.428,0.0748,-0.221,0.375,-0.126,0.603,-0.175,0.532
"lcl|NC_008783.1_cds_WP_005767719.1_978","BARBAKC583_RS05420","BARBAKC583_1116","fliQ","flagellar biosynthesis protein FliQ","WP_005767719.1","complement(1154995..1155261)","-",267,FALSE,"",TRUE,TRUE,TRUE,TRUE,"Flagelar",404.3,97.9,59.5,503.3,227.7,539,-2.039,5.17e-08,-1.592,3.1e-05,-0.151,0.575,-0.047,0.906
"lcl|NC_008783.1_cds_WP_005767721.1_979","BARBAKC583_RS05425","BARBAKC583_1117","flgD","flagellar hook assembly protein FlgD","WP_005767721.1","complement(1155258..1155830)","-",573,FALSE,"",TRUE,TRUE,TRUE,TRUE,"Flagelar",1251.6,354.5,347.7,1608.2,974.5,3103.3,-1.321,3.73e-08,-1.489,1.25e-09,0.102,0.689,-0.787,0.000776
"lcl|NC_008783.1_cds_WP_005767722.1_980","BARBAKC583_RS05430","BARBAKC583_1118","flbT","flagellar biosynthesis repressor FlbT","WP_005767722.1","complement(1155848..1156264)","-",417,FALSE,"",TRUE,TRUE,TRUE,TRUE,"Flagelar",288.2,80.3,95.7,335.2,197.4,218.1,-0.991,0.00375,-1.353,0.000121,0.177,0.515,0.469,0.15
"lcl|NC_008783.1_cds_WP_005767724.1_981","BARBAKC583_RS05435","BARBAKC583_1119","flaF","flagellar biosynthesis regulator FlaF","WP_005767724.1","complement(1156311..1156679)","-",369,FALSE,"",TRUE,TRUE,TRUE,TRUE,"Flagelar",418.3,140.4,158.2,750.9,369.9,371.3,-0.892,0.000687,-1.222,7.05e-06,0.203,0.425,0.883,0.000336
"lcl|NC_008783.1_cds_WP_005767726.1_982","BARBAKC583_RS05445","BARBAKC583_1120",NA,"flagellar hook-associated family protein","WP_005767726.1","complement(1156699..1157781)","-",1083,FALSE,"",TRUE,TRUE,TRUE,TRUE,"Flagelar",878,241.4,329,1840.4,1035.5,1989.5,-0.862,0.00484,-1.458,2.26e-06,0.347,0.168,-0.062,0.87
"lcl|NC_008783.1_cds_WP_005767728.1_983","BARBAKC583_RS05465","BARBAKC583_1121","flgK","flagellar hook-associated protein FlgK","WP_005767728.1","complement(1157789..1159159)","-",1371,FALSE,"",TRUE,TRUE,TRUE,TRUE,"Flagelar",663.8,131.4,172.7,1394.9,687.3,1113.2,-1.36,4.46e-06,-1.939,2.24e-10,0.316,0.211,0.281,0.382
"lcl|NC_008783.1_cds_WP_005767730.1_984","BARBAKC583_RS05470","BARBAKC583_1122",NA,"flagellar hook protein FlgE","WP_005767730.1","complement(1159187..1160401)","-",1215,FALSE,"",TRUE,TRUE,TRUE,TRUE,"Flagelar",1876.1,809.8,820.7,4192.6,1978.3,4562.8,-0.704,0.00446,-0.888,0.00026,0.127,0.603,-0.077,0.808
"lcl|NC_008783.1_cds_WP_005767732.1_985","BARBAKC583_RS05475","BARBAKC583_1123",NA,"response regulator transcription factor","WP_005767732.1","complement(1160642..1161328)","-",687,FALSE,"",TRUE,TRUE,TRUE,FALSE,"",1342.5,561.2,1252.1,2488.2,1648.1,1155.2,0.243,0.313,-0.922,0.000369,1.162,7.51e-06,0.964,9.32e-05
"lcl|NC_008783.1_cds_WP_005767738.1_986","BARBAKC583_RS05480","BARBAKC583_1124",NA,"transglycosylase SLT domain-containing protein","WP_005767738.1","complement(1161608..1162180)","-",573,FALSE,"",TRUE,TRUE,TRUE,FALSE,"",62.5,32.6,33.5,66.7,61.2,134.1,-0.374,0.178,-0.602,0.0403,0.125,0.632,-0.813,0.0014
"lcl|NC_008783.1_cds_WP_005767740.1_987","BARBAKC583_RS05485","BARBAKC583_1125","fliK","flagellar hook-length control protein FliK","WP_005767740.1","complement(1162143..1163438)","-",1296,FALSE,"",TRUE,TRUE,TRUE,TRUE,"Flagelar",130.6,68.8,59.3,219.3,112.5,270,-0.657,0.00443,-0.615,0.00786,-0.01,0.973,-0.236,0.355
"lcl|NC_008783.1_cds_WP_005767742.1_988","BARBAKC583_RS05490","BARBAKC583_1126","motC","chemotaxis protein MotC","WP_005767742.1","complement(1163435..1164799)","-",1365,FALSE,"",TRUE,TRUE,TRUE,TRUE,"Flagelar",133.8,53.3,58.1,104.4,94.8,131.6,-0.701,0.00741,-0.994,0.000144,0.188,0.453,-0.252,0.382
"lcl|NC_008783.1_cds_WP_005767744.1_989","BARBAKC583_RS05495","BARBAKC583_1127",NA,"flagellar motor protein MotB","WP_005767744.1","complement(1164887..1165960)","-",1074,FALSE,"",TRUE,TRUE,TRUE,TRUE,"Flagelar",416.9,189.4,148,451,335.6,482.3,-0.997,3.71e-06,-0.839,0.000123,-0.085,0.737,-0.061,0.832
"lcl|NC_008783.1_cds_WP_005767746.1_990","BARBAKC583_RS05500","BARBAKC583_1128",NA,"hypothetical protein","WP_005767746.1","complement(1165957..1166700)","-",744,FALSE,"",TRUE,TRUE,TRUE,FALSE,"Hipotetica",456,171.2,161.4,583.4,332.5,432.5,-1.001,4.19e-06,-1.101,6.93e-07,0.076,0.774,0.406,0.0758
"lcl|NC_008783.1_cds_WP_005767748.1_991","BARBAKC583_RS05510","BARBAKC583_1129","fliF","flagellar basal-body MS-ring/collar protein FliF","WP_005767748.1","complement(1166740..1168401)","-",1662,FALSE,"",TRUE,TRUE,TRUE,TRUE,"Flagelar",463.9,109.3,174.1,776.2,502.9,879.4,-0.902,0.000525,-1.736,5.37e-11,0.623,0.0119,-0.121,0.714
"lcl|NC_008783.1_cds_WP_051007750.1_992","BARBAKC583_RS07130","BARBAKC583_1131",NA,"autotransporter outer membrane beta-barrel domain-containing protein","WP_051007750.1","1168936..1170768","+",1833,FALSE,"",TRUE,TRUE,TRUE,FALSE,"",635.7,322.7,202,298.1,325.1,551,-1.013,0.00335,-0.57,0.0833,-0.182,0.499,-0.612,0.0575
"lcl|NC_008783.1_cds_WP_052467648.1_993","BARBAKC583_RS05525",NA,NA,"autotransporter outer membrane beta-barrel domain-containing protein","WP_052467648.1","1170770..1171663","+",894,FALSE,"",TRUE,TRUE,TRUE,FALSE,"",240.3,76,53.7,156.5,110.3,144.1,-1.468,4.21e-05,-1.157,0.00114,-0.105,0.703,0.104,0.802
"lcl|NC_008783.1_cds_WP_005767753.1_994","BARBAKC583_RS05530","BARBAKC583_1132",NA,"autotransporter outer membrane beta-barrel domain-containing protein","WP_005767753.1","1171893..1174370","+",2478,FALSE,"",TRUE,TRUE,TRUE,FALSE,"",549,284.8,175.2,253.9,316.8,463.1,-1.055,0.000619,-0.583,0.0529,-0.225,0.392,-0.644,0.0298
"lcl|NC_008783.1_cds_WP_011807413.1_995","BARBAKC583_RS05535","BARBAKC583_1133",NA,"autotransporter outer membrane beta-barrel domain-containing protein","WP_011807413.1","1174509..1177685","+",3177,FALSE,"",TRUE,TRUE,TRUE,FALSE,"",362.9,290.4,439.6,358.2,381,336.6,0.688,3.54e-05,-0.083,0.652,0.73,1.43e-05,0.112,0.595
"lcl|NC_008783.1_cds_WP_005767757.1_996","BARBAKC583_RS05540","BARBAKC583_1134",NA,"hypothetical protein","WP_005767757.1","complement(1177769..1178821)","-",1053,FALSE,"",TRUE,TRUE,TRUE,FALSE,"Hipotetica",71.1,57.1,38.7,30.9,35.9,26.1,-0.383,0.115,-0.101,0.711,-0.186,0.45,0.231,0.414
"lcl|NC_008783.1_cds_WP_005767758.1_997","BARBAKC583_RS05550","BARBAKC583_1135","fliP","flagellar type III secretion system pore protein FliP","WP_005767758.1","complement(1179074..1179826)","-",753,FALSE,"",TRUE,TRUE,TRUE,TRUE,"Flagelar",180.7,34.3,44.7,100.3,72.6,156.8,-1.265,0.0017,-1.758,3.37e-05,0.187,0.489,-0.375,0.318
"lcl|NC_008783.1_cds_WP_005767760.1_998","BARBAKC583_RS05555","BARBAKC583_1136",NA,"flagellar basal body-associated FliL family protein","WP_005767760.1","complement(1179823..1180320)","-",498,FALSE,"",TRUE,TRUE,TRUE,TRUE,"Flagelar",239.7,49.9,54.2,155.1,132.2,353.8,-1.498,1.19e-05,-1.754,1.08e-06,0.113,0.678,-0.86,0.00491
"lcl|NC_008783.1_cds_WP_005767762.1_999","BARBAKC583_RS05560","BARBAKC583_1137","flgH","flagellar basal body L-ring protein FlgH","WP_005767762.1","complement(1180414..1181106)","-",693,FALSE,"",TRUE,TRUE,TRUE,TRUE,"Flagelar",264.4,69.3,65.1,509,267.3,400.6,-1.414,9.93e-06,-1.514,4.67e-06,0.054,0.852,0.286,0.396
"lcl|NC_008783.1_cds_WP_011807415.1_1000","BARBAKC583_RS06990","BARBAKC583_1138",NA,"MotE family protein","WP_011807415.1","complement(1181171..1181935)","-",765,FALSE,"",TRUE,TRUE,TRUE,FALSE,"",408.6,96.8,114.2,650.6,362.1,608.1,-1.258,3.31e-05,-1.65,1.52e-07,0.199,0.449,0.101,0.788
"lcl|NC_008783.1_cds_WP_005767766.1_1001","BARBAKC583_RS05570","BARBAKC583_1139",NA,"flagellar basal body P-ring protein FlgI","WP_005767766.1","complement(1182004..1183242)","-",1239,FALSE,"",TRUE,TRUE,TRUE,TRUE,"Flagelar",294.9,70.4,76.8,388.7,223.5,252.2,-1.374,1.56e-06,-1.683,1.28e-08,0.16,0.541,0.526,0.0639
"lcl|NC_008783.1_cds_WP_005767768.1_1002","BARBAKC583_RS05575","BARBAKC583_1140","flgA","flagellar basal body P-ring formation chaperone FlgA","WP_005767768.1","complement(1183242..1183700)","-",459,FALSE,"",TRUE,TRUE,TRUE,TRUE,"Flagelar;Chaperona",317.3,44.1,51.5,399.1,190.1,246.8,-1.815,9.06e-06,-2.203,3.2e-07,0.141,0.598,0.458,0.203
"lcl|NC_008783.1_cds_WP_005767770.1_1003","BARBAKC583_RS05580","BARBAKC583_1141","flgG","flagellar basal-body rod protein FlgG","WP_005767770.1","complement(1183706..1184494)","-",789,FALSE,"",TRUE,TRUE,TRUE,TRUE,"Flagelar",937.1,152.9,242,2254.1,1141,2499.6,-1.362,9.6e-06,-2.188,7.61e-12,0.5,0.0597,-0.085,0.822
"lcl|NC_008783.1_cds_WP_005767773.1_1004","BARBAKC583_RS05585","BARBAKC583_1142","fliE","flagellar hook-basal body complex protein FliE","WP_005767773.1","complement(1184552..1184884)","-",333,FALSE,"",TRUE,TRUE,TRUE,TRUE,"Flagelar",1184.7,302.8,347.1,1791.9,1226.7,1457.8,-1.225,6.38e-06,-1.594,1.49e-08,0.206,0.424,0.264,0.379
"lcl|NC_008783.1_cds_WP_005767776.1_1005","BARBAKC583_RS05590","BARBAKC583_1143","flgC","flagellar basal body rod protein FlgC","WP_005767776.1","complement(1184961..1185374)","-",414,FALSE,"",TRUE,TRUE,TRUE,TRUE,"Flagelar",604.5,130.9,181.8,1379,734.3,557.9,-1.198,3.46e-06,-1.867,7.61e-12,0.436,0.072,1.146,2.26e-06
"lcl|NC_008783.1_cds_WP_005767779.1_1006","BARBAKC583_RS05595","BARBAKC583_1144","flgB","flagellar basal body rod protein FlgB","WP_005767779.1","complement(1185377..1185763)","-",387,FALSE,"",TRUE,TRUE,TRUE,TRUE,"Flagelar",848.6,210.3,237.2,2024.1,863.8,976.2,-1.287,4.14e-06,-1.647,1.44e-08,0.194,0.45,0.886,0.000751
"lcl|NC_008783.1_cds_WP_005767781.1_1007","BARBAKC583_RS05600","BARBAKC583_1145",NA,"flagellar protein export ATPase FliI","WP_005767781.1","complement(1186171..1187784)","-",1614,FALSE,"",TRUE,TRUE,TRUE,TRUE,"Flagelar",288.4,61.5,63.9,370.9,243.8,213.7,-1.658,4.15e-14,-1.919,5.55e-17,0.16,0.512,0.729,0.000818
"lcl|NC_008783.1_cds_WP_005767784.1_1008","BARBAKC583_RS05605","BARBAKC583_1146","flgF","flagellar basal-body rod protein FlgF","WP_005767784.1","complement(1187848..1188582)","-",735,FALSE,"",TRUE,TRUE,TRUE,TRUE,"Flagelar",408.6,90.4,110.6,837.3,909.4,663.9,-1.293,1.95e-05,-1.763,2.18e-08,0.241,0.36,0.288,0.374
"lcl|NC_008783.1_cds_WP_005767788.1_1009","BARBAKC583_RS05610","BARBAKC583_1147",NA,"DUF1217 domain-containing protein","WP_005767788.1","complement(1188641..1189435)","-",795,FALSE,"",TRUE,TRUE,TRUE,FALSE,"",504.4,212.4,237.6,1111.4,443.2,1129.7,-0.595,0.0111,-0.937,5.61e-05,0.236,0.316,0.009,0.974
"lcl|NC_008783.1_cds_WP_005767791.1_1010","BARBAKC583_RS05615","BARBAKC583_1148","motA","flagellar motor stator protein MotA","WP_005767791.1","1189729..1190604","+",876,FALSE,"",TRUE,TRUE,TRUE,TRUE,"Flagelar",565.8,85.6,81.5,427.2,282.4,637.8,-2.111,2.45e-09,-2.205,1.14e-09,0.043,0.889,-0.384,0.264
"lcl|NC_008783.1_cds_WP_005767793.1_1011","BARBAKC583_RS05620","BARBAKC583_1149",NA,"FliM/FliN family flagellar motor switch protein","WP_005767793.1","1190607..1191578","+",972,FALSE,"",TRUE,TRUE,TRUE,TRUE,"Flagelar",368.5,72,52.8,253.7,146.2,312,-2.194,2.27e-13,-1.94,2.91e-10,-0.114,0.669,-0.207,0.532
"lcl|NC_008783.1_cds_WP_011807418.1_1012","BARBAKC583_RS05625","BARBAKC583_1150",NA,"BAB2_0123 family type IV secretion system effector","WP_011807418.1","1191559..1192101","+",543,FALSE,"",TRUE,TRUE,TRUE,FALSE,"",730.6,123.7,98.2,820.1,656.5,1215.5,-2.343,1.16e-20,-2.204,5.55e-17,-0.068,0.808,-0.45,0.0818
"lcl|NC_008783.1_cds_WP_011807419.1_1013","BARBAKC583_RS07245","BARBAKC583_1151","fliN","flagellar motor switch protein FliN","WP_011807419.1","1192288..1192707","+",420,FALSE,"",TRUE,TRUE,TRUE,TRUE,"Flagelar",364.8,41.4,65.8,459.3,291.5,351.9,-1.717,1.14e-05,-2.435,5.62e-09,0.3,0.276,0.271,0.474
"lcl|NC_008783.1_cds_WP_005767802.1_1014","BARBAKC583_RS05635","BARBAKC583_1152",NA,"flagellar motor switch protein FliG","WP_005767802.1","1192737..1193825","+",1089,FALSE,"",TRUE,TRUE,TRUE,TRUE,"Flagelar",315.3,37.7,35.7,317.3,166.3,316.4,-2.405,3.11e-10,-2.468,2.55e-10,0.036,0.909,0.026,0.949
"lcl|NC_008783.1_cds_WP_005767804.1_1015","BARBAKC583_RS05640","BARBAKC583_1153","flhB","flagellar biosynthesis protein FlhB","WP_005767804.1","1193988..1195058","+",1071,FALSE,"",TRUE,TRUE,TRUE,TRUE,"Flagelar",258,85.6,58.7,112.6,127.5,121.1,-1.596,8.74e-11,-1.247,7.38e-07,-0.189,0.447,-0.063,0.846
"lcl|NC_008783.1_cds_WP_005767806.1_1016","BARBAKC583_RS05645","BARBAKC583_1154",NA,"hypothetical protein","WP_005767806.1","1195165..1195647","+",483,FALSE,"",TRUE,TRUE,TRUE,FALSE,"Hipotetica",471.7,160.6,122.4,250.8,209.5,630.5,-1.367,9.7e-07,-1.149,5.34e-05,-0.094,0.733,-1.08,3.3e-05
"lcl|NC_008783.1_cds_WP_005767808.1_1017","BARBAKC583_RS05650","BARBAKC583_1155",NA,"hypothetical protein","WP_005767808.1","complement(1196147..1196617)","-",471,FALSE,"",TRUE,TRUE,TRUE,FALSE,"Hipotetica",554,164.4,117.3,425.7,215.1,252.4,-1.652,1.26e-08,-1.376,3.49e-06,-0.123,0.639,0.626,0.026
"lcl|NC_008783.1_cds_WP_005767810.1_1018","BARBAKC583_RS05655","BARBAKC583_1156",NA,"hypothetical protein","WP_005767810.1","complement(1196614..1197057)","-",444,FALSE,"",TRUE,TRUE,TRUE,FALSE,"Hipotetica",864,317.5,333,624.4,410.8,871,-0.871,0.000509,-1.106,1.27e-05,0.153,0.548,-0.38,0.146
"lcl|NC_008783.1_cds_WP_005767811.1_1019","BARBAKC583_RS05675","BARBAKC583_1157",NA,"rod-binding protein","WP_005767811.1","complement(1197169..1197750)","-",582,FALSE,"",TRUE,TRUE,TRUE,FALSE,"",902.2,430.4,373.8,770.2,640.6,657.9,-0.805,6.22e-06,-0.8,1.1e-05,0.009,0.972,0.238,0.24
"lcl|NC_008783.1_cds_WP_005767813.1_1020","BARBAKC583_RS05680","BARBAKC583_1158",NA,"hypothetical protein","WP_005767813.1","complement(1198208..1198594)","-",387,FALSE,"",TRUE,TRUE,TRUE,FALSE,"Hipotetica",59.1,57.7,50.5,66.9,63.8,51,0.147,0.656,0.111,0.762,0.024,0.935,0.301,0.392
"lcl|NC_008783.1_cds_WP_005767815.1_1021","BARBAKC583_RS05685","BARBAKC583_1159","fliR","flagellar biosynthesis protein FliR","WP_005767815.1","complement(1198598..1199395)","-",798,FALSE,"",TRUE,TRUE,TRUE,TRUE,"Flagelar",73.4,40.6,30.8,58.9,51.8,45.4,-0.673,0.0358,-0.491,0.117,-0.068,0.817,0.309,0.354
"lcl|NC_008783.1_cds_WP_005767817.1_1022","BARBAKC583_RS05690","BARBAKC583_1160","flhA","flagellar biosynthesis protein FlhA","WP_005767817.1","complement(1199410..1201494)","-",2085,FALSE,"",TRUE,TRUE,TRUE,TRUE,"Flagelar",132.4,40.4,37.9,154.1,97.8,114.1,-1.276,1.27e-07,-1.387,2.29e-08,0.071,0.799,0.399,0.115
"lcl|NC_008783.1_cds_WP_005767821.1_1023","BARBAKC583_RS05695","BARBAKC583_1162",NA,"protein tyrosine phosphatase family protein","WP_005767821.1","1202354..1202683","+",330,FALSE,"",TRUE,TRUE,TRUE,FALSE,"",983.6,1834.4,1296.9,887,1742.1,682.5,0.743,0.0114,0.963,0.000864,-0.133,0.603,0.323,0.294
"lcl|NC_008783.1_cds_WP_005767823.1_1024","BARBAKC583_RS06995","BARBAKC583_1164",NA,"hypothetical protein","WP_005767823.1","1202776..1202943","+",168,FALSE,"",TRUE,TRUE,TRUE,FALSE,"Hipotetica",1242.1,1017.2,559.2,1380.5,2282.5,2172.4,-0.537,0.11,-0.028,0.942,-0.292,0.277,-0.459,0.16
"lcl|NC_008783.1_cds_WP_005767824.1_1025","BARBAKC583_RS05700","BARBAKC583_1163",NA,"bifunctional riboflavin kinase/FAD synthetase","WP_005767824.1","complement(1202927..1203919)","-",993,FALSE,"",TRUE,TRUE,TRUE,FALSE,"",75.5,69.4,78.3,75.8,85.7,43.2,0.413,0.106,0.069,0.809,0.227,0.362,0.709,0.00459
"lcl|NC_008783.1_cds_WP_005767826.1_1026","BARBAKC583_RS05705","BARBAKC583_1165",NA,"TIGR01459 family HAD-type hydrolase","WP_005767826.1","complement(1203919..1204764)","-",846,FALSE,"",TRUE,TRUE,TRUE,FALSE,"",181.1,153.4,177.1,185.2,138.4,107.3,0.361,0.0658,-0.028,0.902,0.313,0.112,0.743,0.00011
"lcl|NC_008783.1_cds_WP_005767829.1_1027","BARBAKC583_RS05710","BARBAKC583_1166","murJ","murein biosynthesis integral membrane protein MurJ","WP_005767829.1","1205531..1207093","+",1563,FALSE,"",TRUE,TRUE,TRUE,FALSE,"",117.6,63.7,53.2,86.5,94.2,83.2,-0.617,0.0314,-0.548,0.0529,-0.021,0.941,0.074,0.837
"lcl|NC_008783.1_cds_WP_005767831.1_1028","BARBAKC583_RS05715","BARBAKC583_1167","trpS","tryptophan--tRNA ligase","WP_005767831.1","1207175..1208245","+",1071,FALSE,"",TRUE,TRUE,TRUE,FALSE,"Traduccion",243,186.1,286.7,255.7,244,266.4,0.53,0.097,-0.122,0.722,0.459,0.0842,-0.017,0.961
"lcl|NC_008783.1_cds_WP_005767835.1_1029","BARBAKC583_RS05720",NA,NA,"hypothetical protein","WP_005767835.1","complement(1209280..1209804)","-",525,FALSE,"",TRUE,TRUE,TRUE,FALSE,"Hipotetica",19,75,103.5,8.8,25,17.9,2.586,6.38e-14,1.858,2.02e-07,0.368,0.153,-0.694,0.0318
"lcl|NC_008783.1_cds_WP_005767837.1_1030","BARBAKC583_RS05725","BARBAKC583_1170",NA,"NifU family protein","WP_005767837.1","1210533..1211111","+",579,FALSE,"",TRUE,TRUE,TRUE,FALSE,"",434.2,379.4,404.4,488.1,512.6,764.7,0.244,0.292,0.008,0.982,0.179,0.467,-0.522,0.0366
"lcl|NC_008783.1_cds_WP_005767840.1_1031","BARBAKC583_RS05735","BARBAKC583_1172","groL","chaperonin GroEL","WP_005767840.1","complement(1211789..1213423)","-",1635,FALSE,"",TRUE,TRUE,TRUE,FALSE,"Chaperona",13033.3,11873.3,47026.4,19115.7,14781.5,26169,2.057,3.11e-10,0.054,0.877,1.867,7.79e-09,-0.311,0.36
"lcl|NC_008783.1_cds_WP_005767842.1_1032","BARBAKC583_RS05740","BARBAKC583_1173","groES","co-chaperone GroES","WP_005767842.1","complement(1213479..1213775)","-",297,FALSE,"",TRUE,TRUE,TRUE,FALSE,"Chaperona",13940.2,18234,57407.1,15827.9,13896.4,13496.4,2.207,3.11e-10,0.431,0.19,1.439,1.77e-05,0.18,0.639
"lcl|NC_008783.1_cds_WP_005767844.1_1033","BARBAKC583_RS05745","BARBAKC583_1174","fumC","class II fumarate hydratase","WP_005767844.1","1214058..1215446","+",1389,FALSE,"",TRUE,TRUE,TRUE,FALSE,"",1645.9,1128.5,1353.6,1527.8,1695.3,1816.2,0.1,0.699,-0.254,0.363,0.262,0.297,-0.175,0.59
"lcl|NC_008783.1_cds_WP_005767846.1_1034","BARBAKC583_RS05750","BARBAKC583_1175",NA,"alpha-D-glucose phosphate-specific phosphoglucomutase","WP_005767846.1","complement(1215491..1217119)","-",1629,FALSE,"",TRUE,TRUE,TRUE,FALSE,"",229,210.3,123.1,345.1,305.7,143.8,-0.441,0.00361,0.072,0.66,-0.462,0.00245,1.235,5.7e-19
"lcl|NC_008783.1_cds_WP_005767848.1_1035","BARBAKC583_RS05755","BARBAKC583_1176",NA,"peroxiredoxin","WP_005767848.1","1217317..1217844","+",528,FALSE,"",TRUE,TRUE,TRUE,FALSE,"",28294.7,16057.1,12935.8,35588.9,30000.5,39730.5,-0.623,0.0076,-0.528,0.0233,-0.045,0.864,-0.113,0.706
"lcl|NC_008783.1_cds_WP_005767850.1_1036","BARBAKC583_RS05760","BARBAKC583_1178","hisS","histidine--tRNA ligase","WP_005767850.1","complement(1218053..1219543)","-",1491,FALSE,"",TRUE,TRUE,TRUE,FALSE,"Traduccion",289.7,230.1,160.4,342.3,253.6,198.4,-0.398,0.00767,-0.103,0.514,-0.229,0.168,0.776,5.79e-08
"lcl|NC_008783.1_cds_WP_005767656.1_1037","BARBAKC583_RS05765","BARBAKC583_1180",NA,"DUF1561 family protein","WP_005767656.1","1220076..1222010","+",1935,FALSE,"BARBAKC583_RS05235",FALSE,FALSE,FALSE,FALSE,"",NA,NA,NA,NA,NA,NA,NA,NA,NA,NA,NA,NA,NA,NA
"lcl|NC_008783.1_cds_WP_005767852.1_1038","BARBAKC583_RS05770","BARBAKC583_1182",NA,"hypothetical protein","WP_005767852.1","complement(1222382..1222888)","-",507,FALSE,"",TRUE,TRUE,TRUE,FALSE,"Hipotetica",0,0,0,0,1.8,0,0,1,0,1,0,NA,0,1
"lcl|NC_008783.1_cds_WP_005767854.1_1039","BARBAKC583_RS05775","BARBAKC583_1183",NA,"DUF1561 family protein","WP_005767854.1","1223631..1225553","+",1923,FALSE,"",TRUE,TRUE,TRUE,FALSE,"",273.6,303,159.3,127.2,158,105.2,-0.184,0.656,0.212,0.604,-0.207,0.441,0.17,0.7
"lcl|NC_008783.1_cds_WP_335617962.1_1040","BARBAKC583_RS07195",NA,NA,"hypothetical protein","WP_335617962.1","complement(1225675..1225806)","-",132,FALSE,"",TRUE,FALSE,FALSE,FALSE,"Hipotetica",0,0,0,0,0,0,NA,NA,NA,NA,NA,NA,NA,NA
"lcl|NC_008783.1_cds_BARBAKC583_RS07000_1041","BARBAKC583_RS07000",NA,NA,"hypothetical protein",NA,"complement(1226031..1226254)","-",224,TRUE,"",TRUE,TRUE,FALSE,FALSE,"Hipotetica",6.8,3.3,3.7,5.5,6.2,8.5,-0.068,0.891,-0.04,0.918,-0.004,NA,-0.089,0.791
"lcl|NC_008783.1_cds_BARBAKC583_RS05780_1042","BARBAKC583_RS05780",NA,NA,"lysozyme",NA,"complement(1226260..1226926)","-",667,TRUE,"",TRUE,TRUE,FALSE,FALSE,"",0,0.7,0.3,0.1,1.1,0.4,0.203,0.515,0.286,0.255,-0.036,NA,-0.105,0.592
"lcl|NC_008783.1_cds_WP_035453368.1_1043","BARBAKC583_RS05785","BARBAKC583_1187",NA,"hypothetical protein","WP_035453368.1","complement(1227258..1227530)","-",273,FALSE,"",TRUE,TRUE,TRUE,FALSE,"Hipotetica",9.6,1.6,1.5,5.3,4.7,2.9,-0.39,0.322,-0.255,0.449,-0.015,NA,0.106,0.725
"lcl|NC_008783.1_cds_BARBAKC583_RS07135_1044","BARBAKC583_RS07135",NA,NA,"antA/AntB antirepressor family protein",NA,"complement(1227550..1228280)","-",731,TRUE,"",TRUE,TRUE,FALSE,FALSE,"",23.8,22.4,18,17.7,20.6,17.4,0.03,0.935,0.132,0.713,-0.057,0.845,0.042,0.91
"lcl|NC_008783.1_cds_WP_005767864.1_1045","BARBAKC583_RS05805","BARBAKC583_1190",NA,"DUF1561 family protein","WP_005767864.1","1230210..1232144","+",1935,FALSE,"",TRUE,TRUE,TRUE,FALSE,"",15.2,25.3,17.1,12.9,16.6,11.3,0.532,0.0498,0.804,0.00293,-0.17,0.51,0.184,0.549
"lcl|NC_008783.1_cds_WP_005767865.1_1046","BARBAKC583_RS05810","BARBAKC583_1191",NA,"NAD(P)H-dependent glycerol-3-phosphate dehydrogenase","WP_005767865.1","1232586..1233521","+",936,FALSE,"",TRUE,TRUE,TRUE,FALSE,"",135.4,213.9,131.7,83.4,99.2,73.8,0.275,0.419,0.659,0.0542,-0.189,0.483,0.139,0.74
"lcl|NC_008783.1_cds_WP_005767866.1_1047","BARBAKC583_RS05815","BARBAKC583_1192",NA,"amino acid permease","WP_005767866.1","complement(1234097..1235524)","-",1428,FALSE,"",TRUE,TRUE,TRUE,FALSE,"",555.1,590.5,522.5,493.4,519.6,1032.8,0.284,0.139,0.258,0.209,0.027,0.924,-0.939,1.07e-06
"lcl|NC_008783.1_cds_WP_005767867.1_1048","BARBAKC583_RS05820","BARBAKC583_1193",NA,"biotin transporter BioY","WP_005767867.1","complement(1236145..1236699)","-",555,FALSE,"",TRUE,TRUE,TRUE,FALSE,"",144.6,69.6,75.5,70.8,99.7,239.1,-0.386,0.239,-0.648,0.0518,0.13,0.625,-1.318,1.87e-05
"lcl|NC_008783.1_cds_WP_005767868.1_1049","BARBAKC583_RS05825","BARBAKC583_1194",NA,"energy-coupling factor transporter transmembrane component T family protein","WP_005767868.1","complement(1236696..1237349)","-",654,FALSE,"",TRUE,TRUE,TRUE,FALSE,"",195.1,111.6,94.4,66.3,89.1,84.5,-0.546,0.0364,-0.514,0.0508,-0.006,0.989,-0.267,0.357
"lcl|NC_008783.1_cds_WP_005767869.1_1050","BARBAKC583_RS05830","BARBAKC583_1195",NA,"energy-coupling factor ABC transporter ATP-binding protein","WP_005767869.1","complement(1237346..1238026)","-",681,FALSE,"",TRUE,TRUE,TRUE,FALSE,"TranspABC",238.8,220.1,161.4,116.4,121.5,99,-0.085,0.699,0.069,0.794,-0.125,0.61,0.221,0.432
"lcl|NC_008783.1_cds_WP_005767870.1_1051","BARBAKC583_RS05835","BARBAKC583_1196",NA,"amino acid permease","WP_005767870.1","complement(1238072..1239499)","-",1428,FALSE,"",TRUE,TRUE,TRUE,FALSE,"",286.4,342.1,324.5,291.7,321.6,273.2,0.573,0.0061,0.41,0.0521,0.098,0.678,0.112,0.673
"lcl|NC_008783.1_cds_BARBAKC583_RS05845_1052","BARBAKC583_RS05845",NA,"lldD","FMN-dependent L-lactate dehydrogenase LldD",NA,"complement(1240302..1241440)","-",1139,TRUE,"",TRUE,TRUE,FALSE,FALSE,"",53.1,57.3,43,39.5,65.6,36.9,0.098,0.779,0.227,0.528,-0.066,0.822,0.09,0.831
"lcl|NC_008783.1_cds_WP_005767874.1_1053","BARBAKC583_RS05850","BARBAKC583_1200",NA,"2'-deoxycytidine 5'-triphosphate deaminase","WP_005767874.1","complement(1241514..1242602)","-",1089,FALSE,"",TRUE,TRUE,TRUE,FALSE,"",157.1,161.9,190.1,180.6,153,131.7,0.678,8.82e-05,0.209,0.254,0.359,0.0432,0.45,0.0118
"lcl|NC_008783.1_cds_WP_005767876.1_1054","BARBAKC583_RS05855","BARBAKC583_1201","mutL","DNA mismatch repair endonuclease MutL","WP_005767876.1","1242933..1244768","+",1836,FALSE,"",TRUE,TRUE,TRUE,FALSE,"",1085.7,2284.9,1500.8,967.7,1885.7,304.8,0.564,0.188,0.789,0.0543,-0.093,0.733,0.916,0.0121
"lcl|NC_008783.1_cds_WP_005767877.1_1055","BARBAKC583_RS05860","BARBAKC583_1202",NA,"DUF2093 domain-containing protein","WP_005767877.1","1244890..1245123","+",234,FALSE,"",TRUE,TRUE,TRUE,FALSE,"",1180.9,2033,1136.4,439.3,1315.5,758,0.281,0.327,0.831,0.00566,-0.319,0.21,-0.588,0.0475
"lcl|NC_008783.1_cds_WP_005767879.1_1056","BARBAKC583_RS05865","BARBAKC583_1203","lpxK","tetraacyldisaccharide 4'-kinase","WP_005767879.1","complement(1245173..1246192)","-",1020,FALSE,"",TRUE,TRUE,TRUE,FALSE,"",84.9,36.9,25.5,64.5,50.7,63.9,-1.194,6.38e-06,-0.851,0.00159,-0.167,0.519,0.037,0.908
"lcl|NC_008783.1_cds_WP_005767881.1_1057","BARBAKC583_RS05870","BARBAKC583_1204","waaA","lipid IV(A) 3-deoxy-D-manno-octulosonic acid transferase","WP_005767881.1","complement(1246196..1247506)","-",1311,FALSE,"",TRUE,TRUE,TRUE,FALSE,"",223.8,132.3,102.2,167.3,140.7,139.9,-0.64,0.00733,-0.476,0.0476,-0.085,0.74,0.248,0.353
"lcl|NC_008783.1_cds_WP_005767883.1_1058","BARBAKC583_RS05875","BARBAKC583_1205",NA,"lysophospholipid acyltransferase family protein","WP_005767883.1","complement(1247520..1248275)","-",756,FALSE,"",TRUE,TRUE,TRUE,FALSE,"",361.8,248.2,177.2,280.7,306,320.8,-0.563,0.00603,-0.284,0.175,-0.18,0.425,-0.146,0.546
"lcl|NC_008783.1_cds_WP_005767885.1_1059","BARBAKC583_RS05880","BARBAKC583_1206",NA,"DUF4170 domain-containing protein","WP_005767885.1","complement(1248358..1248591)","-",234,FALSE,"",TRUE,TRUE,TRUE,FALSE,"",2425.9,2138.2,614.3,1041.3,1552.5,1046.2,-1.359,1.75e-05,0.019,0.962,-1.216,7.33e-05,0.013,0.97
"lcl|NC_008783.1_cds_BARBAKC583_RS05885_1060","BARBAKC583_RS05885",NA,NA,"3'(2'),5'-bisphosphate nucleotidase CysQ",NA,"complement(1248637..1249439)","-",803,TRUE,"",TRUE,TRUE,FALSE,FALSE,"",609.8,1049.4,642.9,420.5,652.8,240.5,0.378,0.251,0.776,0.0197,-0.199,0.456,0.591,0.0676
"lcl|NC_008783.1_cds_WP_005767886.1_1061","BARBAKC583_RS05890","BARBAKC583_1208",NA,"TldD/PmbA family protein","WP_005767886.1","complement(1249426..1250757)","-",1332,FALSE,"",TRUE,TRUE,TRUE,FALSE,"",406.5,572.6,687,468.9,523.7,369.8,1.152,5.81e-13,0.662,7.06e-05,0.39,0.02,0.348,0.0487
"lcl|NC_008783.1_cds_WP_005767888.1_1062","BARBAKC583_RS05895","BARBAKC583_1209","rsmD","16S rRNA (guanine(966)-N(2))-methyltransferase RsmD","WP_005767888.1","complement(1251214..1251771)","-",558,FALSE,"",TRUE,TRUE,TRUE,FALSE,"",102.2,63.3,44.3,93.1,67.3,67.9,-0.624,0.0707,-0.385,0.251,-0.094,0.737,0.343,0.323
"lcl|NC_008783.1_cds_WP_005767890.1_1063","BARBAKC583_RS05900","BARBAKC583_1210",NA,"pseudouridine synthase","WP_005767890.1","complement(1251752..1253251)","-",1500,FALSE,"",TRUE,TRUE,TRUE,FALSE,"",370,202.4,164.9,280.6,229.1,405.3,-0.593,0.0616,-0.504,0.102,-0.031,0.924,-0.377,0.245
"lcl|NC_008783.1_cds_WP_005767892.1_1064","BARBAKC583_RS05905","BARBAKC583_1211",NA,"nucleoside deaminase","WP_005767892.1","1253413..1253859","+",447,FALSE,"",TRUE,TRUE,TRUE,FALSE,"",126.2,182.7,146.4,93.7,134.6,129.6,0.574,0.0445,0.634,0.0254,-0.046,0.87,-0.349,0.239
"lcl|NC_008783.1_cds_WP_005767894.1_1065","BARBAKC583_RS05910","BARBAKC583_1212","ileS","isoleucine--tRNA ligase","WP_005767894.1","complement(1254328..1257243)","-",2916,FALSE,"",TRUE,TRUE,TRUE,FALSE,"Traduccion",751.1,285.4,245.5,764.7,426.1,652,-1.065,9.46e-05,-1.035,0.000144,0.001,0.999,0.215,0.487
"lcl|NC_008783.1_cds_WP_005767896.1_1066","BARBAKC583_RS05915","BARBAKC583_1213",NA,"outer membrane protein","WP_005767896.1","complement(1257486..1258340)","-",855,FALSE,"",TRUE,TRUE,TRUE,FALSE,"",1090.3,1674.7,2590.8,1789.9,1304.1,1353.6,1.591,1.55e-12,0.752,0.00107,0.658,0.00338,0.375,0.124
"lcl|NC_008783.1_cds_WP_005767899.1_1067","BARBAKC583_RS05920","BARBAKC583_1214",NA,"outer membrane protein","WP_005767899.1","complement(1258483..1259385)","-",903,FALSE,"",TRUE,TRUE,TRUE,FALSE,"",36707.4,6155.3,7248.7,91090.8,40825.6,105513.7,-1.615,1.56e-05,-2.031,1.52e-07,0.164,0.548,-0.118,0.78
"lcl|NC_008783.1_cds_WP_005767902.1_1068","BARBAKC583_RS05925","BARBAKC583_1215",NA,"outer membrane protein","WP_005767902.1","complement(1259526..1260371)","-",846,FALSE,"",TRUE,TRUE,TRUE,FALSE,"",3051.7,3909.2,3774.5,3367.9,3243,2078.7,0.53,0.155,0.378,0.289,0.056,0.849,0.467,0.189
"lcl|NC_008783.1_cds_WP_005767905.1_1069","BARBAKC583_RS05930","BARBAKC583_1216",NA,"hypothetical protein","WP_005767905.1","complement(1260812..1261138)","-",327,FALSE,"",TRUE,TRUE,TRUE,FALSE,"Hipotetica",30.8,33.4,29.3,68.8,53.6,57.1,0.209,0.59,0.124,0.761,0.039,0.898,0.196,0.625
"lcl|NC_008783.1_cds_WP_005767908.1_1070","BARBAKC583_RS05935","BARBAKC583_1217",NA,"DUF1561 family protein","WP_005767908.1","1261996..1263909","+",1914,FALSE,"",TRUE,TRUE,TRUE,FALSE,"",768.4,526.2,305.3,425.3,250.5,249.3,-0.7,0.047,-0.216,0.542,-0.233,0.392,0.557,0.0941
"lcl|NC_008783.1_cds_WP_172952870.1_1071","BARBAKC583_RS05940","BARBAKC583_1219",NA,"ribonuclease D","WP_172952870.1","complement(1264067..1264684)","-",618,FALSE,"",TRUE,TRUE,TRUE,FALSE,"",820.8,539.1,271.4,528.1,467.9,730.8,-1.104,1.87e-08,-0.355,0.0843,-0.619,0.00198,-0.394,0.0599
"lcl|NC_008783.1_cds_WP_005767914.1_1072","BARBAKC583_RS05945","BARBAKC583_1220",NA,"dipeptidase","WP_005767914.1","complement(1264659..1266074)","-",1416,FALSE,"",TRUE,TRUE,TRUE,FALSE,"",884.9,780.6,354.3,998.2,910.9,1062.6,-0.839,2.66e-05,0.026,0.904,-0.794,7.33e-05,-0.058,0.832
"lcl|NC_008783.1_cds_WP_005767917.1_1073","BARBAKC583_RS05950","BARBAKC583_1221","mutM","bifunctional DNA-formamidopyrimidine glycosylase/DNA-(apurinic or apyrimidinic site) lyase","WP_005767917.1","complement(1266148..1267023)","-",876,FALSE,"",TRUE,TRUE,TRUE,FALSE,"",55.8,36.3,30.5,29.6,35.6,34.8,-0.337,0.229,-0.305,0.298,-0.019,0.945,-0.162,0.632
"lcl|NC_008783.1_cds_WP_005767919.1_1074","BARBAKC583_RS05955","BARBAKC583_1222",NA,"aminopeptidase","WP_005767919.1","complement(1267071..1268321)","-",1251,FALSE,"",TRUE,TRUE,TRUE,FALSE,"",272.1,134,144.2,218.1,164.6,448.6,-0.425,0.0736,-0.712,0.00288,0.184,0.449,-0.877,0.000112
"lcl|NC_008783.1_cds_WP_011807428.1_1075","BARBAKC583_RS05960","BARBAKC583_1223",NA,"cell wall hydrolase","WP_011807428.1","complement(1268349..1269203)","-",855,FALSE,"",TRUE,TRUE,TRUE,FALSE,"",395.4,102,106.1,167.7,116.5,263.5,-1.371,9.61e-09,-1.631,4.81e-11,0.155,0.532,-0.528,0.0304
"lcl|NC_008783.1_cds_WP_005767923.1_1076","BARBAKC583_RS05965","BARBAKC583_1224","phoU","phosphate signaling complex protein PhoU","WP_005767923.1","complement(1269493..1270215)","-",723,FALSE,"",TRUE,TRUE,TRUE,FALSE,"",253.9,251.2,266.2,273.8,269.4,289.9,0.456,0.018,0.153,0.451,0.212,0.319,-0.049,0.848
"lcl|NC_008783.1_cds_WP_005767925.1_1077","BARBAKC583_RS05970","BARBAKC583_1225","pstB","phosphate ABC transporter ATP-binding protein PstB","WP_005767925.1","complement(1270238..1270996)","-",759,FALSE,"",TRUE,TRUE,TRUE,FALSE,"TranspABC",204.8,176.4,173.5,147,160.9,166.3,0.129,0.445,-0.01,0.969,0.133,0.557,-0.132,0.579
"lcl|NC_008783.1_cds_WP_005767927.1_1078","BARBAKC583_RS05975","BARBAKC583_1226","pstA","phosphate ABC transporter permease PstA","WP_005767927.1","complement(1271037..1272329)","-",1293,FALSE,"",TRUE,TRUE,TRUE,FALSE,"TranspABC",389.2,218.2,139.2,187,221.4,199.6,-0.952,0.000396,-0.516,0.0542,-0.238,0.345,-0.048,0.888
"lcl|NC_008783.1_cds_WP_011807429.1_1079","BARBAKC583_RS05980","BARBAKC583_1227","pstC","phosphate ABC transporter permease subunit PstC","WP_011807429.1","complement(1272326..1273786)","-",1461,FALSE,"",TRUE,TRUE,TRUE,FALSE,"TranspABC",480.3,556.7,439.4,333,471.7,215.4,0.226,0.329,0.356,0.16,-0.067,0.808,0.555,0.0283
"lcl|NC_008783.1_cds_WP_005767934.1_1080","BARBAKC583_RS05985","BARBAKC583_1228",NA,"PstS family phosphate ABC transporter substrate-binding protein","WP_005767934.1","complement(1273849..1274895)","-",1047,FALSE,"",TRUE,TRUE,TRUE,FALSE,"TranspABC",294.5,346.1,241.4,401.1,424,359,0.098,0.548,0.404,0.0446,-0.204,0.347,0.17,0.455
"lcl|NC_008783.1_cds_WP_005767936.1_1081","BARBAKC583_RS05990","BARBAKC583_1229","gshB","glutathione synthase","WP_005767936.1","complement(1275042..1275980)","-",939,FALSE,"",TRUE,TRUE,TRUE,FALSE,"",341.1,364.1,231.9,502.6,474.3,714.2,-0.077,0.589,0.269,0.138,-0.321,0.0736,-0.443,0.0129
"lcl|NC_008783.1_cds_WP_005767938.1_1082","BARBAKC583_RS05995","BARBAKC583_1231",NA,"molybdopterin-synthase adenylyltransferase MoeB","WP_005767938.1","1276069..1276857","+",789,FALSE,"",TRUE,TRUE,TRUE,FALSE,"",93.3,134.6,122.5,81,109.8,148.6,0.788,0.00102,0.679,0.00502,0.047,0.861,-0.73,0.0014
"lcl|NC_008783.1_cds_BARBAKC583_RS06000_1083","BARBAKC583_RS06000",NA,NA,"ATP-binding cassette domain-containing protein",NA,"complement(1276821..>1277564)","-",744,TRUE,"",TRUE,TRUE,FALSE,FALSE,"",22.6,25.7,21.2,17.5,22.8,22.2,0.199,0.566,0.199,0.594,0.002,0.999,-0.213,0.577
"lcl|NC_008783.1_cds_BARBAKC583_RS07250_1084","BARBAKC583_RS07250",NA,NA,"ABC transporter permease family protein",NA,"complement(<1277539..1278129)","-",591,TRUE,"",TRUE,TRUE,FALSE,FALSE,"TranspABC",87.7,214,122.1,66.4,205.6,97.6,0.62,0.13,1.048,0.0109,-0.173,0.525,-0.301,0.446
"lcl|NC_008783.1_cds_BARBAKC583_RS06010_1085","BARBAKC583_RS06010",NA,"yejB","microcin C ABC transporter permease YejB",NA,"complement(1278126..1279248)","-",1123,TRUE,"",TRUE,TRUE,FALSE,FALSE,"TranspABC",46.7,35.6,33.4,23.4,42.7,26.9,-0.016,0.955,-0.135,0.677,0.073,0.803,-0.134,0.714
"lcl|NC_008783.1_cds_WP_005767943.1_1086","BARBAKC583_RS06015","BARBAKC583_1235",NA,"c-type cytochrome","WP_005767943.1","complement(1279398..1279955)","-",558,FALSE,"",TRUE,TRUE,TRUE,FALSE,"",453.4,857.4,727.2,524,611.7,175.4,0.946,0.00561,0.909,0.00601,-0.006,0.989,1.208,9.31e-05
"lcl|NC_008783.1_cds_WP_005767945.1_1087","BARBAKC583_RS06020","BARBAKC583_1236",NA,"3-deoxy-manno-octulosonate cytidylyltransferase","WP_005767945.1","1280060..1280791","+",732,FALSE,"",TRUE,TRUE,TRUE,FALSE,"",222.2,253.9,288.4,153.4,236.7,242.2,0.745,0.00313,0.34,0.18,0.236,0.332,-0.53,0.0344
"lcl|NC_008783.1_cds_WP_035453357.1_1088","BARBAKC583_RS06025","BARBAKC583_1238",NA,"DNA polymerase III subunit gamma/tau","WP_035453357.1","1281527..1283440","+",1914,FALSE,"",TRUE,TRUE,TRUE,FALSE,"",409.4,302.3,236.9,169.3,174.5,130.4,-0.266,0.267,-0.175,0.516,-0.068,0.808,0.338,0.215
"lcl|NC_008783.1_cds_WP_005767949.1_1089","BARBAKC583_RS06030","BARBAKC583_1239",NA,"YbaB/EbfC family nucleoid-associated protein","WP_005767949.1","1283455..1283781","+",327,FALSE,"",TRUE,TRUE,TRUE,FALSE,"",6655.7,9877.8,14259.5,4741.2,5466.1,10595.1,1.267,0.000667,0.544,0.118,0.316,0.242,-0.767,0.0219
"lcl|NC_008783.1_cds_WP_005767951.1_1090","BARBAKC583_RS06035","BARBAKC583_1240","recR","recombination mediator RecR","WP_005767951.1","1283819..1284424","+",606,FALSE,"",TRUE,TRUE,TRUE,FALSE,"",234.9,91.7,157.3,219.4,252.9,184.7,-0.107,0.763,-0.844,0.016,0.45,0.0999,0.192,0.622
"lcl|NC_008783.1_cds_WP_005767953.1_1091","BARBAKC583_RS06040","BARBAKC583_1241","tsaB","tRNA (adenosine(37)-N6)-threonylcarbamoyltransferase complex dimerization subunit type 1 TsaB","WP_005767953.1","1284661..1285368","+",708,FALSE,"",TRUE,TRUE,TRUE,FALSE,"Traduccion",853.2,1469,895.9,533.4,1020.7,417.8,0.352,0.323,0.723,0.0446,-0.173,0.529,0.245,0.523
"lcl|NC_008783.1_cds_WP_005767955.1_1092","BARBAKC583_RS06045","BARBAKC583_1242","rimI","ribosomal protein S18-alanine N-acetyltransferase","WP_005767955.1","1285361..1285852","+",492,FALSE,"",TRUE,TRUE,TRUE,FALSE,"Ribosoma",154.2,168.6,98,76,128.2,59.3,-0.115,0.779,0.218,0.587,-0.175,0.519,0.222,0.587
"lcl|NC_008783.1_cds_WP_005767957.1_1093","BARBAKC583_RS06050","BARBAKC583_1243","miaB","tRNA (N6-isopentenyl adenosine(37)-C2)-methylthiotransferase MiaB","WP_005767957.1","1285884..1287260","+",1377,FALSE,"",TRUE,TRUE,TRUE,FALSE,"Traduccion",834.4,771.4,425.7,679.6,827.5,505.5,-0.505,0.00335,0.085,0.646,-0.528,0.00198,0.421,0.0181
"lcl|NC_008783.1_cds_WP_011807432.1_1094","BARBAKC583_RS06055","BARBAKC583_1244",NA,"PhoH family protein","WP_011807432.1","1287417..1288529","+",1113,FALSE,"",TRUE,TRUE,TRUE,FALSE,"",901,1648.4,1311.9,1051.9,1243.8,635.2,0.898,0.000478,0.967,0.000151,-0.056,0.844,0.631,0.0133
"lcl|NC_008783.1_cds_WP_005767962.1_1095","BARBAKC583_RS06060","BARBAKC583_1245","ybeY","rRNA maturation RNase YbeY","WP_005767962.1","1288537..1289013","+",477,FALSE,"",TRUE,TRUE,TRUE,FALSE,"",3604.4,13389.2,6793.7,1981.5,5120.7,1368.2,0.972,0.0222,1.59,0.000308,-0.227,0.403,0.304,0.442
"lcl|NC_008783.1_cds_WP_005767965.1_1096","BARBAKC583_RS06065","BARBAKC583_1246",NA,"hemolysin family protein","WP_005767965.1","1289116..1290138","+",1023,FALSE,"",TRUE,TRUE,TRUE,FALSE,"",1247.6,1352.5,1009,762,995,514.3,0.081,0.552,0.302,0.0853,-0.148,0.469,0.553,0.00117
"lcl|NC_008783.1_cds_WP_005767968.1_1097","BARBAKC583_RS06070","BARBAKC583_1247","lnt","apolipoprotein N-acyltransferase","WP_005767968.1","1290101..1291726","+",1626,FALSE,"",TRUE,TRUE,TRUE,FALSE,"",152,169.7,142.2,91.9,175.3,112.7,0.273,0.23,0.324,0.182,-0.022,0.939,-0.227,0.403
"lcl|NC_008783.1_cds_WP_005767971.1_1098","BARBAKC583_RS06075","BARBAKC583_1248",NA,"helix-turn-helix domain-containing protein","WP_005767971.1","1291877..1292290","+",414,FALSE,"",TRUE,TRUE,TRUE,FALSE,"",2705.7,7330.6,4979.3,2252.2,3877.9,1000.3,1.166,0.000112,1.468,1.63e-06,-0.158,0.55,0.944,0.000818
"lcl|NC_008783.1_cds_WP_011807433.1_1099","BARBAKC583_RS06080","BARBAKC583_1249","metK","methionine adenosyltransferase","WP_011807433.1","1292414..1293694","+",1281,FALSE,"",TRUE,TRUE,TRUE,FALSE,"",316.9,275.1,280.8,210.1,231.6,172.1,0.181,0.459,0.008,0.982,0.131,0.599,0.262,0.377
"lcl|NC_008783.1_cds_WP_005767976.1_1100","BARBAKC583_RS06085","BARBAKC583_1250","trmB","tRNA (guanine(46)-N(7))-methyltransferase TrmB","WP_005767976.1","1293681..1294382","+",702,FALSE,"",TRUE,TRUE,TRUE,FALSE,"Traduccion",220.5,226.2,128.9,138.5,196.1,150.6,-0.272,0.202,0.199,0.389,-0.406,0.0569,-0.08,0.786
"lcl|NC_008783.1_cds_WP_011807434.1_1101","BARBAKC583_RS06090","BARBAKC583_1251","rimP","ribosome maturation factor RimP","WP_011807434.1","1294526..1295155","+",630,FALSE,"",TRUE,TRUE,TRUE,FALSE,"",489.9,496.1,696.8,207.2,260.8,198.5,0.883,3.87e-05,0.186,0.411,0.543,0.0103,0.082,0.779
"lcl|NC_008783.1_cds_WP_005767980.1_1102","BARBAKC583_RS06095","BARBAKC583_1252","nusA","transcription termination factor NusA","WP_005767980.1","1295204..1296817","+",1614,FALSE,"",TRUE,TRUE,TRUE,FALSE,"",555.7,412.7,546.3,314.3,296.5,730.6,0.329,0.175,-0.171,0.517,0.408,0.0751,-1.015,1.92e-05
"lcl|NC_008783.1_cds_WP_005767982.1_1103","BARBAKC583_RS06100","BARBAKC583_1253",NA,"RNA-binding protein","WP_005767982.1","1296819..1297454","+",636,FALSE,"",TRUE,TRUE,TRUE,FALSE,"",349.5,271.8,237.8,167.8,145.1,183.6,-0.079,0.746,-0.123,0.665,0.02,0.942,-0.083,0.805
"lcl|NC_008783.1_cds_WP_005767983.1_1104","BARBAKC583_RS06105","BARBAKC583_1254","infB","translation initiation factor IF-2","WP_005767983.1","1297451..1299997","+",2547,FALSE,"",TRUE,TRUE,TRUE,FALSE,"Traduccion",740,336.2,252.9,612.9,487.2,1001.5,-0.997,0.000385,-0.783,0.00473,-0.093,0.733,-0.546,0.0494
"lcl|NC_008783.1_cds_WP_005767985.1_1105","BARBAKC583_RS06110","BARBAKC583_1255","rbfA","30S ribosome-binding factor RbfA","WP_005767985.1","1300121..1300525","+",405,FALSE,"",TRUE,TRUE,TRUE,FALSE,"",351.8,328.1,268.9,214.5,190,182.1,0.024,0.918,0.067,0.799,-0.027,0.927,0.228,0.406
"lcl|NC_008783.1_cds_WP_005767988.1_1106","BARBAKC583_RS06115","BARBAKC583_1256","truB","tRNA pseudouridine(55) synthase TruB","WP_005767988.1","1300529..1301491","+",963,FALSE,"",TRUE,TRUE,TRUE,FALSE,"Traduccion",246.5,190.2,123.6,113.3,131,130.4,-0.497,0.0452,-0.124,0.644,-0.239,0.321,-0.146,0.628
"lcl|NC_008783.1_cds_WP_005767991.1_1107","BARBAKC583_RS06120","BARBAKC583_1257","rpsO","30S ribosomal protein S15","WP_005767991.1","1301958..1302227","+",270,FALSE,"",TRUE,TRUE,TRUE,FALSE,"Ribosoma",5837.5,7427.6,8441.8,6292.4,8037.2,3376.8,0.924,4.57e-06,0.508,0.0146,0.285,0.163,0.839,2.42e-05
"lcl|NC_008783.1_cds_WP_005767993.1_1108","BARBAKC583_RS06125","BARBAKC583_1258","pnp","polyribonucleotide nucleotidyltransferase","WP_005767993.1","1302482..1304683","+",2202,FALSE,"",TRUE,TRUE,TRUE,FALSE,"",859,522,666.7,535.6,566.3,1053.3,0.046,0.858,-0.409,0.133,0.333,0.167,-0.773,0.00329
"lcl|NC_008783.1_cds_WP_005767995.1_1109","BARBAKC583_RS06130","BARBAKC583_1259",NA,"class I SAM-dependent methyltransferase","WP_005767995.1","1304756..1305754","+",999,FALSE,"",TRUE,TRUE,TRUE,FALSE,"",224.5,243.4,254.5,97,191.4,86.8,0.574,0.00643,0.287,0.182,0.183,0.424,0.168,0.503
"lcl|NC_008783.1_cds_WP_005767996.1_1110","BARBAKC583_RS06140","BARBAKC583_1260","hslU","ATP-dependent protease ATPase subunit HslU","WP_005767996.1","complement(1305772..1307082)","-",1311,FALSE,"",TRUE,TRUE,TRUE,FALSE,"",538.7,333.3,303.9,715.2,488.4,951.1,-0.311,0.223,-0.393,0.137,0.041,0.889,-0.314,0.272
"lcl|NC_008783.1_cds_WP_005767998.1_1111","BARBAKC583_RS06145","BARBAKC583_1261","hslV","ATP-dependent protease subunit HslV","WP_005767998.1","complement(1307083..1307664)","-",582,FALSE,"",TRUE,TRUE,TRUE,FALSE,"",541.8,479.7,431.8,853.7,736.4,709.4,0.059,0.73,0.023,0.919,0.044,0.861,0.267,0.223
"lcl|NC_008783.1_cds_WP_011807436.1_1112","BARBAKC583_RS06150","BARBAKC583_1262",NA,"asparaginase","WP_011807436.1","1307865..1308854","+",990,FALSE,"",TRUE,TRUE,TRUE,FALSE,"",421.5,526.9,371.2,425.6,490.6,414.7,0.181,0.494,0.437,0.122,-0.139,0.591,0.052,0.887
"lcl|NC_008783.1_cds_WP_005768003.1_1113","BARBAKC583_RS06155","BARBAKC583_1263","coaA","type I pantothenate kinase","WP_005768003.1","1309034..1309978","+",945,FALSE,"",TRUE,TRUE,TRUE,FALSE,"",132.2,64.6,45.4,31.9,40.6,58.1,-0.989,0.00084,-0.69,0.019,-0.128,0.623,-0.654,0.0232
"lcl|NC_008783.1_cds_WP_011807437.1_1114","BARBAKC583_RS06160","BARBAKC583_1264",NA,"leucyl aminopeptidase family protein","WP_011807437.1","1309992..1311389","+",1398,FALSE,"",TRUE,TRUE,TRUE,FALSE,"",249.9,76,66.6,165.7,117.3,326.8,-1.234,0.00066,-1.194,0.000941,0.003,0.997,-0.656,0.0468
"lcl|NC_008783.1_cds_WP_005768006.1_1115","BARBAKC583_RS06165","BARBAKC583_1265",NA,"C40 family peptidase","WP_005768006.1","1311517..1312371","+",855,FALSE,"",TRUE,TRUE,TRUE,FALSE,"",824.9,439.4,411.4,444.9,483.8,846.3,-0.509,0.0364,-0.605,0.0125,0.067,0.808,-0.771,0.000934
"lcl|NC_008783.1_cds_WP_005768008.1_1116","BARBAKC583_RS06170","BARBAKC583_1266",NA,"SH3 domain-containing protein","WP_005768008.1","1312752..1313309","+",558,FALSE,"",TRUE,TRUE,TRUE,FALSE,"",125.8,125.1,142.2,129.7,132.9,88.6,0.481,0.0879,0.132,0.67,0.205,0.425,0.465,0.103
"lcl|NC_008783.1_cds_WP_044051781.1_1117","BARBAKC583_RS06175","BARBAKC583_1267","irr","Fur family transcriptional regulator Irr","WP_044051781.1","complement(1313362..1313820)","-",459,FALSE,"",TRUE,TRUE,TRUE,FALSE,"",617.2,821,589,481.9,468.1,182.7,0.319,0.0816,0.564,0.00283,-0.172,0.424,1.325,9.81e-14
"lcl|NC_008783.1_cds_WP_005768012.1_1118","BARBAKC583_RS06180","BARBAKC583_1268","fabA","3-hydroxyacyl-[acyl-carrier-protein","WP_005768012.1","1314115..1314624","+",510,FALSE,"",TRUE,TRUE,TRUE,FALSE,"",1663.3,1863,3563,1760.6,1620,1011.9,1.433,1.66e-09,0.311,0.205,0.976,4.76e-05,0.711,0.00257
"lcl|NC_008783.1_cds_WP_005768014.1_1119","BARBAKC583_RS06185","BARBAKC583_1269","fabB","beta-ketoacyl-ACP synthase I","WP_005768014.1","1314680..1315900","+",1221,FALSE,"",TRUE,TRUE,TRUE,FALSE,"",1354.7,2095.7,4142.6,1655.6,2023.3,1237.7,1.999,3.94e-33,0.794,4.61e-06,1.122,3.24e-11,0.417,0.0228
"lcl|NC_008783.1_cds_WP_005768015.1_1120","BARBAKC583_RS06190","BARBAKC583_1270","fabI","enoyl-ACP reductase FabI","WP_005768015.1","1315948..1316766","+",819,FALSE,"",TRUE,TRUE,TRUE,FALSE,"",616.4,756.5,1871.3,466.5,614.5,854.7,1.955,1.62e-21,0.448,0.0392,1.393,1.04e-11,-0.75,0.000304
"lcl|NC_008783.1_cds_WP_005768019.1_1121","BARBAKC583_RS06195","BARBAKC583_1272","cyoD","cytochrome o ubiquinol oxidase subunit IV","WP_005768019.1","complement(1317110..1317481)","-",372,FALSE,"",TRUE,TRUE,TRUE,FALSE,"",285.5,134.5,142.5,145.3,101.3,115.8,-0.431,0.201,-0.662,0.0508,0.114,0.676,0.255,0.48
"lcl|NC_008783.1_cds_WP_005768021.1_1122","BARBAKC583_RS06200","BARBAKC583_1273",NA,"cytochrome (ubi)quinol oxidase subunit III","WP_005768021.1","complement(1317481..1318146)","-",666,FALSE,"",TRUE,TRUE,TRUE,FALSE,"",283.4,167.8,210,244.4,185,309.2,-0.006,0.974,-0.482,0.0508,0.352,0.116,-0.263,0.323
"lcl|NC_008783.1_cds_WP_005768023.1_1123","BARBAKC583_RS06205","BARBAKC583_1274","cyoB","cytochrome o ubiquinol oxidase subunit I","WP_005768023.1","complement(1318143..1320161)","-",2019,FALSE,"",TRUE,TRUE,TRUE,FALSE,"",468.9,300.2,341.7,384.2,285.1,464.8,-0.017,0.944,-0.359,0.154,0.237,0.329,-0.201,0.482
"lcl|NC_008783.1_cds_WP_005768025.1_1124","BARBAKC583_RS06215","BARBAKC583_1275","cyoA","ubiquinol oxidase subunit II","WP_005768025.1","complement(1320256..1321227)","-",972,FALSE,"",TRUE,TRUE,TRUE,FALSE,"",1021.2,1301.8,955.6,1054.7,1048.4,731.9,0.268,0.207,0.5,0.0269,-0.139,0.558,0.487,0.0328
"lcl|NC_008783.1_cds_WP_005768027.1_1125","BARBAKC583_RS06220","BARBAKC583_1276","aroQ","type II 3-dehydroquinate dehydratase","WP_005768027.1","complement(1321332..1321808)","-",477,FALSE,"",TRUE,TRUE,TRUE,FALSE,"",520,516,385.8,409.6,476,309.1,0,1,0.149,0.536,-0.112,0.642,0.38,0.108
"lcl|NC_008783.1_cds_WP_005768028.1_1126","BARBAKC583_RS06225","BARBAKC583_1277","recF","DNA replication/repair protein RecF","WP_005768028.1","complement(1321846..1323003)","-",1158,FALSE,"",TRUE,TRUE,TRUE,FALSE,"",186.2,110,93.4,133.8,144.7,147,-0.507,0.0291,-0.484,0.0401,-0.005,0.989,-0.09,0.763
"lcl|NC_008783.1_cds_WP_005768031.1_1127","BARBAKC583_RS06230","BARBAKC583_1278","dnaN","DNA polymerase III subunit beta","WP_005768031.1","complement(1323016..1324137)","-",1122,FALSE,"",TRUE,TRUE,TRUE,FALSE,"",937.5,902.6,1033.3,868.2,643,599.5,0.531,0.0135,0.124,0.587,0.282,0.18,0.502,0.0214
"lcl|NC_008783.1_cds_WP_011807439.1_1128","BARBAKC583_RS06235","BARBAKC583_1279","dnaA","chromosomal replication initiator protein DnaA","WP_011807439.1","complement(1324320..1325894)","-",1575,FALSE,"",TRUE,TRUE,TRUE,FALSE,"",1875.4,706.4,721.2,1415.1,687,2324.5,-0.794,0.015,-0.981,0.00215,0.106,0.697,-0.506,0.11
"lcl|NC_008783.1_cds_WP_005768036.1_1129","BARBAKC583_RS06240","BARBAKC583_1281","rpsT","30S ribosomal protein S20","WP_005768036.1","complement(1326576..1326842)","-",267,FALSE,"",TRUE,TRUE,TRUE,FALSE,"Ribosoma",16257.7,14735.3,10133.9,14881.3,8425.8,3218.5,-0.149,0.633,0.05,0.888,-0.128,0.63,1.841,4.2e-09
"lcl|NC_008783.1_cds_WP_005768038.1_1130","BARBAKC583_RS06245","BARBAKC583_1282","acnA","aconitate hydratase AcnA","WP_005768038.1","complement(1327051..1329738)","-",2688,FALSE,"",TRUE,TRUE,TRUE,FALSE,"",716.6,467.3,388.6,848.3,617.9,972.9,-0.427,0.0103,-0.374,0.0278,-0.034,0.888,-0.154,0.435
"lcl|NC_008783.1_cds_WP_005768040.1_1131","BARBAKC583_RS06250","BARBAKC583_1284","ccmA","heme ABC exporter ATP-binding protein CcmA","WP_005768040.1","1330032..1330658","+",627,FALSE,"",TRUE,TRUE,TRUE,FALSE,"HierroHemo",636.9,1640.7,1266.7,511.2,1202,321.3,1.063,0.0112,1.129,0.00574,-0.042,0.889,0.397,0.294
"lcl|NC_008783.1_cds_WP_005768042.1_1132","BARBAKC583_RS06255","BARBAKC583_1285","ccmB","heme exporter protein CcmB","WP_005768042.1","1330655..1331320","+",666,FALSE,"",TRUE,TRUE,TRUE,FALSE,"HierroHemo",234,268.4,226.2,194.1,345.3,193.9,0.279,0.371,0.313,0.328,-0.014,0.963,0.021,0.957
"lcl|NC_008783.1_cds_WP_011807442.1_1133","BARBAKC583_RS06260","BARBAKC583_1286",NA,"heme ABC transporter permease","WP_011807442.1","1331364..1332143","+",780,FALSE,"",TRUE,TRUE,TRUE,FALSE,"TranspABC;HierroHemo",309.4,293.2,274.1,294.8,393.4,297.7,0.213,0.24,0.118,0.58,0.085,0.722,0.015,0.952
"lcl|NC_008783.1_cds_WP_005768047.1_1134","BARBAKC583_RS06265","BARBAKC583_1287","ccmD","heme exporter protein CcmD","WP_005768047.1","1332131..1332382","+",252,FALSE,"",TRUE,TRUE,TRUE,FALSE,"HierroHemo",219.2,228.3,170.9,114.1,128.2,132.6,0.057,0.844,0.202,0.526,-0.084,0.763,-0.145,0.693
"lcl|NC_008783.1_cds_WP_005768049.1_1135","BARBAKC583_RS06270","BARBAKC583_1288",NA,"DsbE family thiol:disulfide interchange protein","WP_005768049.1","1332357..1332983","+",627,FALSE,"",TRUE,TRUE,TRUE,FALSE,"",175,188,127.3,127.1,140.1,120,-0.005,0.979,0.276,0.258,-0.204,0.398,0.095,0.759
"lcl|NC_008783.1_cds_WP_005768052.1_1136","BARBAKC583_RS06275","BARBAKC583_1289",NA,"GcrA family cell cycle regulator","WP_005768052.1","complement(1333243..1333782)","-",540,FALSE,"",TRUE,TRUE,TRUE,FALSE,"",354.1,182.5,215.5,162.6,128.3,267.9,-0.192,0.56,-0.551,0.0989,0.183,0.499,-0.48,0.151
"lcl|NC_008783.1_cds_WP_005768054.1_1137","BARBAKC583_RS06280","BARBAKC583_1290",NA,"aspartate aminotransferase family protein","WP_005768054.1","1334214..1335419","+",1206,FALSE,"",TRUE,TRUE,TRUE,FALSE,"",345.6,285.1,175.4,392.1,299.1,424.3,-0.505,0.00848,-0.039,0.849,-0.361,0.0569,-0.076,0.763
"lcl|NC_008783.1_cds_WP_005768057.1_1138","BARBAKC583_RS06285","BARBAKC583_1291","argF","ornithine carbamoyltransferase","WP_005768057.1","1335425..1336357","+",933,FALSE,"",TRUE,TRUE,TRUE,FALSE,"",287.1,197.9,113.1,243.6,213,290.1,-0.862,3.94e-06,-0.27,0.17,-0.463,0.0139,-0.2,0.359
"lcl|NC_008783.1_cds_WP_005768059.1_1139","BARBAKC583_RS06290","BARBAKC583_1292",NA,"Hsp33 family molecular chaperone","WP_005768059.1","1336388..1337377","+",990,FALSE,"",TRUE,TRUE,TRUE,FALSE,"Chaperona",444.6,810.2,362.9,221.1,432.3,369.3,0.102,0.688,0.944,0.000519,-0.657,0.0109,-0.582,0.0318
"lcl|NC_008783.1_cds_WP_172952863.1_1140","BARBAKC583_RS06295","BARBAKC583_1293",NA,"Smr/MutS family protein","WP_172952863.1","complement(1337802..1338377)","-",576,FALSE,"",TRUE,TRUE,TRUE,FALSE,"",638.1,569.3,347.9,435.7,515.9,339,-0.406,0.0228,0.039,0.841,-0.373,0.036,0.359,0.0528
"lcl|NC_008783.1_cds_WP_005768063.1_1141","BARBAKC583_RS06300","BARBAKC583_1294",NA,"Tim44/TimA family putative adaptor protein","WP_005768063.1","complement(1338435..1339127)","-",693,FALSE,"",TRUE,TRUE,TRUE,FALSE,"",808.5,766.6,515.5,760,581.5,1028.1,-0.151,0.43,0.104,0.66,-0.224,0.321,-0.363,0.112
"lcl|NC_008783.1_cds_WP_005768066.1_1142","BARBAKC583_RS06305","BARBAKC583_1295",NA,"FxsA family protein","WP_005768066.1","1339339..1339872","+",534,FALSE,"",TRUE,TRUE,TRUE,FALSE,"",498.5,307.9,223.3,241.4,273.5,333.6,-0.609,0.0471,-0.366,0.224,-0.112,0.676,-0.338,0.29
"lcl|NC_008783.1_cds_WP_005768069.1_1143","BARBAKC583_RS06310","BARBAKC583_1296","secB","protein-export chaperone SecB","WP_005768069.1","1339975..1340454","+",480,FALSE,"",TRUE,TRUE,TRUE,FALSE,"Chaperona",2794,1175.4,1198.4,1278.5,888.1,2276.4,-0.622,0.0673,-0.806,0.0156,0.097,0.729,-0.574,0.0768
"lcl|NC_008783.1_cds_BARBAKC583_RS06315_1144","BARBAKC583_RS06315",NA,NA,"malic enzyme-like NAD(P)-binding protein",NA,"complement(<1340982..1342295)","-",1314,TRUE,"",TRUE,TRUE,FALSE,FALSE,"",831.7,1017.1,710.4,886.3,946.3,1016.9,0.158,0.258,0.476,0.0031,-0.227,0.2,-0.16,0.399
"lcl|NC_008783.1_cds_WP_005768075.1_1145","BARBAKC583_RS06320","BARBAKC583_1299","mutS","DNA mismatch repair protein MutS","WP_005768075.1","1342493..1345237","+",2745,FALSE,"",TRUE,TRUE,TRUE,FALSE,"",316.5,281.6,210.1,246,262.3,212.9,-0.096,0.472,0.042,0.816,-0.147,0.463,0.221,0.236
"lcl|NC_008783.1_cds_WP_005768077.1_1146","BARBAKC583_RS06330","BARBAKC583_1302",NA,"TIGR02300 family protein","WP_005768077.1","complement(1345536..1345913)","-",378,FALSE,"",TRUE,TRUE,TRUE,FALSE,"",1499.8,695.8,661.3,989.3,820,518,-0.586,0.0869,-0.68,0.043,0.055,0.85,0.688,0.0318
"lcl|NC_008783.1_cds_WP_005768078.1_1147","BARBAKC583_RS06335","BARBAKC583_1303","aroA","3-phosphoshikimate 1-carboxyvinyltransferase","WP_005768078.1","1346099..1347424","+",1326,FALSE,"",TRUE,TRUE,TRUE,FALSE,"",162.1,140,84.4,133.5,164.2,179.5,-0.465,0.0205,0.01,0.969,-0.376,0.0548,-0.36,0.0828
"lcl|NC_008783.1_cds_WP_005768080.1_1148","BARBAKC583_RS06345","BARBAKC583_1304","cmk","(d)CMP kinase","WP_005768080.1","1347421..1348068","+",648,FALSE,"",TRUE,TRUE,TRUE,FALSE,"",223.2,122.5,95.2,116.4,82.1,83.1,-0.701,0.0156,-0.533,0.0627,-0.069,0.808,0.41,0.163
"lcl|NC_008783.1_cds_WP_005768082.1_1149","BARBAKC583_RS06350","BARBAKC583_1305","rpsA","30S ribosomal protein S1","WP_005768082.1","1348203..1349903","+",1701,FALSE,"",TRUE,TRUE,TRUE,FALSE,"Ribosoma",1224.7,350.8,439.1,926.3,565,1866.2,-0.853,0.0165,-1.303,0.00026,0.215,0.425,-0.685,0.0354
"lcl|NC_008783.1_cds_WP_035453288.1_1150","BARBAKC583_RS06355","BARBAKC583_1306",NA,"GH36-type glycosyl hydrolase domain-containing protein","WP_035453288.1","1350122..1358719","+",8598,FALSE,"",TRUE,TRUE,TRUE,FALSE,"",114.3,59.6,39,47.3,50,85.9,-0.988,0.000887,-0.589,0.045,-0.19,0.464,-0.651,0.024
"lcl|NC_008783.1_cds_WP_005768086.1_1151","BARBAKC583_RS06360","BARBAKC583_1307","pncB","nicotinate phosphoribosyltransferase","WP_005768086.1","1358856..1360130","+",1275,FALSE,"",TRUE,TRUE,TRUE,FALSE,"",360.2,276.6,178.9,316.8,306.4,371.6,-0.547,0.00286,-0.143,0.455,-0.297,0.111,-0.184,0.386
"lcl|NC_008783.1_cds_WP_005768088.1_1152","BARBAKC583_RS06365","BARBAKC583_1308",NA,"metal ABC transporter permease","WP_005768088.1","complement(1360723..1361628)","-",906,FALSE,"",TRUE,TRUE,TRUE,FALSE,"TranspABC",103,52.7,46.7,58.8,56.8,70.8,-0.598,0.0505,-0.621,0.0413,0.027,0.934,-0.18,0.603
"lcl|NC_008783.1_cds_WP_005768090.1_1153","BARBAKC583_RS06370","BARBAKC583_1309",NA,"metal ABC transporter permease","WP_005768090.1","complement(1361633..1362490)","-",858,FALSE,"",TRUE,TRUE,TRUE,FALSE,"TranspABC",72,32.4,23.8,28.5,33.9,46.3,-1.067,1.19e-05,-0.837,0.000869,-0.11,0.668,-0.576,0.0171
"lcl|NC_008783.1_cds_WP_005768092.1_1154","BARBAKC583_RS06375","BARBAKC583_1310",NA,"manganese/iron ABC transporter ATP-binding protein","WP_005768092.1","complement(1362487..1363329)","-",843,FALSE,"",TRUE,TRUE,TRUE,FALSE,"TranspABC;HierroHemo",148.2,43,32.1,121.3,93,118.6,-1.667,5.54e-12,-1.404,2.35e-08,-0.136,0.589,0.051,0.87
"lcl|NC_008783.1_cds_WP_005768094.1_1155","BARBAKC583_RS06380","BARBAKC583_1311",NA,"metal ABC transporter substrate-binding protein","WP_005768094.1","complement(1363326..1364234)","-",909,FALSE,"",TRUE,TRUE,TRUE,FALSE,"TranspABC",300,146.7,104.7,754.3,410.6,698,-1.025,5.47e-08,-0.743,0.000134,-0.183,0.409,0.128,0.581
"lcl|NC_008783.1_cds_WP_005768096.1_1156","BARBAKC583_RS06385","BARBAKC583_1312","pheT","phenylalanine--tRNA ligase subunit beta","WP_005768096.1","complement(1364506..1366917)","-",2412,FALSE,"",TRUE,TRUE,TRUE,FALSE,"Traduccion",141.5,120.3,136.4,101.7,106.8,120,0.302,0.179,-0.02,0.94,0.248,0.282,-0.175,0.523
"lcl|NC_008783.1_cds_WP_005768098.1_1157","BARBAKC583_RS06390","BARBAKC583_1313","pheS","phenylalanine--tRNA ligase subunit alpha","WP_005768098.1","complement(1366949..1368034)","-",1086,FALSE,"",TRUE,TRUE,TRUE,FALSE,"Traduccion",163,122.7,116.8,119.4,92.8,157.8,-0.037,0.903,-0.155,0.631,0.07,0.808,-0.286,0.38
"lcl|NC_008783.1_cds_WP_005768100.1_1158","BARBAKC583_RS06395","BARBAKC583_1314","rplT","50S ribosomal protein L20","WP_005768100.1","complement(1368127..1368528)","-",402,FALSE,"",TRUE,TRUE,TRUE,FALSE,"Ribosoma",2383.6,1652.3,1737.6,1240.8,1032.7,811.7,-0.009,0.979,-0.208,0.573,0.108,0.692,0.432,0.222
"lcl|NC_008783.1_cds_WP_005768101.1_1159","BARBAKC583_RS06400","BARBAKC583_1315","rpmI","50S ribosomal protein L35","WP_005768101.1","complement(1368562..1368765)","-",204,FALSE,"",TRUE,TRUE,TRUE,FALSE,"Ribosoma",2686.5,1847.6,2105.4,1553.1,1371.9,985.1,0.053,0.891,-0.22,0.553,0.154,0.564,0.46,0.189
"lcl|NC_008783.1_cds_WP_005768102.1_1160","BARBAKC583_RS06405","BARBAKC583_1316","nth","endonuclease III","WP_005768102.1","complement(1368896..1369654)","-",759,FALSE,"",TRUE,TRUE,TRUE,FALSE,"",173.2,140.7,124.2,85.9,87.2,61.4,-0.036,0.892,-0.078,0.791,0.024,0.935,0.42,0.132
"lcl|NC_008783.1_cds_WP_035453351.1_1161","BARBAKC583_RS06410","BARBAKC583_1317",NA,"transglycosylase SLT domain-containing protein","WP_035453351.1","complement(1369830..1370417)","-",588,FALSE,"",TRUE,TRUE,TRUE,FALSE,"",299.9,84.9,101.3,124,101.6,164.1,-0.879,0.023,-1.24,0.0015,0.157,0.558,-0.234,0.549
"lcl|NC_008783.1_cds_WP_005768104.1_1162","BARBAKC583_RS06415","BARBAKC583_1318",NA,"DNA recombination protein RmuC","WP_005768104.1","complement(1370518..1371642)","-",1125,FALSE,"",TRUE,TRUE,TRUE,FALSE,"",236.1,249.2,183.7,337,241.9,124.3,0.046,0.725,0.263,0.121,-0.158,0.427,1.393,3.66e-20
"lcl|NC_008783.1_cds_WP_005768105.1_1163","BARBAKC583_RS06420","BARBAKC583_1319","def","peptide deformylase","WP_005768105.1","1371794..1372342","+",549,FALSE,"",TRUE,TRUE,TRUE,FALSE,"",1473.3,2343.9,1691.3,1435.7,1068.3,812,0.585,0.0103,0.803,0.000329,-0.154,0.525,0.746,0.000697
"lcl|NC_008783.1_cds_WP_005768106.1_1164","BARBAKC583_RS06425","BARBAKC583_1320","fmt","methionyl-tRNA formyltransferase","WP_005768106.1","1372343..1373272","+",930,FALSE,"",TRUE,TRUE,TRUE,FALSE,"Traduccion",352.8,333,266.4,273.4,318.7,246.2,0.02,0.944,0.105,0.737,-0.053,0.852,0.143,0.685
"lcl|NC_008783.1_cds_WP_005768107.1_1165","BARBAKC583_RS06430","BARBAKC583_1321","truA","tRNA pseudouridine(38-40) synthase TruA","WP_005768107.1","1373274..1374017","+",744,FALSE,"",TRUE,TRUE,TRUE,FALSE,"Traduccion",132.9,137.8,101.7,127.6,120,66.1,0.037,0.922,0.194,0.595,-0.084,0.77,0.676,0.0404
"lcl|NC_008783.1_cds_WP_005768108.1_1166","BARBAKC583_RS06435","BARBAKC583_1322",NA,"LOG family protein","WP_005768108.1","complement(1374050..1374868)","-",819,FALSE,"",TRUE,TRUE,TRUE,FALSE,"",247.5,215.9,161.4,237.3,245.8,261.6,-0.13,0.573,0.007,0.984,-0.11,0.668,-0.093,0.778
"lcl|NC_008783.1_cds_WP_005768109.1_1167","BARBAKC583_RS06440","BARBAKC583_1323","dapD","2,3,4,5-tetrahydropyridine-2,6-dicarboxylate N-succinyltransferase","WP_005768109.1","1375002..1375850","+",849,FALSE,"",TRUE,TRUE,TRUE,FALSE,"",773.5,768.9,541,1113.8,1057,1853.6,-0.048,0.741,0.175,0.339,-0.207,0.302,-0.655,0.000154
"lcl|NC_008783.1_cds_WP_005768110.1_1168","BARBAKC583_RS06445","BARBAKC583_1324","lepA","translation elongation factor 4","WP_005768110.1","complement(1375934..1377739)","-",1806,FALSE,"",TRUE,TRUE,TRUE,FALSE,"Traduccion",353.3,280,192.4,323.6,257,219.9,-0.382,0.0835,-0.099,0.688,-0.198,0.398,0.516,0.0233
"lcl|NC_008783.1_cds_WP_005768111.1_1169","BARBAKC583_RS06450","BARBAKC583_1325",NA,"DMT family transporter","WP_005768111.1","complement(1377951..1378865)","-",915,FALSE,"",TRUE,TRUE,TRUE,FALSE,"",146.8,106.3,128.4,94.4,101.5,109.7,0.154,0.48,-0.215,0.395,0.303,0.184,-0.158,0.587
"lcl|NC_008783.1_cds_WP_005768112.1_1170","BARBAKC583_RS06455","BARBAKC583_1326","argB","acetylglutamate kinase","WP_005768112.1","complement(1378900..1379805)","-",906,FALSE,"",TRUE,TRUE,TRUE,FALSE,"",220.8,198.9,225.6,141.1,156.2,149.4,0.401,0.0611,0.043,0.855,0.263,0.224,-0.044,0.877
"lcl|NC_008783.1_cds_WP_005768114.1_1171","BARBAKC583_RS06460","BARBAKC583_1327","dnaJ","molecular chaperone DnaJ","WP_005768114.1","complement(1380271..1381416)","-",1146,FALSE,"",TRUE,TRUE,TRUE,FALSE,"Chaperona",352.7,460.7,555.8,373.1,470.4,370.3,1.01,1.29e-05,0.53,0.0252,0.307,0.165,0.033,0.908
"lcl|NC_008783.1_cds_WP_005768116.1_1172","BARBAKC583_RS06465","BARBAKC583_1328","dnaK","molecular chaperone DnaK","WP_005768116.1","complement(1381574..1383469)","-",1896,FALSE,"",TRUE,TRUE,TRUE,FALSE,"Chaperona",3699,5265.8,10833.9,5967,6945.7,4750.2,1.835,1.33e-11,0.609,0.025,1.007,0.000174,0.291,0.33
"lcl|NC_008783.1_cds_WP_011807449.1_1173","BARBAKC583_RS06470","BARBAKC583_1330",NA,"copper chaperone PCu(A)C","WP_011807449.1","1384252..1384770","+",519,FALSE,"",TRUE,TRUE,TRUE,FALSE,"Chaperona",1614.8,2097.3,1982.9,864.6,1134.3,1805.8,0.668,0.00584,0.51,0.0353,0.081,0.757,-0.896,9.32e-05
"lcl|NC_008783.1_cds_WP_005768120.1_1174","BARBAKC583_RS06475","BARBAKC583_1332",NA,"response regulator transcription factor","WP_005768120.1","1385384..1386106","+",723,FALSE,"",TRUE,TRUE,TRUE,FALSE,"",422.6,772.8,1623.4,488.8,851.2,623.4,2.273,1.77e-21,0.988,5.07e-05,1.104,6.27e-06,-0.274,0.311
"lcl|NC_008783.1_cds_WP_011807451.1_1175","BARBAKC583_RS06480","BARBAKC583_1333",NA,"sensor histidine kinase","WP_011807451.1","1386146..1387969","+",1824,FALSE,"",TRUE,TRUE,TRUE,FALSE,"",322.4,321,378.3,199.1,251.7,145.4,0.641,6.95e-05,0.184,0.271,0.36,0.0306,0.45,0.00717
"lcl|NC_008783.1_cds_WP_005768122.1_1176","BARBAKC583_RS06485","BARBAKC583_1334","grpE","nucleotide exchange factor GrpE","WP_005768122.1","complement(1388134..1388802)","-",669,FALSE,"",TRUE,TRUE,TRUE,FALSE,"",1680,3034.4,4450.1,1369.4,2068.7,1540.6,1.763,1.73e-19,0.993,7.87e-07,0.624,0.00198,-0.126,0.622
"lcl|NC_008783.1_cds_BARBAKC583_RS06490_1177","BARBAKC583_RS06490",NA,NA,"HrcA family transcriptional regulator",NA,"complement(1388927..1390005)","-",1079,TRUE,"",TRUE,TRUE,FALSE,FALSE,"",309.8,398,232.7,235.4,318.5,208.9,0.017,0.926,0.521,0.0118,-0.399,0.0445,0.18,0.453
"lcl|NC_008783.1_cds_WP_005768124.1_1178","BARBAKC583_RS06495","BARBAKC583_1336",NA,"non-canonical purine NTP pyrophosphatase","WP_005768124.1","1390591..1391238","+",648,FALSE,"",TRUE,TRUE,TRUE,FALSE,"",275.3,257.7,311.3,160.8,202,259.4,0.479,0.121,0.078,0.816,0.234,0.38,-0.5,0.106
"lcl|NC_008783.1_cds_WP_005768125.1_1179","BARBAKC583_RS06500","BARBAKC583_1337","hemW","radical SAM family heme chaperone HemW","WP_005768125.1","1391235..1392413","+",1179,FALSE,"",TRUE,TRUE,TRUE,FALSE,"Chaperona;HierroHemo",127.2,72.6,73.2,52.8,70,76.5,-0.255,0.395,-0.445,0.152,0.095,0.733,-0.379,0.241
"lcl|NC_008783.1_cds_WP_005768126.1_1180","BARBAKC583_RS06505","BARBAKC583_1338","dapE","succinyl-diaminopimelate desuccinylase","WP_005768126.1","complement(1392461..1393633)","-",1173,FALSE,"",TRUE,TRUE,TRUE,FALSE,"",326.7,422.4,318.1,371.2,331.5,196.4,0.362,0.0508,0.542,0.00385,-0.129,0.557,0.87,1.33e-06
"lcl|NC_008783.1_cds_WP_005768127.1_1181","BARBAKC583_RS06510","BARBAKC583_1339",NA,"M48 family metallopeptidase","WP_005768127.1","complement(1393752..1394483)","-",732,FALSE,"",TRUE,TRUE,TRUE,FALSE,"",167.8,222.7,157.4,101.8,202,95.9,0.311,0.0794,0.579,0.00162,-0.194,0.35,0.105,0.65
"lcl|NC_008783.1_cds_WP_005768128.1_1182","BARBAKC583_RS06515","BARBAKC583_1340",NA,"alpha/beta hydrolase","WP_005768128.1","complement(1394539..1395318)","-",780,FALSE,"",TRUE,TRUE,TRUE,FALSE,"",423.4,483.7,350.4,336.4,299,468.6,0.105,0.483,0.361,0.0522,-0.169,0.424,-0.412,0.0276
"lcl|NC_008783.1_cds_WP_005768129.1_1183","BARBAKC583_RS06520","BARBAKC583_1341","infC","translation initiation factor IF-3","WP_005768129.1","1395509..1396030","+",522,FALSE,"",TRUE,TRUE,TRUE,FALSE,"Traduccion",6126.4,8172,4930.5,5965.4,6976.2,3256.4,0.081,0.77,0.509,0.0766,-0.261,0.309,0.71,0.0116
"lcl|NC_008783.1_cds_WP_005768130.1_1184","BARBAKC583_RS06525","BARBAKC583_1342",NA,"ABC transporter ATP-binding protein","WP_005768130.1","1396249..1398015","+",1767,FALSE,"",TRUE,TRUE,TRUE,FALSE,"TranspABC",809.6,666.6,304,389.7,527.5,448.7,-0.935,1.11e-07,-0.05,0.795,-0.817,6.49e-06,-0.161,0.454
"lcl|NC_008783.1_cds_WP_005768131.1_1185","BARBAKC583_RS06530","BARBAKC583_1343",NA,"translocation/assembly module TamB domain-containing protein","WP_005768131.1","complement(1398041..1402693)","-",4653,FALSE,"",TRUE,TRUE,TRUE,FALSE,"",376.1,184.9,143.9,225.1,174,171.1,-0.918,7.38e-08,-0.76,1.26e-05,-0.104,0.625,0.395,0.0314
"lcl|NC_008783.1_cds_WP_005768133.1_1186","BARBAKC583_RS06535","BARBAKC583_1344",NA,"autotransporter assembly complex protein TamA","WP_005768133.1","complement(1402693..1404654)","-",1962,FALSE,"",TRUE,TRUE,TRUE,FALSE,"",518.3,474.1,421.3,457.8,448.6,167.6,0.09,0.749,0.067,0.829,0.022,0.939,1.207,1.08e-05
"lcl|NC_008783.1_cds_WP_005768147.1_1187","BARBAKC583_RS06540","BARBAKC583_1345",NA,"YifB family Mg chelatase-like AAA ATPase","WP_005768147.1","1405064..1406596","+",1533,FALSE,"",TRUE,TRUE,TRUE,FALSE,"",543.3,135.1,110.4,310.3,242,300.3,-1.68,4.92e-08,-1.595,4.02e-07,-0.033,0.914,0.064,0.865
"lcl|NC_008783.1_cds_WP_005768149.1_1188","BARBAKC583_RS06545","BARBAKC583_1346","gyrB","DNA topoisomerase (ATP-hydrolyzing) subunit B","WP_005768149.1","1406996..1409425","+",2430,FALSE,"",TRUE,TRUE,TRUE,FALSE,"",663.1,484.5,462.3,605,494.2,620.6,-0.052,0.737,-0.205,0.275,0.105,0.632,-0.004,0.988
"lcl|NC_008783.1_cds_WP_005768151.1_1189","BARBAKC583_RS06550","BARBAKC583_1347","ubiE","bifunctional demethylmenaquinone methyltransferase/2-methoxy-6-polyprenyl-1,4-benzoquinol methylase UbiE","WP_005768151.1","1409543..1410325","+",783,FALSE,"",TRUE,TRUE,TRUE,FALSE,"",337.5,218.9,186.3,221.9,182.4,193.6,-0.344,0.163,-0.342,0.184,-0.005,0.989,0.192,0.512
"lcl|NC_008783.1_cds_WP_005768153.1_1190","BARBAKC583_RS06555","BARBAKC583_1348","ubiB","2-polyprenylphenol 6-hydroxylase","WP_005768153.1","1410329..1411918","+",1590,FALSE,"",TRUE,TRUE,TRUE,FALSE,"",179.6,98.6,68.2,94.3,84.4,59.7,-0.886,0.000473,-0.551,0.0314,-0.181,0.464,0.58,0.0228
"lcl|NC_008783.1_cds_WP_080512682.1_1191","BARBAKC583_RS06560","BARBAKC583_1349","coaBC","bifunctional phosphopantothenoylcysteine decarboxylase/phosphopantothenate--cysteine ligase CoaBC","WP_080512682.1","1412072..1413391","+",1320,FALSE,"",TRUE,TRUE,TRUE,FALSE,"",213.2,156.6,156,189,180,244.3,-0.011,0.96,-0.184,0.454,0.124,0.607,-0.292,0.254
"lcl|NC_008783.1_cds_WP_005768156.1_1192","BARBAKC583_RS06570","BARBAKC583_1350",NA,"sulfate transporter family protein","WP_005768156.1","1413786..1414505","+",720,FALSE,"",TRUE,TRUE,TRUE,FALSE,"",195.2,53.4,60.2,60.5,79.8,128.2,-1.105,0.000577,-1.456,1.26e-05,0.176,0.514,-0.799,0.00717
"lcl|NC_008783.1_cds_WP_005768157.1_1193","BARBAKC583_RS06575","BARBAKC583_1351","accD","acetyl-CoA carboxylase, carboxyltransferase subunit beta","WP_005768157.1","1414777..1415697","+",921,FALSE,"",TRUE,TRUE,TRUE,FALSE,"",808.9,696.1,744.2,844.1,731.4,601.9,0.243,0.238,-0.003,0.992,0.2,0.387,0.456,0.0436
"lcl|NC_008783.1_cds_WP_005768158.1_1194","BARBAKC583_RS06580","BARBAKC583_1352",NA,"bifunctional folylpolyglutamate synthase/dihydrofolate synthase","WP_005768158.1","1415701..1417023","+",1323,FALSE,"",TRUE,TRUE,TRUE,FALSE,"",363.8,582.9,390.6,166.8,481.5,238.5,0.399,0.229,0.686,0.0392,-0.141,0.598,-0.351,0.311
"lcl|NC_008783.1_cds_WP_005768160.1_1195","BARBAKC583_RS06585","BARBAKC583_1353",NA,"complex I NDUFA9 subunit family protein","WP_005768160.1","1417067..1418065","+",999,FALSE,"",TRUE,TRUE,TRUE,FALSE,"",1050,862.3,647.3,1587.1,1309.4,1041.2,-0.2,0.257,-0.053,0.802,-0.131,0.557,0.575,0.00286
"lcl|NC_008783.1_cds_WP_005768163.1_1196","BARBAKC583_RS06590","BARBAKC583_1354",NA,"sensor histidine kinase","WP_005768163.1","1418610..1421084","+",2475,FALSE,"",TRUE,TRUE,TRUE,FALSE,"",181,175.9,191.5,93.7,126.9,88.1,0.442,0.0716,0.131,0.622,0.2,0.416,0.1,0.756
"lcl|NC_008783.1_cds_WP_005768164.1_1197","BARBAKC583_RS06595","BARBAKC583_1355",NA,"bifunctional tRNA (adenosine(37)-N6)-threonylcarbamoyltransferase complex ATPase subunit type 1 TsaE/phosphotransferase","WP_005768164.1","1421150..1422643","+",1494,FALSE,"",TRUE,TRUE,TRUE,FALSE,"Traduccion",131.2,93.3,92.6,59.7,67.5,131.6,-0.045,0.868,-0.217,0.455,0.105,0.689,-0.906,0.000675
"lcl|NC_008783.1_cds_WP_005768165.1_1198","BARBAKC583_RS06600","BARBAKC583_1356","addB","double-strand break repair protein AddB","WP_005768165.1","1422818..1425961","+",3144,FALSE,"",TRUE,TRUE,TRUE,FALSE,"",96.5,68,50,69.5,67.5,62.2,-0.453,0.0481,-0.239,0.305,-0.132,0.582,0.165,0.541
"lcl|NC_008783.1_cds_WP_005768166.1_1199","BARBAKC583_RS06605","BARBAKC583_1357","addA","double-strand break repair helicase AddA","WP_005768166.1","1425958..1429425","+",3468,FALSE,"",TRUE,TRUE,TRUE,FALSE,"",84.3,73.2,44.7,49.8,61.6,53.6,-0.446,0.0183,0.01,0.968,-0.368,0.0486,-0.07,0.779
"lcl|NC_008783.1_cds_WP_005768168.1_1200","BARBAKC583_RS06610","BARBAKC583_1358","trxA","thioredoxin","WP_005768168.1","1429536..1429859","+",324,FALSE,"",TRUE,TRUE,TRUE,FALSE,"",1129.3,1362.3,1227.8,604.3,1046,908.4,0.46,0.106,0.375,0.189,0.041,0.89,-0.44,0.133
"lcl|NC_008783.1_cds_WP_005768170.1_1201","BARBAKC583_RS06615","BARBAKC583_1359",NA,"peptide chain release factor 3","WP_005768170.1","complement(1429941..1431518)","-",1578,FALSE,"",TRUE,TRUE,TRUE,FALSE,"",233.1,76.4,64,147.7,112.5,143.6,-1.261,7.2e-05,-1.189,0.000187,-0.016,0.954,0.053,0.888
"lcl|NC_008783.1_cds_WP_005768172.1_1202","BARBAKC583_RS06620","BARBAKC583_1360",NA,"lysine--tRNA ligase","WP_005768172.1","complement(1431518..1433179)","-",1662,FALSE,"",TRUE,TRUE,TRUE,FALSE,"Traduccion",578.3,239,211,487.4,388,462.6,-0.914,0.00111,-0.913,0.00103,0.019,0.945,0.085,0.809
"lcl|NC_008783.1_cds_WP_005768174.1_1203","BARBAKC583_RS06625","BARBAKC583_1361",NA,"argininosuccinate synthase","WP_005768174.1","complement(1433381..1434604)","-",1224,FALSE,"",TRUE,TRUE,TRUE,FALSE,"",552.6,295.7,190.6,641,370.4,595.7,-1.02,4.62e-05,-0.596,0.0183,-0.243,0.319,0.113,0.726
"lcl|NC_008783.1_cds_WP_005768178.1_1204","BARBAKC583_RS06630","BARBAKC583_1363",NA,"LysE family translocator","WP_005768178.1","1434789..1435430","+",642,FALSE,"",TRUE,TRUE,TRUE,FALSE,"",1122,537.9,410.2,1484,922.4,1120.2,-0.926,0.000344,-0.734,0.00438,-0.09,0.737,0.364,0.182
"lcl|NC_008783.1_cds_WP_005768181.1_1205","BARBAKC583_RS06635","BARBAKC583_1362","rlmN","dual-specificity RNA methyltransferase RlmN","WP_005768181.1","complement(1435427..1436671)","-",1245,FALSE,"",TRUE,TRUE,TRUE,FALSE,"",332.1,167.7,206.7,151.9,183.1,242.6,-0.168,0.621,-0.565,0.0954,0.205,0.449,-0.448,0.189
"lcl|NC_008783.1_cds_WP_035453280.1_1206","BARBAKC583_RS06640","BARBAKC583_1364",NA,"invasion associated locus B family protein","WP_035453280.1","complement(1436699..1437202)","-",504,FALSE,"",TRUE,TRUE,TRUE,FALSE,"",1292.9,848.7,1076.1,729.5,813.7,1647.6,0.101,0.763,-0.281,0.397,0.244,0.367,-0.837,0.00713
"lcl|NC_008783.1_cds_WP_005768183.1_1207","BARBAKC583_RS06645","BARBAKC583_1365","ptsN","PTS IIA-like nitrogen regulatory protein PtsN","WP_005768183.1","complement(1437735..1438199)","-",465,FALSE,"",TRUE,TRUE,TRUE,FALSE,"",1611.6,1038.8,1274.3,856.9,1199.9,1819,0.056,0.844,-0.326,0.264,0.262,0.31,-0.835,0.00278
"lcl|NC_008783.1_cds_WP_005768184.1_1208","BARBAKC583_RS06650","BARBAKC583_1366",NA,"hypothetical protein","WP_005768184.1","complement(1438345..1438650)","-",306,FALSE,"",TRUE,TRUE,TRUE,FALSE,"Hipotetica",1590.3,965.2,824,993.1,795,500.1,-0.419,0.139,-0.406,0.156,-0.005,0.99,0.814,0.00293
"lcl|NC_008783.1_cds_WP_005768187.1_1209","BARBAKC583_RS06655","BARBAKC583_1368","lptB","LPS export ABC transporter ATP-binding protein","WP_005768187.1","complement(1439376..1440170)","-",795,FALSE,"",TRUE,TRUE,TRUE,FALSE,"TranspABC",194.1,140.1,109.7,121.6,119.4,100.6,-0.316,0.215,-0.217,0.425,-0.065,0.817,0.249,0.399
"lcl|NC_008783.1_cds_WP_005768189.1_1210","BARBAKC583_RS06660","BARBAKC583_1369",NA,"LptA/OstA family protein","WP_005768189.1","complement(1440177..1440779)","-",603,FALSE,"",TRUE,TRUE,TRUE,FALSE,"",310.5,324.2,240.5,192.4,203.9,81.9,0.037,0.857,0.221,0.344,-0.126,0.599,1.114,5.28e-07
"lcl|NC_008783.1_cds_WP_005768191.1_1211","BARBAKC583_RS06665","BARBAKC583_1370","lptC","LPS export ABC transporter periplasmic protein LptC","WP_005768191.1","complement(1440847..1441491)","-",645,FALSE,"",TRUE,TRUE,TRUE,FALSE,"TranspABC",591.6,779.2,849.4,579.1,599.5,420.7,0.9,4.54e-06,0.555,0.0059,0.232,0.277,0.44,0.0332
"lcl|NC_008783.1_cds_WP_005768193.1_1212","BARBAKC583_RS06670","BARBAKC583_1371",NA,"integration host factor subunit beta","WP_005768193.1","1441680..1441958","+",279,FALSE,"",TRUE,TRUE,TRUE,FALSE,"",2831.8,4008.3,3822,2267.1,2268,1586,0.817,0.000272,0.634,0.00494,0.1,0.68,0.476,0.0396
"lcl|NC_008783.1_cds_WP_011807453.1_1213","BARBAKC583_RS06675","BARBAKC583_1372",NA,"LapA family protein","WP_011807453.1","1441967..1442218","+",252,FALSE,"",TRUE,TRUE,TRUE,FALSE,"",1108.5,1317.1,1288.3,1204,1151.8,2094,0.577,0.0192,0.379,0.123,0.107,0.669,-0.665,0.00474
"lcl|NC_008783.1_cds_WP_104408433.1_1214","BARBAKC583_RS06680","BARBAKC583_1373",NA,"class I SAM-dependent rRNA methyltransferase","WP_104408433.1","1442430..1443362","+",933,FALSE,"",TRUE,TRUE,TRUE,FALSE,"",296.8,403.9,323.4,116.8,231,150.5,0.527,0.00798,0.6,0.00245,-0.061,0.808,-0.305,0.156
"lcl|NC_008783.1_cds_WP_005768203.1_1215","BARBAKC583_RS06685","BARBAKC583_1374",NA,"TrmH family RNA methyltransferase","WP_005768203.1","1443365..1444189","+",825,FALSE,"",TRUE,TRUE,TRUE,FALSE,"",303.7,391.9,336.1,176.9,231.5,132.5,0.559,0.00113,0.546,0.00179,-0.001,0.999,0.414,0.0226
"lcl|NC_008783.1_cds_WP_005768206.1_1216","BARBAKC583_RS06690","BARBAKC583_1375","lspA","signal peptidase II","WP_005768206.1","1444216..1444713","+",498,FALSE,"",TRUE,TRUE,TRUE,FALSE,"",142.9,103.8,79,54.5,75.2,154.3,-0.322,0.294,-0.191,0.571,-0.072,0.806,-1.133,0.000138
